timestamp,solar_mwh,wind_mwh,lng_mwh,bio_mwh,smp,temperature_2m,relative_humidity_2m,wind_speed_10m,shortwave_radiation,renewable_mwh,demand_mwh
2025-01-01 00:00:00,0.000288,19.39133,218.038772,161.650104,81.99,3.4,81,6.0,0.0,19.391618,758.1
2025-01-01 01:00:00,0.000296,19.968293,206.772314,161.630728,78.61,2.6,82,5.0,0.0,19.968589,718.4
2025-01-01 02:00:00,0.000484,18.746542,147.439348,161.540624,78.61,2.5,82,3.7,0.0,18.747026,694.5
2025-01-01 03:00:00,0.000304,16.054895,148.24691,161.52948,78.61,2.5,83,3.2,0.0,16.055198999999998,677.7
2025-01-01 04:00:00,0.000352,15.417698,148.162504,161.525224,78.61,2.6,83,2.0,0.0,15.41805,677.3
2025-01-01 05:00:00,0.00082,8.718399,156.517214,161.553728,78.61,2.7,82,1.4,0.0,8.719218999999999,693.5
2025-01-01 06:00:00,0.000368,10.261018,189.359548,163.464448,79.74,2.6,81,1.6,0.0,10.261386,719.7
2025-01-01 07:00:00,0.934085,9.7848,194.869276,183.352288,79.74,2.7,81,1.5,0.0,10.718885,734.7
2025-01-01 08:00:00,30.604851,7.487359,193.207798,161.707392,77.32,3.2,80,1.6,4.0,38.09221,702.6
2025-01-01 09:00:00,117.723004,2.30742,138.76912,161.699328,76.0,6.0,72,4.2,95.0,120.030424,629.5
2025-01-01 10:00:00,194.708125,1.083274,77.87892,133.804608,71.2,7.8,71,7.0,161.0,195.791399,595.5
2025-01-01 11:00:00,204.116862,1.203698,77.91525,106.850856,71.2,8.3,67,7.3,287.0,205.32056,575.1
2025-01-01 12:00:00,188.543047,4.484078,77.91504,106.821232,0.0,8.8,64,7.9,394.0,193.027125,576.7
2025-01-01 13:00:00,162.646221,7.706611,77.88165,106.805496,6.85,9.1,61,9.3,472.0,170.352832,581.7
2025-01-01 14:00:00,129.588319,8.327349,77.88669,142.29208,71.2,9.2,58,10.0,473.0,137.915668,613.8
2025-01-01 15:00:00,94.07402,4.657855,77.93688,161.612808,71.33,9.0,58,11.5,441.0,98.731875,636.1
2025-01-01 16:00:00,43.433083,5.536216,144.478768,171.862376,84.92,8.5,61,10.2,310.0,48.96929900000001,685.9
2025-01-01 17:00:00,5.031894,5.075001,210.277998,167.79588,96.78,7.6,65,7.0,144.0,10.106895000000002,776.0
2025-01-01 18:00:00,2.051507,2.195009,244.578166,161.618576,96.78,5.1,78,3.5,15.0,4.246516,827.1
2025-01-01 19:00:00,3.313176,0.865668,237.00873,161.574616,97.0,5.1,76,1.7,0.0,4.178844,831.8
2025-01-01 20:00:00,2.927632,0.460223,234.860668,161.620144,97.02,5.0,75,1.3,0.0,3.387855,819.0
2025-01-01 21:00:00,2.17958,0.463863,220.439772,161.607544,97.63,4.7,76,0.9,0.0,2.643443,798.0
2025-01-01 22:00:00,0.51858,3.242352,218.808198,161.588168,97.63,5.6,75,1.3,0.0,3.760932,781.8
2025-01-01 23:00:00,0.016568,2.720487,218.258292,161.600208,97.08,6.1,73,1.1,0.0,2.737055,751.5
2025-01-02 00:00:00,0.000352,0.710176,165.998854,161.614712,84.81,6.3,73,1.5,0.0,0.710528,706.7
2025-01-02 01:00:00,0.000408,1.116744,148.223278,161.562352,80.83,6.3,73,1.4,0.0,1.117152,667.1
2025-01-02 02:00:00,0.000424,1.578745,148.172892,161.521192,80.83,6.2,72,1.0,0.0,1.579169,649.0
2025-01-02 03:00:00,0.00054,2.232448,148.27001,161.535024,80.83,5.8,74,2.4,0.0,2.232988,637.6
2025-01-02 04:00:00,0.000352,5.30338,148.198204,161.54068,80.83,5.0,76,4.5,0.0,5.303732,637.6
2025-01-02 05:00:00,0.00052,8.187496,148.145956,161.562688,80.83,5.5,74,6.3,0.0,8.188016,656.1
2025-01-02 06:00:00,0.000312,9.876728,148.245104,161.659232,87.52,7.4,69,9.2,0.0,9.87704,696.3
2025-01-02 07:00:00,0.815376,11.559104,171.89459,163.535736,97.7,7.6,70,7.7,0.0,12.37448,765.7
2025-01-02 08:00:00,25.167157,6.211156,194.40057,187.44712,128.32,7.1,73,6.4,3.0,31.378313,819.1
2025-01-02 09:00:00,78.136999,8.930272,187.49325,162.486296,161.0,8.2,73,7.2,67.0,87.067271,798.9
2025-01-02 10:00:00,149.352406,7.314204,166.400962,161.687344,157.97,9.4,61,7.6,188.0,156.66661,768.2
2025-01-02 11:00:00,189.456052,5.902256,99.03138,161.695744,134.12,9.7,62,8.5,271.0,195.358308,729.4
2025-01-02 12:00:00,207.208148,3.626552,77.9037,146.376888,133.99,9.9,62,8.6,371.0,210.8347,682.6
2025-01-02 13:00:00,211.699224,3.668324,77.92008,112.524216,133.91,10.0,62,9.8,439.0,215.367548,689.3
2025-01-02 14:00:00,158.900796,10.983228,82.79887,153.343232,133.78,10.0,62,11.5,460.0,169.884024,713.4
2025-01-02 15:00:00,96.239526,14.959348,123.366698,161.52416,157.65,9.3,67,12.3,344.0,111.198874,749.6
2025-01-02 16:00:00,37.643917,18.800537,187.982662,161.500976,157.72,8.8,70,11.1,222.0,56.444454,796.6
2025-01-02 17:00:00,5.321532,29.993679,237.696802,162.244432,157.74,8.3,72,12.2,110.0,35.315211,870.5
2025-01-02 18:00:00,2.090139,37.66454,253.408778,161.644392,128.32,7.3,79,10.6,13.0,39.754679,894.8
2025-01-02 19:00:00,3.223148,44.799157,281.086204,161.59164,115.58,6.9,81,10.2,0.0,48.022305,886.2
2025-01-02 20:00:00,2.440904,44.102255,277.998798,161.676088,113.77,6.7,72,10.9,0.0,46.543159,862.6
2025-01-02 21:00:00,1.052344,47.351607,240.70879,161.622664,103.23,6.0,69,10.1,0.0,48.403951,831.7
2025-01-02 22:00:00,0.10944,45.564777,195.385568,161.59332,102.26,6.4,63,14.1,0.0,45.674217,814.5
2025-01-02 23:00:00,0.000288,33.956789,149.70851,161.603064,96.87,6.0,67,13.3,0.0,33.957077,790.5
2025-01-03 00:00:00,0.000208,30.77962,149.452758,161.633528,84.69,5.7,69,12.5,0.0,30.779828,743.9
2025-01-03 01:00:00,0.00024,43.791263,149.417212,161.614992,128.17,5.3,69,11.9,0.0,43.791503,706.3
2025-01-03 02:00:00,0.000232,49.880945,149.430652,161.609504,128.17,5.2,69,13.0,0.0,49.881177,686.0
2025-01-03 03:00:00,0.000232,61.177259,149.427544,161.580328,128.17,5.0,70,14.6,0.0,61.177491,671.6
2025-01-03 04:00:00,0.000256,66.080871,149.425052,161.64008,128.17,4.9,69,15.9,0.0,66.081127,673.8
2025-01-03 05:00:00,0.000248,55.382148,149.460262,161.744352,128.17,4.9,67,16.0,0.0,55.382396,692.6
2025-01-03 06:00:00,0.00024,68.309498,149.363522,161.78176,128.17,5.9,60,19.7,0.0,68.30973800000001,737.5
2025-01-03 07:00:00,0.281432,79.002773,176.399132,161.764064,128.17,6.4,59,21.8,0.0,79.284205,804.4
2025-01-03 08:00:00,24.709749,79.019792,223.637498,161.531496,138.49,6.0,61,20.9,2.0,103.729541,835.6
2025-01-03 09:00:00,89.834939,65.702821,163.470986,161.712544,166.56,6.1,60,21.1,53.0,155.53776,809.6
2025-01-03 10:00:00,172.564452,48.772185,95.698288,161.775656,155.47,6.0,57,19.7,191.0,221.336637,764.1
2025-01-03 11:00:00,211.188039,38.350538,71.541568,141.665832,146.0,6.0,57,19.4,346.0,249.538577,736.6
2025-01-03 12:00:00,221.024373,42.912134,71.549408,106.840664,134.16,6.2,55,18.9,406.0,263.936507,712.0
2025-01-03 13:00:00,235.717548,34.162339,71.505728,106.61196,134.04,6.1,54,19.7,393.0,269.879887,703.9
2025-01-03 14:00:00,213.345145,29.732476,71.541792,111.840736,133.95,5.8,56,18.7,378.0,243.077621,710.7
2025-01-03 15:00:00,141.360329,35.096134,83.752942,161.328272,133.95,5.8,54,18.0,396.0,176.456463,745.7
2025-01-03 16:00:00,56.608357,35.321679,122.047702,164.817016,132.19,5.5,55,17.2,243.0,91.930036,809.7
2025-01-03 17:00:00,6.157986,40.772658,230.467188,162.08444,128.32,5.0,60,16.4,104.0,46.930644,901.6
2025-01-03 18:00:00,2.068684,39.227753,279.933444,161.645344,128.32,4.4,66,14.2,11.0,41.296437,934.6
2025-01-03 19:00:00,3.269996,30.473066,283.97446,161.562128,148.66,4.0,68,13.8,0.0,33.743062,925.8
2025-01-03 20:00:00,3.019916,25.441883,285.11154,161.68152,148.66,3.9,66,11.0,0.0,28.461799,905.0
2025-01-03 21:00:00,1.55068,21.531816,285.382524,161.631736,148.66,4.1,62,8.6,0.0,23.082496,882.1
2025-01-03 22:00:00,0.409756,20.052829,268.351594,161.749616,148.66,5.1,52,14.4,0.0,20.462585,862.4
2025-01-03 23:00:00,0.016252,17.458587,267.549044,161.77,128.17,4.9,57,11.4,0.0,17.474839000000003,836.9
2025-01-04 00:00:00,0.000424,20.217472,263.024692,161.770336,97.77,5.1,61,13.9,0.0,20.217896,783.6
2025-01-04 01:00:00,0.00058,17.924048,233.870616,161.738024,81.76,5.3,62,13.6,0.0,17.924628,743.0
2025-01-04 02:00:00,0.0004,23.912167,218.651314,161.695408,81.12,5.6,62,13.4,0.0,23.912567,716.1
2025-01-04 03:00:00,0.00058,23.572274,218.555512,161.651168,81.12,5.9,60,14.3,0.0,23.572854,696.2
2025-01-04 04:00:00,0.000644,29.16867,218.63002,161.660576,81.12,5.8,61,14.8,0.0,29.169314,691.9
2025-01-04 05:00:00,0.000472,25.757504,218.657292,161.599984,81.12,5.7,62,14.1,0.0,25.757976,710.0
2025-01-04 06:00:00,0.000408,24.453651,219.268756,161.568456,97.37,5.7,62,13.7,0.0,24.454059,744.5
2025-01-04 07:00:00,0.401185,21.364679,236.708094,161.625016,98.47,5.4,65,12.9,0.0,21.765864,773.8
2025-01-04 08:00:00,26.881805,21.11916,224.145614,161.777952,98.78,5.2,66,11.2,2.0,48.000965,764.7
2025-01-04 09:00:00,91.252192,12.856153,208.27156,161.65856,119.65,6.1,58,10.8,73.0,104.108345,720.0
2025-01-04 10:00:00,142.466342,4.363649,139.077792,161.679504,119.65,6.6,63,13.9,145.0,146.829991,696.1
2025-01-04 11:00:00,209.32713,7.599013,76.56845,161.270536,98.16,6.6,65,11.1,160.0,216.926143,663.5
2025-01-04 12:00:00,219.697678,11.823855,57.31068,148.992704,0.0,6.9,63,10.4,238.0,231.521533,644.9
2025-01-04 13:00:00,192.739687,3.435939,66.51204,156.860256,0.0,7.2,60,10.7,304.0,196.175626,646.5
2025-01-04 14:00:00,177.438364,3.050975,77.86107,161.582288,97.98,7.7,55,10.9,404.0,180.489339,633.8
2025-01-04 15:00:00,137.567492,2.85385,83.27494,161.575736,97.94,7.7,52,10.7,376.0,140.42134199999998,655.5
2025-01-04 16:00:00,57.189762,1.657558,132.185984,161.58268,97.94,7.4,52,9.6,297.0,58.84732,726.9
2025-01-04 17:00:00,5.894986,1.334209,226.740626,165.817792,98.78,6.5,57,7.6,151.0,7.229195000000001,830.6
2025-01-04 18:00:00,2.031932,1.497147,297.005408,163.399432,98.68,3.9,74,3.7,17.0,3.529079,883.2
2025-01-04 19:00:00,3.276436,1.910821,304.15294,168.348432,98.07,3.1,76,4.1,0.0,5.187257,886.7
2025-01-04 20:00:00,3.056,0.099384,306.481742,173.171488,98.78,2.7,76,2.7,0.0,3.155384,874.6
2025-01-04 21:00:00,2.14392,0.022815,306.952506,164.39612,98.78,2.7,65,2.4,0.0,2.166735,856.8
2025-01-04 22:00:00,0.443616,0.030543,305.348974,164.133704,97.37,4.2,67,5.0,0.0,0.474159,845.2
2025-01-04 23:00:00,0.013308,0.0,287.502096,161.716408,97.69,4.5,62,5.8,0.0,0.013308,823.9
2025-01-05 00:00:00,0.00036,0.006721,256.066706,161.716968,86.97,5.0,61,7.2,0.0,0.007081,764.2
2025-01-05 01:00:00,0.00076,0.00414,219.084964,161.74732,78.2,5.6,63,6.4,0.0,0.0049,718.5
2025-01-05 02:00:00,0.000396,0.0,208.755414,161.705656,77.07,5.3,66,5.6,0.0,0.000396,689.0
2025-01-05 03:00:00,0.000608,1.368588,148.379896,161.693224,77.07,5.0,68,5.3,0.0,1.369196,674.3
2025-01-05 04:00:00,0.000384,2.611697,148.16319,161.680792,77.07,5.5,67,7.1,0.0,2.612081,671.3
2025-01-05 05:00:00,0.000484,1.007681,149.650312,161.630616,77.07,5.8,65,8.1,0.0,1.008165,682.4
2025-01-05 06:00:00,0.000352,4.575918,156.293242,161.596624,77.51,6.1,62,8.7,0.0,4.57627,694.1
2025-01-05 07:00:00,0.01154,11.359004,161.551292,161.603568,77.51,6.3,65,9.2,0.0,11.370544,715.0
2025-01-05 08:00:00,2.990623,17.908684,183.956136,162.20792,79.21,6.9,68,7.1,1.0,20.899307,741.4
2025-01-05 09:00:00,15.901919,30.264956,178.810408,161.79604,80.05,7.9,75,11.3,38.0,46.166875000000005,769.8
2025-01-05 10:00:00,36.230314,17.254155,150.249176,161.615832,83.22,7.1,91,11.0,53.0,53.484469,738.4
2025-01-05 11:00:00,46.815636,13.884818,148.148616,161.62664,83.16,7.8,90,9.3,96.0,60.70045399999999,719.6
2025-01-05 12:00:00,59.344877,22.466188,148.165934,161.742056,83.16,9.7,76,8.1,180.0,81.811065,704.9
2025-01-05 13:00:00,52.348449,30.941972,148.037442,161.808136,83.59,10.2,74,12.0,198.0,83.29042100000001,711.3
2025-01-05 14:00:00,30.261561,26.715936,148.367506,161.71764,83.59,9.7,80,13.0,110.0,56.977497,736.5
2025-01-05 15:00:00,18.802601,13.622208,186.114796,161.752192,88.85,9.5,83,13.7,106.0,32.424809,775.2
2025-01-05 16:00:00,13.989357,7.811502,237.931988,161.614544,87.71,9.4,86,12.3,68.0,21.800859,796.7
2025-01-05 17:00:00,2.710765,9.245513,273.014238,161.5404,88.96,8.5,91,14.7,36.0,11.956278,830.4
2025-01-05 18:00:00,0.14807,11.1613,289.800658,161.521696,88.96,8.1,91,15.6,5.0,11.30937,850.2
2025-01-05 19:00:00,0.486828,25.462563,272.339746,161.550424,88.96,8.2,90,17.2,0.0,25.949391,839.0
2025-01-05 20:00:00,0.00036,12.876872,258.897394,161.709912,88.96,8.4,89,16.1,0.0,12.877232,816.8
2025-01-05 21:00:00,0.000368,12.242388,244.994358,161.674016,88.39,7.9,88,17.2,0.0,12.242756,788.0
2025-01-05 22:00:00,0.000336,28.047045,218.727614,161.769608,88.39,9.1,86,15.8,0.0,28.047381,768.3
2025-01-05 23:00:00,0.000312,21.472514,218.784888,161.805224,88.96,8.4,90,15.2,0.0,21.472826,751.8
2025-01-06 00:00:00,0.000304,34.324998,172.353034,161.693784,77.42,9.2,86,16.1,0.0,34.325302,702.6
2025-01-06 01:00:00,0.000288,41.701415,148.106658,161.585536,76.17,9.1,83,15.6,0.0,41.701703,669.6
2025-01-06 02:00:00,0.000352,50.811167,148.124256,161.630952,76.17,9.1,80,16.1,0.0,50.811519,660.6
2025-01-06 03:00:00,0.000328,54.711921,148.129772,161.633976,75.75,9.2,78,17.7,0.0,54.712249,659.0
2025-01-06 04:00:00,0.000344,66.20159,148.110438,161.74032,76.17,9.6,71,19.4,0.0,66.201934,663.4
2025-01-06 05:00:00,0.000336,75.601196,148.15003,161.774592,76.17,9.7,65,20.8,0.0,75.601532,677.3
2025-01-06 06:00:00,0.000328,57.559738,158.23773,161.817824,78.81,9.1,72,19.4,0.0,57.560066000000006,704.3
2025-01-06 07:00:00,0.082833,71.796679,204.702428,161.715736,97.66,8.9,76,18.4,0.0,71.87951199999999,771.8
2025-01-06 08:00:00,8.480167,82.204739,245.595742,161.617904,128.09,7.8,81,20.6,3.0,90.684906,829.9
2025-01-06 09:00:00,45.210403,84.731477,197.188488,161.689472,136.72,8.9,75,19.2,63.0,129.94188,839.8
2025-01-06 10:00:00,54.056441,84.154736,92.029616,161.629664,128.4,9.6,60,26.4,204.0,138.211177,832.3
2025-01-06 11:00:00,75.168091,81.494216,71.512672,161.771736,128.09,8.5,69,28.7,299.0,156.662307,821.9
2025-01-06 12:00:00,65.246746,89.385875,71.525216,161.794304,127.47,8.2,71,28.5,387.0,154.632621,804.1
2025-01-06 13:00:00,144.087417,95.605922,71.51872,123.970392,127.47,8.0,65,30.1,388.0,239.693339,770.4
2025-01-06 14:00:00,133.247689,94.759552,71.509984,107.155216,122.7,7.8,58,34.5,382.0,228.007241,776.1
2025-01-06 15:00:00,70.092887,89.737481,81.77176,151.333224,126.84,7.2,58,36.3,352.0,159.83036800000002,811.0
2025-01-06 16:00:00,31.897255,90.75936,123.542034,161.602336,126.84,6.5,60,35.3,239.0,122.656615,859.2
2025-01-06 17:00:00,4.158344,93.319185,165.69126,178.863048,126.84,5.9,66,34.1,120.0,97.477529,930.5
2025-01-06 18:00:00,1.778305,95.352036,171.83096,191.616824,128.32,5.5,65,34.0,16.0,97.130341,945.5
2025-01-06 19:00:00,2.098228,96.706329,172.175066,172.599728,124.77,5.1,69,32.5,0.0,98.804557,931.9
2025-01-06 20:00:00,0.39402,91.46676,170.621052,161.551992,103.32,4.8,71,32.0,0.0,91.86078,906.6
2025-01-06 21:00:00,0.026296,90.108263,170.647302,161.60844,102.35,4.8,68,32.5,0.0,90.134559,872.6
2025-01-06 22:00:00,0.000408,94.599352,149.571506,161.582232,97.52,4.5,68,31.4,0.0,94.59976,852.8
2025-01-06 23:00:00,0.0004,94.584816,156.765714,161.565264,100.11,4.2,80,28.9,0.0,94.585216,825.2
2025-01-07 00:00:00,0.00044,90.992986,148.702666,161.586208,96.87,4.4,73,32.2,0.0,90.993426,774.7
2025-01-07 01:00:00,0.000352,78.930194,148.200822,161.559832,82.03,4.2,70,30.0,0.0,78.930546,735.7
2025-01-07 02:00:00,0.000376,82.263932,148.171548,161.589792,82.03,4.0,69,28.4,0.0,82.264308,709.6
2025-01-07 03:00:00,0.000368,87.325425,148.161062,161.636384,82.03,3.8,71,27.0,0.0,87.32579299999999,697.6
2025-01-07 04:00:00,0.000384,95.04492,148.168762,161.619584,82.03,3.5,73,28.3,0.0,95.045304,703.5
2025-01-07 05:00:00,0.000264,88.893319,148.173102,161.62244,82.03,3.8,72,30.2,0.0,88.893583,724.7
2025-01-07 06:00:00,0.000344,89.206299,148.15696,161.648032,87.46,3.8,67,29.3,0.0,89.206643,765.1
2025-01-07 07:00:00,0.167527,92.623318,176.301972,161.660632,114.52,3.4,80,26.6,0.0,92.790845,834.5
2025-01-07 08:00:00,14.618524,90.675799,200.446862,161.6482,127.47,3.4,82,23.0,3.0,105.294323,901.4
2025-01-07 09:00:00,60.461573,88.057006,192.060932,161.69524,156.92,3.0,83,23.9,76.0,148.518579,884.2
2025-01-07 10:00:00,116.811091,78.579704,125.017648,161.695072,146.26,4.8,57,26.9,218.0,195.39079500000005,831.9
2025-01-07 11:00:00,151.345407,76.422515,74.071424,161.260008,146.26,5.3,51,26.9,341.0,227.767922,789.5
2025-01-07 12:00:00,149.321913,69.497153,75.545344,143.893008,132.67,5.3,47,30.4,396.0,218.819066,769.6
2025-01-07 13:00:00,118.600687,78.522051,75.522944,151.187736,132.67,5.5,62,31.3,396.0,197.122738,811.3
2025-01-07 14:00:00,77.924474,92.626781,75.94496,167.610128,138.58,5.8,64,30.6,389.0,170.551255,842.5
2025-01-07 15:00:00,49.852841,96.153791,86.221562,161.848288,136.77,5.7,63,32.8,352.0,146.006632,876.1
2025-01-07 16:00:00,17.019616,93.891505,125.561436,173.413296,128.39,5.8,56,35.0,279.0,110.911121,924.3
2025-01-07 17:00:00,2.043057,82.798162,212.700068,161.7084,124.33,5.7,57,32.8,121.0,84.84121900000001,959.7
2025-01-07 18:00:00,1.687352,78.368063,252.828562,169.179136,125.58,5.7,61,31.2,12.0,80.05541500000001,958.4
2025-01-07 19:00:00,1.85164,87.252532,259.513828,177.388288,156.19,5.8,56,28.9,0.0,89.104172,942.4
2025-01-07 20:00:00,1.125848,85.90159,241.577392,177.259264,103.32,6.0,54,26.7,0.0,87.027438,908.2
2025-01-07 21:00:00,0.030768,79.466382,240.977254,157.3306,102.35,6.0,56,25.5,0.0,79.49714999999999,873.2
2025-01-07 22:00:00,0.000296,79.340091,219.706774,147.879704,97.74,6.3,53,27.1,0.0,79.340387,850.4
2025-01-07 23:00:00,9.6e-05,81.639007,161.762958,147.898968,97.74,6.2,54,27.7,0.0,81.639103,822.5
2025-01-08 00:00:00,0.000104,80.929417,140.687232,158.8594,85.04,6.4,51,27.4,0.0,80.929521,779.6
2025-01-08 01:00:00,0.000112,74.715633,140.707392,161.71148,81.97,6.4,48,28.4,0.0,74.715745,739.1
2025-01-08 02:00:00,0.000128,78.58538,140.714448,161.641144,81.97,6.6,52,28.8,0.0,78.585508,706.8
2025-01-08 03:00:00,0.000232,78.887436,140.727664,161.659176,81.97,6.7,53,28.4,0.0,78.88766799999999,698.8
2025-01-08 04:00:00,0.000232,71.717558,140.736736,161.648648,81.97,6.8,53,28.3,0.0,71.71779,694.6
2025-01-08 05:00:00,0.000216,63.681746,140.743792,161.632576,81.97,6.3,57,23.7,0.0,63.681962,709.6
2025-01-08 06:00:00,0.0002,51.503403,140.695296,161.657608,83.37,5.7,61,21.2,0.0,51.503603,748.3
2025-01-08 07:00:00,0.09302,36.75696,162.513064,175.560392,112.78,5.5,66,18.7,0.0,36.84998,813.6
2025-01-08 08:00:00,11.167808,22.491052,185.170776,242.795112,140.44,5.1,71,14.7,1.0,33.658860000000004,883.8
2025-01-08 09:00:00,39.08846,14.280453,212.030952,200.391296,161.72,5.3,76,12.5,40.0,53.368913,872.6
2025-01-08 10:00:00,86.033984,3.294559,219.183552,161.650496,159.39,6.3,64,20.7,112.0,89.32854300000001,839.5
2025-01-08 11:00:00,62.584568,3.998821,206.07608,172.620896,133.25,6.6,68,18.0,169.0,66.583389,848.4
2025-01-08 12:00:00,47.387605,10.235404,220.978492,163.554552,133.25,7.4,62,15.3,344.0,57.623009,841.7
2025-01-08 13:00:00,37.137032,9.363813,256.563398,161.791336,133.13,7.9,59,20.7,404.0,46.500845,864.3
2025-01-08 14:00:00,44.084526,5.175016,240.921856,161.757736,133.25,7.0,65,20.8,358.0,49.259542,860.5
2025-01-08 15:00:00,41.669809,24.822914,270.020548,161.769608,160.86,5.8,79,20.9,255.0,66.492723,861.8
2025-01-08 16:00:00,17.897008,51.257544,260.134518,161.798392,136.76,6.7,74,19.3,201.0,69.154552,879.9
2025-01-08 17:00:00,2.711271,50.18655,279.024648,182.569856,133.33,6.2,77,22.2,68.0,52.89782099999999,940.2
2025-01-08 18:00:00,0.418044,63.980528,234.942778,182.62832,133.42,5.5,79,23.4,11.0,64.398572,948.2
2025-01-08 19:00:00,0.310304,62.526383,259.250054,192.217536,134.61,5.7,82,20.2,0.0,62.836687000000005,933.5
2025-01-08 20:00:00,0.000512,74.596213,236.51187,192.1556,126.52,4.8,82,22.8,0.0,74.596725,906.8
2025-01-08 21:00:00,0.000296,90.976733,181.527374,171.6778,116.06,4.3,84,20.3,0.0,90.977029,872.0
2025-01-08 22:00:00,0.0004,90.130925,108.671836,161.669536,120.82,4.0,88,20.0,0.0,90.131325,853.9
2025-01-08 23:00:00,0.000376,85.09738,75.525632,161.646576,121.0,3.9,89,21.9,0.0,85.097756,831.5
2025-01-09 00:00:00,0.00036,85.47931,70.393344,161.658504,108.07,4.0,91,22.1,0.0,85.47967,794.1
2025-01-09 01:00:00,0.00036,87.711687,75.609184,161.673568,109.23,3.5,78,25.7,0.0,87.712047,759.9
2025-01-09 02:00:00,0.00028,89.690846,70.413728,161.708624,101.97,3.0,77,25.3,0.0,89.691126,739.9
2025-01-09 03:00:00,0.00016,90.12732,70.279552,161.7322,101.97,2.9,81,24.0,0.0,90.12748,728.0
2025-01-09 04:00:00,0.000128,85.614802,70.261856,161.724136,101.97,2.7,79,25.2,0.0,85.61493,735.8
2025-01-09 05:00:00,0.000176,83.931968,70.256928,161.702464,106.76,2.4,79,25.4,0.0,83.932144,759.3
2025-01-09 06:00:00,0.0002,84.452063,80.246054,161.709016,107.55,2.0,82,24.9,0.0,84.452263,804.1
2025-01-09 07:00:00,0.026196,86.931286,114.54499,161.583856,118.54,1.8,81,25.9,0.0,86.957482,869.8
2025-01-09 08:00:00,6.381933,79.110045,167.962564,161.660744,144.0,1.7,83,24.7,3.0,85.491978,943.9
2025-01-09 09:00:00,41.286637,81.859875,201.055008,161.748608,161.72,1.8,81,26.4,75.0,123.146512,928.1
2025-01-09 10:00:00,93.052787,75.395306,179.698246,161.713328,147.95,1.8,69,31.0,242.0,168.448093,874.6
2025-01-09 11:00:00,114.783428,84.884873,148.150114,146.074656,147.07,2.0,68,32.5,376.0,199.668301,856.4
2025-01-09 12:00:00,125.958719,88.62285,148.095374,108.225768,139.15,1.9,79,33.6,391.0,214.581569,828.4
2025-01-09 13:00:00,100.760362,88.507078,155.009064,121.999584,143.38,2.7,77,37.1,480.0,189.26744,873.8
2025-01-09 14:00:00,61.7532,76.590974,186.935532,161.778848,143.63,2.0,72,38.2,316.0,138.344174,929.5
2025-01-09 15:00:00,19.968885,82.263364,203.292656,175.199304,148.66,1.3,80,32.2,308.0,102.232249,976.9
2025-01-09 16:00:00,6.674791,85.826412,219.71201,177.691528,152.44,1.6,75,36.8,214.0,92.501203,1019.7
2025-01-09 17:00:00,1.739865,84.968812,261.87364,186.261544,153.15,0.9,78,36.4,105.0,86.708677,1046.9
2025-01-09 18:00:00,1.490851,84.95874,260.736448,213.63888,150.82,0.5,73,33.8,17.0,86.44959100000001,1048.7
2025-01-09 19:00:00,1.328588,83.521852,260.16242,219.484496,138.59,1.1,72,38.6,0.0,84.85043999999999,1031.8
2025-01-09 20:00:00,0.70836,81.32056,260.113392,213.043712,136.6,0.4,77,39.2,0.0,82.02892,999.4
2025-01-09 21:00:00,0.001264,80.892772,246.773828,172.296656,136.53,0.5,73,36.7,0.0,80.894036,956.8
2025-01-09 22:00:00,0.000312,86.507492,157.348744,161.649264,134.24,-0.2,77,38.0,0.0,86.507804,933.5
2025-01-09 23:00:00,0.000296,86.28482,151.214896,161.63196,134.24,-0.2,74,33.4,0.0,86.285116,913.1
2025-01-10 00:00:00,0.000296,87.913596,97.007008,161.669368,124.44,-0.3,72,32.0,0.0,87.913892,860.9
2025-01-10 01:00:00,0.000248,87.960492,75.520032,161.661192,112.6,-0.4,72,30.5,0.0,87.96074,815.5
2025-01-10 02:00:00,0.000256,82.578796,70.404096,161.652568,106.2,0.1,71,30.5,0.0,82.57905199999999,786.8
2025-01-10 03:00:00,0.000272,80.611156,70.2744,161.69552,101.97,-0.1,75,27.4,0.0,80.61142799999999,771.2
2025-01-10 04:00:00,0.000232,81.820324,72.798208,161.692496,101.97,-0.9,78,21.9,0.0,81.820556,768.6
2025-01-10 05:00:00,0.000328,71.713052,75.490464,161.702408,112.52,-0.9,91,19.9,0.0,71.71338,785.4
2025-01-10 06:00:00,0.000384,77.700769,80.571344,161.673568,117.05,-0.9,85,16.9,0.0,77.70115299999999,825.8
2025-01-10 07:00:00,0.025923,65.405114,123.03088,162.83484,138.02,-0.4,84,15.7,0.0,65.431037,887.3
2025-01-10 08:00:00,2.94888,53.503117,160.2356,201.594288,147.83,-0.2,84,14.2,2.0,56.451997000000006,966.7
2025-01-10 09:00:00,14.816844,66.783859,177.189992,179.258912,163.15,0.1,83,14.7,63.0,81.60070300000001,996.3
2025-01-10 10:00:00,34.835648,59.437658,187.990992,170.26016,147.2,0.4,86,14.8,134.0,94.273306,987.4
2025-01-10 11:00:00,73.860775,47.325689,194.42836,161.766192,147.33,0.7,86,12.6,278.0,121.186464,933.6
2025-01-10 12:00:00,97.826963,43.531115,195.124944,161.726208,140.19,0.8,87,12.5,363.0,141.358078,875.3
2025-01-10 13:00:00,95.661946,50.418007,195.222664,161.653296,140.26,0.9,87,14.3,398.0,146.079953,879.6
2025-01-10 14:00:00,95.57374,51.307436,172.803078,161.66472,144.0,1.0,87,16.4,291.0,146.881176,868.3
2025-01-10 15:00:00,51.167458,55.946362,187.596542,161.652288,140.85,1.3,84,16.0,317.0,107.11382,896.6
2025-01-10 16:00:00,19.511038,53.365929,246.931566,161.633024,156.37,1.5,84,16.6,154.0,72.87696700000001,939.2
2025-01-10 17:00:00,2.571818,50.771285,290.525872,161.749056,152.31,1.7,81,16.6,86.0,53.343103,1002.6
2025-01-10 18:00:00,1.062404,62.563348,298.963462,161.737296,139.21,1.9,81,15.4,16.0,63.625752,1010.0
2025-01-10 19:00:00,1.037708,60.706795,305.231136,161.638176,139.21,2.0,82,16.2,0.0,61.744503,990.0
2025-01-10 20:00:00,0.113156,63.660319,310.467962,161.65604,139.21,1.9,86,14.5,0.0,63.773475,955.7
2025-01-10 21:00:00,0.000352,60.129871,301.193634,161.638344,132.81,1.9,87,14.2,0.0,60.130223,918.5
2025-01-10 22:00:00,0.000344,63.435437,261.700418,161.648648,133.06,3.1,77,23.4,0.0,63.435781,897.9
2025-01-10 23:00:00,0.000312,71.710314,261.506392,161.64596,138.49,3.1,76,20.6,0.0,71.71062599999999,878.6
2025-01-11 00:00:00,0.000272,64.539783,192.81024,161.61852,114.96,3.1,76,20.0,0.0,64.540055,828.4
2025-01-11 01:00:00,0.000224,68.342041,171.106194,161.591416,106.45,2.5,87,17.9,0.0,68.342265,783.6
2025-01-11 02:00:00,0.00024,51.521738,171.14083,161.618464,102.74,2.2,87,19.8,0.0,51.521978,758.3
2025-01-11 03:00:00,0.000224,55.927191,171.108322,161.59668,102.74,2.4,88,15.2,0.0,55.927415,741.1
2025-01-11 04:00:00,0.000232,47.317091,171.084564,161.649432,102.74,1.8,88,13.0,0.0,47.317323,745.6
2025-01-11 05:00:00,0.000216,29.761493,171.080798,161.706216,106.12,2.6,87,17.3,0.0,29.761709000000003,763.8
2025-01-11 06:00:00,0.000224,48.72358,196.984886,161.749896,106.52,2.8,85,17.2,0.0,48.723804,794.7
2025-01-11 07:00:00,0.05299,43.866021,239.852298,161.749728,117.4,2.9,82,18.0,0.0,43.919011000000005,827.1
2025-01-11 08:00:00,4.644622,47.254423,282.068976,161.610344,118.75,3.0,79,17.9,2.0,51.899045,849.8
2025-01-11 09:00:00,33.257303,38.729951,300.451046,161.754936,136.42,3.3,73,17.2,75.0,71.98725400000001,816.2
2025-01-11 10:00:00,58.193955,32.637119,260.805496,161.671384,136.41,3.3,74,19.1,218.0,90.831074,798.0
2025-01-11 11:00:00,99.62463,35.075086,221.102266,161.624176,138.53,3.4,72,18.6,344.0,134.699716,779.5
2025-01-11 12:00:00,114.015479,41.326677,179.071606,161.61348,136.38,3.5,71,19.4,384.0,155.342156,752.0
2025-01-11 13:00:00,76.034433,46.239118,179.097072,161.625296,136.38,3.3,73,19.6,362.0,122.273551,780.1
2025-01-11 14:00:00,43.713554,43.340886,179.075036,161.642824,136.37,3.2,78,21.4,260.0,87.05444,794.2
2025-01-11 15:00:00,30.261259,50.250498,177.889894,161.6342,134.11,3.3,77,19.6,228.0,80.511757,827.3
2025-01-11 16:00:00,14.797511,41.153466,196.87213,178.840592,134.11,3.4,77,18.8,167.0,55.950977,888.8
2025-01-11 17:00:00,2.498227,41.975227,241.671864,206.700592,153.09,3.4,77,18.0,74.0,44.473454,940.6
2025-01-11 18:00:00,0.564417,29.546045,261.60582,210.91756,153.65,3.4,77,17.2,10.0,30.110462,965.5
2025-01-11 19:00:00,1.202496,36.906364,288.990072,177.236192,132.87,3.3,76,17.4,0.0,38.10886000000001,956.5
2025-01-11 20:00:00,0.118028,35.523348,283.578064,164.119984,152.85,3.4,75,16.1,0.0,35.641376,935.9
2025-01-11 21:00:00,0.00052,34.129486,259.025452,161.66976,116.1,3.3,76,15.6,0.0,34.130006,904.0
2025-01-11 22:00:00,0.000368,31.307953,339.367602,161.71708,116.56,3.2,69,17.7,0.0,31.308321000000003,885.4
2025-01-11 23:00:00,0.00036,26.542248,338.471602,161.566888,115.23,3.2,72,16.8,0.0,26.542608,867.6
2025-01-12 00:00:00,0.000368,26.867234,314.261248,161.621824,111.15,2.8,73,18.0,0.0,26.867602,828.0
2025-01-12 01:00:00,0.000328,32.685071,249.13532,161.559104,111.8,2.4,79,16.6,0.0,32.685399000000004,796.6
2025-01-12 02:00:00,0.000336,49.074406,226.214828,161.54264,111.82,2.7,80,16.1,0.0,49.074742,766.3
2025-01-12 03:00:00,0.00036,39.637148,220.037314,161.581728,97.63,3.0,78,16.3,0.0,39.637508,750.0
2025-01-12 04:00:00,0.000344,35.218267,218.613654,161.604128,98.55,2.9,77,15.8,0.0,35.218611,754.5
2025-01-12 05:00:00,0.000312,42.885648,239.568448,161.572992,102.64,2.7,82,14.0,0.0,42.88596,766.7
2025-01-12 06:00:00,0.000328,40.324982,241.139752,161.62664,103.0,3.1,81,14.5,0.0,40.32531,781.4
2025-01-12 07:00:00,0.156571,38.999255,241.079832,161.68544,103.19,3.0,76,14.6,0.0,39.155826,810.7
2025-01-12 08:00:00,12.709087,39.940862,243.602898,161.663992,111.74,2.8,77,13.8,3.0,52.64994900000001,817.5
2025-01-12 09:00:00,52.683611,30.365538,233.587186,161.660688,117.03,3.0,73,12.2,82.0,83.049149,749.4
2025-01-12 10:00:00,116.497671,29.639348,139.716206,161.641368,118.12,3.2,63,15.1,265.0,146.137019,709.9
2025-01-12 11:00:00,181.564395,22.050735,73.64112,161.574616,118.07,3.3,67,14.4,388.0,203.61513,674.5
2025-01-12 12:00:00,190.560222,8.473924,75.782784,141.38124,117.91,3.3,68,12.1,506.0,199.034146,663.6
2025-01-12 13:00:00,121.828732,6.714757,75.78592,160.36972,117.29,3.1,72,10.2,510.0,128.543489,698.5
2025-01-12 14:00:00,113.812205,11.820803,76.745088,161.669984,117.36,3.3,74,9.7,462.0,125.633008,700.1
2025-01-12 15:00:00,92.728783,18.229318,94.433878,161.692328,116.96,3.5,72,10.9,381.0,110.958101,715.3
2025-01-12 16:00:00,39.906763,14.913092,138.832652,173.848192,116.74,3.6,71,14.5,278.0,54.819855,790.2
2025-01-12 17:00:00,6.283525,18.449329,236.73503,224.598752,118.07,3.3,72,12.9,132.0,24.732854,894.6
2025-01-12 18:00:00,1.959251,22.486988,318.229632,179.507272,118.12,3.0,76,14.1,25.0,24.446239,940.8
2025-01-12 19:00:00,2.371648,30.40016,320.227082,168.17612,118.12,3.1,74,14.5,0.0,32.771808,940.1
2025-01-12 20:00:00,1.367844,38.67231,300.096678,161.695352,116.06,3.4,72,13.3,0.0,40.040154,914.6
2025-01-12 21:00:00,0.257152,39.375568,273.627074,161.700168,108.64,4.1,71,14.1,0.0,39.63272,880.3
2025-01-12 22:00:00,0.000336,45.531271,253.709372,161.682248,111.74,4.3,70,20.9,0.0,45.531607,863.0
2025-01-12 23:00:00,0.000352,41.724866,302.021398,161.699552,107.81,4.8,71,23.4,0.0,41.725218,846.1
2025-01-13 00:00:00,0.000448,49.052149,281.906674,161.607488,110.94,4.8,71,22.7,0.0,49.052597,795.7
2025-01-13 01:00:00,0.000424,22.812385,230.411412,161.552272,102.02,4.8,72,20.5,0.0,22.812809,779.5
2025-01-13 02:00:00,0.000488,21.248698,166.2423,161.593096,101.76,4.8,70,17.1,0.0,21.249186,754.2
2025-01-13 03:00:00,0.000488,23.05207,149.234008,161.634704,97.74,4.7,70,15.7,0.0,23.052558,735.5
2025-01-13 04:00:00,0.000488,24.641341,148.154314,161.588112,97.74,4.3,75,14.1,0.0,24.641829,742.7
2025-01-13 05:00:00,0.000512,17.649211,161.285278,161.65044,97.74,4.3,75,12.3,0.0,17.649723,767.3
2025-01-13 06:00:00,0.000416,14.982575,201.192264,193.3092,113.34,4.4,75,11.8,0.0,14.982991,818.2
2025-01-13 07:00:00,0.393311,11.659582,251.147638,205.761584,114.47,4.4,76,13.7,0.0,12.052893,875.7
2025-01-13 08:00:00,21.722371,9.239926,268.351356,197.84156,152.42,4.3,78,13.4,2.0,30.962297,909.8
2025-01-13 09:00:00,96.549506,5.713598,264.919928,161.634256,165.24,4.4,77,10.8,50.0,102.263104,838.3
2025-01-13 10:00:00,161.585173,2.117105,191.014082,161.62104,154.68,5.2,71,11.3,169.0,163.702278,798.8
2025-01-13 11:00:00,180.039699,3.545322,114.32806,161.622384,154.19,5.3,72,11.2,250.0,183.585021,781.4
2025-01-13 12:00:00,187.969893,4.252818,77.88753,161.606536,151.49,5.5,70,12.3,290.0,192.222711,751.5
2025-01-13 13:00:00,223.151739,1.518395,77.92071,161.588056,151.49,5.5,71,11.5,237.0,224.670134,734.8
2025-01-13 14:00:00,196.528696,1.54835,81.89412,161.573272,151.49,5.8,70,12.4,255.0,198.077046,739.1
2025-01-13 15:00:00,141.441632,1.252464,104.798036,161.55608,138.58,6.0,67,13.0,225.0,142.694096,760.1
2025-01-13 16:00:00,62.599163,0.874745,144.171356,197.051792,154.68,7.2,58,13.9,163.0,63.473908,812.7
2025-01-13 17:00:00,9.098248,0.371667,229.382958,272.362944,152.34,7.1,57,11.4,74.0,9.469915,909.1
2025-01-13 18:00:00,2.046356,0.079532,301.251664,264.754336,152.42,5.7,66,10.9,24.0,2.125888,971.9
2025-01-13 19:00:00,2.774444,0.017594,358.186262,221.386536,151.53,4.8,69,9.8,0.0,2.792038,981.2
2025-01-13 20:00:00,1.5789,0.0,358.531208,217.590576,151.53,4.1,73,11.1,0.0,1.5789,967.1
2025-01-13 21:00:00,0.9367,0.396316,357.513604,200.259752,151.53,3.3,69,14.9,0.0,1.333016,939.4
2025-01-13 22:00:00,0.019044,4.768608,360.42048,181.974632,151.53,3.6,74,11.6,0.0,4.7876520000000005,917.3
2025-01-13 23:00:00,0.00054,10.077428,333.547186,161.56868,114.88,3.3,73,12.0,0.0,10.077968,890.0
2025-01-14 00:00:00,0.000408,12.014052,285.825526,161.611408,108.13,3.2,74,12.0,0.0,12.01446,831.7
2025-01-14 01:00:00,0.000344,18.94798,241.165092,161.633248,104.61,3.5,74,12.8,0.0,18.948324,779.4
2025-01-14 02:00:00,0.000296,26.6979,236.833898,161.569464,101.75,3.8,73,13.4,0.0,26.698196,744.2
2025-01-14 03:00:00,0.000384,31.958222,236.623296,161.547736,101.79,5.0,73,14.8,0.0,31.958606,731.6
2025-01-14 04:00:00,0.00036,23.336488,236.537882,161.524272,101.7,5.7,75,15.9,0.0,23.336848,728.5
2025-01-14 05:00:00,0.000344,18.423544,236.694234,161.515648,101.79,6.2,76,17.0,0.0,18.423888,750.6
2025-01-14 06:00:00,0.000296,15.966203,242.817764,161.570416,107.34,6.4,78,16.2,0.0,15.966499,788.7
2025-01-14 07:00:00,1.049876,16.11526,266.174678,161.578704,136.77,6.4,79,16.5,0.0,17.165136,840.3
2025-01-14 08:00:00,28.954227,10.859383,280.62461,161.565208,152.65,7.1,77,16.8,3.0,39.81361,875.8
2025-01-14 09:00:00,82.479148,9.209424,275.5879,161.566608,151.43,8.7,72,16.5,71.0,91.688572,820.7
2025-01-14 10:00:00,155.504492,6.33253,151.38487,161.75376,151.27,10.7,63,14.4,185.0,161.837022,774.2
2025-01-14 11:00:00,181.038604,7.377623,95.97903,161.704032,150.68,11.8,55,16.1,322.0,188.416227,745.9
2025-01-14 12:00:00,186.250111,5.162191,77.92743,161.729456,138.8,12.2,51,16.6,370.0,191.412302,705.5
2025-01-14 13:00:00,218.88624,3.396922,82.37523,161.778064,139.21,12.6,52,15.7,490.0,222.283162,690.5
2025-01-14 14:00:00,169.259792,7.406128,99.33945,161.731248,139.21,12.6,53,15.2,468.0,176.66592,702.2
2025-01-14 15:00:00,129.273482,8.442216,115.943478,161.707504,139.21,12.3,56,15.8,416.0,137.715698,723.7
2025-01-14 16:00:00,63.003246,7.279828,219.554874,161.643048,155.2,11.8,59,16.0,306.0,70.283074,768.7
2025-01-14 17:00:00,11.417261,8.478,323.996358,161.661248,156.36,10.9,65,13.4,120.0,19.895261,846.0
2025-01-14 18:00:00,1.892406,11.012514,410.52193,161.632408,136.79,9.4,71,13.0,26.0,12.90492,904.8
2025-01-14 19:00:00,3.14258,5.763753,425.270398,161.541016,156.72,8.5,76,15.2,0.0,8.906333,915.2
2025-01-14 20:00:00,2.554256,7.794784,420.967596,161.525504,150.52,8.8,76,17.6,0.0,10.34904,890.1
2025-01-14 21:00:00,0.868836,28.244474,349.39436,161.666344,150.52,8.5,83,11.9,0.0,29.11331,843.5
2025-01-14 22:00:00,0.154944,40.261907,269.17331,161.638568,150.52,8.6,91,15.5,0.0,40.416851,821.1
2025-01-14 23:00:00,0.000264,60.898225,257.168492,161.651952,114.59,7.8,85,15.1,0.0,60.898489,796.6
2025-01-15 00:00:00,0.000272,77.653652,162.559824,161.249592,128.59,7.3,84,17.0,0.0,77.65392399999999,759.3
2025-01-15 01:00:00,0.000248,68.013771,128.647932,149.57208,106.11,6.7,85,17.6,0.0,68.014019,725.9
2025-01-15 02:00:00,0.000296,65.267509,70.29008,161.603064,102.0,6.2,86,17.3,0.0,65.26780500000001,702.6
2025-01-15 03:00:00,0.00036,84.264507,70.294336,161.576632,101.52,5.9,84,20.7,0.0,84.264867,686.7
2025-01-15 04:00:00,0.000352,83.965526,70.277536,161.638288,101.58,5.3,85,21.9,0.0,83.965878,694.5
2025-01-15 05:00:00,0.000344,82.560589,70.247072,161.597408,101.97,4.9,84,21.2,0.0,82.56093299999999,720.2
2025-01-15 06:00:00,0.00032,82.945343,79.126754,161.612472,102.14,4.4,84,21.3,0.0,82.945663,767.0
2025-01-15 07:00:00,0.051524,84.535417,118.148744,161.685216,131.65,3.9,83,18.7,0.0,84.586941,834.4
2025-01-15 08:00:00,8.781713,82.162451,228.038188,161.629328,141.81,3.7,80,19.0,2.0,90.944164,902.9
2025-01-15 09:00:00,30.876297,78.103064,267.158738,161.673344,159.37,3.5,77,19.5,54.0,108.979361,932.0
2025-01-15 10:00:00,63.0196,79.665059,164.25458,161.672672,154.11,4.5,57,27.1,116.0,142.684659,916.7
2025-01-15 11:00:00,72.679232,79.483865,151.752832,161.652848,142.18,4.1,59,26.5,141.0,152.163097,894.8
2025-01-15 12:00:00,62.794947,82.904787,151.738384,161.648648,136.98,3.7,62,26.7,165.0,145.699734,877.9
2025-01-15 13:00:00,74.617635,76.824022,151.741408,161.679,137.29,3.0,68,26.6,234.0,151.44165700000002,884.7
2025-01-15 14:00:00,70.062686,82.86171,166.339418,161.670264,138.86,2.9,64,25.0,152.0,152.924396,872.2
2025-01-15 15:00:00,54.758343,80.190429,233.309412,139.286336,138.59,3.3,65,26.8,170.0,134.948772,876.3
2025-01-15 16:00:00,22.604802,77.279774,335.154218,120.019984,158.24,3.0,66,26.5,106.0,99.884576,922.0
2025-01-15 17:00:00,3.727569,80.357528,279.32219,161.55188,154.47,3.0,65,25.0,51.0,84.085097,995.1
2025-01-15 18:00:00,1.559992,81.32727,261.54415,161.61124,154.47,2.7,71,24.3,10.0,82.88726199999999,1010.9
2025-01-15 19:00:00,1.219348,77.542865,261.619134,161.610624,154.47,2.4,76,24.2,0.0,78.762213,996.9
2025-01-15 20:00:00,0.293936,71.117554,261.63256,161.68096,154.47,2.8,68,22.9,0.0,71.41149,968.3
2025-01-15 21:00:00,0.031784,73.812152,244.109516,161.636888,121.82,2.5,75,20.1,0.0,73.843936,929.8
2025-01-15 22:00:00,0.00044,65.695043,243.601904,161.704984,118.14,3.0,67,22.7,0.0,65.695483,898.5
2025-01-15 23:00:00,0.000488,63.541201,243.65229,161.680008,121.32,3.0,70,21.9,0.0,63.541689,872.8
2025-01-16 00:00:00,0.000376,48.996511,225.381772,161.674296,108.07,3.0,69,20.6,0.0,48.996887,819.6
2025-01-16 01:00:00,0.0004,46.989774,176.374548,161.647416,106.76,3.0,70,20.1,0.0,46.990174,777.3
2025-01-16 02:00:00,0.0004,41.342942,178.075282,161.589792,106.34,2.9,72,18.3,0.0,41.343342,753.1
2025-01-16 03:00:00,0.000432,32.538552,178.111766,161.570528,101.97,2.9,69,15.9,0.0,32.538984000000006,743.9
2025-01-16 04:00:00,0.00044,31.791191,178.090864,161.595392,106.76,3.1,67,15.7,0.0,31.791631,745.0
2025-01-16 05:00:00,0.00032,26.665871,178.094406,161.657272,102.05,3.1,69,15.6,0.0,26.666191,762.1
2025-01-16 06:00:00,0.107656,28.103242,185.454388,161.764008,105.25,3.1,70,14.7,0.0,28.210898,800.5
2025-01-16 07:00:00,0.137426,32.990998,210.697704,161.714168,136.78,3.3,70,14.7,0.0,33.128423999999995,852.6
2025-01-16 08:00:00,4.512556,30.64487,282.418444,161.72072,149.75,3.4,72,14.7,2.0,35.157426,927.2
2025-01-16 09:00:00,21.897052,34.229809,316.927422,161.61964,150.47,4.2,69,17.0,41.0,56.126861000000005,939.7
2025-01-16 10:00:00,45.04054,25.363802,278.255264,161.70084,150.47,5.2,61,20.6,118.0,70.404342,913.6
2025-01-16 11:00:00,91.050816,34.591315,201.421668,161.685832,150.47,5.6,59,21.9,176.0,125.642131,859.8
2025-01-16 12:00:00,178.410305,28.99186,106.602104,148.277864,139.15,5.7,62,22.9,268.0,207.402165,800.6
2025-01-16 13:00:00,158.191374,30.638109,87.66051,161.537376,139.28,6.0,61,22.3,288.0,188.829483,822.6
2025-01-16 14:00:00,156.579616,35.498368,87.65022,161.619528,139.28,6.3,58,22.2,320.0,192.077984,793.3
2025-01-16 15:00:00,124.838523,30.688045,81.353118,161.599256,139.28,6.6,58,22.6,297.0,155.526568,756.3
2025-01-16 16:00:00,51.386378,31.48669,124.139204,161.60704,139.29,6.3,65,21.2,131.0,82.873068,861.9
2025-01-16 17:00:00,6.249168,37.755241,194.190794,200.406752,155.55,6.6,63,19.8,57.0,44.004409,949.2
2025-01-16 18:00:00,0.808647,34.48506,268.517942,162.403304,156.43,6.8,60,19.3,17.0,35.293707,981.4
2025-01-16 19:00:00,1.182384,27.584149,363.695262,161.73528,138.98,6.7,61,18.8,0.0,28.766533,973.8
2025-01-16 20:00:00,0.320464,30.512474,388.063508,161.702408,155.55,6.4,65,17.6,0.0,30.832938,949.5
2025-01-16 21:00:00,0.149384,42.478439,289.371586,161.65072,136.78,6.0,68,15.9,0.0,42.627823,915.7
2025-01-16 22:00:00,0.000392,34.666692,245.097286,161.623896,114.49,6.1,69,17.2,0.0,34.667084,899.8
2025-01-16 23:00:00,0.000344,30.079958,243.869346,161.601888,114.7,6.0,66,16.5,0.0,30.080302,877.4
2025-01-17 00:00:00,0.00036,31.395472,240.274678,161.594832,108.26,5.9,65,16.3,0.0,31.395832,829.7
2025-01-17 01:00:00,0.000288,29.03388,243.739692,161.622832,115.79,5.8,65,16.3,0.0,29.034168,791.8
2025-01-17 02:00:00,0.000272,24.850605,236.079592,161.594552,102.0,5.9,64,16.2,0.0,24.850877,762.5
2025-01-17 03:00:00,0.000264,37.382619,236.071444,161.60956,101.75,5.7,65,16.1,0.0,37.382883,742.0
2025-01-17 04:00:00,0.000248,28.773179,236.04399,161.592088,102.0,5.7,67,15.4,0.0,28.773427,738.8
2025-01-17 05:00:00,0.000248,17.144774,240.164022,161.60508,106.5,5.6,68,13.4,0.0,17.145022,760.2
2025-01-17 06:00:00,0.000184,22.239998,243.860106,161.623224,111.06,5.6,67,11.7,0.0,22.240182,797.4
2025-01-17 07:00:00,0.0732,25.013434,258.660682,161.545328,138.88,5.2,75,10.1,0.0,25.086634,850.0
2025-01-17 08:00:00,3.740669,32.169203,260.831102,162.355592,142.97,5.5,77,9.8,2.0,35.909872,913.3
2025-01-17 09:00:00,17.855894,24.91386,275.200884,162.38936,158.68,5.8,73,10.6,36.0,42.769754,916.7
2025-01-17 10:00:00,64.550468,18.275949,233.727102,161.756168,154.26,6.2,65,14.2,119.0,82.82641699999999,871.3
2025-01-17 11:00:00,156.477917,12.682716,167.962382,161.700056,145.73,6.4,64,13.4,337.0,169.160633,809.3
2025-01-17 12:00:00,204.23208,9.427992,99.97512,161.778064,136.23,6.2,65,12.3,467.0,213.660072,761.1
2025-01-17 13:00:00,209.282758,9.090024,99.57969,161.680736,136.23,5.8,67,12.2,526.0,218.372782,744.7
2025-01-17 14:00:00,219.88144,10.258576,84.71568,131.447456,138.88,5.4,62,11.8,540.0,230.140016,718.3
2025-01-17 15:00:00,178.050711,10.861236,101.784116,134.799504,138.88,5.3,58,10.7,495.0,188.911947,738.8
2025-01-17 16:00:00,77.84689,6.923215,230.501964,161.651728,158.28,5.1,60,10.0,350.0,84.770105,805.2
2025-01-17 17:00:00,10.975317,6.561116,347.355246,161.66024,145.99,4.6,66,8.9,163.0,17.536433000000002,890.7
2025-01-17 18:00:00,2.069407,5.042233,371.259924,161.6076,156.55,3.8,74,6.8,28.0,7.11164,954.8
2025-01-17 19:00:00,3.258132,5.838729,380.920148,161.533456,157.12,3.6,77,5.0,0.0,9.096861,965.7
2025-01-17 20:00:00,2.975332,5.28157,380.779434,161.647584,157.12,2.5,82,4.0,0.0,8.256902,957.2
2025-01-17 21:00:00,1.518492,3.459462,380.855762,161.636496,156.55,2.1,80,1.7,0.0,4.977954,935.9
2025-01-17 22:00:00,0.422464,1.646547,325.73842,161.641928,149.67,3.2,84,3.6,0.0,2.069011,921.8
2025-01-17 23:00:00,0.013648,1.447066,321.691062,161.59472,114.61,2.6,84,1.6,0.0,1.460714,903.8
2025-01-18 00:00:00,0.000296,0.96071,320.988206,161.592872,114.0,2.1,85,1.7,0.0,0.961006,852.0
2025-01-18 01:00:00,0.00028,0.866137,255.872176,161.579824,106.0,2.1,82,1.3,0.0,0.866417,814.2
2025-01-18 02:00:00,0.000304,0.538049,241.555454,161.563584,102.0,2.4,80,0.7,0.0,0.538353,788.2
2025-01-18 03:00:00,0.000436,0.746735,241.557736,161.555352,102.0,2.7,79,0.8,0.0,0.747171,771.4
2025-01-18 04:00:00,0.000336,0.768583,241.55572,161.57176,102.0,3.0,79,1.5,0.0,0.768919,773.4
2025-01-18 05:00:00,0.000384,0.616058,241.647462,161.565488,106.0,3.1,78,1.9,0.0,0.616442,791.8
2025-01-18 06:00:00,0.000328,0.60592,246.112818,161.565544,106.0,3.0,79,2.3,0.0,0.606248,821.8
2025-01-18 07:00:00,1.372973,0.593103,275.411766,161.883736,117.0,3.2,80,1.4,0.0,1.966076,850.1
2025-01-18 08:00:00,34.94885,0.384295,250.249524,161.652904,118.0,3.1,81,2.4,3.0,35.333145,821.4
2025-01-18 09:00:00,99.793169,0.333827,204.488228,161.722736,152.5,5.5,77,3.1,83.0,100.126996,748.3
2025-01-18 10:00:00,141.411219,0.065097,100.665572,161.718704,136.0,7.7,61,3.6,240.0,141.476316,719.8
2025-01-18 11:00:00,183.945847,0.104606,99.10677,161.721784,138.0,8.7,56,5.0,374.0,184.050453,678.0
2025-01-18 12:00:00,190.549603,0.962565,72.63879,161.734608,136.0,9.0,57,6.0,430.0,191.512168,660.2
2025-01-18 13:00:00,155.056255,0.363185,97.22727,161.716576,136.0,9.0,60,6.7,468.0,155.41943999999998,671.7
2025-01-18 14:00:00,144.70322,0.089195,109.24326,161.692944,136.0,8.9,62,6.8,420.0,144.79241499999998,663.2
2025-01-18 15:00:00,113.105678,0.028474,149.426312,161.649152,134.0,8.6,64,6.4,349.0,113.134152,680.2
2025-01-18 16:00:00,50.857667,0.021206,270.88796,161.568736,134.0,8.2,67,5.4,265.0,50.878873,728.7
2025-01-18 17:00:00,10.02654,0.032221,322.38178,161.592256,131.0,6.9,76,3.0,129.0,10.058761,806.9
2025-01-18 18:00:00,2.035463,0.02049,321.886082,161.663544,157.86,4.5,79,2.2,28.0,2.055953,882.7
2025-01-18 19:00:00,3.274548,0.036924,334.73433,161.617904,158.49,3.9,81,3.1,0.0,3.311472,903.7
2025-01-18 20:00:00,2.788032,0.09092,341.976978,161.605472,158.49,3.4,85,3.6,0.0,2.878952,906.3
2025-01-18 21:00:00,1.698716,0.054997,330.159648,161.613984,116.0,3.7,84,3.2,0.0,1.753713,890.4
2025-01-18 22:00:00,0.31862,0.079243,317.587144,161.617512,155.01,4.5,84,1.7,0.0,0.397863,876.8
2025-01-18 23:00:00,0.008744,0.109017,317.775402,161.605584,151.33,3.7,86,2.1,0.0,0.117761,866.3
2025-01-19 00:00:00,0.00056,0.072664,295.657404,161.628824,103.36,3.6,90,3.0,0.0,0.073224,824.0
2025-01-19 01:00:00,0.000504,0.091237,241.60423,161.616056,102.52,4.5,88,3.7,0.0,0.091741,789.1
2025-01-19 02:00:00,0.000568,0.062099,241.629934,161.657832,102.55,4.9,87,4.4,0.0,0.062667,759.8
2025-01-19 03:00:00,0.000552,0.108408,241.656562,161.690088,102.14,5.1,87,7.5,0.0,0.10896,745.8
2025-01-19 04:00:00,0.000544,0.218341,220.022852,161.6524,96.06,4.2,83,10.2,0.0,0.218885,743.4
2025-01-19 05:00:00,0.000612,0.243245,218.634794,161.622944,84.0,4.5,80,9.3,0.0,0.243857,748.7
2025-01-19 06:00:00,0.000496,0.264442,239.951026,161.614824,102.38,4.7,81,8.0,0.0,0.264938,776.7
2025-01-19 07:00:00,0.626864,0.087707,241.622024,161.609,103.35,5.0,78,6.8,0.0,0.714571,803.6
2025-01-19 08:00:00,35.369583,0.005785,239.559152,161.631176,108.18,5.5,73,9.3,3.0,35.375368,766.5
2025-01-19 09:00:00,129.394435,0.00684,153.68717,161.678272,109.15,7.7,68,11.1,81.0,129.401275,658.3
2025-01-19 10:00:00,205.448733,0.01404,71.814176,141.642536,109.09,9.2,63,5.3,263.0,205.462773,625.4
2025-01-19 11:00:00,231.363095,0.01944,70.476896,106.960056,108.99,10.2,64,5.0,417.0,231.382535,608.0
2025-01-19 12:00:00,229.029927,0.061713,70.490784,107.09888,133.53,10.5,64,7.9,481.0,229.09164,596.1
2025-01-19 13:00:00,183.729425,0.20506,70.574784,141.673504,106.71,10.7,60,8.7,466.0,183.934485,607.4
2025-01-19 14:00:00,141.41223,2.577284,74.38396,161.777224,108.94,10.7,64,10.2,502.0,143.989514,627.3
2025-01-19 15:00:00,99.751736,1.765576,124.66454,161.746984,108.99,10.5,68,10.6,449.0,101.517312,649.1
2025-01-19 16:00:00,64.419815,2.194987,217.799064,161.666568,109.04,10.3,68,11.4,311.0,66.614802,683.1
2025-01-19 17:00:00,12.655793,2.84103,241.710434,161.73892,118.06,9.7,68,11.7,170.0,15.496823,768.2
2025-01-19 18:00:00,1.936561,2.562048,270.039924,162.883392,162.11,8.3,76,9.2,33.0,4.498609,863.4
2025-01-19 19:00:00,3.100632,2.666725,281.953896,165.64072,119.11,7.7,78,10.5,0.0,5.7673570000000005,886.0
2025-01-19 20:00:00,2.290052,1.480465,282.448208,165.328408,113.44,7.3,77,10.0,0.0,3.770517,880.0
2025-01-19 21:00:00,1.284796,0.848852,279.46737,161.716632,107.74,6.8,79,11.3,0.0,2.133648,866.3
2025-01-19 22:00:00,0.281992,3.093699,280.713566,162.743616,108.38,6.8,83,9.0,0.0,3.375691,858.4
2025-01-19 23:00:00,0.009756,3.450275,267.78255,161.773584,108.4,6.5,83,10.5,0.0,3.460031,838.9
2025-01-20 00:00:00,0.000336,6.699546,226.89639,161.759472,117.61,7.1,80,11.7,0.0,6.699882,790.5
2025-01-20 01:00:00,0.000304,10.014514,218.569876,161.747208,80.3,7.4,80,12.6,0.0,10.014818,751.6
2025-01-20 02:00:00,0.000288,14.088362,218.603028,161.74648,80.3,7.9,80,13.5,0.0,14.08865,728.4
2025-01-20 03:00:00,0.000288,19.015366,218.654408,161.789488,80.3,8.3,80,13.7,0.0,19.015654,718.4
2025-01-20 04:00:00,0.00032,15.533111,218.642074,161.7826,80.3,8.6,72,15.9,0.0,15.533431,723.0
2025-01-20 05:00:00,0.000488,15.691474,218.579536,161.737912,95.31,8.5,70,15.3,0.0,15.691962,744.5
2025-01-20 06:00:00,0.000344,17.458267,239.654282,161.699552,101.84,8.5,71,14.6,0.0,17.458610999999998,783.6
2025-01-20 07:00:00,0.767211,13.823326,244.911772,161.616728,116.05,8.6,70,14.5,0.0,14.590537,843.0
2025-01-20 08:00:00,27.838668,9.96249,253.159732,161.687064,153.02,8.2,72,14.0,4.0,37.801158,866.5
2025-01-20 09:00:00,99.327192,10.84099,165.739196,161.70812,156.2,8.4,72,14.4,95.0,110.168182,801.1
2025-01-20 10:00:00,171.091532,8.013803,114.15537,161.667408,153.91,9.2,55,13.1,294.0,179.105335,755.2
2025-01-20 11:00:00,230.907845,8.956201,77.88858,157.870944,124.38,9.4,56,14.3,455.0,239.864046,712.0
2025-01-20 12:00:00,237.901941,9.641042,77.90013,121.48248,117.39,9.5,53,14.7,567.0,247.542983,684.4
2025-01-20 13:00:00,210.026928,10.563579,77.87493,155.6128,138.62,9.4,54,15.4,615.0,220.590507,696.0
2025-01-20 14:00:00,187.575234,15.553669,81.89202,135.04428,138.62,9.1,60,16.7,600.0,203.128903,707.2
2025-01-20 15:00:00,122.673282,17.556183,105.19964,153.378456,138.59,8.8,59,18.6,496.0,140.229465,745.2
2025-01-20 16:00:00,48.505499,15.366416,155.158164,161.679616,138.62,8.4,59,18.4,280.0,63.871915,802.7
2025-01-20 17:00:00,9.329567,22.477749,222.00325,161.564256,152.94,8.0,61,17.3,131.0,31.807316,889.6
2025-01-20 18:00:00,2.042647,33.811952,263.508336,161.761768,153.87,7.0,69,16.5,33.0,35.854599,935.7
2025-01-20 19:00:00,3.145936,31.425312,327.63171,161.74732,153.87,6.2,74,14.8,0.0,34.571248000000004,938.8
2025-01-20 20:00:00,2.337068,32.219167,366.459142,161.692552,153.87,5.8,75,13.3,0.0,34.556235,921.3
2025-01-20 21:00:00,1.275528,27.848956,278.298734,161.661752,153.87,6.2,68,12.6,0.0,29.124484,896.1
2025-01-20 22:00:00,0.225668,25.167448,243.908644,161.7854,117.41,6.9,66,15.9,0.0,25.393116,882.0
2025-01-20 23:00:00,0.000408,23.567022,243.833296,161.719544,116.84,6.6,70,14.2,0.0,23.56743,855.1
2025-01-21 00:00:00,0.000408,26.956876,240.296028,161.696248,107.71,6.4,72,12.4,0.0,26.957284,801.6
2025-01-21 01:00:00,0.000504,17.201574,236.052418,161.7434,102.01,6.3,72,12.1,0.0,17.202078,768.0
2025-01-21 02:00:00,0.000424,21.867731,236.01494,161.672616,102.01,6.1,75,11.7,0.0,21.868155,745.1
2025-01-21 03:00:00,0.0004,18.042234,236.093368,161.679896,101.75,5.8,79,10.7,0.0,18.042634,737.6
2025-01-21 04:00:00,0.000448,23.109697,236.00759,161.688856,101.93,5.6,78,8.6,0.0,23.110145,736.5
2025-01-21 05:00:00,0.000432,21.425622,236.089028,161.74144,102.33,5.4,77,7.3,0.0,21.426054,756.6
2025-01-21 06:00:00,0.000392,14.9734,254.792482,161.68404,113.13,4.8,81,5.8,0.0,14.973792,802.8
2025-01-21 07:00:00,1.045304,8.26225,313.49514,172.986968,129.58,3.7,82,3.5,0.0,9.307554,863.5
2025-01-21 08:00:00,35.776285,7.026482,323.657096,161.639744,145.23,4.1,81,1.5,5.0,42.802767,868.8
2025-01-21 09:00:00,124.047514,6.636146,226.724274,161.629272,166.26,6.2,76,3.3,104.0,130.68366,785.1
2025-01-21 10:00:00,207.552315,3.075044,93.872184,161.740824,152.35,7.5,70,4.8,288.0,210.627359,733.3
2025-01-21 11:00:00,259.412781,2.259909,62.3742,141.437744,146.53,8.0,67,7.5,452.0,261.67269,691.6
2025-01-21 12:00:00,277.514565,4.094327,57.48225,107.509528,136.7,8.4,64,6.9,563.0,281.608892,656.1
2025-01-21 13:00:00,270.810639,6.113876,57.38775,107.624048,137.42,8.6,63,7.7,614.0,276.924515,663.0
2025-01-21 14:00:00,238.56988,6.123729,62.60856,107.792048,137.42,8.8,60,8.0,598.0,244.693609,672.1
2025-01-21 15:00:00,178.537848,6.383881,116.69126,112.70308,137.72,8.7,61,8.6,518.0,184.921729,692.8
2025-01-21 16:00:00,87.012623,9.623724,231.746354,142.304008,138.58,8.3,66,8.6,381.0,96.636347,749.5
2025-01-21 17:00:00,13.973583,6.838773,358.684494,161.739368,138.62,7.6,72,6.5,205.0,20.812356,843.0
2025-01-21 18:00:00,2.096983,4.415133,376.513578,161.75292,148.79,5.1,86,2.7,42.0,6.512116,920.0
2025-01-21 19:00:00,3.316832,3.708968,380.09496,161.705992,149.26,4.7,85,1.2,0.0,7.0258,932.0
2025-01-21 20:00:00,2.979208,5.495861,380.340156,161.615328,148.79,4.4,79,1.1,0.0,8.475069,921.5
2025-01-21 21:00:00,2.033524,1.118107,380.34437,161.530712,148.79,4.3,70,1.1,0.0,3.151631,898.2
2025-01-21 22:00:00,0.468464,0.94999,380.498496,161.68544,148.79,4.9,59,1.1,0.0,1.418454,886.3
2025-01-21 23:00:00,0.016548,0.840612,380.357628,161.812728,148.79,5.1,51,0.2,0.0,0.85716,867.6
2025-01-22 00:00:00,0.000336,0.429269,323.86368,161.77588,110.11,5.4,52,0.6,0.0,0.429605,818.6
2025-01-22 01:00:00,0.000756,0.506833,255.88682,161.701904,102.03,5.0,62,1.5,0.0,0.507589,780.7
2025-01-22 02:00:00,0.000372,0.712213,237.137628,161.681744,101.71,4.8,72,1.3,0.0,0.712585,756.8
2025-01-22 03:00:00,0.000568,1.705623,236.989018,161.613032,101.84,4.8,73,0.8,0.0,1.7061909999999998,746.4
2025-01-22 04:00:00,0.000512,6.937216,241.292604,161.62076,102.03,4.7,74,0.6,0.0,6.937728,746.1
2025-01-22 05:00:00,0.000344,7.209812,241.565394,161.661528,106.56,5.1,69,0.4,0.0,7.210156,762.8
2025-01-22 06:00:00,0.00032,3.787342,250.677084,161.775992,107.39,5.0,61,1.0,0.0,3.787662,806.3
2025-01-22 07:00:00,1.354637,4.589373,282.817528,187.083008,151.13,4.6,60,3.0,0.0,5.9440100000000005,861.4
2025-01-22 08:00:00,26.465653,5.140511,282.06339,178.469368,154.15,4.6,60,3.5,4.0,31.606164,876.2
2025-01-22 09:00:00,94.136127,6.671292,227.423756,161.815192,156.44,6.8,62,2.5,94.0,100.807419,799.3
2025-01-22 10:00:00,110.599381,4.070168,189.929194,161.705712,153.95,10.0,45,3.9,232.0,114.669549,790.2
2025-01-22 11:00:00,129.249118,3.35738,95.7432,161.924448,154.15,10.6,45,5.4,301.0,132.60649800000002,752.8
2025-01-22 12:00:00,146.880036,0.336848,77.89635,161.67788,150.89,11.1,48,6.2,387.0,147.216884,729.5
2025-01-22 13:00:00,171.108936,0.011788,95.83014,161.70476,150.89,10.8,52,7.0,383.0,171.120724,703.8
2025-01-22 14:00:00,178.628554,0.02502,103.46154,161.635264,150.85,10.6,53,7.3,376.0,178.65357400000002,700.1
2025-01-22 15:00:00,108.876302,1.15928,169.492022,161.632184,154.15,9.9,56,6.8,260.0,110.035582,729.1
2025-01-22 16:00:00,49.460493,4.719196,277.44773,161.667408,153.43,9.4,59,6.4,221.0,54.179689,768.6
2025-01-22 17:00:00,9.856742,7.936736,361.814614,161.695688,137.09,8.0,70,3.8,147.0,17.793478,837.0
2025-01-22 18:00:00,1.908098,5.724884,375.309452,161.698376,153.43,5.8,72,2.7,25.0,7.632982,889.0
2025-01-22 19:00:00,2.460032,5.115232,378.851144,161.5866,153.81,5.5,70,3.3,0.0,7.575264,899.9
2025-01-22 20:00:00,1.287804,6.696812,379.795906,161.75712,153.81,5.7,69,2.1,0.0,7.984616000000001,890.0
2025-01-22 21:00:00,0.480548,3.161172,337.938328,161.769328,151.25,5.4,70,2.1,0.0,3.64172,866.1
2025-01-22 22:00:00,0.00718,1.340448,322.208502,161.714336,149.8,6.3,76,1.8,0.0,1.347628,851.6
2025-01-22 23:00:00,0.000444,1.852016,321.071016,161.66192,114.68,6.5,77,2.1,0.0,1.85246,834.7
2025-01-23 00:00:00,0.000336,1.357972,273.258188,161.623952,108.39,6.5,79,1.5,0.0,1.3583079999999998,776.6
2025-01-23 01:00:00,0.000312,1.451112,251.327482,161.638736,101.62,6.7,78,1.3,0.0,1.451424,744.5
2025-01-23 02:00:00,0.000444,1.653864,251.27844,161.580328,101.62,6.6,79,2.2,0.0,1.654308,723.7
2025-01-23 03:00:00,0.000344,3.80156,227.53024,161.594888,83.71,6.0,82,1.1,0.0,3.801904,718.7
2025-01-23 04:00:00,0.000344,17.579641,250.25707,161.577696,101.44,6.0,80,1.4,0.0,17.579984999999997,721.1
2025-01-23 05:00:00,0.000352,11.0193,251.323856,161.63336,101.86,6.0,83,2.5,0.0,11.019652,740.0
2025-01-23 06:00:00,0.000352,6.470416,250.673178,161.64652,106.57,5.6,87,1.7,0.0,6.4707680000000005,780.5
2025-01-23 07:00:00,0.692289,4.660956,283.521434,161.54964,151.97,5.2,88,1.4,0.0,5.353244999999999,836.1
2025-01-23 08:00:00,32.295901,2.344328,297.88416,161.617848,152.65,5.2,87,2.1,5.0,34.640229,850.1
2025-01-23 09:00:00,121.048898,7.844864,173.242272,161.615776,154.99,7.4,83,4.2,98.0,128.89376199999998,761.7
2025-01-23 10:00:00,198.199219,9.8525,75.202568,161.706944,143.52,10.0,82,4.1,285.0,208.051719,709.9
2025-01-23 11:00:00,228.990517,6.473925,75.068,161.784392,143.25,10.8,79,7.2,451.0,235.464442,678.3
2025-01-23 12:00:00,226.370659,5.823899,71.004192,161.78904,136.55,11.1,76,8.6,563.0,232.194558,653.3
2025-01-23 13:00:00,218.452526,4.139056,74.787552,161.729008,123.04,11.3,71,8.2,597.0,222.591582,656.1
2025-01-23 14:00:00,178.377746,11.719135,78.601348,161.74312,138.59,11.3,62,8.6,583.0,190.096881,673.3
2025-01-23 15:00:00,137.925248,7.672744,126.591262,161.724808,136.77,10.9,59,7.9,497.0,145.597992,693.8
2025-01-23 16:00:00,69.994818,5.166916,180.862178,173.14696,138.88,10.6,54,6.2,375.0,75.161734,742.3
2025-01-23 17:00:00,13.499844,6.603874,258.025712,187.004888,136.77,9.9,53,5.7,208.0,20.103718,817.6
2025-01-23 18:00:00,1.876648,3.85838,336.716212,187.701808,159.04,7.3,70,3.2,40.0,5.735028,883.4
2025-01-23 19:00:00,3.034824,2.146836,370.44749,187.741512,159.11,6.7,64,3.6,0.0,5.18166,895.1
2025-01-23 20:00:00,2.853092,1.40626,378.77007,187.731656,159.11,6.7,52,2.3,0.0,4.259352,880.3
2025-01-23 21:00:00,1.796724,0.552564,324.44916,187.66132,118.47,6.3,43,2.6,0.0,2.349288,859.3
2025-01-23 22:00:00,0.125168,0.271368,321.63453,187.772872,118.47,7.8,46,0.6,0.0,0.396536,849.4
2025-01-23 23:00:00,0.000352,0.801874,321.71146,187.732216,114.83,8.0,45,1.3,0.0,0.802226,824.7
2025-01-24 00:00:00,0.000272,3.977556,321.689718,187.735744,118.47,8.1,53,2.2,0.0,3.977828,767.0
2025-01-24 01:00:00,0.00024,5.68967,321.731746,165.933096,107.85,8.1,66,1.4,0.0,5.689909999999999,723.1
2025-01-24 02:00:00,0.00032,10.394176,302.980972,161.677712,102.41,7.5,73,2.0,0.0,10.394496,700.3
2025-01-24 03:00:00,0.000296,19.92638,289.458666,161.706944,101.78,7.0,75,2.7,0.0,19.926676,690.2
2025-01-24 04:00:00,0.00028,25.212779,237.506164,161.730576,101.95,6.2,78,5.0,0.0,25.213059,701.8
2025-01-24 05:00:00,0.00028,24.105651,241.014648,161.736344,102.31,6.6,78,5.8,0.0,24.105931,728.4
2025-01-24 06:00:00,0.000248,24.477822,243.628084,161.797048,108.61,6.1,78,5.6,0.0,24.47807,773.0
2025-01-24 07:00:00,0.897476,23.364753,259.209902,161.709184,154.1,6.6,76,6.7,0.0,24.262229,821.5
2025-01-24 08:00:00,29.427746,30.980113,259.627396,161.679448,153.83,7.8,72,9.0,6.0,60.407859,843.5
2025-01-24 09:00:00,85.45594,38.602718,204.513414,161.684376,157.94,9.7,69,12.6,113.0,124.058658,782.9
2025-01-24 10:00:00,140.086541,42.197509,117.805604,161.649824,154.7,11.1,64,14.7,207.0,182.28405,743.0
2025-01-24 11:00:00,182.615194,40.512844,79.98585,161.459368,153.25,12.0,62,14.9,318.0,223.128038,709.8
2025-01-24 12:00:00,186.551846,39.395634,77.91672,150.844344,137.04,12.7,63,15.4,514.0,225.94748,683.3
2025-01-24 13:00:00,187.327999,48.861292,77.88396,154.681856,137.04,12.8,64,15.8,590.0,236.189291,685.8
2025-01-24 14:00:00,150.979135,57.437627,82.99578,136.191384,138.58,12.5,67,17.0,584.0,208.416762,697.6
2025-01-24 15:00:00,87.598689,48.197421,107.818732,161.840056,137.04,11.8,72,17.6,522.0,135.79611,719.5
2025-01-24 16:00:00,42.62626,42.248523,161.82425,161.723688,138.87,11.2,74,16.7,351.0,84.87478300000001,749.5
2025-01-24 17:00:00,14.609717,42.814591,249.537302,161.81368,136.74,10.3,77,14.8,154.0,57.424308,793.3
2025-01-24 18:00:00,2.124467,43.852515,324.879786,161.77784,139.43,9.4,84,12.8,31.0,45.976982,850.8
2025-01-24 19:00:00,3.233348,26.05632,369.365192,161.78064,157.22,9.3,82,11.8,0.0,29.289668,867.2
2025-01-24 20:00:00,2.38376,22.719613,324.671788,161.73332,118.77,9.1,78,11.7,0.0,25.103373,856.7
2025-01-24 21:00:00,0.734244,33.210686,321.728344,161.720104,108.61,8.8,73,12.3,0.0,33.94493,837.0
2025-01-24 22:00:00,0.141004,42.656467,321.947598,161.667912,118.47,9.4,65,12.1,0.0,42.797471,827.2
2025-01-24 23:00:00,0.000288,43.158302,368.745594,161.61012,150.36,9.5,60,12.8,0.0,43.15859,807.5
2025-01-25 00:00:00,0.000256,43.368184,278.083218,161.622552,128.85,9.4,61,13.6,0.0,43.36844,762.1
2025-01-25 01:00:00,0.00024,19.027664,232.088066,161.6608,100.77,9.1,66,13.8,0.0,19.027904000000003,724.5
2025-01-25 02:00:00,0.000336,17.460363,239.635746,161.690088,151.98,9.1,67,14.2,0.0,17.460699,699.9
2025-01-25 03:00:00,0.000352,19.161663,232.112944,161.70812,150.31,9.2,67,14.4,0.0,19.162015,678.5
2025-01-25 04:00:00,0.000336,28.235607,227.321626,161.680736,151.72,9.1,67,15.7,0.0,28.235943,679.2
2025-01-25 05:00:00,0.000352,42.896966,231.360906,161.751408,146.89,8.9,69,15.4,0.0,42.897318,693.8
2025-01-25 06:00:00,0.00036,67.125019,243.632872,161.745864,150.7,8.6,72,17.2,0.0,67.125379,729.7
2025-01-25 07:00:00,1.101217,67.148787,243.835214,161.696808,151.98,8.3,75,19.2,0.0,68.250004,765.5
2025-01-25 08:00:00,35.684337,59.473608,215.395264,161.624904,118.79,8.2,74,19.2,5.0,95.157945,745.0
2025-01-25 09:00:00,130.602124,72.749973,96.611116,135.156168,146.59,8.9,67,22.2,103.0,203.352097,654.9
2025-01-25 10:00:00,210.257087,83.39748,57.09732,108.705128,151.98,9.6,51,22.4,293.0,293.65456700000004,624.3
2025-01-25 11:00:00,240.150528,87.324514,57.0717,108.626672,147.02,10.1,49,23.4,471.0,327.47504200000003,615.6
2025-01-25 12:00:00,194.271129,84.674329,57.0675,108.60752,128.48,10.0,57,25.1,572.0,278.94545800000003,625.7
2025-01-25 13:00:00,128.747245,91.304194,59.72568,108.589656,116.6,10.1,63,25.3,514.0,220.051439,671.0
2025-01-25 14:00:00,103.939272,95.437087,78.18972,113.80908,116.05,9.3,75,25.3,288.0,199.376359,689.3
2025-01-25 15:00:00,88.996011,95.082106,85.251124,150.497312,115.78,9.2,80,27.5,309.0,184.078117,698.3
2025-01-25 16:00:00,48.043175,96.76046,146.046782,150.334968,120.95,9.4,76,28.1,260.0,144.803635,747.2
2025-01-25 17:00:00,10.27392,95.561769,213.716678,158.543056,138.61,9.1,76,26.3,103.0,105.835689,807.6
2025-01-25 18:00:00,2.083981,95.761636,242.167674,161.685216,138.62,8.8,76,27.7,25.0,97.845617,852.8
2025-01-25 19:00:00,3.275744,95.294893,252.241052,161.555632,158.4,8.6,76,27.6,0.0,98.570637,854.8
2025-01-25 20:00:00,2.9335,93.631988,243.966618,161.721616,117.84,8.4,77,26.7,0.0,96.565488,846.1
2025-01-25 21:00:00,2.004344,86.782037,243.805492,161.735336,117.49,8.3,76,26.8,0.0,88.786381,829.9
2025-01-25 22:00:00,0.537572,70.1662,243.773488,161.750736,116.97,8.5,61,23.5,0.0,70.703772,808.6
2025-01-25 23:00:00,0.015568,57.448335,243.804428,161.725088,116.47,8.2,64,24.2,0.0,57.463903,803.9
2025-01-26 00:00:00,0.00044,74.530143,209.616344,161.730688,118.27,7.8,68,24.1,0.0,74.530583,760.1
2025-01-26 01:00:00,0.000536,74.804645,140.342986,161.653744,86.29,7.8,69,22.8,0.0,74.80518099999999,721.3
2025-01-26 02:00:00,0.000288,67.101815,78.712662,161.629048,124.03,7.8,69,22.7,0.0,67.102103,701.8
2025-01-26 03:00:00,0.000288,68.934913,78.21681,161.637784,123.61,7.7,70,21.1,0.0,68.93520099999999,687.9
2025-01-26 04:00:00,0.000344,57.288119,78.17376,161.67368,127.25,7.5,71,20.3,0.0,57.288463,692.9
2025-01-26 05:00:00,0.000264,55.262604,81.63519,161.675752,126.49,7.5,70,19.3,0.0,55.262868000000005,711.5
2025-01-26 06:00:00,0.000392,56.534645,112.96047,166.185376,127.89,7.4,69,19.3,0.0,56.535037,737.6
2025-01-26 07:00:00,0.997689,48.047451,119.77518,183.460928,128.8,7.4,71,19.4,0.0,49.04514,752.4
2025-01-26 08:00:00,18.553008,43.09774,114.75723,169.3356,124.97,7.3,75,17.9,3.0,61.650748,745.5
2025-01-26 09:00:00,45.745569,30.884541,99.61644,161.95284,117.72,8.1,67,17.2,51.0,76.63011,717.7
2025-01-26 10:00:00,71.353345,28.605526,116.40279,164.411128,147.05,8.2,59,17.6,64.0,99.958871,707.1
2025-01-26 11:00:00,74.005256,47.346002,99.63177,161.685496,139.37,8.6,61,17.0,115.0,121.351258,707.6
2025-01-26 12:00:00,82.866776,44.645018,99.1452,161.677768,118.64,8.6,64,14.3,109.0,127.511794,687.0
2025-01-26 13:00:00,88.14268,74.820892,99.14415,161.63364,120.92,7.8,75,14.2,78.0,162.963572,672.5
2025-01-26 14:00:00,58.413649,58.667269,99.12651,161.602392,120.95,7.1,83,18.1,108.0,117.080918,701.4
2025-01-26 15:00:00,34.583678,63.02266,114.93573,161.623504,117.62,6.9,87,14.2,82.0,97.606338,722.9
2025-01-26 16:00:00,25.469712,53.217491,185.28664,161.631456,117.62,6.9,89,14.5,57.0,78.68720300000001,753.4
2025-01-26 17:00:00,6.055494,34.468581,233.975322,161.819,117.45,7.0,89,12.6,30.0,40.524075,813.1
2025-01-26 18:00:00,1.770138,35.308367,242.054792,161.726992,117.73,6.8,90,11.9,6.0,37.078505,853.5
2025-01-26 19:00:00,1.156524,32.61761,254.2358,161.625464,117.72,6.8,90,10.8,0.0,33.774134,856.9
2025-01-26 20:00:00,0.257524,27.429695,249.640048,161.69748,116.4,6.8,90,7.1,0.0,27.687219,835.4
2025-01-26 21:00:00,0.003964,14.748973,244.131076,161.663488,116.3,6.7,89,5.1,0.0,14.752937,813.0
2025-01-26 22:00:00,0.000376,0.730176,245.943516,161.804216,117.07,7.1,93,9.0,0.0,0.7305520000000001,799.5
2025-01-26 23:00:00,0.000376,19.222086,224.688884,161.724136,115.88,6.7,93,5.6,0.0,19.222462,779.7
2025-01-27 00:00:00,0.0004,12.336399,219.034116,161.711872,96.72,6.6,92,4.3,0.0,12.336799,738.6
2025-01-27 01:00:00,0.000384,3.339644,221.275796,161.7602,85.16,6.3,91,6.8,0.0,3.340028,701.9
2025-01-27 02:00:00,0.000392,21.349311,218.971956,161.616336,80.92,6.2,93,13.5,0.0,21.349703,674.8
2025-01-27 03:00:00,0.000416,61.062941,202.80365,161.677376,80.92,6.3,95,19.0,0.0,61.063357,668.2
2025-01-27 04:00:00,0.000416,57.042005,147.58275,161.679224,80.92,6.2,91,19.0,0.0,57.042421,677.9
2025-01-27 05:00:00,0.0004,38.445515,148.57052,161.63308,100.11,5.8,91,21.0,0.0,38.445915,695.4
2025-01-27 06:00:00,0.000384,68.69555,172.434346,161.626416,104.21,5.8,91,20.5,0.0,68.695934,721.8
2025-01-27 07:00:00,0.056741,88.883286,166.28423,161.59472,108.26,5.2,89,21.0,0.0,88.940027,745.5
2025-01-27 08:00:00,5.860644,91.493235,99.730008,161.694904,118.3,4.6,92,24.9,2.0,97.353879,789.0
2025-01-27 09:00:00,38.17302,90.680574,89.75316,160.324248,0.0,4.2,95,24.8,25.0,128.853594,782.1
2025-01-27 10:00:00,46.371053,90.755853,78.20421,153.647368,142.98,4.3,78,28.3,42.0,137.12690600000002,782.9
2025-01-27 11:00:00,70.62138,90.752726,78.18531,161.605304,0.0,4.2,75,30.2,128.0,161.37410599999998,762.2
2025-01-27 12:00:00,111.299653,78.752247,60.12909,112.516544,0.0,4.4,67,32.1,259.0,190.0519,727.8
2025-01-27 13:00:00,126.921968,33.049529,56.99967,107.918776,0.0,4.5,62,33.4,339.0,159.971497,710.9
2025-01-27 14:00:00,78.546278,81.54041,65.69892,120.07772,133.68,4.4,62,35.9,426.0,160.08668799999998,726.1
2025-01-27 15:00:00,52.592357,87.914677,98.846972,145.072592,0.0,4.0,63,33.6,392.0,140.507034,749.0
2025-01-27 16:00:00,26.106434,83.609153,138.812128,161.528808,0.0,3.3,66,33.2,261.0,109.715587,808.7
2025-01-27 17:00:00,5.609576,82.367011,170.906848,161.772184,133.24,2.9,65,30.5,155.0,87.97658700000001,879.9
2025-01-27 18:00:00,1.656133,90.111241,205.34619,161.743568,139.35,2.6,65,29.8,35.0,91.767374,932.5
2025-01-27 19:00:00,1.412448,88.840224,244.999776,161.719432,132.52,2.8,68,32.0,0.0,90.252672,938.3
2025-01-27 20:00:00,0.256788,86.727841,257.030648,161.789152,118.3,2.8,65,30.9,0.0,86.984629,914.0
2025-01-27 21:00:00,0.000416,86.604716,256.896304,161.635376,121.62,2.7,67,31.5,0.0,86.605132,888.0
2025-01-27 22:00:00,0.000448,89.513062,244.136998,161.721448,114.25,2.6,69,35.0,0.0,89.51351000000001,878.0
2025-01-27 23:00:00,0.00044,80.554884,240.437848,161.701512,104.6,2.4,66,35.1,0.0,80.555324,857.1
2025-01-28 00:00:00,0.000432,87.38517,171.176418,161.6776,96.06,2.5,67,34.0,0.0,87.385602,817.0
2025-01-28 01:00:00,0.000352,87.529229,148.540784,161.691152,82.26,1.8,77,32.4,0.0,87.52958100000001,779.9
2025-01-28 02:00:00,0.000224,89.549192,148.548904,161.6706,80.92,1.9,77,30.5,0.0,89.54941600000001,752.8
2025-01-28 03:00:00,0.000216,91.419248,148.53804,161.686896,80.92,2.1,79,32.1,0.0,91.419464,741.5
2025-01-28 04:00:00,0.000136,89.353511,148.556436,161.668248,80.92,1.6,80,29.5,0.0,89.353647,741.5
2025-01-28 05:00:00,0.000128,89.687172,148.535422,161.6846,81.77,2.1,77,33.1,0.0,89.68730000000001,754.4
2025-01-28 06:00:00,0.000208,90.64267,148.54567,161.689528,83.35,2.2,79,32.6,0.0,90.642878,774.9
2025-01-28 07:00:00,0.010283,89.870114,148.53916,161.598696,83.35,1.8,74,32.8,0.0,89.880397,798.7
2025-01-28 08:00:00,1.341613,88.908987,148.570226,161.737016,80.33,1.5,79,29.7,6.0,90.2506,827.5
2025-01-28 09:00:00,10.877639,90.133626,147.96999,161.70196,79.87,2.2,75,31.0,98.0,101.011265,814.7
2025-01-28 10:00:00,33.290738,90.083085,87.895962,161.640528,78.51,2.1,74,33.5,247.0,123.373823,793.0
2025-01-28 11:00:00,54.427882,86.109788,78.20904,161.604632,78.51,2.6,72,34.3,402.0,140.53767,761.8
2025-01-28 12:00:00,69.460723,88.628221,78.21954,161.641592,78.51,2.7,65,32.9,450.0,158.088944,746.2
2025-01-28 13:00:00,102.75007,86.807622,73.44876,141.399496,78.51,2.7,67,37.3,401.0,189.557692,714.5
2025-01-28 14:00:00,63.666552,87.927024,78.23046,156.320192,78.51,2.9,60,34.4,459.0,151.593576,748.8
2025-01-28 15:00:00,43.59918,83.623328,81.718924,161.761768,79.87,3.0,67,37.0,375.0,127.222508,769.1
2025-01-28 16:00:00,18.341171,86.20126,128.65433,161.692608,80.33,2.8,70,36.9,281.0,104.542431,810.3
2025-01-28 17:00:00,3.36878,84.50936,149.685256,161.634536,80.33,2.8,71,36.2,142.0,87.87814,878.6
2025-01-28 18:00:00,1.068515,85.528132,150.80954,161.654752,88.53,2.8,74,36.7,33.0,86.596647,924.7
2025-01-28 19:00:00,1.11432,87.174076,148.495438,161.730016,88.53,2.5,71,33.9,0.0,88.288396,922.2
2025-01-28 20:00:00,0.536028,86.43188,148.470798,161.674296,88.53,2.6,70,34.8,0.0,86.96790800000001,908.2
2025-01-28 21:00:00,0.000304,87.239092,148.481522,161.730576,88.53,2.4,75,35.6,0.0,87.239396,884.9
2025-01-28 22:00:00,0.000488,86.824576,148.521688,161.690088,88.53,2.2,71,32.8,0.0,86.825064,867.5
2025-01-28 23:00:00,0.000568,85.335276,148.501416,161.766976,88.53,1.9,71,32.5,0.0,85.335844,850.5
2025-01-29 00:00:00,0.000536,81.726504,148.38803,161.658392,95.74,2.2,71,32.9,0.0,81.72704,804.5
2025-01-29 01:00:00,0.000408,86.700728,148.264704,161.662984,77.88,2.1,79,31.9,0.0,86.70113599999999,767.7
2025-01-29 02:00:00,0.000152,86.85976,148.275554,161.722512,77.07,2.3,78,32.0,0.0,86.859912,738.3
2025-01-29 03:00:00,0.000112,85.181304,148.290828,161.752864,77.07,2.1,81,31.4,0.0,85.181416,721.1
2025-01-29 04:00:00,0.00012,86.574232,148.25069,161.708456,77.07,2.1,79,30.7,0.0,86.57435199999999,721.6
2025-01-29 05:00:00,0.000112,83.461256,148.303848,152.29648,77.07,1.6,79,29.2,0.0,83.46136800000001,737.9
2025-01-29 06:00:00,0.000128,84.016876,148.360254,159.634832,80.07,1.9,81,29.5,0.0,84.017004,771.1
2025-01-29 07:00:00,0.077993,77.181976,148.315706,161.683984,80.07,2.0,81,27.9,0.0,77.25996900000001,805.3
2025-01-29 08:00:00,7.112756,77.900024,148.346996,161.788088,77.49,1.8,81,26.7,5.0,85.01278,780.0
2025-01-29 09:00:00,29.206414,74.966409,105.114814,161.79436,76.68,2.0,79,28.3,77.0,104.172823,688.5
2025-01-29 10:00:00,72.143966,73.338301,67.46355,131.350632,70.92,2.2,73,28.4,216.0,145.482267,636.2
2025-01-29 11:00:00,111.432155,74.110621,57.4665,108.940272,70.92,2.5,68,30.1,337.0,185.542776,606.7
2025-01-29 12:00:00,127.510999,76.085242,57.43143,108.856216,0.0,2.6,68,30.8,360.0,203.596241,607.0
2025-01-29 13:00:00,130.638979,79.690112,57.47406,108.834152,0.0,2.8,68,30.4,311.0,210.329091,599.1
2025-01-29 14:00:00,106.175353,81.837247,57.55932,108.777928,70.92,3.0,68,30.4,324.0,188.0126,613.9
2025-01-29 15:00:00,101.577147,81.296381,64.233358,108.760064,70.92,3.0,69,30.1,258.0,182.873528,621.8
2025-01-29 16:00:00,54.00725,78.59078,114.50761,108.745952,76.68,3.1,69,28.4,204.0,132.59803,674.2
2025-01-29 17:00:00,11.71152,71.066203,156.36439,143.094056,96.71,2.9,70,24.9,119.0,82.77772300000001,761.6
2025-01-29 18:00:00,1.72731,68.436198,194.654586,161.811832,97.63,2.8,70,23.8,30.0,70.16350800000001,841.9
2025-01-29 19:00:00,1.67302,55.294721,225.940932,161.65968,97.63,2.6,70,22.1,0.0,56.967741,861.5
2025-01-29 20:00:00,0.359712,41.249429,230.80022,161.739592,97.63,2.6,70,19.1,0.0,41.609141,864.3
2025-01-29 21:00:00,0.000408,30.756988,235.508462,161.7182,97.63,2.5,70,16.0,0.0,30.757396,864.1
2025-01-29 22:00:00,0.000392,23.347769,263.47643,161.72772,97.63,2.6,71,15.6,0.0,23.348161,867.9
2025-01-29 23:00:00,0.000344,12.62542,305.0838,161.685944,97.63,2.5,74,12.1,0.0,12.625764,863.4
2025-01-30 00:00:00,0.000408,4.975138,297.223178,161.606704,97.63,2.2,75,9.3,0.0,4.9755460000000005,839.1
2025-01-30 01:00:00,0.00036,1.064066,279.667136,161.570304,85.81,1.6,79,6.6,0.0,1.064426,807.4
2025-01-30 02:00:00,0.000152,0.770253,256.738076,161.600096,81.14,1.0,79,4.3,0.0,0.770405,785.4
2025-01-30 03:00:00,0.000152,0.162199,253.13085,161.615888,79.87,0.2,76,2.5,0.0,0.162351,777.8
2025-01-30 04:00:00,0.000144,0.152061,250.123426,161.613312,79.87,-0.5,79,3.1,0.0,0.152205,778.5
2025-01-30 05:00:00,0.000144,0.324126,239.447068,161.575792,97.63,-0.9,80,4.0,0.0,0.32427,785.9
2025-01-30 06:00:00,0.00016,0.261395,266.464576,161.58716,97.63,-0.7,80,5.3,0.0,0.261555,805.8
2025-01-30 07:00:00,1.121765,0.116943,292.93068,161.612136,128.16,-0.6,75,5.8,0.0,1.238708,823.4
2025-01-30 08:00:00,40.831813,0.850876,232.796914,161.611688,97.63,-0.6,71,5.6,7.0,41.682689,756.7
2025-01-30 09:00:00,130.08943,1.439229,128.974776,161.77532,107.7,1.3,75,4.5,113.0,131.528659,635.5
2025-01-30 10:00:00,188.401869,0.014461,83.30574,143.913,109.31,5.0,25,3.1,312.0,188.41633,603.0
2025-01-30 11:00:00,220.700245,0.01692,57.66516,108.646832,109.28,6.1,21,0.2,487.0,220.717165,587.1
2025-01-30 12:00:00,224.939983,0.0189,56.28084,108.382344,109.39,6.6,25,2.3,610.0,224.958883,569.7
2025-01-30 13:00:00,240.601581,0.01764,56.47341,108.362744,103.7,7.1,29,4.5,661.0,240.619221,556.5
2025-01-30 14:00:00,191.997782,0.048799,65.98977,128.131528,98.47,7.1,37,5.4,644.0,192.046581,582.6
2025-01-30 15:00:00,149.883711,0.01224,89.55597,161.640864,76.68,6.8,44,4.8,562.0,149.895951,602.8
2025-01-30 16:00:00,91.562663,0.011285,136.79085,161.707056,98.42,6.4,48,4.7,418.0,91.573948,656.9
2025-01-30 17:00:00,20.95858,0.0,247.705738,161.757344,104.3,5.7,52,6.0,235.0,20.95858,752.1
2025-01-30 18:00:00,2.265493,0.0,309.540518,163.07648,104.62,3.4,63,7.7,59.0,2.265493,868.3
2025-01-30 19:00:00,3.318172,0.013139,345.800266,162.007272,104.62,2.2,65,8.2,0.0,3.331311,902.7
2025-01-30 20:00:00,3.24656,0.203242,352.291632,161.731864,104.62,1.7,57,6.9,0.0,3.449802,902.7
2025-01-30 21:00:00,2.345856,1.27356,331.060814,161.615328,122.58,1.9,52,5.2,0.0,3.619416,886.8
2025-01-30 22:00:00,0.492712,4.302603,319.038902,161.693504,120.96,1.6,66,3.8,0.0,4.795315,877.6
2025-01-30 23:00:00,0.015692,3.080495,321.84698,161.662368,104.46,1.8,63,3.6,0.0,3.096187,859.4
2025-01-31 00:00:00,0.000256,5.889278,321.897142,161.652848,123.88,2.3,63,2.9,0.0,5.889534,811.9
2025-01-31 01:00:00,0.0005,6.679666,297.981054,161.58996,81.96,2.6,63,2.4,0.0,6.680166,758.2
2025-01-31 02:00:00,0.000336,5.014422,246.79543,161.600768,81.79,2.5,66,3.4,0.0,5.014758,710.4
2025-01-31 03:00:00,0.000264,6.611109,226.372286,161.623728,81.06,2.5,69,2.5,0.0,6.611373,694.4
2025-01-31 04:00:00,0.000248,6.579964,226.5508,161.6328,81.13,2.6,71,2.8,0.0,6.580212,692.8
2025-01-31 05:00:00,0.000256,13.164513,226.423162,161.64456,81.96,3.0,72,2.9,0.0,13.164769,711.8
2025-01-31 06:00:00,0.00034,14.850115,255.042354,161.666512,150.11,3.4,71,3.4,0.0,14.850455,738.2
2025-01-31 07:00:00,0.773638,5.972041,280.809592,161.74452,128.17,3.9,70,3.3,0.0,6.745679,781.3
2025-01-31 08:00:00,12.245781,8.33159,303.697072,161.668808,151.51,4.8,70,3.8,7.0,20.577371,831.4
2025-01-31 09:00:00,21.443471,13.211266,325.429356,161.593936,164.38,7.6,65,3.1,91.0,34.654737,878.0
2025-01-31 10:00:00,68.791756,18.27693,234.201548,161.7896,151.89,9.4,63,5.3,164.0,87.06868600000001,813.0
2025-01-31 11:00:00,147.077838,33.036548,102.670708,150.065664,150.48,10.6,61,7.4,258.0,180.11438600000002,738.6
2025-01-31 12:00:00,118.610277,39.390356,77.91168,161.535584,136.63,10.6,63,9.2,262.0,158.000633,727.6
2025-01-31 13:00:00,105.049128,49.1831,77.91189,161.593656,138.88,11.2,60,8.2,372.0,154.232228,736.6
2025-01-31 14:00:00,58.308497,53.841132,86.802716,161.7084,136.63,11.5,58,5.6,341.0,112.149629,766.0
2025-01-31 15:00:00,30.280983,17.333387,131.020232,169.959272,136.63,10.6,64,6.8,158.0,47.61437,793.4
2025-01-31 16:00:00,13.275761,11.882735,223.941592,174.936664,136.36,10.6,65,7.8,188.0,25.158496,827.5
2025-01-31 17:00:00,4.004844,3.518296,312.613952,161.86912,133.09,8.7,73,9.0,38.0,7.52314,855.3
2025-01-31 18:00:00,1.994874,6.388503,361.490878,161.766416,158.57,8.0,76,10.1,13.0,8.383377,872.2
2025-01-31 19:00:00,1.526648,16.579489,340.531758,161.748664,158.57,6.7,86,7.5,0.0,18.106137,866.4
2025-01-31 20:00:00,0.855648,11.090506,278.084226,161.67256,158.57,7.1,83,9.8,0.0,11.946154,845.2
2025-01-31 21:00:00,0.61664,3.810901,243.882506,161.693224,114.6,6.1,89,7.0,0.0,4.427541,812.1
2025-01-31 22:00:00,0.008056,5.459413,243.589864,161.76244,116.3,7.9,91,5.4,0.0,5.467469,796.9
2025-01-31 23:00:00,0.000376,6.074658,217.789068,161.817264,121.17,8.0,91,8.0,0.0,6.0750340000000005,774.3
2025-02-01 00:00:00,0.000392,4.68953,171.499286,161.80192,117.53,8.2,91,11.5,0.0,4.689922,727.6
2025-02-01 01:00:00,0.0004,4.505411,170.21599,161.733264,98.71,8.6,92,13.8,0.0,4.505811,690.9
2025-02-01 02:00:00,0.000376,3.128585,149.60386,161.751744,119.56,8.8,92,14.3,0.0,3.1289610000000003,665.7
2025-02-01 03:00:00,0.000384,6.066104,148.251964,161.71232,82.77,8.9,92,13.0,0.0,6.0664880000000005,650.4
2025-02-01 04:00:00,0.000352,17.5559,148.178982,161.696416,82.77,8.9,93,14.8,0.0,17.556252,643.9
2025-02-01 05:00:00,0.000368,59.326663,148.233386,161.602896,82.77,9.3,93,17.5,0.0,59.327031000000005,657.2
2025-02-01 06:00:00,0.00252,84.296652,148.212008,161.597184,84.47,9.9,95,21.5,0.0,84.299172,685.5
2025-02-01 07:00:00,0.00713,90.597515,138.318726,161.56336,119.15,10.1,96,24.4,0.0,90.604645,702.3
2025-02-01 08:00:00,0.527974,91.421942,98.46291,161.72772,119.06,10.1,96,26.4,0.0,91.949916,753.7
2025-02-01 09:00:00,3.495172,29.471316,99.8676,161.682864,105.95,9.8,95,31.1,8.0,32.966488,816.8
2025-02-01 10:00:00,7.623768,9.594774,106.41078,161.672616,132.56,9.4,96,33.4,13.0,17.218542,848.4
2025-02-01 11:00:00,10.654627,26.908476,118.87554,162.335376,151.16,8.8,96,36.2,22.0,37.563103,855.7
2025-02-01 12:00:00,16.789318,77.635439,101.11941,161.784728,113.57,8.0,96,35.4,25.0,94.424757,836.0
2025-02-01 13:00:00,32.657166,83.163953,99.85836,161.730128,110.31,7.4,97,35.7,35.0,115.821119,805.8
2025-02-01 14:00:00,33.030932,84.968943,99.86697,161.642712,104.88,7.0,96,31.9,69.0,117.999875,796.6
2025-02-01 15:00:00,20.04834,82.700325,99.87621,161.630896,104.97,7.6,95,27.7,57.0,102.748665,810.4
2025-02-01 16:00:00,9.539762,83.593317,123.554676,161.642152,105.01,7.9,94,27.8,41.0,93.133079,837.7
2025-02-01 17:00:00,2.370525,83.563156,168.310786,161.642768,103.66,8.1,94,26.1,48.0,85.933681,847.6
2025-02-01 18:00:00,0.036558,81.989626,173.185166,161.615832,103.6,7.5,96,25.5,15.0,82.026184,866.7
2025-02-01 19:00:00,0.133928,82.231067,173.12918,161.683816,103.41,7.3,96,23.9,0.0,82.364995,857.2
2025-02-01 20:00:00,0.000392,79.455475,173.172118,161.66136,103.23,7.1,97,23.2,0.0,79.45586700000001,836.4
2025-02-01 21:00:00,0.000376,61.781182,171.87821,161.794136,100.17,7.4,94,24.4,0.0,61.781558,808.7
2025-02-01 22:00:00,0.0004,33.177169,197.33007,164.717896,99.92,7.6,95,20.5,0.0,33.177569,794.4
2025-02-01 23:00:00,0.0004,30.365385,182.012362,163.016448,100.37,7.7,93,16.8,0.0,30.365785,772.2
2025-02-02 00:00:00,0.000312,33.538441,170.137128,161.840952,96.38,7.6,94,15.4,0.0,33.538753,731.0
2025-02-02 01:00:00,0.000248,29.557058,149.596342,161.795928,82.91,7.6,94,13.8,0.0,29.557306,691.1
2025-02-02 02:00:00,0.000232,38.195384,148.18552,161.736848,82.0,7.3,97,11.4,0.0,38.195616,668.4
2025-02-02 03:00:00,0.00024,38.873652,148.239336,161.715736,81.27,7.1,97,11.6,0.0,38.873892,660.4
2025-02-02 04:00:00,0.000264,35.342078,148.166438,161.707504,81.27,7.2,95,13.5,0.0,35.342342,664.2
2025-02-02 05:00:00,0.000256,38.678498,148.250186,161.707112,81.4,7.1,95,10.9,0.0,38.678754,676.0
2025-02-02 06:00:00,0.00342,36.75373,148.214024,161.726488,82.94,7.0,97,10.2,0.0,36.75715,704.5
2025-02-02 07:00:00,1.329127,31.649974,152.553044,161.608552,82.94,6.9,98,8.9,0.0,32.979101,720.9
2025-02-02 08:00:00,32.925356,33.778831,148.24019,161.821296,95.27,6.8,97,7.5,4.0,66.70418699999999,705.0
2025-02-02 09:00:00,79.540044,38.519128,138.47393,161.68208,98.13,7.0,93,9.7,74.0,118.059172,669.3
2025-02-02 10:00:00,148.055468,23.773571,77.889826,161.690424,100.7,8.1,86,9.4,234.0,171.829039,641.0
2025-02-02 11:00:00,207.447263,15.438296,67.23423,131.621,100.74,8.4,78,8.9,291.0,222.885559,596.3
2025-02-02 12:00:00,265.495643,13.907853,57.20274,105.000784,100.59,8.2,77,9.1,267.0,279.403496,565.7
2025-02-02 13:00:00,266.416995,13.451366,57.06855,102.923632,100.74,8.6,70,10.5,565.0,279.868361,564.5
2025-02-02 14:00:00,206.133839,15.685669,56.95641,106.22752,106.29,8.6,64,9.5,544.0,221.819508,591.8
2025-02-02 15:00:00,107.273191,20.624424,61.515146,108.217424,106.3,8.5,61,10.0,526.0,127.897615,640.5
2025-02-02 16:00:00,38.22208,10.784972,144.958072,159.133296,105.9,8.0,61,10.2,320.0,49.007052,708.0
2025-02-02 17:00:00,9.787092,20.492712,190.908088,168.18228,106.21,7.4,64,9.7,185.0,30.279804,776.6
2025-02-02 18:00:00,2.090948,55.155954,212.219112,163.674616,105.96,6.6,70,9.2,44.0,57.246902,843.3
2025-02-02 19:00:00,3.276648,50.822121,269.33613,161.671216,100.74,6.2,74,10.2,0.0,54.098769,856.1
2025-02-02 20:00:00,3.04984,53.14771,233.379426,161.805504,100.74,6.1,75,12.4,0.0,56.19755,841.5
2025-02-02 21:00:00,2.000332,59.722545,173.341014,161.805896,99.79,5.8,75,12.2,0.0,61.722877,828.8
2025-02-02 22:00:00,0.337532,43.763614,170.679992,161.869904,98.13,6.1,81,11.8,0.0,44.101146,818.8
2025-02-02 23:00:00,0.00694,52.004549,170.668456,161.751912,97.32,6.1,79,10.7,0.0,52.011489,796.0
2025-02-03 00:00:00,0.000192,64.663009,125.442646,161.762104,102.15,5.8,81,12.6,0.0,64.663201,756.1
2025-02-03 01:00:00,0.000668,57.943751,79.41171,161.792904,80.55,6.0,79,17.1,0.0,57.944419,717.2
2025-02-03 02:00:00,0.000248,59.269659,77.89488,161.769832,80.55,6.4,79,21.3,0.0,59.269907,689.6
2025-02-03 03:00:00,0.00032,77.851847,77.89257,161.73612,80.55,6.0,85,20.8,0.0,77.85216700000001,676.6
2025-02-03 04:00:00,0.000248,83.209,77.89005,161.675528,80.55,5.7,89,21.1,0.0,83.209248,678.7
2025-02-03 05:00:00,0.00024,84.697757,77.91378,161.694344,80.55,5.6,89,21.7,0.0,84.697997,695.7
2025-02-03 06:00:00,0.00252,84.724538,102.946984,161.653408,86.78,5.6,86,22.8,0.0,84.727058,742.3
2025-02-03 07:00:00,0.642849,84.988384,169.616524,161.692832,109.48,5.1,89,26.0,0.0,85.631233,808.2
2025-02-03 08:00:00,21.814994,83.319513,169.53496,161.650888,142.19,5.0,82,29.3,3.0,105.134507,865.6
2025-02-03 09:00:00,72.316064,84.627552,104.99111,161.788536,157.57,4.9,74,30.7,50.0,156.943616,849.0
2025-02-03 10:00:00,135.9893,84.079623,77.73486,140.37744,151.41,5.0,62,30.5,281.0,220.068923,819.4
2025-02-03 11:00:00,195.383594,83.745981,57.29031,108.062696,133.91,4.6,62,29.4,408.0,279.129575,790.8
2025-02-03 12:00:00,187.881825,83.505543,56.78841,107.470272,133.05,4.0,62,29.9,387.0,271.387368,773.6
2025-02-03 13:00:00,147.862994,84.455633,56.80773,107.330776,133.58,3.5,63,29.9,345.0,232.318627,804.3
2025-02-03 14:00:00,124.835233,83.215034,72.11505,140.528808,131.32,2.8,66,31.2,235.0,208.050267,811.1
2025-02-03 15:00:00,79.546469,82.33486,110.74595,172.397568,132.92,2.7,62,32.2,229.0,161.881329,836.4
2025-02-03 16:00:00,37.29405,80.88974,175.141302,196.0392,132.92,2.4,63,32.7,190.0,118.18379,894.3
2025-02-03 17:00:00,10.51759,82.064628,180.339082,204.548232,132.92,2.0,65,31.2,106.0,92.582218,958.4
2025-02-03 18:00:00,2.188795,83.470856,193.347154,204.618344,133.91,1.5,69,28.3,44.0,85.659651,1000.5
2025-02-03 19:00:00,2.881068,83.394695,196.461034,204.67384,133.91,1.5,67,25.5,0.0,86.275763,998.2
2025-02-03 20:00:00,1.637592,82.285917,213.364284,204.915144,114.52,1.7,64,25.9,0.0,83.923509,966.3
2025-02-03 21:00:00,0.49758,83.435922,214.5682,204.96364,102.78,2.0,64,26.9,0.0,83.933502,927.1
2025-02-03 22:00:00,0.078856,84.216995,188.775566,203.949032,99.72,2.2,67,32.1,0.0,84.295851,909.5
2025-02-03 23:00:00,0.000432,84.26431,197.038352,214.416776,99.16,1.9,82,28.6,0.0,84.264742,897.8
2025-02-04 00:00:00,0.000352,84.014477,192.32346,192.377024,105.07,0.6,80,30.2,0.0,84.014829,853.0
2025-02-04 01:00:00,0.000344,83.952574,200.608604,162.81496,102.15,0.5,76,28.0,0.0,83.952918,811.2
2025-02-04 02:00:00,0.000504,83.03042,144.495862,162.69652,84.44,0.3,73,29.3,0.0,83.03092400000001,786.8
2025-02-04 03:00:00,0.00036,81.440563,140.755888,162.682744,84.44,0.9,69,31.6,0.0,81.440923,778.8
2025-02-04 04:00:00,0.00036,81.045492,140.6916,162.579368,84.44,0.7,82,27.1,0.0,81.045852,778.6
2025-02-04 05:00:00,0.000368,80.584636,140.727664,162.834336,102.15,0.5,78,30.7,0.0,80.585004,791.6
2025-02-04 06:00:00,0.003652,79.356392,143.224662,162.720656,99.28,0.6,79,29.1,0.0,79.360044,832.6
2025-02-04 07:00:00,0.263263,79.264736,189.039508,162.869056,129.79,0.9,74,30.8,0.0,79.527999,888.4
2025-02-04 08:00:00,7.877302,80.074104,242.196248,163.038064,134.8,0.3,76,30.7,8.0,87.951406,957.2
2025-02-04 09:00:00,18.861046,81.232116,273.450296,166.4474,148.44,-0.0,84,28.2,107.0,100.093162,1005.1
2025-02-04 10:00:00,29.594,80.423296,273.423094,162.876616,151.01,0.3,73,35.6,275.0,110.017296,984.4
2025-02-04 11:00:00,77.128396,81.263084,231.035924,162.828288,143.02,-0.1,66,35.8,427.0,158.39148,959.3
2025-02-04 12:00:00,65.965459,80.707344,218.505252,162.871688,143.02,0.2,72,34.9,565.0,146.672803,943.3
2025-02-04 13:00:00,60.665857,81.827671,222.849242,162.873368,143.02,0.6,70,34.5,611.0,142.493528,934.9
2025-02-04 14:00:00,76.698584,80.87348,219.440536,145.470136,133.77,0.7,70,34.3,571.0,157.572064,884.1
2025-02-04 15:00:00,58.5071,76.611788,226.045064,118.352976,146.1,1.1,72,34.0,554.0,135.118888,883.0
2025-02-04 16:00:00,28.624332,80.949468,268.479036,161.592256,134.09,1.3,70,32.4,398.0,109.5738,932.7
2025-02-04 17:00:00,7.361002,81.5407,351.62127,162.836576,134.15,1.0,65,32.2,238.0,88.901702,985.3
2025-02-04 18:00:00,1.681776,81.041112,379.631084,162.848056,134.57,0.9,68,29.7,81.0,82.722888,1017.2
2025-02-04 19:00:00,1.616028,81.335932,379.66642,162.763496,134.57,0.5,73,26.6,0.0,82.95196,1006.7
2025-02-04 20:00:00,0.536816,80.428632,333.60873,162.892184,134.8,0.7,73,25.2,0.0,80.965448,978.4
2025-02-04 21:00:00,0.04578,79.57218,256.973528,163.105936,143.79,0.5,76,23.5,0.0,79.61796,942.1
2025-02-04 22:00:00,0.000416,80.681328,256.925634,163.035768,130.02,0.6,72,22.7,0.0,80.681744,920.9
2025-02-04 23:00:00,0.000392,81.156552,243.9899,163.07956,113.79,0.7,72,26.3,0.0,81.15694400000001,899.5
2025-02-05 00:00:00,0.000384,78.414864,192.86232,163.010568,106.94,0.8,75,27.0,0.0,78.41524799999999,860.8
2025-02-05 01:00:00,0.0004,73.345976,165.760742,162.966832,96.77,0.3,80,26.8,0.0,73.34637599999999,825.3
2025-02-05 02:00:00,0.000416,79.10098,149.053408,163.001216,84.44,0.3,82,24.5,0.0,79.10139600000001,794.3
2025-02-05 03:00:00,0.000384,73.936144,148.487374,162.994888,84.44,0.3,80,24.8,0.0,73.936528,785.9
2025-02-05 04:00:00,0.000376,74.370312,148.473934,162.9628,84.44,0.9,81,22.9,0.0,74.370688,778.9
2025-02-05 05:00:00,0.000352,70.465564,169.109178,162.978648,98.11,0.8,81,25.3,0.0,70.465916,791.6
2025-02-05 06:00:00,0.004233,76.680368,173.383938,162.996344,109.77,1.1,70,32.6,0.0,76.684601,829.7
2025-02-05 07:00:00,0.374906,79.94442,173.397756,162.91632,111.86,1.7,74,33.4,0.0,80.31932599999999,884.4
2025-02-05 08:00:00,11.895217,80.745256,186.947124,163.234456,139.87,1.2,70,35.2,13.0,92.640473,936.3
2025-02-05 09:00:00,43.498757,80.63324,179.983104,163.194696,148.18,1.2,79,32.9,140.0,124.131997,923.2
2025-02-05 10:00:00,75.145439,78.11894,119.94654,163.138752,150.83,2.2,66,37.6,341.0,153.264379,891.1
2025-02-05 11:00:00,109.174088,74.461164,107.94126,163.0902,138.84,1.8,72,34.1,496.0,183.635252,860.6
2025-02-05 12:00:00,126.286652,77.725204,79.50558,163.01208,132.35,2.5,77,31.0,560.0,204.011856,832.6
2025-02-05 13:00:00,128.147733,79.284012,98.84427,162.971312,133.91,2.7,73,32.0,579.0,207.431745,844.9
2025-02-05 14:00:00,131.215631,78.200692,89.93838,162.958544,133.58,2.3,72,32.4,468.0,209.416323,834.4
2025-02-05 15:00:00,96.114315,79.800148,123.588192,163.011408,142.0,2.0,78,28.3,464.0,175.914463,847.4
2025-02-05 16:00:00,42.688473,76.336124,166.480622,163.056208,133.58,2.9,73,33.4,387.0,119.024597,904.5
2025-02-05 17:00:00,3.181302,79.756028,231.233002,163.092888,132.24,2.3,81,30.7,198.0,82.93733,982.0
2025-02-05 18:00:00,1.932601,78.754264,264.046076,163.090256,132.24,2.8,84,28.7,55.0,80.68686500000001,1013.2
2025-02-05 19:00:00,2.048956,77.219308,271.068378,162.962016,127.04,3.0,75,35.4,0.0,79.268264,1003.0
2025-02-05 20:00:00,0.773196,78.436668,257.695718,163.194808,131.1,0.8,85,29.1,0.0,79.209864,979.9
2025-02-05 21:00:00,0.018528,64.410496,241.879162,163.19716,112.43,-0.2,86,18.6,0.0,64.429024,944.7
2025-02-05 22:00:00,0.000232,33.936692,245.329308,163.13892,105.93,0.7,78,23.0,0.0,33.936924,929.6
2025-02-05 23:00:00,0.000216,42.804164,241.08189,163.09972,105.7,0.7,74,24.2,0.0,42.80438,901.6
2025-02-06 00:00:00,0.000192,66.942672,219.026136,163.109128,105.98,0.4,75,22.2,0.0,66.942864,853.5
2025-02-06 01:00:00,0.000152,65.169692,175.255962,163.123576,97.98,0.2,75,20.9,0.0,65.169844,817.4
2025-02-06 02:00:00,0.000216,72.479816,176.906464,163.182824,97.72,0.4,74,21.9,0.0,72.480032,788.6
2025-02-06 03:00:00,0.000168,62.334324,156.225734,163.162608,84.44,0.7,72,22.9,0.0,62.334492,778.5
2025-02-06 04:00:00,0.000136,38.047748,167.760586,163.095912,95.69,0.7,73,23.3,0.0,38.047884,780.7
2025-02-06 05:00:00,0.00012,32.60008,193.725602,163.12296,98.29,0.7,74,21.9,0.0,32.6002,798.1
2025-02-06 06:00:00,0.004203,25.330412,244.54381,163.122792,105.34,0.9,74,20.4,0.0,25.334615,842.5
2025-02-06 07:00:00,0.112015,22.237776,281.688918,171.665872,114.59,1.1,73,19.4,0.0,22.349791,899.6
2025-02-06 08:00:00,1.734813,48.648688,312.925676,171.420536,141.12,1.1,74,18.3,11.0,50.383501,966.6
2025-02-06 09:00:00,8.417291,45.32532,316.55848,173.722248,154.52,1.4,73,19.3,121.0,53.742611,974.4
2025-02-06 10:00:00,29.150981,38.876616,284.230856,163.135224,153.3,2.0,70,22.1,250.0,68.027597,928.0
2025-02-06 11:00:00,59.682412,41.244264,206.698562,163.058056,142.65,2.1,72,23.0,248.0,100.926676,893.3
2025-02-06 12:00:00,88.459472,31.982584,147.585956,162.980664,142.65,2.0,72,24.5,348.0,120.442056,846.8
2025-02-06 13:00:00,117.731841,31.504616,151.107544,162.960056,142.65,2.3,71,24.5,419.0,149.236457,846.4
2025-02-06 14:00:00,90.773956,29.136676,169.261092,162.943536,145.23,2.3,72,24.5,478.0,119.910632,849.7
2025-02-06 15:00:00,62.705433,29.132396,182.03395,162.943312,142.65,2.4,71,23.9,439.0,91.837829,859.8
2025-02-06 16:00:00,35.290664,35.277843,222.616758,162.94124,150.32,2.4,71,24.4,308.0,70.568507,883.0
2025-02-06 17:00:00,10.978765,48.661965,297.883236,162.950536,146.37,2.4,71,21.3,184.0,59.640730000000005,939.4
2025-02-06 18:00:00,1.978302,39.45204,342.58798,162.94796,134.0,2.3,72,18.0,64.0,41.430342,993.2
2025-02-06 19:00:00,1.69722,22.255348,379.878968,162.869448,146.39,2.5,74,16.1,0.0,23.952568000000003,999.2
2025-02-06 20:00:00,0.423412,10.194395,379.58809,163.079224,146.39,1.8,82,15.3,0.0,10.617807,973.4
2025-02-06 21:00:00,0.007252,3.68415,370.375418,163.117304,112.51,1.9,84,14.8,0.0,3.691402,945.0
2025-02-06 22:00:00,0.0004,2.323973,365.131032,163.018856,102.23,1.9,70,15.2,0.0,2.324373,924.7
2025-02-06 23:00:00,0.000408,22.735625,324.382184,163.033752,107.9,2.4,74,14.8,0.0,22.736033,885.6
2025-02-07 00:00:00,0.000296,59.59022,241.40739,162.95552,112.43,3.1,69,16.6,0.0,59.590516,826.7
2025-02-07 01:00:00,0.000256,67.094208,162.496292,162.987552,101.97,3.5,66,23.9,0.0,67.09446399999999,784.0
2025-02-07 02:00:00,0.000232,69.023377,100.7776,162.944544,98.56,3.5,65,25.8,0.0,69.023609,758.5
2025-02-07 03:00:00,0.000248,67.701408,100.78383,162.954904,98.14,3.7,70,25.8,0.0,67.701656,748.6
2025-02-07 04:00:00,0.00024,65.70342,100.78992,162.931608,98.13,3.1,80,27.0,0.0,65.70366,758.0
2025-02-07 05:00:00,0.00024,69.170866,100.79328,162.932672,98.55,3.8,78,28.6,0.0,69.17110600000001,765.6
2025-02-07 06:00:00,0.004111,72.391754,100.77711,162.9754,111.77,4.5,73,34.3,0.0,72.395865,794.9
2025-02-07 07:00:00,0.507251,74.78896,116.232452,163.077432,113.73,4.0,77,36.5,0.0,75.296211,852.7
2025-02-07 08:00:00,9.819571,70.05254,173.654152,163.033304,143.58,3.8,81,30.8,9.0,79.87211099999999,917.7
2025-02-07 09:00:00,24.839897,71.362799,199.863412,163.15796,159.17,3.7,80,35.0,100.0,96.202696,943.8
2025-02-07 10:00:00,28.453581,73.592058,198.207086,163.079448,144.19,3.8,78,42.9,226.0,102.045639,964.2
2025-02-07 11:00:00,35.086759,73.722332,200.98498,162.997016,145.58,2.3,78,41.4,399.0,108.809091,951.4
2025-02-07 12:00:00,47.26816,70.640172,180.58782,163.026976,142.58,1.8,82,38.8,546.0,117.908332,924.5
2025-02-07 13:00:00,50.480999,70.615576,178.625804,163.000152,142.54,1.5,76,44.3,517.0,121.096575,938.8
2025-02-07 14:00:00,46.998519,71.12466,178.607576,162.953056,136.43,0.6,75,41.6,500.0,118.123179,937.8
2025-02-07 15:00:00,42.727219,69.575336,199.978128,162.921808,144.83,-0.1,78,41.0,448.0,112.30255499999998,969.0
2025-02-07 16:00:00,23.559687,68.332064,204.04811,171.268776,143.35,0.0,75,41.1,386.0,91.891751,1030.8
2025-02-07 17:00:00,6.680807,68.127674,248.864084,188.633928,143.35,-0.1,75,40.4,244.0,74.808481,1060.6
2025-02-07 18:00:00,1.267551,69.32147,270.016838,163.185624,134.8,-0.8,64,40.3,71.0,70.589021,1073.4
2025-02-07 19:00:00,0.973548,70.5596,307.500648,162.99304,131.51,-0.1,75,38.3,0.0,71.533148,1056.5
2025-02-07 20:00:00,0.104076,71.168216,308.95508,162.970864,130.1,-0.3,74,35.9,0.0,71.27229200000001,1019.8
2025-02-07 21:00:00,0.000264,72.10544,279.399386,163.022944,129.66,-0.7,66,36.0,0.0,72.105704,982.7
2025-02-07 22:00:00,0.000304,72.095792,256.93297,163.029608,129.78,-1.2,77,26.2,0.0,72.096096,953.2
2025-02-07 23:00:00,0.000352,72.0812,188.741028,163.010512,128.8,-1.5,75,27.6,0.0,72.081552,933.9
2025-02-08 00:00:00,0.00036,72.0888,173.219424,162.97092,113.07,-0.4,82,30.4,0.0,72.08916,883.9
2025-02-08 01:00:00,0.000368,71.272416,173.137874,162.948744,112.79,-0.5,88,29.8,0.0,71.272784,845.4
2025-02-08 02:00:00,0.000392,72.043056,171.129434,162.946448,99.34,-0.2,82,30.7,0.0,72.04344800000001,816.8
2025-02-08 03:00:00,0.000392,72.039848,171.137442,162.920016,98.79,0.4,73,34.4,0.0,72.04024000000001,801.6
2025-02-08 04:00:00,0.000384,71.790168,171.131058,162.879976,98.67,-0.0,73,34.9,0.0,71.79055199999999,801.1
2025-02-08 05:00:00,0.000392,71.872104,171.130302,162.922368,101.6,-0.2,79,31.4,0.0,71.872496,809.4
2025-02-08 06:00:00,0.00472,71.428376,173.109062,162.869168,112.3,-0.4,82,28.2,0.0,71.433096,834.8
2025-02-08 07:00:00,0.451958,71.999944,173.141542,163.090816,113.49,-0.3,84,26.8,0.0,72.451902,860.7
2025-02-08 08:00:00,9.576531,70.91582,173.13891,163.125704,115.53,-0.7,87,25.1,13.0,80.492351,897.9
2025-02-08 09:00:00,44.010652,72.784496,178.498306,163.05716,132.78,-0.9,85,21.6,124.0,116.795148,887.7
2025-02-08 10:00:00,68.620161,70.78378,174.359752,163.09748,134.8,-0.4,80,28.3,297.0,139.40394099999995,861.6
2025-02-08 11:00:00,70.10364,71.587344,167.178942,163.042712,134.8,-0.1,84,22.7,445.0,141.690984,860.2
2025-02-08 12:00:00,76.352591,72.38214,100.417198,163.049656,127.28,0.2,80,22.9,517.0,148.734731,833.1
2025-02-08 13:00:00,70.499475,73.808108,100.33254,162.99836,127.28,0.7,75,25.8,572.0,144.30758300000002,831.6
2025-02-08 14:00:00,60.599685,72.666212,100.34325,162.988168,115.54,0.8,74,26.2,648.0,133.265897,829.2
2025-02-08 15:00:00,44.086778,70.562992,103.734302,163.013088,115.54,1.0,76,26.0,504.0,114.64977,851.9
2025-02-08 16:00:00,26.648682,73.136696,144.54097,162.97064,124.41,1.4,76,26.6,331.0,99.785378,887.4
2025-02-08 17:00:00,7.381706,72.82984,217.70413,162.955016,115.55,1.3,77,26.6,212.0,80.211546,946.4
2025-02-08 18:00:00,1.775618,70.926476,256.939858,162.94712,142.05,1.0,81,24.0,70.0,72.70209399999999,991.0
2025-02-08 19:00:00,1.921716,69.5898,260.291486,162.88664,132.49,0.9,81,22.9,1.0,71.511516,990.1
2025-02-08 20:00:00,0.281708,66.342436,259.690158,163.059176,128.31,0.8,79,22.4,0.0,66.624144,973.9
2025-02-08 21:00:00,0.010776,56.778352,243.947704,163.10168,114.24,0.8,77,20.3,0.0,56.789128,949.0
2025-02-08 22:00:00,0.000288,42.911284,243.577446,163.05492,113.56,0.9,75,18.1,0.0,42.911572,936.6
2025-02-08 23:00:00,0.000272,28.039304,243.485004,163.020144,114.88,1.0,76,15.4,0.0,28.039576,923.7
2025-02-09 00:00:00,0.000272,22.111328,243.61288,162.988952,103.41,0.9,78,13.6,0.0,22.1116,877.6
2025-02-09 01:00:00,0.000264,19.038896,239.06029,163.144856,99.27,1.0,79,13.4,0.0,19.039160000000003,837.4
2025-02-09 02:00:00,0.000272,23.326904,240.603272,163.147376,99.08,1.0,81,14.1,0.0,23.327176,808.9
2025-02-09 03:00:00,0.000272,28.908688,220.114552,163.089696,82.99,1.0,82,14.6,0.0,28.90896,786.9
2025-02-09 04:00:00,0.000272,41.187844,218.620262,163.065168,82.99,1.0,82,14.7,0.0,41.188116,785.9
2025-02-09 05:00:00,0.00028,40.303376,239.7304,162.962408,98.46,1.1,80,14.9,0.0,40.303656,805.9
2025-02-09 06:00:00,0.004841,47.382988,241.103198,162.97876,99.15,1.1,80,14.9,0.0,47.387829,829.6
2025-02-09 07:00:00,0.321266,41.547348,241.137666,162.989232,102.61,1.1,80,14.4,0.0,41.868614,844.3
2025-02-09 08:00:00,12.034705,31.909612,235.865574,163.234288,103.48,1.1,82,13.4,6.0,43.944317,828.9
2025-02-09 09:00:00,44.897243,40.622444,173.4677,163.201416,103.74,1.3,82,13.5,68.0,85.519687,781.6
2025-02-09 10:00:00,86.002104,32.102396,109.988452,163.155328,106.34,1.7,78,17.6,139.0,118.1045,757.2
2025-02-09 11:00:00,96.70823,32.755036,100.34556,163.038344,103.74,1.8,79,17.7,238.0,129.463266,748.2
2025-02-09 12:00:00,125.8414,38.812236,100.35396,163.04316,104.56,2.0,77,18.5,322.0,164.653636,729.7
2025-02-09 13:00:00,106.013484,51.242396,100.32687,162.948968,103.74,2.1,76,19.8,401.0,157.25588,748.7
2025-02-09 14:00:00,93.624897,49.300956,100.32939,162.804936,103.64,2.0,77,20.5,395.0,142.92585300000002,747.9
2025-02-09 15:00:00,62.081759,48.580996,105.072254,162.985928,102.95,2.3,79,19.2,310.0,110.662755,764.9
2025-02-09 16:00:00,30.842365,47.790516,169.795458,162.804264,103.74,2.4,75,20.9,216.0,78.632881,814.7
2025-02-09 17:00:00,10.338556,50.259044,230.357456,164.151288,106.23,2.2,77,19.5,129.0,60.5976,891.4
2025-02-09 18:00:00,1.949385,41.819988,268.031428,175.607992,111.85,2.2,77,17.3,37.0,43.769373,955.9
2025-02-09 19:00:00,1.966628,36.09278,278.861464,180.287184,108.84,2.2,77,15.9,0.0,38.059408,969.2
2025-02-09 20:00:00,0.822056,22.924164,283.084368,187.035688,103.48,2.0,79,14.4,0.0,23.74622,950.2
2025-02-09 21:00:00,0.233624,21.232844,283.067316,180.179384,103.48,1.8,80,13.2,0.0,21.466468,919.7
2025-02-09 22:00:00,0.005088,15.857584,282.925986,171.766224,103.48,2.0,81,13.8,0.0,15.862672,896.5
2025-02-09 23:00:00,0.000664,17.227928,275.031736,163.536744,103.48,2.0,81,12.7,0.0,17.228592,877.5
2025-02-10 00:00:00,0.000176,21.218212,246.281042,162.705256,105.62,2.0,80,12.1,0.0,21.218388,828.9
2025-02-10 01:00:00,0.000788,22.789528,219.9869,162.582504,81.0,2.0,82,12.5,0.0,22.790316,796.3
2025-02-10 02:00:00,0.000184,22.5606,218.608292,162.673112,80.92,1.9,82,13.4,0.0,22.560784,773.2
2025-02-10 03:00:00,0.00032,28.674312,225.270276,162.59516,80.73,2.0,77,14.2,0.0,28.674632,757.8
2025-02-10 04:00:00,0.000168,24.1099,227.67801,162.44732,80.85,2.0,75,14.5,0.0,24.110068,766.3
2025-02-10 05:00:00,0.00032,24.586964,245.989394,162.497104,81.0,2.0,76,13.8,0.0,24.587284,792.4
2025-02-10 06:00:00,0.003548,17.053104,285.756716,162.541792,88.04,2.0,78,13.0,0.0,17.056652,839.5
2025-02-10 07:00:00,0.627668,15.386092,321.616498,162.450176,108.96,2.0,78,12.2,0.0,16.01376,898.9
2025-02-10 08:00:00,16.974581,16.322896,309.942752,162.769712,142.19,1.9,81,10.8,10.0,33.297477,918.2
2025-02-10 09:00:00,57.664686,17.904576,325.724924,162.852312,154.52,2.5,79,11.0,80.0,75.56926200000001,887.8
2025-02-10 10:00:00,102.326891,15.211352,233.471196,162.86704,157.07,2.8,74,15.5,223.0,117.538243,883.4
2025-02-10 11:00:00,150.027065,18.710223,195.15552,162.642704,149.65,2.9,76,15.8,303.0,168.73728799999998,845.5
2025-02-10 12:00:00,169.660609,25.86254,100.7769,162.647072,130.3,2.9,72,16.5,453.0,195.523149,808.3
2025-02-10 13:00:00,209.278577,27.125795,85.43892,161.838824,132.55,3.1,70,17.6,500.0,236.404372,787.6
2025-02-10 14:00:00,229.266038,20.826658,57.52131,111.473488,130.3,3.2,70,16.6,496.0,250.092696,766.6
2025-02-10 15:00:00,195.745574,21.031661,64.91436,140.135912,130.3,3.2,69,13.4,523.0,216.777235,769.5
2025-02-10 16:00:00,124.033417,20.935067,121.698738,188.304928,141.24,3.2,70,11.0,426.0,144.968484,805.8
2025-02-10 17:00:00,34.838841,19.78695,279.226038,205.65048,145.53,2.9,70,8.6,277.0,54.62579100000001,881.9
2025-02-10 18:00:00,2.594557,17.048955,369.084576,205.186352,146.49,0.8,79,4.6,94.0,19.643512,977.2
2025-02-10 19:00:00,2.798964,9.682496,383.101992,189.334712,147.67,0.1,76,0.9,1.0,12.48146,1006.4
2025-02-10 20:00:00,1.774164,7.29355,379.896258,161.71428,148.04,-1.4,78,0.8,0.0,9.067714,989.4
2025-02-10 21:00:00,0.492576,4.219287,324.733402,161.931784,145.46,-2.5,77,2.1,0.0,4.711862999999999,963.4
2025-02-10 22:00:00,0.046024,4.352621,376.60427,162.213128,148.04,-1.3,75,1.9,0.0,4.398645,944.5
2025-02-10 23:00:00,0.00044,6.573448,324.564828,161.829864,115.24,-1.4,70,2.8,0.0,6.573888,926.1
2025-02-11 00:00:00,0.000416,7.309021,321.361264,161.796208,103.12,-1.7,68,3.4,0.0,7.309437000000001,880.6
2025-02-11 01:00:00,0.000368,12.382206,260.124858,161.731696,101.0,-1.9,70,3.7,0.0,12.382574,842.4
2025-02-11 02:00:00,0.000416,9.522568,241.516954,161.734272,100.23,-1.4,68,3.7,0.0,9.522984,816.6
2025-02-11 03:00:00,0.00036,9.320608,271.94335,173.826408,83.22,-1.3,64,3.4,0.0,9.320968,803.1
2025-02-11 04:00:00,0.000128,8.657103,283.969994,164.704792,84.06,-1.5,59,2.8,0.0,8.657231,801.3
2025-02-11 05:00:00,0.000112,8.403104,292.61092,167.761888,144.06,-1.2,61,2.9,0.0,8.403216,825.1
2025-02-11 06:00:00,0.006486,10.305572,303.027886,208.4768,119.53,-0.7,67,2.7,0.0,10.312058,868.9
2025-02-11 07:00:00,3.959021,10.612144,325.138044,233.92432,266.0,-0.1,70,4.0,0.0,14.571165,922.5
2025-02-11 08:00:00,59.057544,11.287584,319.79934,182.893816,138.75,0.2,71,5.9,17.0,70.345128,895.7
2025-02-11 09:00:00,155.520031,8.07454,233.14228,161.738416,150.33,2.0,77,7.5,162.0,163.594571,803.6
2025-02-11 10:00:00,232.250706,5.308386,144.812724,161.639352,146.69,4.7,49,6.8,383.0,237.559092,760.2
2025-02-11 11:00:00,281.543549,6.302099,77.87955,146.769784,144.34,6.1,45,8.8,564.0,287.845648,716.8
2025-02-11 12:00:00,304.970799,12.103912,61.87818,106.580544,131.36,6.8,52,10.5,686.0,317.074711,678.8
2025-02-11 13:00:00,303.037872,27.187304,57.09837,106.113392,131.37,7.3,56,13.0,739.0,330.225176,679.0
2025-02-11 14:00:00,274.085171,18.002737,64.62918,106.14184,132.15,7.7,55,12.1,720.0,292.087908,680.4
2025-02-11 15:00:00,216.951478,5.324475,97.431712,147.710752,131.37,7.8,55,10.4,633.0,222.275953,705.3
2025-02-11 16:00:00,129.423813,7.186238,180.833548,161.791,132.15,7.7,58,9.5,485.0,136.610051,749.8
2025-02-11 17:00:00,32.998595,6.057515,316.116066,161.821296,132.15,6.9,65,8.3,293.0,39.05611,824.2
2025-02-11 18:00:00,2.539517,4.686112,377.56628,161.799904,132.15,5.4,72,8.0,94.0,7.225629,899.4
2025-02-11 19:00:00,3.315644,34.993868,380.839886,161.820512,132.15,3.7,75,8.2,1.0,38.309512,905.5
2025-02-11 20:00:00,3.250472,42.273918,380.777012,161.848288,150.18,4.0,78,8.5,0.0,45.52439,875.9
2025-02-11 21:00:00,2.339096,8.851419,324.67449,161.695072,113.98,4.9,79,7.3,0.0,11.190515,841.1
2025-02-11 22:00:00,0.596588,5.036493,296.090802,161.722736,113.98,6.0,76,5.8,0.0,5.633081,826.2
2025-02-11 23:00:00,0.015292,11.587808,243.696628,161.758408,113.98,6.1,77,5.0,0.0,11.6031,804.1
2025-02-12 00:00:00,0.000256,4.958989,243.671064,161.748552,103.44,6.3,78,5.5,0.0,4.959245,749.5
2025-02-12 01:00:00,0.000456,1.548413,196.75082,161.717472,97.28,6.6,78,5.6,0.0,1.548869,705.1
2025-02-12 02:00:00,0.00032,3.284082,156.564996,161.658336,93.04,6.3,87,5.6,0.0,3.284402,676.2
2025-02-12 03:00:00,0.00032,6.565732,155.140608,161.668864,81.32,6.4,89,4.2,0.0,6.566052,657.3
2025-02-12 04:00:00,0.000416,17.92224,155.117424,161.643328,92.42,6.8,89,5.1,0.0,17.922656,650.1
2025-02-12 05:00:00,0.000752,74.611008,155.165906,161.630728,93.39,7.4,87,5.4,0.0,74.61176,667.9
2025-02-12 06:00:00,0.002145,79.807812,175.079422,161.648536,109.51,8.6,86,7.4,0.0,79.809957,700.5
2025-02-12 07:00:00,0.42498,85.34436,177.722874,161.672616,123.61,10.8,89,17.8,0.0,85.76934,740.6
2025-02-12 08:00:00,8.002851,82.98018,177.839592,161.572544,132.59,12.3,93,27.6,2.0,90.983031,805.8
2025-02-12 09:00:00,52.816477,74.121524,197.139166,161.748608,146.06,12.4,96,27.0,41.0,126.938001,809.2
2025-02-12 10:00:00,91.044482,55.331028,187.62107,161.775768,154.15,12.3,94,33.1,145.0,146.37551000000002,795.3
2025-02-12 11:00:00,79.985306,74.646272,162.529542,164.351824,145.75,12.5,88,33.4,231.0,154.631578,797.6
2025-02-12 12:00:00,99.358771,78.62914,77.902566,161.740936,144.46,12.0,88,32.9,237.0,177.987911,786.2
2025-02-12 13:00:00,95.031598,83.145968,77.88186,161.68292,143.44,11.2,93,32.5,212.0,178.177566,797.5
2025-02-12 14:00:00,80.95714,75.4685,77.91021,161.680288,143.44,10.7,91,30.5,176.0,156.42564,803.1
2025-02-12 15:00:00,51.815112,85.983008,87.066252,159.711888,143.44,10.3,90,32.0,179.0,137.79811999999998,796.1
2025-02-12 16:00:00,28.395188,90.337248,103.962936,139.973288,132.8,9.9,88,32.5,126.0,118.732436,828.7
2025-02-12 17:00:00,4.837001,92.996036,173.619404,161.533344,134.13,8.6,90,33.6,92.0,97.833037,862.1
2025-02-12 18:00:00,0.676525,93.193956,178.045322,161.782656,134.98,8.3,90,31.4,25.0,93.870481,901.2
2025-02-12 19:00:00,0.695544,93.96792,161.334488,161.769832,130.21,7.7,91,30.6,0.0,94.663464,904.6
2025-02-12 20:00:00,0.299028,92.946792,99.896832,161.6818,130.14,7.4,88,30.7,0.0,93.24582,879.7
2025-02-12 21:00:00,0.111296,92.04836,99.82749,161.650776,132.49,6.6,87,34.9,0.0,92.159656,862.7
2025-02-12 22:00:00,0.00032,91.400648,99.81258,161.692384,125.7,5.8,77,31.8,0.0,91.400968,854.8
2025-02-12 23:00:00,0.000312,91.248696,99.84996,161.735448,123.89,5.1,63,30.1,0.0,91.249008,847.4
2025-02-13 00:00:00,0.000272,91.24938,99.83862,161.765352,112.57,4.5,64,30.5,0.0,91.249652,807.9
2025-02-13 01:00:00,0.000272,92.398336,100.33632,161.70896,101.6,4.1,69,30.7,0.0,92.398608,771.0
2025-02-13 02:00:00,0.000264,93.187864,100.35249,161.646968,101.61,3.9,67,29.4,0.0,93.188128,748.9
2025-02-13 03:00:00,0.000264,92.642976,100.35522,161.688352,98.25,3.6,65,28.8,0.0,92.64324,736.7
2025-02-13 04:00:00,0.000264,92.587324,100.36467,161.668136,101.6,3.2,66,27.2,0.0,92.587588,739.7
2025-02-13 05:00:00,0.000256,91.735316,100.36257,161.690256,111.24,2.9,65,26.0,0.0,91.735572,768.9
2025-02-13 06:00:00,0.005912,88.014652,106.208998,161.6664,112.61,2.5,64,23.3,0.0,88.020564,825.6
2025-02-13 07:00:00,4.707902,68.731828,132.770498,169.75252,132.81,2.3,65,21.0,0.0,73.43973,885.5
2025-02-13 08:00:00,62.821108,51.748284,145.610052,164.753064,136.01,2.3,64,17.3,8.0,114.569392,861.4
2025-02-13 09:00:00,156.935353,39.912056,131.702424,150.7212,145.94,2.5,62,13.9,68.0,196.847409,791.1
2025-02-13 10:00:00,225.629249,34.098043,93.814364,106.7682,148.99,3.2,54,14.8,241.0,259.727292,764.9
2025-02-13 11:00:00,288.250799,20.378968,57.03894,109.915232,139.35,4.1,52,13.3,473.0,308.629767,714.0
2025-02-13 12:00:00,317.831565,7.347335,56.9583,126.937944,0.0,4.8,53,13.7,642.0,325.1789,665.7
2025-02-13 13:00:00,283.54026,4.460706,57.03159,132.808536,0.0,5.2,55,12.8,723.0,288.000966,667.5
2025-02-13 14:00:00,259.251941,6.636017,56.98119,133.505456,132.15,5.5,56,12.2,708.0,265.887958,673.8
2025-02-13 15:00:00,231.058738,17.374503,60.15429,120.17152,131.37,5.6,57,11.7,628.0,248.433241,695.2
2025-02-13 16:00:00,143.461908,21.229471,103.058508,152.91108,140.03,5.5,60,11.5,485.0,164.69137899999998,748.3
2025-02-13 17:00:00,43.454022,21.186109,181.475336,162.005704,144.62,5.0,63,12.0,296.0,64.640131,825.3
2025-02-13 18:00:00,3.069512,22.977873,278.006078,162.002512,132.23,4.0,70,11.3,100.0,26.047385,935.4
2025-02-13 19:00:00,3.159232,20.0896,347.856222,161.833112,132.23,3.3,75,10.2,2.0,23.248832,971.9
2025-02-13 20:00:00,3.108212,19.073189,358.62526,161.719096,130.15,2.8,75,7.0,0.0,22.181401,956.4
2025-02-13 21:00:00,2.373928,16.874323,406.74501,161.674464,145.59,1.9,78,5.8,0.0,19.248251,929.9
2025-02-13 22:00:00,0.504744,15.414764,417.432512,161.658336,145.59,3.3,72,7.7,0.0,15.919508,918.5
2025-02-13 23:00:00,0.015928,16.274778,368.830182,161.733208,114.04,2.1,75,5.2,0.0,16.290706,894.5
2025-02-14 00:00:00,0.0004,14.654739,364.70357,161.699944,108.13,1.8,75,5.6,0.0,14.655139,846.2
2025-02-14 01:00:00,0.000488,12.425148,323.651244,161.669816,98.48,1.7,73,4.5,0.0,12.425636,803.1
2025-02-14 02:00:00,0.000428,11.464475,313.422172,161.636944,98.07,2.2,71,2.2,0.0,11.464903,778.5
2025-02-14 03:00:00,0.0004,14.613254,314.393576,161.636104,82.54,2.1,71,1.7,0.0,14.613654,764.8
2025-02-14 04:00:00,0.000472,9.905862,331.28032,161.609616,145.98,2.1,72,1.7,0.0,9.906334,765.0
2025-02-14 05:00:00,0.00082,7.710532,331.00116,161.673288,116.86,2.1,74,1.0,0.0,7.711352,781.1
2025-02-14 06:00:00,0.006776,2.593105,375.846352,161.73024,122.49,2.0,75,0.5,0.0,2.599881,819.4
2025-02-14 07:00:00,4.954787,1.433259,393.608922,161.843752,132.78,1.7,75,1.6,0.0,6.388045999999999,862.4
2025-02-14 08:00:00,68.125516,1.993066,380.632728,161.75488,146.26,2.6,74,2.3,22.0,70.118582,827.4
2025-02-14 09:00:00,167.571579,0.443393,169.922074,161.829864,149.27,6.5,60,1.7,177.0,168.014972,752.0
2025-02-14 10:00:00,232.884569,0.140857,77.82915,175.190792,143.92,7.7,51,2.5,377.0,233.025426,718.3
2025-02-14 11:00:00,248.738693,0.122309,71.71458,155.056664,132.57,8.6,48,6.3,544.0,248.861002,696.3
2025-02-14 12:00:00,266.87347,0.451738,57.02529,131.622848,131.3,8.9,57,9.2,650.0,267.325208,662.7
2025-02-14 13:00:00,203.240165,0.561907,57.9873,128.407552,132.8,8.2,67,9.6,628.0,203.802072,694.4
2025-02-14 14:00:00,140.518017,0.432676,77.78988,158.268936,131.99,7.7,70,6.0,408.0,140.95069299999997,718.5
2025-02-14 15:00:00,70.657501,0.723373,122.394804,163.986816,131.99,7.6,69,6.0,282.0,71.38087399999999,757.5
2025-02-14 16:00:00,39.163517,0.383597,191.348948,161.904176,132.57,7.5,70,5.6,234.0,39.547114,783.5
2025-02-14 17:00:00,15.804924,0.283761,277.26125,161.777952,140.9,7.2,72,5.1,181.0,16.088684999999998,821.8
2025-02-14 18:00:00,2.412304,0.068657,395.565002,161.738248,145.87,5.4,81,0.7,53.0,2.480961,865.8
2025-02-14 19:00:00,3.297516,0.405109,418.091394,161.665952,145.87,4.9,81,0.2,1.0,3.702625,883.0
2025-02-14 20:00:00,2.965832,4.350832,366.846074,161.814464,148.13,4.0,81,0.5,0.0,7.316663999999999,868.9
2025-02-14 21:00:00,1.62154,0.201112,338.875992,161.792792,188.45,3.9,83,0.7,0.0,1.822652,845.4
2025-02-14 22:00:00,0.213376,0.194517,321.837754,161.792008,148.13,4.5,88,3.2,0.0,0.407893,833.7
2025-02-14 23:00:00,0.000384,0.088194,321.583514,161.773528,144.74,4.5,85,3.8,0.0,0.0885779999999999,815.1
2025-02-15 00:00:00,0.000384,0.043048,337.759002,161.778568,143.7,3.6,80,1.6,0.0,0.043432,762.8
2025-02-15 01:00:00,0.00032,0.015781,240.946384,161.740096,101.69,3.4,79,1.5,0.0,0.016101,724.7
2025-02-15 02:00:00,0.000376,0.022633,240.574992,161.716296,99.22,4.7,76,0.4,0.0,0.023009,709.3
2025-02-15 03:00:00,0.000408,0.003073,240.596062,161.69104,99.09,5.1,76,0.7,0.0,0.003481,684.8
2025-02-15 04:00:00,0.000416,0.0,240.60645,161.665,99.22,4.6,78,0.7,0.0,0.000416,675.4
2025-02-15 05:00:00,0.000376,0.0,240.701104,161.628656,101.8,3.3,78,1.5,0.0,0.000376,686.3
2025-02-15 06:00:00,0.044258,0.000241,240.465988,161.633248,102.54,4.1,78,0.8,0.0,0.044499,707.3
2025-02-15 07:00:00,0.653476,0.0,243.485158,161.654304,115.65,4.5,78,0.2,0.0,0.653476,733.2
2025-02-15 08:00:00,5.246619,0.0,246.060304,161.649376,116.85,6.0,75,0.9,5.0,5.246619,776.4
2025-02-15 09:00:00,10.134748,0.0,268.007754,161.70868,145.78,7.5,76,0.9,46.0,10.134748,818.9
2025-02-15 10:00:00,23.418318,0.0,264.568556,161.678552,150.58,8.3,72,2.2,76.0,23.418318,801.4
2025-02-15 11:00:00,38.914573,0.00162,275.486806,161.609504,148.17,8.6,76,0.8,120.0,38.916193,774.6
2025-02-15 12:00:00,51.523866,2.662572,257.210422,161.6314,142.54,9.0,78,2.0,170.0,54.186438,754.2
2025-02-15 13:00:00,36.642134,6.366688,256.599392,161.626136,142.54,9.3,78,4.4,188.0,43.008822,758.9
2025-02-15 14:00:00,21.301884,3.471052,268.321956,161.630392,142.54,9.1,83,2.3,125.0,24.772936,772.1
2025-02-15 15:00:00,6.113541,2.522636,304.552192,161.65492,142.54,9.4,85,3.4,131.0,8.636177,815.4
2025-02-15 16:00:00,2.890512,0.825888,364.630882,161.61796,142.54,9.3,87,3.0,89.0,3.7164,851.1
2025-02-15 17:00:00,1.101775,0.732032,325.245032,161.622552,102.92,8.5,94,4.7,37.0,1.833807,856.3
2025-02-15 18:00:00,0.09203,0.922656,333.097772,161.7266,144.29,8.3,93,7.9,14.0,1.014686,867.2
2025-02-15 19:00:00,0.35716,0.0,336.755118,161.811888,143.25,7.9,93,6.1,0.0,0.35716,859.8
2025-02-15 20:00:00,0.000368,0.000896,388.079202,168.03416,107.61,7.8,93,5.4,0.0,0.001264,844.5
2025-02-15 21:00:00,0.000368,0.0,432.48821,184.637488,144.29,7.9,95,6.6,0.0,0.000368,819.0
2025-02-15 22:00:00,0.00036,0.00072,415.360176,187.69492,145.5,7.0,92,6.5,0.0,0.00108,806.4
2025-02-15 23:00:00,0.000336,0.004268,405.653248,188.782832,148.77,7.5,88,7.5,0.0,0.004604,796.0
2025-02-16 00:00:00,0.00036,0.00072,398.074334,166.551056,149.29,7.4,88,6.1,0.0,0.00108,767.5
2025-02-16 01:00:00,0.000392,0.033917,373.447018,161.647248,150.13,6.3,92,5.6,0.0,0.034309,737.1
2025-02-16 02:00:00,0.000384,0.003884,328.150088,161.638736,144.6,6.4,94,4.9,0.0,0.004268,715.5
2025-02-16 03:00:00,0.000368,0.809149,316.345568,161.663712,81.8,6.5,93,4.6,0.0,0.809517,706.5
2025-02-16 04:00:00,0.000376,10.000499,307.234984,161.64232,81.8,6.4,94,3.6,0.0,10.000875,705.2
2025-02-16 05:00:00,0.000392,18.498646,297.745308,161.624848,96.48,6.5,94,5.1,0.0,18.499038,715.8
2025-02-16 06:00:00,0.005175,12.571717,320.23901,161.667912,97.91,7.1,93,4.6,0.0,12.576892,735.3
2025-02-16 07:00:00,3.202079,7.986359,345.352196,161.62468,149.29,6.7,90,3.5,0.0,11.188438,750.3
2025-02-16 08:00:00,43.026331,0.647673,302.594712,161.572096,145.81,7.3,88,4.2,16.0,43.674004,714.4
2025-02-16 09:00:00,158.248363,0.291777,102.042304,155.558088,103.5,8.0,90,6.1,126.0,158.54014,610.0
2025-02-16 10:00:00,191.154249,0.977102,77.74221,134.100064,103.74,9.0,89,9.8,199.0,192.131351,611.1
2025-02-16 11:00:00,242.543015,1.076366,58.57929,107.649584,103.74,9.8,79,9.9,343.0,243.619381,564.7
2025-02-16 12:00:00,245.502615,3.718915,57.61602,107.62528,103.74,10.9,69,14.3,578.0,249.22153,555.7
2025-02-16 13:00:00,284.04627,3.96905,57.68658,104.20592,103.74,11.0,65,18.1,685.0,288.01532,539.6
2025-02-16 14:00:00,263.692825,5.977918,57.71514,106.550864,105.3,11.8,59,15.7,675.0,269.670743,542.5
2025-02-16 15:00:00,198.825092,14.735925,71.880298,107.74904,105.35,11.3,64,16.8,625.0,213.561017,576.2
2025-02-16 16:00:00,115.023389,17.542096,143.945774,108.802792,103.67,10.9,68,17.2,489.0,132.565485,634.8
2025-02-16 17:00:00,32.763551,21.663233,226.716504,144.11656,105.39,10.4,74,17.9,302.0,54.426784,710.0
2025-02-16 18:00:00,2.993808,29.280353,289.900548,161.855232,150.6,9.5,82,17.3,105.0,32.274161,799.9
2025-02-16 19:00:00,3.28262,35.497229,279.081236,161.854784,105.55,9.2,84,17.9,3.0,38.779849,835.1
2025-02-16 20:00:00,3.18102,58.960085,256.94452,161.778512,103.76,9.0,87,17.6,0.0,62.141105,832.3
2025-02-16 21:00:00,2.176904,72.870832,258.268766,161.75404,103.76,8.9,91,18.2,0.0,75.04773599999999,818.5
2025-02-16 22:00:00,0.358824,79.139557,258.26605,161.707896,103.41,8.2,84,19.2,0.0,79.498381,810.3
2025-02-16 23:00:00,0.01122,85.297105,258.232324,161.660408,99.98,7.1,83,17.7,0.0,85.308325,792.7
2025-02-17 00:00:00,0.000248,83.794767,260.602132,161.685496,122.49,6.5,92,16.2,0.0,83.79501499999999,749.2
2025-02-17 01:00:00,0.000616,97.476757,214.282194,155.164464,98.61,6.3,90,16.8,0.0,97.477373,719.6
2025-02-17 02:00:00,0.000232,101.044078,184.272228,107.288328,97.86,5.7,89,19.6,0.0,101.04431,700.0
2025-02-17 03:00:00,0.000304,99.953527,135.289056,107.52336,80.89,5.1,83,21.8,0.0,99.953831,692.2
2025-02-17 04:00:00,0.0002,101.408062,134.349838,109.664744,0.0,4.6,79,23.0,0.0,101.408262,704.1
2025-02-17 05:00:00,0.000276,101.185509,166.792178,134.34596,98.22,4.0,72,23.5,0.0,101.185785,737.9
2025-02-17 06:00:00,0.008906,98.963413,177.611728,161.777,102.01,3.4,67,23.1,0.0,98.972319,790.1
2025-02-17 07:00:00,6.240633,101.079332,183.715182,161.756728,132.8,2.8,58,20.8,0.0,107.319965,842.7
2025-02-17 08:00:00,79.603272,100.791304,122.172386,154.992712,132.5,2.6,59,18.9,27.0,180.394576,808.9
2025-02-17 09:00:00,182.657414,99.166787,57.05154,109.050816,147.82,3.3,58,20.0,191.0,281.824201,746.3
2025-02-17 10:00:00,241.808173,88.758025,57.04965,122.897152,147.07,4.8,53,25.8,319.0,330.566198,736.4
2025-02-17 11:00:00,265.518782,83.580852,57.07737,134.114232,132.56,5.2,50,24.2,468.0,349.099634,708.3
2025-02-17 12:00:00,263.599501,81.774092,57.13197,133.441112,130.94,5.5,52,23.3,519.0,345.373593,683.9
2025-02-17 13:00:00,265.355485,89.871168,57.11916,133.437808,131.73,5.7,51,25.3,522.0,355.226653,685.9
2025-02-17 14:00:00,228.732743,64.018427,57.12861,133.747432,131.11,6.0,50,25.8,557.0,292.75117,692.4
2025-02-17 15:00:00,165.11086,95.853695,57.10005,118.277376,132.15,5.9,52,26.6,441.0,260.964555,741.8
2025-02-17 16:00:00,57.101894,96.578319,114.729874,143.657696,145.88,5.6,53,24.6,307.0,153.68021299999998,820.4
2025-02-17 17:00:00,17.353242,93.865737,189.98042,161.836584,132.15,5.4,54,27.1,157.0,111.218979,882.4
2025-02-17 18:00:00,2.52289,95.550951,233.856504,161.76216,130.06,5.0,58,25.9,48.0,98.073841,932.4
2025-02-17 19:00:00,3.060984,95.410724,233.671956,161.658392,130.79,4.7,61,24.2,2.0,98.471708,933.0
2025-02-17 20:00:00,3.043344,91.600267,215.754882,161.78204,130.79,4.2,61,23.6,0.0,94.643611,913.0
2025-02-17 21:00:00,2.210008,89.785255,219.560222,161.719096,132.48,3.7,62,22.7,0.0,91.995263,882.2
2025-02-17 22:00:00,0.401368,86.34139,219.568734,161.73808,132.45,4.0,63,23.7,0.0,86.74275800000001,865.0
2025-02-17 23:00:00,0.017264,88.868808,209.88779,161.763056,113.87,3.7,68,21.9,0.0,88.886072,841.9
2025-02-18 00:00:00,0.000256,90.884044,152.197374,161.740208,122.64,3.2,71,22.2,0.0,90.8843,793.8
2025-02-18 01:00:00,0.000876,89.934928,155.136996,161.69272,102.15,2.8,75,22.0,0.0,89.935804,757.8
2025-02-18 02:00:00,0.000504,94.766603,155.111376,161.696808,98.46,2.5,75,22.3,0.0,94.767107,741.0
2025-02-18 03:00:00,0.000392,96.312211,139.552084,161.374976,98.46,2.2,75,22.9,0.0,96.312603,727.3
2025-02-18 04:00:00,0.0004,95.132765,134.770496,141.267056,98.46,1.9,77,23.7,0.0,95.133165,729.3
2025-02-18 05:00:00,0.000384,98.278009,134.795332,122.729208,99.51,1.9,73,25.2,0.0,98.278393,747.8
2025-02-18 06:00:00,0.005494,95.824272,149.877602,158.48952,113.01,2.2,68,25.8,0.0,95.829766,788.6
2025-02-18 07:00:00,1.433925,94.933505,163.378782,161.644672,128.93,2.4,68,24.7,0.0,96.36743,844.5
2025-02-18 08:00:00,29.681008,88.725848,200.214672,161.75992,143.78,2.6,66,24.3,9.0,118.406856,867.1
2025-02-18 09:00:00,79.779145,89.43727,132.473208,161.717416,149.48,2.9,63,23.8,80.0,169.21641499999998,839.9
2025-02-18 10:00:00,142.818883,78.437631,72.68898,146.68584,145.96,3.3,58,23.1,243.0,221.256514,802.3
2025-02-18 11:00:00,208.591861,79.558807,57.09984,104.969088,142.19,3.5,62,22.2,313.0,288.150668,760.7
2025-02-18 12:00:00,276.233734,60.911613,57.12588,105.052696,0.0,3.5,63,20.5,380.0,337.145347,691.3
2025-02-18 13:00:00,268.922162,9.684373,57.15864,105.802368,0.0,3.5,62,20.3,476.0,278.606535,694.6
2025-02-18 14:00:00,263.231139,13.50463,57.17187,106.40308,131.05,3.8,57,21.3,609.0,276.735769,692.4
2025-02-18 15:00:00,196.833282,75.675328,57.20106,106.433208,131.05,4.0,54,23.6,493.0,272.50861,738.6
2025-02-18 16:00:00,113.508368,79.959383,90.96101,106.421616,131.05,3.9,55,24.6,410.0,193.467751,793.8
2025-02-18 17:00:00,35.869193,71.154676,186.678548,138.522384,131.05,3.5,58,23.9,226.0,107.023869,873.1
2025-02-18 18:00:00,3.244565,80.733448,226.964724,161.727496,130.78,3.3,58,23.6,60.0,83.97801299999999,961.7
2025-02-18 19:00:00,3.265316,90.391984,259.579572,161.68152,129.98,3.3,61,22.5,2.0,93.6573,982.1
2025-02-18 20:00:00,3.022696,85.706952,259.593054,161.715736,129.9,3.7,59,21.9,0.0,88.729648,961.2
2025-02-18 21:00:00,2.124724,85.061084,259.573706,161.787864,125.25,3.8,59,20.9,0.0,87.185808,924.0
2025-02-18 22:00:00,0.446324,77.550108,203.470218,161.787864,125.25,3.5,61,20.1,0.0,77.996432,908.1
2025-02-18 23:00:00,0.016928,71.782741,177.758448,161.737744,113.94,3.8,61,21.1,0.0,71.799669,883.5
2025-02-19 00:00:00,0.000408,79.860634,177.664606,161.747376,107.9,3.7,64,21.0,0.0,79.861042,833.5
2025-02-19 01:00:00,0.00116,84.387239,177.635402,161.72492,101.77,3.3,66,20.1,0.0,84.38839899999999,793.0
2025-02-19 02:00:00,0.00046,77.930248,156.593654,161.721616,98.38,3.0,67,20.0,0.0,77.93070800000001,764.1
2025-02-19 03:00:00,0.0007,86.986229,155.197,161.711032,97.93,3.2,61,21.9,0.0,86.98692899999999,747.6
2025-02-19 04:00:00,0.000488,89.444821,170.585268,161.705208,98.42,3.3,62,23.0,0.0,89.44530900000001,747.8
2025-02-19 05:00:00,0.000368,81.480338,177.65888,161.688184,102.35,3.4,63,23.7,0.0,81.480706,764.9
2025-02-19 06:00:00,0.005228,83.459473,177.646686,161.69776,113.2,3.3,63,22.7,0.0,83.464701,802.8
2025-02-19 07:00:00,2.079018,86.586479,180.514824,161.642992,128.69,3.4,62,23.0,0.0,88.665497,847.0
2025-02-19 08:00:00,24.148355,85.077121,186.386718,161.756504,137.5,3.8,60,25.5,17.0,109.225476,898.5
2025-02-19 09:00:00,75.223974,86.037396,169.027796,161.708512,142.09,4.1,59,27.0,87.0,161.26137,881.3
2025-02-19 10:00:00,135.640639,86.214598,77.91693,145.048568,157.35,4.1,59,25.7,199.0,221.855237,822.5
2025-02-19 11:00:00,197.199337,80.144814,62.54556,107.824472,0.0,4.3,58,25.0,341.0,277.344151,767.8
2025-02-19 12:00:00,255.623012,58.916894,58.0398,107.67764,0.0,4.6,56,25.4,403.0,314.539906,707.7
2025-02-19 13:00:00,253.268767,9.950689,58.1343,107.427712,0.0,4.8,55,25.7,437.0,263.219456,706.8
2025-02-19 14:00:00,221.702395,41.401951,58.12527,107.444736,132.57,4.5,58,25.4,523.0,263.104346,721.4
2025-02-19 15:00:00,184.421402,86.883598,58.22523,107.678144,131.0,4.2,59,24.4,503.0,271.305,743.9
2025-02-19 16:00:00,124.800984,86.935548,95.681026,112.249984,140.97,3.7,60,23.6,376.0,211.736532,794.4
2025-02-19 17:00:00,39.548229,89.328763,181.174462,161.53312,132.55,3.1,64,23.0,194.0,128.876992,877.0
2025-02-19 18:00:00,3.430747,88.714529,233.347422,161.72716,130.74,2.6,67,21.4,67.0,92.145276,972.9
2025-02-19 19:00:00,3.310096,86.050313,256.266052,161.74004,130.78,2.3,69,19.2,3.0,89.360409,996.2
2025-02-19 20:00:00,3.22134,73.321536,260.577996,161.664776,129.84,2.1,68,17.3,0.0,76.54287599999999,969.3
2025-02-19 21:00:00,1.9537,64.83308,260.631364,161.8008,124.91,2.0,69,16.9,0.0,66.78678,937.6
2025-02-19 22:00:00,0.446668,58.656793,260.663102,161.71036,128.0,1.6,68,14.8,0.0,59.103461,921.7
2025-02-19 23:00:00,0.01708,57.805268,260.603868,161.716016,128.37,1.9,66,15.2,0.0,57.822348,900.1
2025-02-20 00:00:00,0.000344,57.357365,228.461912,161.71624,113.06,1.9,67,15.4,0.0,57.357709,848.2
2025-02-20 01:00:00,0.00084,59.63327,175.895244,161.68404,98.68,1.7,69,15.2,0.0,59.63411,807.1
2025-02-20 02:00:00,0.000388,45.391247,177.615816,161.686896,97.71,1.6,71,15.0,0.0,45.391635,777.2
2025-02-20 03:00:00,0.000568,55.906628,156.788828,161.684152,82.54,1.5,73,15.1,0.0,55.907196,762.1
2025-02-20 04:00:00,0.000504,69.458535,155.217384,161.695576,83.49,1.5,72,14.9,0.0,69.459039,762.1
2025-02-20 05:00:00,0.00038,54.423872,176.125418,161.698712,98.78,1.7,68,13.2,0.0,54.424252,778.1
2025-02-20 06:00:00,0.005652,49.879888,185.447094,161.660744,113.15,2.0,68,13.7,0.0,49.88554,818.9
2025-02-20 07:00:00,4.457518,42.683068,235.142166,161.682416,128.79,2.3,66,14.8,0.0,47.140586,871.9
2025-02-20 08:00:00,47.573187,44.734024,230.21859,161.597912,134.47,2.6,67,16.0,11.0,92.307211,876.5
2025-02-20 09:00:00,92.482278,49.887156,195.679288,161.829304,147.63,3.0,66,16.3,72.0,142.36943399999998,856.7
2025-02-20 10:00:00,152.197235,47.860139,107.49165,158.831512,147.09,4.3,54,18.1,337.0,200.057374,844.8
2025-02-20 11:00:00,233.245756,43.453525,58.64733,107.677304,134.45,4.8,51,17.7,478.0,276.699281,795.5
2025-02-20 12:00:00,287.841618,47.591405,57.30963,104.50692,134.03,5.2,53,19.4,546.0,335.433023,751.4
2025-02-20 13:00:00,288.389184,44.202106,57.07863,103.893664,132.82,4.8,59,18.6,580.0,332.59129,744.8
2025-02-20 14:00:00,263.867073,59.113074,64.2936,103.890024,130.24,4.7,57,18.0,623.0,322.980147,745.4
2025-02-20 15:00:00,196.465746,69.637641,71.034558,103.928944,130.24,4.5,58,19.4,607.0,266.103387,767.0
2025-02-20 16:00:00,100.515168,79.015065,129.147662,110.23348,132.82,3.8,61,18.1,485.0,179.530233,811.5
2025-02-20 17:00:00,31.688813,87.322083,243.87727,153.37868,132.82,3.2,60,17.7,255.0,119.010896,892.6
2025-02-20 18:00:00,3.102152,91.132227,301.524846,161.716408,132.82,2.5,62,16.0,89.0,94.234379,968.9
2025-02-20 19:00:00,3.304588,85.442509,256.720954,161.67732,132.82,2.1,66,13.6,4.0,88.747097,980.2
2025-02-20 20:00:00,3.170564,78.62209,259.643524,161.678328,126.33,2.0,67,14.4,0.0,81.792654,958.5
2025-02-20 21:00:00,2.057456,85.279801,244.056358,161.700952,113.88,1.8,64,13.5,0.0,87.33725700000001,927.0
2025-02-20 22:00:00,0.371196,82.755605,197.627752,161.740656,113.88,2.1,58,16.1,0.0,83.126801,907.1
2025-02-20 23:00:00,0.016072,78.511893,180.262544,161.698432,122.75,2.0,60,16.1,0.0,78.527965,882.5
2025-02-21 00:00:00,0.00028,60.68088,177.70732,161.7168,107.9,1.9,63,16.3,0.0,60.68116,832.1
2025-02-21 01:00:00,0.00084,64.632178,177.658544,161.704648,97.98,1.8,62,16.5,0.0,64.63301799999999,792.9
2025-02-21 02:00:00,0.000388,70.314793,177.61891,161.701848,102.32,1.8,62,15.8,0.0,70.315181,767.9
2025-02-21 03:00:00,0.000528,74.929189,156.679208,161.712264,84.33,2.0,61,16.4,0.0,74.929717,757.6
2025-02-21 04:00:00,0.000512,75.048916,176.147846,161.721896,101.64,2.0,62,17.0,0.0,75.049428,760.4
2025-02-21 05:00:00,0.000328,83.628887,177.604252,161.714784,101.91,2.2,62,17.5,0.0,83.629215,774.0
2025-02-21 06:00:00,0.007608,79.399733,177.636396,161.700896,107.07,2.0,67,18.6,0.0,79.407341,810.7
2025-02-21 07:00:00,4.073021,53.444568,180.502602,161.696416,132.8,1.8,71,16.7,0.0,57.517589,862.2
2025-02-21 08:00:00,40.903424,41.511249,194.717012,161.607544,138.87,2.3,66,16.1,10.0,82.414673,880.5
2025-02-21 09:00:00,112.253738,44.31536,182.99596,161.723968,147.57,2.9,60,18.0,62.0,156.569098,830.8
2025-02-21 10:00:00,204.158191,42.077353,71.666924,141.27652,148.73,4.4,48,20.1,246.0,246.235544,784.2
2025-02-21 11:00:00,241.867584,58.51757,57.32937,134.348312,140.38,4.7,52,21.7,488.0,300.385154,756.4
2025-02-21 12:00:00,284.919489,48.421488,57.37032,134.337448,132.73,4.5,56,19.7,623.0,333.340977,707.3
2025-02-21 13:00:00,279.354306,53.359687,57.36948,133.48048,0.0,4.4,55,19.7,651.0,332.713993,717.4
2025-02-21 14:00:00,256.027056,12.335539,57.38859,133.356944,132.54,4.3,55,20.9,662.0,268.362595,719.9
2025-02-21 15:00:00,205.569127,49.658116,57.32307,133.217728,132.81,3.9,54,21.5,585.0,255.227243,744.7
2025-02-21 16:00:00,120.438343,71.837256,97.79413,128.780064,146.98,3.6,51,20.6,449.0,192.275599,794.3
2025-02-21 17:00:00,42.207609,79.614908,173.430656,161.616336,132.81,3.3,53,20.1,245.0,121.822517,878.2
2025-02-21 18:00:00,3.897477,69.818215,217.734832,161.731584,132.56,2.7,57,18.8,97.0,73.71569199999999,972.4
2025-02-21 19:00:00,3.292084,66.757057,229.669314,161.680064,126.31,2.2,61,15.8,5.0,70.049141,996.0
2025-02-21 20:00:00,3.003488,57.894351,249.365634,161.766864,113.91,1.7,69,13.8,0.0,60.897839,977.4
2025-02-21 21:00:00,1.820256,50.745062,266.072744,161.817432,113.67,1.2,74,11.6,0.0,52.565318,950.6
2025-02-21 22:00:00,0.439328,33.548045,282.912924,174.026776,113.9,1.1,75,9.2,0.0,33.987373000000005,937.9
2025-02-21 23:00:00,0.016804,27.539991,284.042794,181.528424,113.9,0.9,77,8.7,0.0,27.556795,920.3
2025-02-22 00:00:00,0.00036,33.281636,253.057952,162.495368,108.15,1.0,74,8.8,0.0,33.281996,866.2
2025-02-22 01:00:00,0.000844,41.379115,220.153108,161.789208,101.48,1.4,71,9.0,0.0,41.379959,825.2
2025-02-22 02:00:00,0.0004,33.58754,219.695252,161.78372,102.66,1.8,68,10.3,0.0,33.58794,801.8
2025-02-22 03:00:00,0.00058,36.359733,219.602642,161.729624,85.12,1.8,72,11.7,0.0,36.360313,789.2
2025-02-22 04:00:00,0.000432,38.491198,219.636116,161.694064,85.12,1.7,76,12.8,0.0,38.49163,787.0
2025-02-22 05:00:00,0.000436,35.857013,219.580802,161.662424,102.42,2.0,71,13.2,0.0,35.857449,803.7
2025-02-22 06:00:00,0.007276,31.587665,228.836412,161.737688,106.37,2.6,63,15.5,0.0,31.594941,835.8
2025-02-22 07:00:00,7.614377,34.185641,243.402446,161.720776,104.78,2.8,64,17.9,0.0,41.800018,840.7
2025-02-22 08:00:00,49.867557,35.302473,229.957014,161.70252,103.15,3.4,63,21.4,13.0,85.17003,796.0
2025-02-22 09:00:00,94.024544,40.183431,157.491292,150.58204,98.05,3.5,65,23.3,62.0,134.207975,751.1
2025-02-22 10:00:00,121.438736,46.545877,101.290854,141.182384,110.37,4.4,58,24.6,192.0,167.984613,746.7
2025-02-22 11:00:00,132.226164,40.107798,97.74492,127.02312,80.29,3.0,79,20.4,273.0,172.333962,752.0
2025-02-22 12:00:00,156.132092,39.83971,69.67044,120.646792,0.0,4.0,71,18.8,476.0,195.971802,713.3
2025-02-22 13:00:00,156.949441,41.354613,57.53916,109.881968,0.0,4.4,70,19.5,530.0,198.304054,698.7
2025-02-22 14:00:00,144.517673,43.59166,57.41169,109.917528,76.15,4.4,68,22.6,417.0,188.109333,705.1
2025-02-22 15:00:00,114.472118,43.192798,66.16344,109.917976,79.69,4.4,64,23.1,362.0,157.664916,715.0
2025-02-22 16:00:00,71.653594,43.316967,109.701606,142.931096,82.46,4.1,65,21.6,301.0,114.970561,764.5
2025-02-22 17:00:00,31.590532,49.95416,205.043678,161.806624,97.87,3.5,67,19.3,179.0,81.544692,846.9
2025-02-22 18:00:00,3.505855,53.582239,242.123672,161.73024,108.44,2.9,68,17.0,82.0,57.088094,938.5
2025-02-22 19:00:00,3.168972,49.337142,243.644016,161.714728,108.44,2.4,70,15.6,4.0,52.506114,959.4
2025-02-22 20:00:00,1.730552,49.755069,243.556698,161.78624,108.44,1.9,74,14.7,0.0,51.485621,940.5
2025-02-22 21:00:00,0.459692,54.821874,243.70346,161.69552,108.44,2.0,69,13.4,0.0,55.281566,916.4
2025-02-22 22:00:00,0.064152,60.823815,217.828044,161.647752,108.44,2.2,65,16.9,0.0,60.887967,897.4
2025-02-22 23:00:00,0.000328,65.069245,175.421232,161.741104,108.44,2.0,67,18.4,0.0,65.06957299999999,875.0
2025-02-23 00:00:00,0.000328,62.778664,177.663066,161.72296,104.96,2.1,67,19.7,0.0,62.778992,826.7
2025-02-23 01:00:00,0.000404,69.203853,156.626246,161.700672,86.42,2.0,71,18.8,0.0,69.204257,789.9
2025-02-23 02:00:00,0.000344,68.624491,155.188964,161.660688,86.39,2.2,68,19.8,0.0,68.624835,763.7
2025-02-23 03:00:00,0.000112,71.799425,155.197252,161.696192,84.98,1.9,73,20.1,0.0,71.799537,751.3
2025-02-23 04:00:00,3.2e-05,76.152413,155.216124,161.670488,85.83,2.0,70,20.6,0.0,76.152445,748.2
2025-02-23 05:00:00,7.2e-05,85.213988,155.206156,161.73052,86.43,1.8,74,23.2,0.0,85.21406,762.6
2025-02-23 06:00:00,0.004829,75.220086,176.169434,161.69664,98.4,1.6,73,23.0,0.0,75.224915,793.0
2025-02-23 07:00:00,1.788211,82.775123,177.659524,161.699552,97.34,1.3,75,21.2,0.0,84.563334,812.4
2025-02-23 08:00:00,27.067441,70.775581,156.695672,161.661528,81.85,1.2,74,19.7,11.0,97.843022,780.7
2025-02-23 09:00:00,80.724581,61.422986,86.465652,158.68132,79.67,1.7,68,22.0,68.0,142.147567,722.1
2025-02-23 10:00:00,84.097701,78.585092,77.72163,158.175472,98.31,2.3,60,24.1,180.0,162.682793,750.0
2025-02-23 11:00:00,94.410276,83.504798,75.89316,156.73084,72.76,2.4,59,25.4,238.0,177.915074,729.0
2025-02-23 12:00:00,135.099446,83.88733,58.1616,106.736056,72.76,2.3,60,26.6,265.0,218.986776,699.7
2025-02-23 13:00:00,150.663166,68.886901,60.49071,106.959384,6.21,2.5,58,27.0,359.0,219.550067,703.7
2025-02-23 14:00:00,132.389418,85.870809,58.15215,106.931552,72.76,2.4,62,27.7,447.0,218.260227,711.5
2025-02-23 15:00:00,84.951614,90.006892,80.219524,117.910296,72.76,2.2,64,27.6,482.0,174.958506,756.0
2025-02-23 16:00:00,40.568693,94.382721,168.810586,147.379456,79.67,2.3,60,27.8,392.0,134.951414,853.5
2025-02-23 17:00:00,22.059867,89.956156,218.016554,161.849128,96.13,2.0,60,29.0,253.0,112.016023,908.6
2025-02-23 18:00:00,2.558656,95.424405,241.954678,161.779352,104.96,1.7,57,27.9,97.0,97.983061,970.1
2025-02-23 19:00:00,2.652248,94.863597,243.527536,161.739144,104.96,0.7,81,23.5,5.0,97.515845,984.7
2025-02-23 20:00:00,1.709196,88.017274,242.01898,161.624904,98.27,0.9,80,25.7,0.0,89.72647,964.9
2025-02-23 21:00:00,0.44382,80.045252,243.49458,161.743232,104.96,0.8,81,24.1,0.0,80.48907200000001,931.3
2025-02-23 22:00:00,0.060956,93.4605,243.499928,161.764792,103.97,1.6,65,30.5,0.0,93.521456,913.3
2025-02-23 23:00:00,0.000208,93.213936,243.51474,161.745696,104.96,1.6,72,29.1,0.0,93.214144,895.6
2025-02-24 00:00:00,0.000192,92.860408,175.008358,161.795032,87.21,1.3,69,29.9,0.0,92.8606,846.7
2025-02-24 01:00:00,0.000168,90.740688,155.179892,161.739424,80.05,1.2,70,29.8,0.0,90.740856,809.9
2025-02-24 02:00:00,0.000316,91.860908,155.138872,161.758352,80.05,1.7,57,31.0,0.0,91.861224,779.1
2025-02-24 03:00:00,0.000208,92.606772,155.162462,161.725424,80.05,1.8,58,30.0,0.0,92.60698,766.8
2025-02-24 04:00:00,0.000208,87.979308,155.124368,161.718088,80.05,1.6,57,28.9,0.0,87.979516,769.4
2025-02-24 05:00:00,0.0002,84.915504,155.208774,161.703808,81.1,1.7,63,28.9,0.0,84.915704,791.3
2025-02-24 06:00:00,0.004907,82.69996,180.602996,161.74704,97.63,1.5,67,25.8,0.0,82.70486700000001,836.7
2025-02-24 07:00:00,2.508207,79.916692,228.6298,161.731192,114.82,1.6,65,26.0,0.0,82.424899,895.6
2025-02-24 08:00:00,27.174672,77.492896,255.823302,161.66108,130.83,2.4,63,26.0,25.0,104.667568,946.1
2025-02-24 09:00:00,68.937775,73.060431,231.581658,161.754824,149.97,2.4,69,25.0,83.0,141.99820599999998,941.7
2025-02-24 10:00:00,129.412146,71.51834,135.864834,160.601112,147.76,2.2,67,24.6,187.0,200.930486,914.1
2025-02-24 11:00:00,170.564089,65.776243,77.36148,146.510616,132.15,2.4,68,23.3,371.0,236.340332,874.8
2025-02-24 12:00:00,207.157645,59.549619,57.55302,113.413048,126.28,2.6,70,22.4,355.0,266.707264,813.9
2025-02-24 13:00:00,256.186319,49.026314,57.37284,106.771,110.57,2.8,71,22.7,420.0,305.21263300000004,778.3
2025-02-24 14:00:00,256.580321,49.732278,63.54033,105.800184,126.28,3.0,72,22.4,418.0,306.31259900000003,763.0
2025-02-24 15:00:00,213.54871,46.866271,80.53101,106.983296,111.72,3.2,70,21.9,423.0,260.414981,765.5
2025-02-24 16:00:00,141.317402,44.92289,148.67699,106.966832,132.15,3.3,68,20.4,373.0,186.240292,806.9
2025-02-24 17:00:00,52.83961,47.541398,221.048422,148.762096,132.15,3.9,62,18.0,294.0,100.381008,872.3
2025-02-24 18:00:00,4.237617,52.523534,269.703546,161.86268,122.49,3.3,65,16.7,122.0,56.761151,972.8
2025-02-24 19:00:00,2.810608,49.51958,299.603514,161.750624,114.31,2.8,70,15.0,7.0,52.330188,1007.7
2025-02-24 20:00:00,1.791476,40.521421,322.843836,161.590408,114.31,2.5,73,12.1,0.0,42.312897,989.6
2025-02-24 21:00:00,0.714472,39.448378,322.80262,161.70392,113.9,1.6,79,7.5,0.0,40.16285,962.5
2025-02-24 22:00:00,0.097648,21.626819,363.629294,161.645064,114.31,1.8,75,7.4,0.0,21.724467,945.1
2025-02-24 23:00:00,0.000368,12.957455,349.682508,161.64568,113.9,0.6,79,6.3,0.0,12.957823,917.4
2025-02-25 00:00:00,0.000344,14.06523,323.46545,161.644448,116.69,-0.2,81,4.2,0.0,14.065574,871.8
2025-02-25 01:00:00,0.000288,10.17805,300.423942,161.617456,85.02,-0.2,83,2.9,0.0,10.178338,837.2
2025-02-25 02:00:00,0.000344,8.65734,297.825598,161.601944,83.6,-0.5,85,1.9,0.0,8.657684,812.5
2025-02-25 03:00:00,0.000368,5.414401,297.776066,161.75012,82.77,-1.2,88,3.2,0.0,5.414769,797.9
2025-02-25 04:00:00,0.000368,3.600917,297.851988,161.793016,83.6,-1.3,89,3.6,0.0,3.601285,794.8
2025-02-25 05:00:00,0.000352,0.949292,297.71763,161.728056,85.02,-0.8,87,3.5,0.0,0.949644,811.3
2025-02-25 06:00:00,0.012777,1.144601,337.524418,161.679392,115.47,-1.2,84,4.1,0.0,1.157378,846.3
2025-02-25 07:00:00,10.920356,1.349973,369.071164,161.682472,107.9,-0.2,84,5.5,0.0,12.270329,876.0
2025-02-25 08:00:00,86.725585,1.131724,334.295052,161.670432,151.48,2.3,86,7.8,43.0,87.857309,840.4
2025-02-25 09:00:00,171.298618,0.915843,207.836202,161.77588,151.09,3.9,85,7.1,217.0,172.214461,781.6
2025-02-25 10:00:00,228.882768,1.362861,138.193048,161.783608,153.28,5.7,74,9.0,427.0,230.245629,757.5
2025-02-25 11:00:00,187.528872,2.338223,87.2529,164.590832,142.0,6.5,68,10.1,602.0,189.867095,764.4
2025-02-25 12:00:00,153.134971,3.332627,102.11376,163.83892,128.4,7.2,62,11.4,557.0,156.467598,760.9
2025-02-25 13:00:00,154.003094,4.764962,112.79982,171.609256,128.32,7.3,63,12.3,474.0,158.768056,771.3
2025-02-25 14:00:00,140.941389,4.07332,135.00354,163.00788,128.32,7.9,61,13.2,496.0,145.01470899999998,783.6
2025-02-25 15:00:00,70.127818,4.443289,196.16541,161.758744,128.32,7.6,62,13.3,263.0,74.57110700000001,809.3
2025-02-25 16:00:00,39.80326,7.038679,268.922178,161.740768,152.46,7.4,64,14.3,167.0,46.841939,847.0
2025-02-25 17:00:00,12.837807,8.472784,333.37934,165.162144,130.78,7.0,65,14.7,104.0,21.310591,895.3
2025-02-25 18:00:00,2.393479,15.511874,381.447094,163.579248,114.94,6.2,71,16.9,21.0,17.905353,927.1
2025-02-25 19:00:00,3.070596,18.595291,375.733946,161.7546,114.94,5.7,76,18.3,2.0,21.665887,930.5
2025-02-25 20:00:00,1.955736,19.480017,343.664258,161.804888,113.0,5.6,77,17.4,0.0,21.435753,910.9
2025-02-25 21:00:00,0.914688,19.847314,324.610426,161.713832,109.59,5.0,78,16.8,0.0,20.762002000000003,888.0
2025-02-25 22:00:00,0.016776,19.893752,319.94949,161.726936,109.59,5.6,83,15.7,0.0,19.910528,866.9
2025-02-25 23:00:00,0.0,24.805654,322.64995,161.739424,109.59,5.2,83,16.2,0.0,24.805654,861.7
2025-02-26 00:00:00,0.0,29.351864,322.699916,161.7,105.07,5.7,78,18.1,0.0,29.351864,817.1
2025-02-26 01:00:00,0.0,41.75163,288.278158,161.660632,97.54,6.4,74,18.2,0.0,41.75163,784.7
2025-02-26 02:00:00,0.0,42.53909,237.928152,161.67564,82.1,7.3,70,19.2,0.0,42.53909,756.6
2025-02-26 03:00:00,0.0,42.492704,233.350082,161.695128,82.1,7.5,66,20.2,0.0,42.492704,741.3
2025-02-26 04:00:00,0.000108,30.276899,233.39806,161.714,82.1,7.4,66,19.0,0.0,30.277007,743.0
2025-02-26 05:00:00,0.0,23.45817,242.22744,161.689472,87.2,7.1,69,18.0,0.0,23.45817,759.7
2025-02-26 06:00:00,0.011527,26.959143,315.190148,161.70672,113.35,6.7,73,17.0,0.0,26.97067,806.0
2025-02-26 07:00:00,10.360347,21.113576,315.255584,161.704032,113.99,6.3,75,14.2,0.0,31.473923,835.9
2025-02-26 08:00:00,72.320985,18.082765,259.964572,161.686784,123.71,6.6,71,11.9,38.0,90.40375,797.6
2025-02-26 09:00:00,159.516714,11.330233,108.205636,161.672224,130.86,7.8,67,11.6,200.0,170.846947,757.0
2025-02-26 10:00:00,235.889057,8.823942,76.5114,162.121512,141.24,8.6,64,13.0,419.0,244.712999,725.6
2025-02-26 11:00:00,289.834143,7.057073,57.60132,144.258296,0.0,9.2,61,13.2,572.0,296.891216,682.5
2025-02-26 12:00:00,292.333393,3.903603,57.39888,159.201336,-67.16,9.5,61,13.0,686.0,296.236996,642.4
2025-02-26 13:00:00,271.670931,3.821859,57.41694,181.506696,0.0,9.9,59,13.6,763.0,275.49279,651.4
2025-02-26 14:00:00,240.038968,4.268814,57.39342,176.534624,130.11,9.8,60,13.8,677.0,244.307782,657.4
2025-02-26 15:00:00,199.833411,6.648657,61.21521,157.308088,128.35,9.8,62,13.5,658.0,206.48206800000003,683.7
2025-02-26 16:00:00,116.567965,5.811603,114.541168,186.912432,130.79,9.5,64,12.4,497.0,122.379568,733.1
2025-02-26 17:00:00,40.40861,2.468023,213.299352,190.005984,150.61,8.9,70,10.6,320.0,42.876633000000005,788.5
2025-02-26 18:00:00,4.511398,1.577873,333.290258,193.084808,119.7,7.8,80,7.0,115.0,6.089271,874.6
2025-02-26 19:00:00,3.317848,1.305844,371.632548,190.394176,119.79,6.0,86,5.2,8.0,4.623692,918.0
2025-02-26 20:00:00,3.277024,1.166972,372.559866,189.7644,153.18,5.6,83,5.3,0.0,4.443996,909.1
2025-02-26 21:00:00,2.31464,1.342078,364.73913,189.691376,147.84,5.3,77,5.3,0.0,3.656718,891.4
2025-02-26 22:00:00,0.38496,1.389282,371.730128,189.661304,147.59,5.9,85,5.8,0.0,1.774242,882.7
2025-02-26 23:00:00,0.015056,1.508035,363.865362,189.602392,114.01,5.1,84,7.0,0.0,1.523091,868.6
2025-02-27 00:00:00,0.000104,0.840249,345.6922,171.38772,97.37,4.6,76,6.7,0.0,0.840353,824.2
2025-02-27 01:00:00,0.000404,0.338298,323.670088,161.676536,88.86,4.6,69,4.7,0.0,0.338702,787.6
2025-02-27 02:00:00,0.000116,0.190616,302.388436,161.64428,88.86,4.8,60,3.5,0.0,0.190732,763.1
2025-02-27 03:00:00,9.6e-05,0.102853,297.993038,161.658448,88.86,4.6,53,2.5,0.0,0.102949,746.8
2025-02-27 04:00:00,8.8e-05,0.015524,297.94674,161.637224,88.86,4.0,47,2.0,0.0,0.015612,752.1
2025-02-27 05:00:00,0.000332,0.00522,311.5308,161.67116,116.84,3.7,49,1.8,0.0,0.005552,775.9
2025-02-27 06:00:00,0.011057,0.573256,347.991658,161.760088,117.74,3.4,51,2.6,0.0,0.584313,812.8
2025-02-27 07:00:00,14.205907,5.79848,351.12994,161.71344,113.61,3.2,55,2.2,0.0,20.004387,834.9
2025-02-27 08:00:00,65.474279,10.381596,321.30777,161.714168,142.09,5.8,56,2.2,39.0,75.855875,787.2
2025-02-27 09:00:00,71.810168,9.182816,266.054894,161.78484,118.94,8.8,55,5.4,142.0,80.992984,802.0
2025-02-27 10:00:00,88.652156,4.717201,255.19179,161.787024,118.91,10.5,53,9.0,329.0,93.369357,804.9
2025-02-27 11:00:00,97.908541,1.267467,243.552302,161.785176,117.09,12.1,48,9.4,373.0,99.176008,789.3
2025-02-27 12:00:00,85.751923,2.478874,241.000214,161.786912,100.23,13.1,40,7.5,453.0,88.23079700000001,769.7
2025-02-27 13:00:00,60.155851,7.369829,252.180012,169.9824,102.15,13.4,31,6.0,450.0,67.52568,800.6
2025-02-27 14:00:00,38.266576,8.407315,241.495142,161.714448,102.32,12.3,34,3.6,262.0,46.673891,818.6
2025-02-27 15:00:00,30.090388,9.228551,261.670234,162.127112,112.76,10.1,57,8.9,199.0,39.318939,838.4
2025-02-27 16:00:00,14.501056,5.605474,313.82519,181.120184,112.76,8.8,77,4.2,76.0,20.10653,887.5
2025-02-27 17:00:00,5.886378,4.546533,326.00764,195.885704,113.15,8.3,89,6.5,56.0,10.432911,898.0
2025-02-27 18:00:00,0.728867,1.242553,322.904484,195.676096,117.43,7.9,90,5.4,32.0,1.97142,898.5
2025-02-27 19:00:00,0.895864,1.692131,322.88221,195.639416,113.4,7.6,88,2.9,3.0,2.5879950000000003,893.4
2025-02-27 20:00:00,0.459524,1.968261,322.833476,195.53548,107.64,7.4,92,5.0,0.0,2.427785,866.5
2025-02-27 21:00:00,0.021288,1.7122,322.516292,195.70936,107.64,7.6,92,6.7,0.0,1.733488,831.4
2025-02-27 22:00:00,0.000192,1.426233,261.938124,167.047104,107.64,8.7,83,5.2,0.0,1.426425,815.6
2025-02-27 23:00:00,0.00024,0.591903,246.491224,161.8708,107.64,9.1,82,5.6,0.0,0.592143,788.9
2025-02-28 00:00:00,0.00028,1.686305,219.641002,161.701176,87.2,9.1,83,4.2,0.0,1.686585,736.2
2025-02-28 01:00:00,0.00028,1.46668,219.699256,161.70448,81.74,9.1,87,4.2,0.0,1.46696,690.4
2025-02-28 02:00:00,0.000328,1.365966,219.564254,161.681072,80.53,9.4,88,3.8,0.0,1.366294,663.1
2025-02-28 03:00:00,0.00036,0.427037,219.682526,161.656936,80.53,9.4,86,2.0,0.0,0.427397,647.6
2025-02-28 04:00:00,0.00036,0.06102,224.569282,161.642992,80.53,9.0,90,0.7,0.0,0.06138,643.6
2025-02-28 05:00:00,0.000328,0.0135,229.627118,161.61768,80.71,9.3,90,1.9,0.0,0.013828,663.1
2025-02-28 06:00:00,0.004524,0.05796,261.765574,161.75796,88.12,9.6,89,2.3,0.0,0.062484,696.4
2025-02-28 07:00:00,3.057275,2.959788,285.325502,161.60844,99.18,10.5,88,1.5,0.0,6.017063,738.9
2025-02-28 08:00:00,25.21683,1.982872,309.643222,161.770728,115.69,11.0,93,7.2,21.0,27.199702,774.1
2025-02-28 09:00:00,65.726933,0.0,312.896486,161.763168,153.44,11.4,95,4.3,92.0,65.726933,779.5
2025-02-28 10:00:00,130.668847,0.145579,254.19569,161.728,155.88,11.9,94,8.1,124.0,130.814426,746.7
2025-02-28 11:00:00,183.167725,0.466188,153.469022,156.540608,130.81,13.3,84,7.9,214.0,183.633913,698.7
2025-02-28 12:00:00,180.455045,1.407417,135.5865,128.655744,115.63,14.5,80,11.5,552.0,181.862462,678.9
2025-02-28 13:00:00,129.680956,0.964283,168.94815,153.925912,115.61,14.4,84,12.0,735.0,130.645239,717.2
2025-02-28 14:00:00,103.621954,0.051815,157.81962,161.768824,115.61,14.1,87,10.3,737.0,103.673769,714.9
2025-02-28 15:00:00,104.985939,0.0,161.393554,161.825496,115.61,13.5,90,8.2,625.0,104.985939,713.4
2025-02-28 16:00:00,71.333239,0.0108,202.326418,161.781816,115.6,13.0,92,5.5,464.0,71.34403900000001,731.9
2025-02-28 17:00:00,32.756024,0.351504,286.4078,161.797104,113.83,12.3,94,7.6,238.0,33.107527999999995,757.8
2025-02-28 18:00:00,3.218425,0.495504,337.796228,161.75936,100.14,12.0,94,8.9,87.0,3.713929,804.4
2025-02-28 19:00:00,3.134968,0.105792,340.676,161.799904,100.14,11.7,94,7.6,6.0,3.2407600000000003,834.1
2025-02-28 20:00:00,2.973696,0.563701,324.224348,161.819392,99.2,11.5,93,5.1,0.0,3.537397,837.2
2025-02-28 21:00:00,1.902652,0.258404,322.892626,161.789824,152.97,10.1,92,3.0,0.0,2.161056,818.3
2025-02-28 22:00:00,0.509672,0.469793,298.808174,161.740712,92.54,9.4,93,4.6,0.0,0.979465,786.0
2025-02-28 23:00:00,0.015272,0.527109,297.839444,161.7378,151.99,8.4,90,3.3,0.0,0.542381,760.2
2025-03-01 00:00:00,8e-05,0.369148,274.26623,161.728728,95.61,7.7,92,2.1,0.0,0.369228,708.0
2025-03-01 01:00:00,0.000424,0.475699,242.424434,161.600544,86.26,7.8,92,0.5,0.0,0.4761229999999999,686.3
2025-03-01 02:00:00,9.2e-05,0.257153,233.397402,161.602392,84.33,8.0,88,0.2,0.0,0.257245,665.4
2025-03-01 03:00:00,8e-05,0.015427,233.233238,161.607768,81.71,8.1,85,0.9,0.0,0.015507,638.8
2025-03-01 04:00:00,8e-05,0.000482,233.253286,161.627928,81.71,8.1,83,1.1,0.0,0.000562,627.8
2025-03-01 05:00:00,0.000296,0.04248,233.256296,161.676536,81.91,9.1,83,1.4,0.0,0.0427759999999999,631.9
2025-03-01 06:00:00,0.002626,0.1611,233.208248,161.658224,84.33,10.3,80,1.6,0.0,0.1637259999999999,653.9
2025-03-01 07:00:00,0.90175,0.344006,233.187346,161.7112,84.08,10.7,80,2.6,0.0,1.245756,674.1
2025-03-01 08:00:00,11.709357,0.420894,257.032006,161.696528,95.6,11.4,83,3.3,20.0,12.130251,700.1
2025-03-01 09:00:00,29.21225,1.658861,216.236916,161.774648,99.33,13.1,85,5.3,77.0,30.871111,715.6
2025-03-01 10:00:00,60.568485,5.164959,155.39244,161.710808,112.34,15.1,83,4.5,226.0,65.733444,709.8
2025-03-01 11:00:00,73.653834,5.295052,139.517154,161.73892,99.33,16.6,83,1.8,347.0,78.948886,670.5
2025-03-01 12:00:00,42.205968,5.136506,98.260806,161.789152,99.33,16.2,89,2.3,276.0,47.342474,701.4
2025-03-01 13:00:00,33.145946,3.604719,98.17521,161.773752,99.33,17.2,90,3.9,375.0,36.750665000000005,707.1
2025-03-01 14:00:00,37.496748,3.907128,97.18002,161.744576,99.33,18.4,88,3.7,412.0,41.403876,697.4
2025-03-01 15:00:00,35.973843,4.689541,106.21632,161.687904,99.33,18.2,92,7.2,298.0,40.663384,692.9
2025-03-01 16:00:00,17.167771,5.134983,138.54204,161.602392,98.4,17.2,99,2.7,296.0,22.302754,716.6
2025-03-01 17:00:00,9.799362,3.743933,163.351398,161.535584,95.86,17.2,99,4.2,125.0,13.543295,732.3
2025-03-01 18:00:00,0.91456,2.421937,244.408528,161.343112,95.91,17.0,98,4.9,59.0,3.336497,757.4
2025-03-01 19:00:00,0.175276,1.396797,255.673194,161.466424,95.95,17.1,93,9.2,5.0,1.572073,762.1
2025-03-01 20:00:00,0.000336,2.02856,257.07297,161.656824,95.92,17.5,92,11.9,0.0,2.028896,747.0
2025-03-01 21:00:00,0.000368,1.749256,245.361648,161.60732,86.26,17.3,92,9.0,0.0,1.7496239999999998,726.1
2025-03-01 22:00:00,0.000376,1.322913,241.041878,161.615832,95.61,16.0,94,8.8,0.0,1.323289,717.3
2025-03-01 23:00:00,0.00036,1.603024,225.896916,161.575456,86.26,16.5,93,9.2,0.0,1.603384,698.7
2025-03-02 00:00:00,0.000312,1.366913,160.04016,161.581896,84.9,16.4,93,7.3,0.0,1.367225,655.6
2025-03-02 01:00:00,0.000368,1.40094,159.9948,161.480032,82.37,16.2,92,7.7,0.0,1.401308,619.3
2025-03-02 02:00:00,0.000376,1.546414,159.95847,141.57808,79.49,16.1,91,6.8,0.0,1.54679,595.7
2025-03-02 03:00:00,0.00032,1.608574,160.02945,153.009248,79.49,15.9,91,4.8,0.0,1.608894,582.4
2025-03-02 04:00:00,0.000312,0.921918,160.02861,161.596456,79.49,15.1,92,2.7,0.0,0.92223,578.5
2025-03-02 05:00:00,0.000312,0.69624,160.1271,161.577136,79.49,14.8,93,1.9,0.0,0.696552,587.9
2025-03-02 06:00:00,0.00922,0.722122,160.04478,161.534856,80.18,15.5,91,5.2,0.0,0.731342,613.0
2025-03-02 07:00:00,6.879775,0.50101,160.03701,161.549752,81.49,15.6,91,4.7,0.0,7.380785,621.8
2025-03-02 08:00:00,30.072693,0.36108,159.98199,161.494984,81.06,15.8,92,7.8,16.0,30.433773,618.9
2025-03-02 09:00:00,65.021412,0.3393,136.77657,161.714504,79.49,16.4,96,8.5,71.0,65.36071199999999,610.1
2025-03-02 10:00:00,89.37053,0.43855,77.82159,161.629664,79.53,19.1,92,6.9,232.0,89.80908000000001,614.5
2025-03-02 11:00:00,54.851139,1.288324,77.82873,161.639744,79.53,20.7,86,3.9,413.0,56.139463000000006,640.0
2025-03-02 12:00:00,47.726869,1.812193,77.8533,161.582456,79.49,20.7,91,5.2,518.0,49.539062,647.7
2025-03-02 13:00:00,51.277333,1.881869,77.84847,161.526848,79.49,18.6,100,2.2,219.0,53.159202,646.3
2025-03-02 14:00:00,44.231227,1.075143,77.8176,161.51044,79.49,18.8,100,4.8,283.0,45.30637,649.7
2025-03-02 15:00:00,31.550944,0.956655,101.72008,175.105,80.18,17.7,100,4.6,135.0,32.507599,661.6
2025-03-02 16:00:00,12.05959,1.319595,149.397122,195.81968,82.37,17.9,98,5.2,202.0,13.379185,686.7
2025-03-02 17:00:00,4.914435,2.55347,173.026168,161.656656,86.26,18.2,98,4.7,121.0,7.467905,708.3
2025-03-02 18:00:00,0.29511,3.078673,219.636732,161.545944,86.26,17.5,100,6.2,75.0,3.3737830000000004,730.5
2025-03-02 19:00:00,0.122584,3.673666,180.00696,161.528192,86.26,16.9,100,3.9,4.0,3.79625,733.5
2025-03-02 20:00:00,0.000248,3.701826,158.002222,161.717696,86.26,16.3,100,1.8,0.0,3.702074,715.3
2025-03-02 21:00:00,0.000248,3.748733,158.126794,161.639408,86.26,17.0,97,3.9,0.0,3.748981,696.3
2025-03-02 22:00:00,0.000264,6.965759,138.157306,161.662536,86.26,16.8,98,1.7,0.0,6.966023,684.7
2025-03-02 23:00:00,0.000256,8.055419,75.974094,161.669872,86.26,16.8,98,8.5,0.0,8.055675,671.9
2025-03-03 00:00:00,0.000264,6.733616,75.899936,161.698264,81.32,16.5,100,11.4,0.0,6.733879999999999,628.6
2025-03-03 01:00:00,0.00024,6.823591,74.699072,161.69384,79.49,15.6,100,13.5,0.0,6.823831,598.0
2025-03-03 02:00:00,0.000264,7.025111,75.549488,161.661192,79.49,15.0,98,14.1,0.0,7.025375,585.0
2025-03-03 03:00:00,0.000264,4.174808,76.61864,161.583688,79.49,14.5,97,13.7,0.0,4.175071999999999,583.8
2025-03-03 04:00:00,0.000272,5.77073,76.841744,161.624848,79.49,13.8,96,21.1,0.0,5.771002,591.7
2025-03-03 05:00:00,0.00028,5.84888,77.094864,161.603288,79.49,13.0,96,23.6,0.0,5.84916,604.5
2025-03-03 06:00:00,0.002505,6.432392,80.926902,161.621824,81.76,12.1,96,26.5,0.0,6.434897,634.0
2025-03-03 07:00:00,0.29432,6.613852,94.859002,161.622272,83.21,11.5,96,29.0,0.0,6.908172,667.9
2025-03-03 08:00:00,3.219791,7.028968,142.043678,161.707728,95.61,10.9,95,32.7,7.0,10.248759,723.4
2025-03-03 09:00:00,8.136434,8.64781,175.336294,161.747768,113.26,10.4,95,36.2,40.0,16.784244,779.0
2025-03-03 10:00:00,17.441839,9.276509,177.103962,161.741888,113.26,9.3,96,37.9,67.0,26.718348,794.5
2025-03-03 11:00:00,48.864358,5.927898,176.582028,161.7,114.75,8.6,95,41.9,59.0,54.792256,785.0
2025-03-03 12:00:00,49.339758,3.98208,161.99274,161.664608,114.75,9.0,88,44.0,182.0,53.321838,774.4
2025-03-03 13:00:00,42.090806,3.34608,175.075446,161.677544,114.75,9.4,81,43.8,154.0,45.436886,790.3
2025-03-03 14:00:00,17.813001,2.97324,176.55085,161.695688,114.75,9.7,82,44.5,171.0,20.786241,820.9
2025-03-03 15:00:00,38.309289,2.91918,179.445112,161.75656,114.75,9.1,93,39.8,86.0,41.228469,804.4
2025-03-03 16:00:00,21.78143,5.00172,197.473332,161.702184,114.18,9.1,93,40.5,80.0,26.78315,833.2
2025-03-03 17:00:00,5.618165,4.77612,238.672714,161.6958,114.29,9.2,91,42.3,52.0,10.394285,854.5
2025-03-03 18:00:00,0.501232,4.68528,240.45203,161.663656,114.07,8.9,94,39.8,15.0,5.186512,867.7
2025-03-03 19:00:00,0.230128,4.39272,243.63066,161.657328,112.98,8.7,94,40.8,2.0,4.622847999999999,861.3
2025-03-03 20:00:00,0.003828,5.87826,237.866006,161.63392,98.41,8.6,95,39.8,0.0,5.882088,835.2
2025-03-03 21:00:00,0.000248,5.77026,172.715718,161.782152,97.48,8.6,94,41.2,0.0,5.770508,806.2
2025-03-03 22:00:00,0.000264,6.10038,164.627722,161.842016,95.61,8.4,91,39.1,0.0,6.100644,782.7
2025-03-03 23:00:00,0.00024,5.88186,161.455658,161.767256,94.07,8.6,89,38.7,0.0,5.882099999999999,767.5
2025-03-04 00:00:00,0.000256,5.90346,79.28634,161.758632,83.19,8.5,90,39.6,0.0,5.903716,722.7
2025-03-04 01:00:00,0.000216,4.71618,77.90811,161.746984,83.19,8.8,89,36.5,0.0,4.716396,688.8
2025-03-04 02:00:00,0.000248,5.13072,77.89887,161.710976,83.19,8.9,90,39.3,0.0,5.130968,665.8
2025-03-04 03:00:00,0.000248,6.1101,77.8911,161.623224,83.19,8.9,93,38.2,0.0,6.110348,656.6
2025-03-04 04:00:00,0.000272,6.46722,77.90769,161.641032,83.19,9.1,93,37.8,0.0,6.467492,656.6
2025-03-04 05:00:00,0.000272,5.5134,81.17823,161.685552,83.19,9.2,93,38.0,0.0,5.513672,675.8
2025-03-04 06:00:00,0.004902,6.10596,85.04958,161.628152,83.19,9.3,95,38.2,0.0,6.110862,719.0
2025-03-04 07:00:00,2.018677,5.6403,105.1911,161.536872,97.69,9.5,94,36.9,0.0,7.658977,774.8
2025-03-04 08:00:00,6.85566,5.43744,148.5393,161.842576,114.02,9.5,95,38.3,5.0,12.2931,860.9
2025-03-04 09:00:00,16.454928,4.97682,197.66523,163.206344,121.73,9.9,93,35.7,35.0,21.431748,906.1
2025-03-04 10:00:00,21.076637,5.35338,240.84585,161.832272,149.92,9.0,91,35.7,45.0,26.430017,908.9
2025-03-04 11:00:00,27.232355,5.63004,210.75705,161.756896,131.28,9.1,94,31.3,41.0,32.862395,906.7
2025-03-04 12:00:00,76.070289,5.93748,171.30435,146.237504,148.7,9.5,95,30.3,95.0,82.007769,806.2
2025-03-04 13:00:00,81.52907,6.37488,120.81195,126.543424,148.7,9.8,94,31.0,99.0,87.90395000000001,792.0
2025-03-04 14:00:00,44.02694,6.066,159.04875,162.06092,148.7,8.3,97,31.3,142.0,50.092940000000006,820.5
2025-03-04 15:00:00,37.812416,5.52276,180.01641,162.486352,129.52,7.6,96,27.6,113.0,43.335176,829.4
2025-03-04 16:00:00,33.707344,5.95848,213.7695,161.732144,125.75,7.7,96,27.9,68.0,39.665824,833.7
2025-03-04 17:00:00,14.828381,7.332179,183.95727,161.70952,113.55,7.8,95,25.1,30.0,22.16056,874.2
2025-03-04 18:00:00,1.813299,5.45172,198.31077,161.701288,114.02,7.8,95,25.1,61.0,7.265019,898.8
2025-03-04 19:00:00,0.99504,4.94766,206.2788,161.51996,114.02,7.6,95,25.6,6.0,5.9427,887.2
2025-03-04 20:00:00,0.495356,5.9586,169.61448,161.722792,134.85,7.9,94,25.3,0.0,6.453956,861.3
2025-03-04 21:00:00,0.001224,5.31222,191.31882,161.673736,109.32,7.9,94,24.6,0.0,5.313444,837.5
2025-03-04 22:00:00,0.00036,1.9221,220.836,161.714504,110.22,7.5,92,23.0,0.0,1.92246,812.7
2025-03-04 23:00:00,0.000304,1.21086,207.98316,161.700448,97.69,7.6,90,18.3,0.0,1.211164,786.5
2025-03-05 00:00:00,0.000312,2.5305,175.00035,161.693504,96.24,7.6,89,17.8,0.0,2.530812,740.2
2025-03-05 01:00:00,0.000304,3.08934,161.28714,161.700448,85.51,7.5,91,19.3,0.0,3.089644,701.2
2025-03-05 02:00:00,0.000344,3.1125,160.44315,161.685776,85.51,7.6,89,13.6,0.0,3.112844,672.3
2025-03-05 03:00:00,0.000344,1.7655,160.50867,161.638288,85.51,7.8,87,10.5,0.0,1.765844,661.8
2025-03-05 04:00:00,0.000344,1.91664,160.45197,161.637504,85.51,7.7,87,11.8,0.0,1.916984,660.7
2025-03-05 05:00:00,0.000328,1.31736,160.54773,161.657832,85.51,7.5,89,10.6,0.0,1.3176880000000002,681.1
2025-03-05 06:00:00,0.008679,1.13814,180.07248,161.75964,96.9,7.4,90,10.1,0.0,1.146819,719.9
2025-03-05 07:00:00,3.921855,0.81228,215.55723,161.769328,113.06,7.3,90,8.8,0.0,4.734135,768.0
2025-03-05 08:00:00,22.924169,0.45588,236.70087,162.712368,129.05,7.5,88,8.6,17.0,23.380049,799.1
2025-03-05 09:00:00,33.609568,1.0017,224.68467,167.290816,148.58,7.8,85,9.5,80.0,34.611268,832.1
2025-03-05 10:00:00,62.907269,1.35396,156.49011,161.85288,149.57,8.2,82,10.2,120.0,64.261229,795.0
2025-03-05 11:00:00,70.996707,0.78906,192.84216,161.854112,146.95,8.7,80,9.9,241.0,71.785767,778.1
2025-03-05 12:00:00,73.444655,0.66036,217.91154,161.797272,128.98,8.7,80,10.0,299.0,74.105015,767.5
2025-03-05 13:00:00,53.927118,0.55212,218.02137,161.76552,131.55,8.6,81,9.6,298.0,54.479238,797.7
2025-03-05 14:00:00,37.349152,0.64062,217.97685,161.723856,131.28,8.9,79,9.2,360.0,37.989772,830.0
2025-03-05 15:00:00,25.49986,0.5394,241.27614,192.406704,127.29,8.6,80,10.4,324.0,26.03926,865.0
2025-03-05 16:00:00,11.25026,0.72432,261.17917,219.622256,122.44,7.9,83,10.1,194.0,11.97458,847.0
2025-03-05 17:00:00,7.51978,1.80294,265.70439,193.833472,149.85,7.3,84,9.5,84.0,9.32272,901.4
2025-03-05 18:00:00,1.885717,1.4361,281.344406,176.705984,149.85,7.1,86,9.0,38.0,3.321817,903.9
2025-03-05 19:00:00,1.261112,0.99474,271.71312,188.22552,122.26,6.7,91,7.0,3.0,2.255852,900.5
2025-03-05 20:00:00,0.718244,1.32726,318.092782,189.740376,134.16,6.7,92,8.5,0.0,2.045504,875.5
2025-03-05 21:00:00,0.545468,1.37436,233.783354,184.305128,113.65,6.5,92,7.7,0.0,1.919828,844.8
2025-03-05 22:00:00,0.201,1.92876,224.97468,161.529872,111.89,6.5,87,11.6,0.0,2.12976,820.9
2025-03-05 23:00:00,0.000328,2.3034,219.68646,161.628936,112.42,6.1,89,11.4,0.0,2.303728,795.9
2025-03-06 00:00:00,0.000328,2.70384,181.02294,161.661752,96.15,5.8,93,10.3,0.0,2.704168,754.2
2025-03-06 01:00:00,0.000312,2.12214,161.44779,161.660632,85.9,5.8,93,8.8,0.0,2.122452,721.1
2025-03-06 02:00:00,0.000328,1.51956,160.62102,161.629944,85.62,5.8,92,7.1,0.0,1.519888,691.8
2025-03-06 03:00:00,0.000368,1.58658,160.43664,161.709968,85.62,5.8,93,7.1,0.0,1.586948,675.4
2025-03-06 04:00:00,0.000352,2.07858,160.58805,161.754488,85.62,5.5,98,7.9,0.0,2.078932,673.6
2025-03-06 05:00:00,0.000336,3.23502,160.62732,161.737912,85.9,5.7,98,10.1,0.0,3.235356,695.6
2025-03-06 06:00:00,0.010019,3.5634,180.14892,161.673848,96.9,5.8,98,12.4,0.0,3.5734190000000003,744.9
2025-03-06 07:00:00,5.934023,3.27576,181.03869,161.6006,97.84,5.9,95,13.7,0.0,9.209783,789.1
2025-03-06 08:00:00,20.971498,3.33456,186.85653,161.574448,113.97,6.0,93,14.4,27.0,24.306058,824.4
2025-03-06 09:00:00,80.225964,3.68028,180.86649,161.700504,130.22,6.3,88,16.2,97.0,83.906244,778.8
2025-03-06 10:00:00,141.459808,4.3731,62.9979,120.23368,151.39,6.7,80,15.7,156.0,145.832908,743.8
2025-03-06 11:00:00,224.257357,4.72428,57.49926,114.71264,130.22,7.2,76,17.5,367.0,228.981637,672.7
2025-03-06 12:00:00,261.475684,4.6785,57.56058,143.58316,108.65,7.4,69,17.9,433.0,266.154184,627.1
2025-03-06 13:00:00,268.938093,5.07462,57.54462,159.469352,-69.76,8.0,63,21.3,597.0,274.012713,626.0
2025-03-06 14:00:00,221.029717,5.35104,57.57486,160.27732,0.0,8.0,63,20.8,625.0,226.380757,647.0
2025-03-06 15:00:00,176.274882,4.56276,62.86077,158.142656,113.36,8.0,61,22.4,589.0,180.837642,664.6
2025-03-06 16:00:00,125.096358,5.27358,100.464644,135.491384,111.54,7.7,62,22.5,490.0,130.369938,718.2
2025-03-06 17:00:00,47.933603,5.362491,179.809924,135.123856,113.95,7.3,63,21.7,342.0,53.296094,776.7
2025-03-06 18:00:00,5.836973,6.576348,227.576734,152.318656,113.96,6.5,64,19.9,145.0,12.413321,875.2
2025-03-06 19:00:00,3.00036,8.704605,224.772002,189.668864,113.08,5.7,69,16.9,14.0,11.704965,924.3
2025-03-06 20:00:00,2.955916,8.58028,224.81956,189.779688,101.11,5.4,74,16.6,0.0,11.536196,912.0
2025-03-06 21:00:00,2.038256,7.603122,224.790972,189.60648,97.84,5.2,72,14.9,0.0,9.641378,891.9
2025-03-06 22:00:00,0.542864,5.405024,224.737156,189.717528,97.84,5.1,71,15.3,0.0,5.947888,875.5
2025-03-06 23:00:00,0.015912,3.40072,224.75257,189.705432,97.84,4.8,74,13.2,0.0,3.4166320000000003,853.8
2025-03-07 00:00:00,0.000392,2.094444,224.777112,184.490152,94.02,4.4,77,9.6,0.0,2.0948360000000004,812.4
2025-03-07 01:00:00,0.000752,2.409286,207.4093,161.543144,85.51,3.9,81,7.9,0.0,2.410038,770.2
2025-03-07 02:00:00,0.000384,0.949095,218.210216,161.675248,85.51,3.8,82,9.4,0.0,0.949479,745.2
2025-03-07 03:00:00,0.000484,0.963319,209.506346,161.68852,85.51,3.8,82,8.3,0.0,0.963803,732.1
2025-03-07 04:00:00,0.000468,1.387987,208.305272,161.671272,85.51,2.6,84,4.4,0.0,1.388455,734.8
2025-03-07 05:00:00,0.00036,1.949879,207.618194,161.682808,88.92,2.9,82,1.4,0.0,1.950239,755.5
2025-03-07 06:00:00,0.021242,1.363642,254.894906,161.693112,96.9,2.8,82,1.6,0.0,1.384884,799.1
2025-03-07 07:00:00,15.579095,0.82839,271.890542,161.72492,115.17,2.4,83,2.4,0.0,16.407485,819.1
2025-03-07 08:00:00,84.805614,0.514389,235.237324,161.652232,121.7,4.9,78,4.8,64.0,85.320003,762.1
2025-03-07 09:00:00,153.176772,0.323809,159.69093,161.739368,130.22,6.9,72,7.6,255.0,153.500581,726.3
2025-03-07 10:00:00,158.431944,0.24958,89.95581,161.64036,113.6,8.3,68,9.5,447.0,158.681524,716.9
2025-03-07 11:00:00,178.671203,0.908046,77.8785,161.64428,130.21,9.9,59,10.3,482.0,179.579249,682.6
2025-03-07 12:00:00,212.917122,1.271267,70.74039,149.991128,110.19,10.6,57,11.4,453.0,214.188389,644.7
2025-03-07 13:00:00,202.860697,2.062215,65.82849,113.541288,130.22,11.0,54,11.9,447.0,204.922912,643.4
2025-03-07 14:00:00,143.138126,1.581051,93.91746,157.940608,130.21,10.8,55,11.0,339.0,144.719177,677.4
2025-03-07 15:00:00,82.222485,1.700465,131.901238,161.702688,130.22,10.8,55,7.8,350.0,83.92295,705.5
2025-03-07 16:00:00,42.661653,1.378941,188.852454,164.477152,150.18,10.1,54,7.9,206.0,44.040594,745.9
2025-03-07 17:00:00,16.42601,0.923011,254.669156,183.150576,198.95,9.7,55,3.6,126.0,17.349021,795.2
2025-03-07 18:00:00,2.860428,0.828174,309.54735,195.1096,148.42,8.8,68,4.5,44.0,3.688602,842.3
2025-03-07 19:00:00,2.93934,1.112918,313.802986,215.20828,113.23,7.8,83,8.5,5.0,4.052258,868.2
2025-03-07 20:00:00,2.425412,1.232632,308.378854,216.626368,149.22,7.5,88,6.4,0.0,3.658044,846.6
2025-03-07 21:00:00,1.837188,0.889252,278.440134,217.84056,148.05,7.3,88,3.3,0.0,2.72644,817.7
2025-03-07 22:00:00,0.55892,0.853445,321.365394,237.486984,144.83,8.0,85,8.5,0.0,1.412365,807.7
2025-03-07 23:00:00,0.016364,1.082405,325.929282,225.123472,97.84,7.8,82,10.6,0.0,1.098769,788.2
2025-03-08 00:00:00,0.000336,1.176276,283.765594,217.808584,143.8,7.6,76,13.4,0.0,1.176612,740.7
2025-03-08 01:00:00,0.000828,0.747488,258.73141,217.775656,143.8,7.3,70,12.9,0.0,0.7483160000000001,706.6
2025-03-08 02:00:00,0.000388,0.531682,243.598782,217.714224,143.8,7.3,69,11.2,0.0,0.53207,677.9
2025-03-08 03:00:00,0.00056,0.915497,243.820934,217.79268,143.8,7.4,69,10.2,0.0,0.916057,665.1
2025-03-08 04:00:00,0.000408,0.705405,246.562162,217.749952,143.8,7.1,73,8.5,0.0,0.7058129999999999,667.0
2025-03-08 05:00:00,0.000336,0.756238,282.492028,208.756856,143.8,6.9,75,6.8,0.0,0.756574,686.9
2025-03-08 06:00:00,0.005486,0.366071,309.331876,165.515224,143.8,6.7,78,6.2,0.0,0.3715569999999999,709.7
2025-03-08 07:00:00,1.743462,0.112739,309.279628,161.546504,143.8,6.6,79,5.6,0.0,1.856201,733.0
2025-03-08 08:00:00,19.347822,0.162889,275.821868,161.697704,138.71,7.5,77,6.6,32.0,19.510711,757.3
2025-03-08 09:00:00,81.921527,0.134363,252.75278,161.675976,96.99,9.1,67,5.1,170.0,82.05588999999999,724.7
2025-03-08 10:00:00,137.508743,0.04716,158.932004,151.329192,114.29,9.1,70,4.5,133.0,137.555903,653.1
2025-03-08 11:00:00,103.871067,0.141867,166.31916,151.015312,114.27,10.1,65,4.1,215.0,104.012934,659.9
2025-03-08 12:00:00,63.186554,0.745726,216.74247,163.287712,114.26,10.5,64,1.1,268.0,63.93228,695.0
2025-03-08 13:00:00,39.974362,1.602126,222.828746,178.033744,96.99,10.9,64,3.1,309.0,41.576488,714.2
2025-03-08 14:00:00,44.321883,0.769968,236.1562,188.467104,96.57,10.3,70,8.2,321.0,45.091851,719.7
2025-03-08 15:00:00,35.014996,0.60246,251.044262,189.79912,96.54,9.2,78,10.0,295.0,35.617456,720.2
2025-03-08 16:00:00,25.667557,0.85932,270.64674,189.744016,96.51,9.0,80,8.1,157.0,26.526877,741.8
2025-03-08 17:00:00,19.158791,0.723448,270.76385,189.680288,96.99,9.0,80,6.1,93.0,19.882239,774.3
2025-03-08 18:00:00,4.173415,0.458222,306.588324,189.649152,144.9,8.8,81,5.9,68.0,4.631637,818.7
2025-03-08 19:00:00,1.509744,0.52478,324.7552,211.079736,123.16,7.5,90,2.2,11.0,2.034524,856.7
2025-03-08 20:00:00,0.431388,0.402077,308.492072,169.567496,144.9,7.0,88,0.4,0.0,0.833465,847.7
2025-03-08 21:00:00,0.000248,0.152411,308.493276,161.689752,144.9,5.9,90,1.1,0.0,0.152659,834.8
2025-03-08 22:00:00,0.00024,0.04086,318.947594,161.68936,144.9,5.8,88,2.5,0.0,0.0411,826.2
2025-03-08 23:00:00,0.000272,0.05526,284.50884,161.788256,144.9,5.3,84,1.1,0.0,0.055532,806.6
2025-03-09 00:00:00,0.000296,0.103988,258.424012,161.75712,154.76,5.2,82,0.7,0.0,0.104284,753.6
2025-03-09 01:00:00,0.000296,0.339385,185.08959,161.70392,97.6,5.8,83,1.0,0.0,0.339681,725.3
2025-03-09 02:00:00,0.000328,0.422807,203.02506,164.497144,89.37,5.9,87,1.5,0.0,0.423135,709.5
2025-03-09 03:00:00,0.0004,0.499541,181.04394,161.803376,97.6,5.4,87,2.9,0.0,0.499941,700.1
2025-03-09 04:00:00,0.000384,0.345543,186.61419,161.780248,140.7,5.2,88,1.5,0.0,0.345927,699.0
2025-03-09 05:00:00,0.000392,0.448392,217.31493,161.785904,143.59,4.8,88,1.4,0.0,0.448784,718.9
2025-03-09 06:00:00,0.058303,1.077709,200.42547,161.789768,141.37,4.4,88,0.8,0.0,1.136012,736.5
2025-03-09 07:00:00,18.707225,1.269447,187.59552,161.706888,96.67,4.5,86,1.0,0.0,19.976672,719.1
2025-03-09 08:00:00,89.839528,1.141976,136.72848,161.724976,78.49,6.9,81,3.4,74.0,90.981504,626.7
2025-03-09 09:00:00,173.702733,1.157346,67.98897,114.434264,77.77,8.7,67,7.4,274.0,174.86007899999998,577.3
2025-03-09 10:00:00,223.106893,1.201505,51.790116,125.481384,0.0,9.5,56,8.7,486.0,224.308398,552.5
2025-03-09 11:00:00,243.73755,1.564755,30.243906,144.807376,-69.76,10.3,56,10.3,656.0,245.302305,534.4
2025-03-09 12:00:00,258.759193,1.633359,43.307376,158.596312,-69.76,10.8,55,11.3,772.0,260.392552,516.2
2025-03-09 13:00:00,253.312731,1.38397,43.639568,154.90216,-69.76,11.0,55,12.3,822.0,254.696701,514.1
2025-03-09 14:00:00,228.351873,1.236934,43.604176,132.955872,-69.76,11.3,51,11.6,802.0,229.588807,518.9
2025-03-09 15:00:00,193.117356,1.078967,43.7066,132.547744,79.29,11.2,51,12.9,711.0,194.196323,551.8
2025-03-09 16:00:00,122.171458,0.644114,57.51494,180.870984,95.61,11.0,50,11.9,564.0,122.815572,612.3
2025-03-09 17:00:00,47.926968,0.353076,95.377352,206.380048,122.91,10.8,48,10.4,365.0,48.280044,681.6
2025-03-09 18:00:00,5.343858,0.066854,234.853122,200.439232,146.46,10.1,54,8.3,165.0,5.410712,781.1
2025-03-09 19:00:00,2.918716,0.0,303.571646,200.852344,143.36,8.3,65,5.6,16.0,2.918716,845.1
2025-03-09 20:00:00,2.90488,0.0,322.986454,189.71428,141.31,7.6,62,5.4,0.0,2.90488,848.9
2025-03-09 21:00:00,2.106592,0.0,305.575732,189.729344,145.65,7.5,54,5.6,0.0,2.106592,829.2
2025-03-09 22:00:00,0.57808,0.0,297.4783,189.635152,141.31,7.4,56,4.8,0.0,0.57808,818.6
2025-03-09 23:00:00,0.016916,0.0,279.034308,189.654808,145.77,6.9,53,3.9,0.0,0.016916,798.5
2025-03-10 00:00:00,0.000376,0.0,246.853572,189.110936,113.11,6.4,52,4.2,0.0,0.000376,751.9
2025-03-10 01:00:00,0.000892,0.044347,245.974722,163.102184,99.73,6.3,50,5.1,0.0,0.0452389999999999,718.4
2025-03-10 02:00:00,0.000456,0.034755,245.886382,161.635432,97.02,6.5,50,5.8,0.0,0.035211,698.0
2025-03-10 03:00:00,0.000672,0.061944,245.89516,161.640528,97.02,6.6,50,6.7,0.0,0.062616,688.5
2025-03-10 04:00:00,0.000384,0.16004,245.952532,161.645232,97.02,6.1,53,6.8,0.0,0.1604239999999999,693.2
2025-03-10 05:00:00,0.000512,0.310762,245.867426,180.085304,99.73,5.8,59,6.8,0.0,0.311274,712.3
2025-03-10 06:00:00,0.024489,0.392062,260.954946,188.993112,113.11,5.6,66,5.9,0.0,0.416551,745.7
2025-03-10 07:00:00,12.731038,0.391099,316.033102,189.83608,133.46,5.7,70,5.9,0.0,13.122137,767.3
2025-03-10 08:00:00,45.472585,0.295778,285.568752,184.669632,147.8,8.2,69,6.8,65.0,45.768363,768.6
2025-03-10 09:00:00,56.89402,0.302788,275.465148,161.687904,147.13,9.0,72,7.9,61.0,57.196808,778.6
2025-03-10 10:00:00,89.886533,0.565545,220.40046,161.637504,128.74,10.4,75,10.3,104.0,90.452078,755.5
2025-03-10 11:00:00,56.710363,0.801449,214.83105,161.619136,113.94,11.8,66,9.6,225.0,57.511812,779.9
2025-03-10 12:00:00,57.699766,0.583995,196.08855,161.61432,112.18,12.8,60,6.5,307.0,58.283761,757.1
2025-03-10 13:00:00,64.105342,0.404989,185.57133,161.649208,112.27,12.8,59,7.6,243.0,64.510331,752.4
2025-03-10 14:00:00,46.812723,0.29933,206.41068,168.557088,112.88,12.2,62,9.2,124.0,47.112053,755.9
2025-03-10 15:00:00,35.589099,1.195752,194.68792,161.81928,113.94,12.1,64,10.8,122.0,36.784851,762.9
2025-03-10 16:00:00,19.125058,1.96665,241.897502,161.78736,113.94,12.0,66,12.6,165.0,21.091708,803.1
2025-03-10 17:00:00,16.006898,1.117009,275.710834,161.82628,148.28,11.7,69,12.2,101.0,17.123907,828.4
2025-03-10 18:00:00,3.105925,1.455382,276.417358,161.807296,143.78,11.0,75,12.1,34.0,4.561307,844.8
2025-03-10 19:00:00,0.879072,1.205054,307.204002,161.688632,121.61,10.5,77,11.2,5.0,2.084126,854.3
2025-03-10 20:00:00,0.28072,1.092396,277.451272,161.78596,148.28,10.5,77,11.1,0.0,1.373116,832.0
2025-03-10 21:00:00,0.000424,1.04908,275.688952,161.704256,148.28,10.2,79,10.6,0.0,1.049504,796.5
2025-03-10 22:00:00,0.000408,0.784243,261.543338,161.629048,112.16,9.4,81,8.0,0.0,0.784651,768.8
2025-03-10 23:00:00,0.000384,0.917565,230.217302,161.638568,148.28,9.7,80,8.1,0.0,0.917949,742.5
2025-03-11 00:00:00,0.000384,0.809927,199.221176,161.651448,145.86,9.8,81,6.6,0.0,0.810311,694.6
2025-03-11 01:00:00,0.000336,0.202578,173.47428,161.675752,87.23,9.7,82,4.8,0.0,0.202914,660.2
2025-03-11 02:00:00,0.000384,0.056125,156.65181,161.633584,84.7,9.8,79,3.3,0.0,0.056509,638.5
2025-03-11 03:00:00,0.000376,0.000241,156.08649,161.70196,83.44,10.3,75,4.8,0.0,0.0006169999999999,626.4
2025-03-11 04:00:00,0.000304,0.05166,156.05667,161.685608,84.7,9.7,76,3.3,0.0,0.0519639999999999,625.3
2025-03-11 05:00:00,0.000232,0.00414,172.63092,161.68544,87.23,10.3,75,7.4,0.0,0.0043719999999999,645.0
2025-03-11 06:00:00,0.011425,0.0,180.73293,161.72072,96.44,10.6,79,9.7,0.0,0.011425,680.6
2025-03-11 07:00:00,5.352922,0.488605,181.61262,161.63504,144.74,10.9,84,10.9,0.0,5.841527,725.3
2025-03-11 08:00:00,27.868614,1.027239,214.05699,161.765296,130.22,11.3,87,12.2,19.0,28.895853,744.9
2025-03-11 09:00:00,48.171106,1.647967,215.92368,161.761264,137.56,11.6,86,15.1,74.0,49.819073,750.9
2025-03-11 10:00:00,84.554588,1.350524,213.98286,161.706832,148.1,11.3,92,15.2,103.0,85.905112,729.5
2025-03-11 11:00:00,137.817678,0.977491,122.72925,161.630504,148.1,12.2,86,14.5,209.0,138.795169,679.0
2025-03-11 12:00:00,122.105278,0.921069,98.80521,161.662536,148.1,12.5,84,14.2,212.0,123.026347,670.0
2025-03-11 13:00:00,141.961561,0.586963,98.73633,160.444312,148.1,13.0,82,13.0,215.0,142.548524,649.0
2025-03-11 14:00:00,202.548706,0.318915,62.64258,112.9422,148.1,13.5,79,11.6,231.0,202.867621,613.2
2025-03-11 15:00:00,174.112726,0.280962,65.08026,109.529448,130.22,13.8,78,11.3,209.0,174.393688,626.4
2025-03-11 16:00:00,102.726426,0.146302,117.728002,155.012928,137.54,14.8,74,9.7,283.0,102.872728,670.7
2025-03-11 17:00:00,41.773651,0.079192,244.084624,161.625744,148.1,14.3,76,12.1,192.0,41.852843,718.0
2025-03-11 18:00:00,5.832779,0.335924,312.099802,161.677712,148.48,13.7,79,10.1,99.0,6.168703000000001,773.2
2025-03-11 19:00:00,2.556796,0.180912,314.962438,161.674296,148.55,11.5,88,3.9,15.0,2.737708,826.5
2025-03-11 20:00:00,1.12128,0.0,273.57008,161.59892,145.86,10.2,90,3.1,0.0,1.12128,818.5
2025-03-11 21:00:00,0.660452,0.0,270.731692,161.758072,145.86,11.2,91,7.0,0.0,0.660452,793.3
2025-03-11 22:00:00,0.012976,0.00432,270.63911,161.825944,142.0,11.4,89,5.2,0.0,0.017296,779.5
2025-03-11 23:00:00,0.000432,0.0,238.822318,161.778792,95.94,10.9,90,1.5,0.0,0.000432,756.6
2025-03-12 00:00:00,0.000328,0.0,196.333774,161.751632,103.52,10.3,90,1.5,0.0,0.000328,715.3
2025-03-12 01:00:00,0.000304,0.0,180.97107,161.7854,89.8,10.1,89,2.2,0.0,0.000304,688.4
2025-03-12 02:00:00,0.000264,0.0,181.04625,161.777616,89.8,9.4,87,2.0,0.0,0.000264,651.6
2025-03-12 03:00:00,0.000288,0.00198,180.978,161.746536,89.58,9.2,87,2.0,0.0,0.002268,627.4
2025-03-12 04:00:00,0.000256,0.0,181.03071,161.69216,89.8,9.6,86,1.1,0.0,0.000256,631.0
2025-03-12 05:00:00,0.000248,0.0,180.93348,161.681464,89.8,9.4,88,0.9,0.0,0.000248,673.8
2025-03-12 06:00:00,0.10486,0.0,180.99774,161.667296,97.93,9.6,85,0.5,0.0,0.10486,716.5
2025-03-12 07:00:00,22.463065,0.00828,214.90434,161.602784,143.85,9.9,83,0.2,0.0,22.471345,725.5
2025-03-12 08:00:00,49.415691,0.0009,215.95875,161.792736,143.7,12.2,83,1.4,50.0,49.416591,722.6
2025-03-12 09:00:00,60.65171,0.00054,216.01671,161.72688,143.7,13.1,79,1.1,168.0,60.65225,738.7
2025-03-12 10:00:00,77.340457,0.00324,221.30136,161.662144,152.29,13.8,79,4.0,244.0,77.343697,732.7
2025-03-12 11:00:00,63.641091,0.0,178.02393,161.653744,143.5,13.9,83,6.6,300.0,63.641091,738.8
2025-03-12 12:00:00,44.265115,0.0351,165.12363,161.663152,143.5,13.2,87,5.2,262.0,44.300215,729.3
2025-03-12 13:00:00,61.41461,0.00036,156.15705,161.70644,143.5,13.7,84,4.5,361.0,61.41497,720.9
2025-03-12 14:00:00,56.112276,0.00756,155.9859,161.684264,143.5,13.6,81,5.8,354.0,56.119836,713.4
2025-03-12 15:00:00,30.788673,0.01374,164.966886,161.664328,143.5,13.3,79,4.3,224.0,30.802413,726.4
2025-03-12 16:00:00,23.559684,0.052441,191.009504,161.674352,128.97,13.3,78,3.9,175.0,23.612125,742.5
2025-03-12 17:00:00,24.669301,0.06894,239.753668,161.6524,125.9,13.2,79,2.1,143.0,24.738241,747.9
2025-03-12 18:00:00,3.192588,0.15606,301.31255,161.669984,125.9,12.9,82,2.0,61.0,3.3486480000000003,788.1
2025-03-12 19:00:00,0.913296,0.664999,307.01804,161.551544,153.43,11.5,89,1.5,7.0,1.578295,809.9
2025-03-12 20:00:00,0.007944,0.826214,305.650128,161.747768,153.43,11.1,89,1.6,0.0,0.834158,798.7
2025-03-12 21:00:00,0.000336,1.950869,292.951344,161.711648,143.7,10.9,90,1.5,0.0,1.951205,774.5
2025-03-12 22:00:00,0.00032,2.448153,221.653656,161.778624,113.25,11.3,90,5.7,0.0,2.448473,754.8
2025-03-12 23:00:00,0.00032,3.213885,197.739024,161.750064,112.47,10.7,96,4.8,0.0,3.214205,738.8
2025-03-13 00:00:00,0.00028,4.595364,181.03911,161.725032,91.37,10.3,97,6.2,0.0,4.595644,689.6
2025-03-13 01:00:00,0.000288,6.091102,157.0716,161.691992,85.12,10.0,98,6.2,0.0,6.0913900000000005,655.5
2025-03-13 02:00:00,0.000312,4.313012,156.07053,161.678216,82.92,9.3,99,7.2,0.0,4.313324,632.2
2025-03-13 03:00:00,0.000352,3.408648,156.06738,161.665168,82.59,9.2,98,1.3,0.0,3.409,618.0
2025-03-13 04:00:00,0.000344,3.231184,156.12408,161.674408,83.85,9.2,97,1.9,0.0,3.231528,617.9
2025-03-13 05:00:00,0.000336,3.922401,174.70782,161.658952,89.99,8.7,96,2.0,0.0,3.922737,638.2
2025-03-13 06:00:00,0.008934,4.050781,126.16149,161.827512,109.57,8.5,96,2.2,0.0,4.059715,677.6
2025-03-13 07:00:00,3.122563,2.874157,99.27834,161.760984,111.44,8.3,94,4.2,0.0,5.99672,729.2
2025-03-13 08:00:00,20.475044,2.242357,119.99526,205.46064,116.83,8.8,85,6.4,20.0,22.717401,773.4
2025-03-13 09:00:00,43.391688,1.914914,120.7878,200.297048,116.81,9.2,76,10.0,51.0,45.306602000000005,766.0
2025-03-13 10:00:00,68.975629,3.592278,93.36474,163.32316,116.79,11.4,63,15.7,180.0,72.56790699999999,748.9
2025-03-13 11:00:00,70.183755,3.660808,86.3562,161.737296,115.06,11.7,66,14.6,195.0,73.84456300000001,734.9
2025-03-13 12:00:00,123.616887,2.315428,77.74956,160.502832,97.84,11.8,52,16.8,196.0,125.932315,676.5
2025-03-13 13:00:00,222.998189,2.723324,57.57465,110.678008,97.84,12.0,48,16.9,320.0,225.721513,619.7
2025-03-13 14:00:00,165.47754,3.10096,62.10099,115.059784,97.84,13.3,42,18.7,738.0,168.5785,653.0
2025-03-13 15:00:00,91.265702,2.244978,83.54745,160.94596,111.44,13.5,40,18.9,694.0,93.51068,677.8
2025-03-13 16:00:00,103.051199,2.312802,96.28178,147.345072,106.95,13.3,38,20.8,457.0,105.364001,673.9
2025-03-13 17:00:00,43.14639,3.70388,139.894594,161.711816,111.74,13.0,43,22.4,389.0,46.85027,719.8
2025-03-13 18:00:00,5.204496,3.738674,227.141908,161.761656,111.85,12.1,47,21.5,173.0,8.94317,782.2
2025-03-13 19:00:00,2.581852,2.350083,284.453974,161.729568,163.07,11.2,44,19.1,19.0,4.931935,814.5
2025-03-13 20:00:00,1.330644,2.433293,314.23287,161.817488,163.07,11.7,44,20.4,0.0,3.763937,801.3
2025-03-13 21:00:00,0.172456,1.943502,335.83053,161.745304,111.74,11.9,43,19.3,0.0,2.115958,784.2
2025-03-13 22:00:00,0.00616,2.170865,386.075564,161.697256,111.74,12.4,43,16.4,0.0,2.177025,774.3
2025-03-13 23:00:00,0.000348,1.837671,387.14879,161.724192,111.74,12.2,46,13.6,0.0,1.838019,755.7
2025-03-14 00:00:00,0.000248,1.761078,265.332578,161.722288,112.86,12.1,47,15.1,0.0,1.761326,709.7
2025-03-14 01:00:00,0.000312,1.206027,156.04533,161.65884,97.27,11.9,45,13.8,0.0,1.206339,663.0
2025-03-14 02:00:00,0.00028,2.142149,156.06003,161.667072,96.4,12.3,46,13.6,0.0,2.142429,640.1
2025-03-14 03:00:00,0.00028,4.688293,141.43437,161.64652,84.43,11.8,57,13.6,0.0,4.688573,621.9
2025-03-14 04:00:00,0.000272,5.14137,98.054866,156.425976,96.99,11.0,76,17.2,0.0,5.141642,625.4
2025-03-14 05:00:00,0.000272,4.035881,128.576588,149.909592,108.36,10.8,83,17.2,0.0,4.036153,641.9
2025-03-14 06:00:00,0.012344,4.028815,218.155028,118.108928,112.96,10.8,79,17.0,0.0,4.041159,677.2
2025-03-14 07:00:00,6.727645,3.019688,241.032582,145.441296,113.6,11.0,72,16.5,0.0,9.747333,721.2
2025-03-14 08:00:00,34.636547,2.91646,231.68047,161.662368,122.92,11.1,67,17.8,22.0,37.553007,751.0
2025-03-14 09:00:00,74.871377,3.07371,229.481546,125.332704,139.97,12.2,62,19.8,170.0,77.945087,729.5
2025-03-14 10:00:00,88.945875,3.31822,111.881826,160.791064,122.75,13.8,44,22.9,440.0,92.264095,714.1
2025-03-14 11:00:00,233.613573,4.398076,62.81499,113.967728,0.0,13.9,43,25.4,358.0,238.011649,621.6
2025-03-14 12:00:00,280.23808,6.736036,58.48479,106.582952,-69.76,15.1,46,26.8,638.0,286.97411600000004,564.1
2025-03-14 13:00:00,253.07831,8.719083,58.5627,106.504328,-69.76,14.9,51,27.7,525.0,261.797393,575.8
2025-03-14 14:00:00,212.60247,8.477868,58.52595,106.504328,-48.0,14.7,54,28.3,494.0,221.080338,608.1
2025-03-14 15:00:00,125.078393,8.215755,58.6341,106.494864,113.26,14.7,58,27.7,424.0,133.294148,652.2
2025-03-14 16:00:00,77.756218,8.036056,77.45955,144.725056,112.05,13.9,64,27.2,206.0,85.792274,671.2
2025-03-14 17:00:00,48.509948,8.269561,86.732996,161.617176,122.06,13.5,69,26.6,182.0,56.779509,698.0
2025-03-14 18:00:00,4.864321,8.320006,114.130366,161.672056,121.67,12.9,74,27.0,68.0,13.184327,754.6
2025-03-14 19:00:00,3.005692,8.277588,178.892336,161.665168,113.8,12.6,72,27.3,7.0,11.28328,782.5
2025-03-14 20:00:00,2.785084,5.757999,211.757714,161.761488,111.44,12.5,69,28.4,0.0,8.543083,771.7
2025-03-14 21:00:00,1.917872,4.56174,191.01068,161.757176,110.36,12.3,73,29.0,0.0,6.479612,752.7
2025-03-14 22:00:00,0.316956,3.56682,176.108408,161.697256,111.44,12.3,71,27.5,0.0,3.883776,738.7
2025-03-14 23:00:00,0.000248,2.55702,147.847084,161.686056,114.0,12.5,70,27.5,0.0,2.557268,725.2
2025-03-15 00:00:00,0.000192,2.37726,77.23002,161.673232,131.75,11.3,85,26.3,0.0,2.3774520000000003,686.5
2025-03-15 01:00:00,0.000328,3.88464,77.227808,161.694512,98.13,11.1,89,24.5,0.0,3.884968,652.0
2025-03-15 02:00:00,0.00026,5.49396,75.218416,161.619304,97.37,11.1,91,25.7,0.0,5.49422,631.8
2025-03-15 03:00:00,0.000248,6.40656,75.224912,161.625576,97.03,10.8,94,30.8,0.0,6.406808,630.7
2025-03-15 04:00:00,0.000224,6.58404,75.231296,161.671328,97.03,10.3,95,38.5,0.0,6.584264,638.3
2025-03-15 05:00:00,0.000328,6.54588,75.247312,161.747152,98.22,10.2,94,37.0,0.0,6.546208,654.4
2025-03-15 06:00:00,0.002965,5.90472,75.235104,161.741104,98.22,9.9,94,36.0,0.0,5.907685,678.4
2025-03-15 07:00:00,0.843085,4.74282,75.24328,161.720048,98.26,9.5,95,36.6,0.0,5.585905,708.0
2025-03-15 08:00:00,6.458287,5.46822,75.216736,161.601664,97.03,9.3,95,37.1,9.0,11.926507,766.2
2025-03-15 09:00:00,17.293759,5.81724,75.2136,161.828072,107.97,9.3,93,39.4,22.0,23.110999,799.8
2025-03-15 10:00:00,54.077911,5.99274,75.238352,161.794192,97.87,8.9,91,37.5,74.0,60.070651,777.2
2025-03-15 11:00:00,72.462842,5.79654,75.236896,161.787696,97.65,9.3,89,34.8,62.0,78.25938199999999,767.9
2025-03-15 12:00:00,69.605494,5.67774,70.352912,161.783944,6.83,9.8,84,34.4,96.0,75.283234,760.3
2025-03-15 13:00:00,37.510724,5.70222,70.220752,161.725312,79.16,10.1,84,34.1,139.0,43.212944,779.4
2025-03-15 14:00:00,29.875535,6.18978,70.199472,161.736512,67.12,10.1,87,33.1,118.0,36.065315,772.7
2025-03-15 15:00:00,38.573816,6.54642,70.231952,161.805056,78.74,10.2,89,32.4,124.0,45.120236,761.8
2025-03-15 16:00:00,16.287807,6.6402,70.207872,161.715848,86.47,10.0,91,32.4,107.0,22.928007,803.1
2025-03-15 17:00:00,5.919538,6.23682,75.06744,161.700728,97.59,9.7,94,30.2,66.0,12.156358,831.6
2025-03-15 18:00:00,2.082971,6.07662,74.794384,161.752584,98.54,9.2,96,28.4,28.0,8.159591,837.8
2025-03-15 19:00:00,1.313256,5.95086,96.678176,161.774648,98.54,9.0,95,27.8,4.0,7.264116,838.5
2025-03-15 20:00:00,0.414072,5.3568,141.560944,161.777224,98.54,9.0,94,28.7,0.0,5.770872,818.2
2025-03-15 21:00:00,0.05106,5.48286,147.834512,161.867048,98.54,9.1,90,26.8,0.0,5.533919999999999,794.1
2025-03-15 22:00:00,0.000248,4.77492,77.459872,161.723576,98.54,8.8,86,21.9,0.0,4.775168,777.3
2025-03-15 23:00:00,0.00028,3.41118,77.278992,171.148712,98.54,8.8,83,18.6,0.0,3.41146,760.9
2025-03-16 00:00:00,0.000264,3.10218,78.116864,169.528296,97.15,8.7,79,14.0,0.0,3.102444,709.9
2025-03-16 01:00:00,0.000224,3.50592,70.358512,161.823088,83.61,8.7,78,12.1,0.0,3.506144,675.6
2025-03-16 02:00:00,0.000256,2.36154,72.454592,170.298296,82.45,8.5,80,12.3,0.0,2.361796,650.8
2025-03-16 03:00:00,0.000264,2.93322,70.899584,165.571896,82.45,8.1,82,9.3,0.0,2.933484,647.9
2025-03-16 04:00:00,0.000256,3.93492,76.295072,161.778736,82.45,8.1,84,7.8,0.0,3.935176,652.8
2025-03-16 05:00:00,0.000248,5.34078,84.359632,161.71848,82.45,8.1,84,7.0,0.0,5.341028,661.9
2025-03-16 06:00:00,0.177335,5.77968,131.84304,158.741576,85.12,8.0,85,9.7,0.0,5.957015,689.3
2025-03-16 07:00:00,18.258389,5.71866,121.729328,142.587984,85.12,7.7,89,14.1,1.0,23.977049,667.9
2025-03-16 08:00:00,73.385396,5.1219,69.4064,108.406032,82.45,7.4,86,18.8,59.0,78.507296,614.1
2025-03-16 09:00:00,131.385102,5.2584,70.23744,104.457584,82.45,7.5,81,21.6,169.0,136.64350199999998,610.7
2025-03-16 10:00:00,149.458135,5.65506,70.240016,106.3972,95.61,7.3,79,16.7,120.0,155.113195,631.3
2025-03-16 11:00:00,117.34432,5.16312,70.254352,132.128416,99.89,6.7,84,19.7,113.0,122.50744,663.2
2025-03-16 12:00:00,76.921621,5.1948,70.24528,161.64092,99.76,7.0,82,23.2,241.0,82.116421,685.7
2025-03-16 13:00:00,78.990104,6.68958,70.227136,125.033888,111.54,6.4,83,27.4,193.0,85.67968400000001,686.0
2025-03-16 14:00:00,48.507769,6.57594,77.245126,105.427728,99.05,5.8,79,31.1,168.0,55.083709000000006,712.7
2025-03-16 15:00:00,55.351657,6.6078,81.52424,138.707464,95.61,5.2,77,33.0,96.0,61.959457,718.6
2025-03-16 16:00:00,97.141772,6.0624,128.699354,104.902672,86.55,5.3,64,36.3,132.0,103.204172,687.4
2025-03-16 17:00:00,34.016078,6.53022,211.89665,105.818496,97.15,4.8,61,37.9,144.0,40.546298,771.5
2025-03-16 18:00:00,3.807327,5.16168,217.541674,158.779768,98.41,4.3,58,39.4,109.0,8.969007,879.0
2025-03-16 19:00:00,1.199516,3.47904,226.679418,161.680624,98.41,3.8,66,37.5,18.0,4.678556,906.6
2025-03-16 20:00:00,0.34944,4.2246,243.53994,161.817656,98.41,3.2,54,37.4,0.0,4.57404,895.4
2025-03-16 21:00:00,0.00028,4.797,194.386346,161.791672,98.41,3.2,55,40.4,0.0,4.79728,871.4
2025-03-16 22:00:00,0.000304,3.20394,173.065578,161.771176,98.41,3.0,67,35.9,0.0,3.204244,863.1
2025-03-16 23:00:00,0.000264,3.94866,173.057836,161.799904,98.41,2.6,75,32.4,0.0,3.948924,843.6
2025-03-17 00:00:00,0.000264,3.95028,163.180486,161.738472,95.74,3.2,65,38.8,0.0,3.950544,796.0
2025-03-17 01:00:00,0.000232,2.96388,79.444274,161.705824,83.24,3.4,58,38.1,0.0,2.964112,764.8
2025-03-17 02:00:00,0.000376,3.96684,77.87304,161.741944,83.24,3.1,58,36.0,0.0,3.967216,743.6
2025-03-17 03:00:00,0.000376,4.22568,77.8596,161.752472,83.24,3.3,59,34.5,0.0,4.226056,730.3
2025-03-17 04:00:00,0.000368,3.94812,77.84364,161.706608,83.24,3.6,57,35.9,0.0,3.948488,731.8
2025-03-17 05:00:00,0.000344,5.46966,77.94465,161.648144,83.24,3.5,58,33.9,0.0,5.470004,750.2
2025-03-17 06:00:00,0.136845,5.6493,90.57426,161.679336,87.44,3.6,55,31.9,0.0,5.786145,793.8
2025-03-17 07:00:00,13.408723,5.38164,99.89658,161.647864,110.79,3.5,55,28.8,2.0,18.790363,821.3
2025-03-17 08:00:00,65.031507,5.5506,100.30146,161.629048,136.49,3.9,55,25.5,62.0,70.58210700000001,809.4
2025-03-17 09:00:00,150.710179,5.28228,90.24603,136.46052,136.49,4.3,54,24.6,198.0,155.992459,762.8
2025-03-17 10:00:00,221.905532,5.30352,77.88396,102.077416,129.51,4.5,53,26.1,225.0,227.209052,738.1
2025-03-17 11:00:00,268.851795,5.27274,77.85582,102.13392,0.0,5.1,52,25.7,397.0,274.124535,697.8
2025-03-17 12:00:00,289.244637,6.07626,62.30028,75.690496,0.0,5.5,51,24.4,583.0,295.320897,655.2
2025-03-17 13:00:00,263.310661,5.80788,58.38756,68.924072,0.0,5.9,48,25.1,653.0,269.118541,664.5
2025-03-17 14:00:00,238.872494,5.75568,58.37454,68.86572,0.0,6.1,47,23.9,721.0,244.628174,674.7
2025-03-17 15:00:00,212.559454,5.558939,58.43376,68.949664,122.98,6.1,46,22.2,695.0,218.118393,683.8
2025-03-17 16:00:00,157.546526,4.061497,120.003716,97.387808,122.9,6.2,43,20.6,567.0,161.608023,718.2
2025-03-17 17:00:00,70.312451,2.8023,188.88793,103.045656,114.0,5.7,47,16.5,374.0,73.114751,772.2
2025-03-17 18:00:00,9.145487,2.14398,296.181312,143.244752,114.35,5.1,52,13.0,182.0,11.289466999999998,874.3
2025-03-17 19:00:00,3.038824,1.7556,374.019604,156.752344,113.23,4.1,61,10.7,24.0,4.794424,944.3
2025-03-17 20:00:00,2.923204,0.86328,431.295634,113.218616,111.08,3.5,64,10.7,0.0,3.786484,941.2
2025-03-17 21:00:00,1.982616,0.6762,428.909278,102.138232,110.79,3.0,66,12.2,0.0,2.658816,922.8
2025-03-17 22:00:00,0.448312,1.2006,412.249362,102.128544,110.79,3.0,59,13.0,0.0,1.648912,908.8
2025-03-17 23:00:00,0.016468,1.3473,384.832756,102.11712,110.79,3.7,55,17.7,0.0,1.363768,876.7
2025-03-18 00:00:00,0.000368,1.65204,317.694622,102.100656,141.54,3.8,57,18.4,0.0,1.652408,817.9
2025-03-18 01:00:00,0.000328,2.02698,229.487986,102.11964,98.63,3.9,60,19.7,0.0,2.027308,773.7
2025-03-18 02:00:00,0.000396,3.47244,189.86373,102.152904,89.33,4.7,65,21.6,0.0,3.472836,721.4
2025-03-18 03:00:00,0.000492,5.7831,154.804552,102.074728,87.31,5.1,71,23.4,0.0,5.7835920000000005,699.4
2025-03-18 04:00:00,0.000456,3.82158,162.361724,102.096176,88.66,4.4,88,32.5,0.0,3.822036,705.5
2025-03-18 05:00:00,0.000492,5.04744,194.282018,102.094384,96.86,5.7,80,25.0,0.0,5.047932,724.5
2025-03-18 06:00:00,0.130494,5.72418,198.944564,102.12776,110.34,5.4,75,26.1,0.0,5.854673999999999,777.8
2025-03-18 07:00:00,19.602097,5.10006,211.12721,102.195128,120.49,4.8,74,27.4,2.0,24.702157,800.7
2025-03-18 08:00:00,76.345369,5.35746,212.627884,102.088784,143.45,4.2,74,30.1,77.0,81.70282900000001,765.8
2025-03-18 09:00:00,133.523912,6.39792,92.143408,102.11432,152.85,4.4,75,31.5,249.0,139.921832,760.7
2025-03-18 10:00:00,147.091239,5.78898,90.36468,102.072376,132.64,5.4,43,35.5,486.0,152.880219,769.1
2025-03-18 11:00:00,192.308241,5.37702,77.42595,92.906072,128.13,4.6,50,37.0,584.0,197.685261,737.8
2025-03-18 12:00:00,152.411776,5.52492,74.63967,95.088448,0.0,4.0,67,34.7,641.0,157.936696,762.1
2025-03-18 13:00:00,180.376273,5.05206,74.28918,97.224792,125.33,4.6,58,39.6,762.0,185.428333,748.4
2025-03-18 14:00:00,165.458158,6.07134,69.80967,85.279656,125.33,4.6,63,35.0,700.0,171.529498,758.6
2025-03-18 15:00:00,130.29968,5.92812,83.020098,102.098808,125.33,4.7,62,37.0,626.0,136.2278,762.5
2025-03-18 16:00:00,70.636762,5.82984,145.193818,102.151952,137.15,4.6,59,34.7,525.0,76.46660200000001,818.6
2025-03-18 17:00:00,25.403128,5.95224,172.887106,102.100488,137.05,4.4,55,36.2,293.0,31.355368,902.5
2025-03-18 18:00:00,3.622158,6.58566,189.01407,102.115216,137.42,4.0,56,35.3,150.0,10.207818,948.1
2025-03-18 19:00:00,2.935552,6.74262,230.430788,102.09668,137.42,3.6,63,34.0,17.0,9.678172,963.2
2025-03-18 20:00:00,2.126952,5.84136,259.08519,102.065992,137.42,3.3,62,32.8,0.0,7.968312,943.9
2025-03-18 21:00:00,1.171228,5.88924,259.49119,102.166456,137.06,3.5,63,32.3,0.0,7.060468,914.7
2025-03-18 22:00:00,0.062136,5.99364,259.577612,102.067728,137.06,3.6,59,32.2,0.0,6.055776,896.8
2025-03-18 23:00:00,0.000296,6.64866,254.422,102.068904,118.56,3.3,64,30.4,0.0,6.648955999999999,871.4
2025-03-19 00:00:00,0.000288,6.66738,180.301394,102.082176,112.26,3.5,64,30.0,0.0,6.667668,820.5
2025-03-19 01:00:00,0.000256,6.06276,173.109468,102.063752,98.04,3.3,62,29.2,0.0,6.063016,782.5
2025-03-19 02:00:00,0.000404,5.6211,173.053566,102.079488,96.43,3.4,61,29.2,0.0,5.621504,760.3
2025-03-19 03:00:00,0.000304,5.75838,170.59784,102.082456,91.44,3.4,62,27.6,0.0,5.758684,739.3
2025-03-19 04:00:00,0.000296,5.2308,173.032314,102.084808,96.57,3.4,63,24.5,0.0,5.231096,738.7
2025-03-19 05:00:00,0.000296,4.09152,173.088426,102.042696,106.29,3.2,64,22.9,0.0,4.091816,765.6
2025-03-19 06:00:00,0.407985,3.21816,196.785932,130.501056,113.12,2.9,70,19.5,0.0,3.626145,802.8
2025-03-19 07:00:00,19.540996,3.12576,209.957132,135.53708,113.16,3.0,70,17.0,1.0,22.666756,821.3
2025-03-19 08:00:00,69.984351,2.94252,218.479982,103.232248,141.24,3.3,69,15.1,28.0,72.926871,786.2
2025-03-19 09:00:00,99.48475,2.18406,218.953812,102.133304,141.24,3.8,64,16.0,105.0,101.66881,794.4
2025-03-19 10:00:00,147.549167,2.64774,171.897852,101.988096,157.94,4.1,58,19.7,209.0,150.196907,781.1
2025-03-19 11:00:00,165.077443,2.2893,155.141504,102.019848,130.22,4.6,57,18.6,335.0,167.366743,766.5
2025-03-19 12:00:00,215.278864,2.45898,130.470172,102.047512,128.9,5.0,56,18.3,431.0,217.737844,707.7
2025-03-19 13:00:00,270.423892,3.26502,77.97846,102.022984,128.9,5.3,54,18.7,469.0,273.688912,680.0
2025-03-19 14:00:00,271.754516,2.87892,77.89236,102.019792,128.71,5.6,54,19.4,518.0,274.633436,663.7
2025-03-19 15:00:00,239.641434,3.60852,75.91794,99.291304,128.89,5.7,52,19.6,459.0,243.249954,668.7
2025-03-19 16:00:00,165.437415,4.389,113.83197,102.005624,130.22,5.9,50,19.5,503.0,169.826415,709.8
2025-03-19 17:00:00,71.970591,5.19558,175.97811,102.060336,128.71,5.4,56,15.7,376.0,77.16617099999999,773.2
2025-03-19 18:00:00,9.57954,4.7004,264.36046,102.092648,131.28,4.8,61,13.4,184.0,14.27994,883.2
2025-03-19 19:00:00,2.972288,4.11588,323.034348,110.755456,131.28,3.8,70,11.7,24.0,7.088168,948.3
2025-03-19 20:00:00,2.970008,4.564502,379.256332,102.064312,144.94,3.8,70,10.2,0.0,7.53451,937.3
2025-03-19 21:00:00,2.144644,4.26312,381.758748,102.049696,144.94,3.8,70,8.6,0.0,6.407764,913.3
2025-03-19 22:00:00,0.539524,4.523034,381.664178,102.1342,144.94,4.4,64,10.0,0.0,5.062558,896.7
2025-03-19 23:00:00,0.015716,3.847865,381.697498,102.030432,144.94,4.5,66,9.6,0.0,3.863581,877.7
2025-03-20 00:00:00,0.00032,2.806736,336.276458,102.008368,112.45,4.4,70,8.5,0.0,2.807056,829.5
2025-03-20 01:00:00,0.000424,4.076448,293.880636,102.057984,100.47,4.5,72,11.3,0.0,4.076872,796.2
2025-03-20 02:00:00,0.000344,4.306502,289.084796,102.036592,97.02,4.9,73,14.0,0.0,4.306846,776.1
2025-03-20 03:00:00,0.000272,4.813562,274.36717,102.0292,96.99,5.5,72,15.7,0.0,4.813834,762.4
2025-03-20 04:00:00,0.000248,3.905713,251.809026,102.040848,97.02,5.9,70,17.9,0.0,3.905961,763.6
2025-03-20 05:00:00,0.000472,4.720355,251.470212,102.012456,111.15,6.1,66,19.9,0.0,4.720827,782.5
2025-03-20 06:00:00,0.701605,4.236174,292.262362,102.180792,150.37,6.4,61,21.3,0.0,4.937779,812.2
2025-03-20 07:00:00,30.146029,3.575417,301.161756,102.141984,150.37,6.8,61,22.3,4.0,33.721446,794.5
2025-03-20 08:00:00,109.490353,3.993439,206.538738,102.07512,136.22,8.1,62,22.6,108.0,113.483792,724.2
2025-03-20 09:00:00,176.919877,6.24137,80.448452,102.143832,136.12,10.0,58,22.3,312.0,183.161247,705.8
2025-03-20 10:00:00,243.130983,7.412945,77.89404,102.08884,145.93,11.5,54,23.8,521.0,250.543928,696.0
2025-03-20 11:00:00,279.130251,8.14788,77.89677,101.118416,0.0,12.4,51,25.3,693.0,287.278131,637.4
2025-03-20 12:00:00,284.298794,8.14026,77.85036,69.384,0.0,12.9,50,27.0,810.0,292.439054,609.9
2025-03-20 13:00:00,287.451231,8.81124,77.8722,68.132904,0.0,13.1,51,28.6,840.0,296.262471,612.5
2025-03-20 14:00:00,243.899006,5.89338,60.91134,75.970888,132.11,13.0,52,29.3,815.0,249.792386,618.6
2025-03-20 15:00:00,214.327041,5.73138,87.290028,84.664608,130.22,12.9,53,28.5,714.0,220.058421,632.2
2025-03-20 16:00:00,144.422113,7.833485,185.340652,101.42916,143.86,12.7,54,27.5,582.0,152.255598,673.6
2025-03-20 17:00:00,62.280509,7.80456,241.271464,102.219656,129.64,12.2,55,25.5,396.0,70.085069,730.5
2025-03-20 18:00:00,9.623988,6.05869,351.754634,102.165784,144.01,11.2,61,24.3,185.0,15.682678,806.5
2025-03-20 19:00:00,2.988264,4.782642,377.261892,102.09304,144.85,10.1,62,25.2,26.0,7.770906,866.9
2025-03-20 20:00:00,2.960072,3.256384,379.685866,102.162592,144.85,10.0,58,26.3,0.0,6.216456,863.0
2025-03-20 21:00:00,2.190764,1.357497,379.807988,102.080216,144.85,10.1,55,27.1,0.0,3.548261,845.1
2025-03-20 22:00:00,0.509908,1.25664,379.721342,102.2028,126.73,10.3,52,28.1,0.0,1.766548,829.3
2025-03-20 23:00:00,0.016432,1.01088,300.54192,102.091248,144.05,10.4,51,30.1,0.0,1.027312,806.9
2025-03-21 00:00:00,0.000408,1.1043,243.934026,102.134816,114.15,10.7,48,30.8,0.0,1.104708,753.6
2025-03-21 01:00:00,0.00076,1.8423,192.33746,102.164104,97.31,10.9,48,30.7,0.0,1.84306,711.6
2025-03-21 02:00:00,0.000464,3.419497,173.073404,102.0936,96.22,11.0,51,30.1,0.0,3.419961,688.9
2025-03-21 03:00:00,0.000464,3.693284,169.60671,102.066608,89.43,11.0,54,30.7,0.0,3.693748,677.0
2025-03-21 04:00:00,0.000572,5.952003,173.036388,102.066048,96.9,11.5,56,31.7,0.0,5.952575,680.0
2025-03-21 05:00:00,0.000432,7.150361,173.017292,102.076464,103.48,12.1,57,33.3,0.0,7.150793,695.4
2025-03-21 06:00:00,0.638258,6.948332,176.457092,115.02988,124.12,12.4,60,34.4,0.0,7.586589999999999,729.7
2025-03-21 07:00:00,26.99992,3.76489,176.050504,140.502488,128.38,12.3,65,32.2,5.0,30.76481,728.5
2025-03-21 08:00:00,101.999117,4.159945,91.827862,145.04364,131.96,13.3,62,31.0,117.0,106.159062,684.4
2025-03-21 09:00:00,189.79742,7.453158,0.0126,158.117008,131.94,15.1,58,28.0,326.0,197.250578,660.5
2025-03-21 10:00:00,251.932395,4.116835,0.0,149.34864,-69.76,16.8,51,26.9,535.0,256.04923,627.9
2025-03-21 11:00:00,252.044876,3.834561,0.0,123.226992,-69.76,17.7,47,26.5,705.0,255.879437,593.9
2025-03-21 12:00:00,266.132949,5.062724,0.0,122.76488,-69.76,18.5,42,26.6,819.0,271.195673,566.7
2025-03-21 13:00:00,261.209442,4.727704,0.0,122.73632,-69.76,18.9,41,27.1,869.0,265.93714600000004,573.6
2025-03-21 14:00:00,239.710693,4.99022,0.0,122.850112,-69.76,18.9,40,28.3,847.0,244.700913,576.9
2025-03-21 15:00:00,198.446906,6.610861,0.0,122.871896,0.0,18.6,40,28.6,757.0,205.057767,594.8
2025-03-21 16:00:00,141.234804,7.363422,16.168698,135.400272,125.8,18.4,39,27.6,609.0,148.598226,638.2
2025-03-21 17:00:00,66.965542,5.7366,113.092476,146.024872,125.8,17.6,41,26.4,412.0,72.702142,693.4
2025-03-21 18:00:00,9.831692,3.067903,224.952266,146.415584,135.31,16.5,38,28.4,196.0,12.899595,755.1
2025-03-21 19:00:00,3.004716,1.464791,251.829676,146.541864,145.76,15.8,32,29.2,29.0,4.469507,806.3
2025-03-21 20:00:00,2.873112,1.012591,255.573318,146.783,145.0,15.5,32,29.9,0.0,3.885703,805.0
2025-03-21 21:00:00,2.142064,2.4359,255.533054,146.867672,145.0,15.1,35,30.8,0.0,4.577964,791.6
2025-03-21 22:00:00,0.609728,3.745183,255.536204,146.879544,145.0,15.7,30,31.4,0.0,4.354911,784.4
2025-03-21 23:00:00,0.016748,2.142242,255.548342,146.886376,145.0,15.6,37,30.7,0.0,2.15899,761.6
2025-03-22 00:00:00,0.00036,1.623891,209.449786,146.913088,132.94,15.8,41,29.8,0.0,1.624251,713.2
2025-03-22 01:00:00,0.001,2.303196,175.6657,146.828808,123.89,16.1,44,30.2,0.0,2.304196,680.8
2025-03-22 02:00:00,0.000472,1.23532,175.927472,146.762336,123.89,16.1,48,30.7,0.0,1.235792,662.0
2025-03-22 03:00:00,0.000708,1.591385,174.770176,146.718152,112.5,15.8,50,29.4,0.0,1.592093,651.7
2025-03-22 04:00:00,0.000408,3.045485,175.611058,146.722632,123.89,15.4,50,27.2,0.0,3.0458930000000004,651.9
2025-03-22 05:00:00,0.000692,3.347812,175.602868,146.67408,136.47,15.4,44,26.2,0.0,3.348504,670.1
2025-03-22 06:00:00,0.758162,3.286375,157.481842,146.627712,136.54,16.0,35,26.0,0.0,4.044537,690.3
2025-03-22 07:00:00,29.883722,3.678516,98.8092,146.61836,124.35,16.2,33,27.8,6.0,33.562238,655.1
2025-03-22 08:00:00,112.123894,3.465358,21.23289,146.656048,113.58,16.6,38,28.3,126.0,115.589252,582.6
2025-03-22 09:00:00,182.330912,3.889841,0.0,107.775976,113.83,17.9,38,26.9,338.0,186.220753,560.9
2025-03-22 10:00:00,223.979762,4.733992,0.0,94.885784,-69.76,19.5,36,27.3,549.0,228.713754,537.3
2025-03-22 11:00:00,257.904601,5.345641,0.0,94.86764,-69.76,20.3,37,27.8,720.0,263.250242,514.2
2025-03-22 12:00:00,272.750116,6.037705,0.0,94.798704,-69.76,20.5,36,28.6,835.0,278.787821,497.1
2025-03-22 13:00:00,269.809726,6.419721,0.0,94.797584,-69.76,20.5,36,29.9,885.0,276.229447,498.7
2025-03-22 14:00:00,248.428069,6.961205,0.0,94.717504,-69.76,20.3,36,29.8,862.0,255.389274,504.3
2025-03-22 15:00:00,204.743494,6.353379,0.0,94.775072,0.0,20.1,36,29.2,772.0,211.096873,531.5
2025-03-22 16:00:00,149.157777,5.282586,4.22408,123.29492,97.09,19.7,36,28.6,619.0,154.44036300000002,577.9
2025-03-22 17:00:00,69.858741,4.604456,58.589552,146.879488,115.94,18.7,39,26.7,419.0,74.463197,645.7
2025-03-22 18:00:00,10.10413,3.395964,117.567184,146.895896,134.42,17.5,35,28.3,201.0,13.500094,712.1
2025-03-22 19:00:00,2.977456,2.87846,143.298624,146.877192,134.43,17.0,29,29.5,30.0,5.855916000000001,764.8
2025-03-22 20:00:00,2.891708,3.568886,150.397408,146.739432,134.43,17.2,27,30.2,0.0,6.460594,771.9
2025-03-22 21:00:00,2.143952,2.862634,150.307808,146.71748,134.44,17.0,30,30.3,0.0,5.006586,760.5
2025-03-22 22:00:00,0.606444,3.400768,150.384304,146.899816,134.44,17.3,30,31.6,0.0,4.007212,747.4
2025-03-22 23:00:00,0.016436,3.459098,120.292704,146.884416,134.45,17.5,33,30.5,0.0,3.475534,722.5
2025-03-23 00:00:00,0.000296,3.397877,72.970464,146.82976,124.29,17.7,35,29.8,0.0,3.398173,679.4
2025-03-23 01:00:00,0.000968,4.163217,75.242048,146.798232,115.03,17.8,35,30.2,0.0,4.164185000000001,647.8
2025-03-23 02:00:00,0.000392,4.110168,75.483968,146.80176,113.6,17.6,36,30.7,0.0,4.11056,631.3
2025-03-23 03:00:00,0.000756,4.188871,75.58656,146.745872,111.97,17.5,38,29.9,0.0,4.189627,626.4
2025-03-23 04:00:00,0.000436,2.744397,74.860352,146.764408,113.6,17.5,37,29.2,0.0,2.7448330000000003,630.6
2025-03-23 05:00:00,0.00042,1.179849,75.093984,146.823936,137.26,17.4,35,28.9,0.0,1.180269,644.0
2025-03-23 06:00:00,1.032077,1.726992,75.254368,149.19352,145.87,17.4,33,28.4,0.0,2.759069,663.4
2025-03-23 07:00:00,33.7029,2.500091,69.597024,146.757688,143.72,17.4,33,27.9,7.0,36.202991,614.4
2025-03-23 08:00:00,117.506247,1.817769,9.288384,146.95016,99.94,18.4,33,26.4,130.0,119.324016,547.0
2025-03-23 09:00:00,182.10749,1.196829,0.0,105.6468,99.82,20.0,30,24.5,344.0,183.304319,522.9
2025-03-23 10:00:00,223.938026,1.886531,0.0,97.3406,0.0,21.7,26,22.4,560.0,225.824557,504.6
2025-03-23 11:00:00,255.669143,2.035985,0.0,97.248312,-69.76,22.4,25,22.7,731.0,257.705128,483.1
2025-03-23 12:00:00,265.853257,2.978412,0.0,97.243216,-69.76,22.5,23,23.1,845.0,268.831669,476.1
2025-03-23 13:00:00,258.250794,4.373835,0.0,97.279,-69.76,22.7,25,23.9,892.0,262.624629,483.1
2025-03-23 14:00:00,224.45243,4.223843,0.0,97.266792,-69.76,22.6,26,24.5,866.0,228.676273,503.3
2025-03-23 15:00:00,172.875312,2.958319,6.32163,113.142288,103.29,22.7,29,22.3,739.0,175.833631,540.5
2025-03-23 16:00:00,139.84278,0.950453,12.004692,145.086704,101.14,22.5,29,20.8,598.0,140.793233,578.1
2025-03-23 17:00:00,51.579778,0.417311,88.491074,146.773256,114.2,21.4,40,15.7,355.0,51.997089,643.6
2025-03-23 18:00:00,8.544059,0.57438,163.11155,146.806352,123.9,20.3,39,12.7,187.0,9.118439,700.2
2025-03-23 19:00:00,3.023628,0.682261,155.484686,146.585264,135.32,17.7,44,11.6,30.0,3.705889,741.8
2025-03-23 20:00:00,2.855832,0.986162,146.991488,146.567232,135.32,16.3,48,12.6,0.0,3.841994,747.9
2025-03-23 21:00:00,2.100572,0.886584,150.012016,147.04928,135.32,15.5,51,13.5,0.0,2.987156,726.9
2025-03-23 22:00:00,0.593352,1.406282,150.364368,146.91292,135.33,16.3,44,16.1,0.0,1.999634,707.3
2025-03-23 23:00:00,0.016408,1.2438,103.364912,146.879936,135.3,17.3,36,19.2,0.0,1.260208,680.5
2025-03-24 00:00:00,0.000368,1.4013,75.135648,146.878536,113.8,18.3,29,27.2,0.0,1.401668,636.3
2025-03-24 01:00:00,0.00118,1.14696,75.276096,146.88016,96.53,19.1,23,27.4,0.0,1.14814,604.9
2025-03-24 02:00:00,0.000432,1.07784,75.245856,146.806016,84.4,19.2,27,24.9,0.0,1.078272,583.7
2025-03-24 03:00:00,0.000832,3.917781,74.699968,146.772528,84.4,16.6,54,32.1,0.0,3.918613,569.4
2025-03-24 04:00:00,0.000564,6.766154,74.327904,146.794144,96.71,15.5,59,26.3,0.0,6.766718,576.2
2025-03-24 05:00:00,0.000384,2.624172,73.42832,146.73988,96.86,14.9,62,17.1,0.0,2.624556,592.4
2025-03-24 06:00:00,0.47518,0.809199,73.218432,146.790616,100.41,15.1,71,21.7,0.0,1.284379,624.3
2025-03-24 07:00:00,25.121537,1.108055,74.048352,146.642384,123.44,16.2,58,21.0,5.0,26.229592,640.4
2025-03-24 08:00:00,103.715076,1.829346,66.51344,146.750744,113.8,18.0,51,26.5,111.0,105.544422,617.0
2025-03-24 09:00:00,182.113444,2.449958,0.219968,117.105408,130.14,19.0,49,24.0,333.0,184.563402,599.5
2025-03-24 10:00:00,206.167505,4.359382,0.0,95.5458,124.12,19.8,53,27.5,532.0,210.526887,587.1
2025-03-24 11:00:00,233.712066,3.981958,0.0,96.037704,0.0,20.4,52,29.0,703.0,237.694024,560.5
2025-03-24 12:00:00,249.696401,5.714348,0.0,94.79708,0.0,21.2,47,27.1,819.0,255.410749,537.9
2025-03-24 13:00:00,246.399259,4.809032,0.0,95.833136,-48.0,21.9,43,27.0,868.0,251.208291,551.4
2025-03-24 14:00:00,223.332367,5.495542,0.0,95.772992,0.0,22.1,43,28.1,849.0,228.827909,565.4
2025-03-24 15:00:00,180.058193,6.086658,2.30748,95.93836,107.35,21.7,46,29.0,760.0,186.144851,588.8
2025-03-24 16:00:00,127.982673,6.252001,10.30701,122.36224,113.8,21.2,47,28.8,608.0,134.234674,630.8
2025-03-24 17:00:00,56.282131,5.574322,79.175432,145.137832,120.33,20.5,49,27.5,412.0,61.856453,680.3
2025-03-24 18:00:00,9.619095,2.630743,149.561132,145.19372,152.69,19.4,47,31.2,199.0,12.249838,727.7
2025-03-24 19:00:00,2.983744,2.30677,212.881032,145.027736,133.42,18.3,47,31.5,31.0,5.290514,764.8
2025-03-24 20:00:00,2.962208,2.711674,228.01716,145.055344,121.88,18.6,44,32.7,0.0,5.673882,759.7
2025-03-24 21:00:00,2.167848,2.690259,173.456836,145.143656,110.5,18.9,43,32.6,0.0,4.858107,739.2
2025-03-24 22:00:00,0.523212,3.422512,173.130398,145.10272,113.8,19.2,45,34.7,0.0,3.945724,721.6
2025-03-24 23:00:00,0.016496,3.206925,173.002312,145.047784,109.15,18.8,47,34.0,0.0,3.223421,695.0
2025-03-25 00:00:00,0.000368,4.533931,139.69417,145.027624,107.37,18.4,48,32.0,0.0,4.534299,654.0
2025-03-25 01:00:00,0.001104,2.682984,73.442656,145.007296,96.67,18.1,48,30.5,0.0,2.684088,622.2
2025-03-25 02:00:00,0.000444,2.581946,73.6792,145.035296,96.49,17.9,47,29.4,0.0,2.58239,608.7
2025-03-25 03:00:00,0.00078,1.200643,73.88752,145.073544,85.4,17.9,46,27.4,0.0,1.201423,601.5
2025-03-25 04:00:00,0.000384,1.81056,74.004448,145.081216,96.39,17.8,47,25.2,0.0,1.810944,605.3
2025-03-25 05:00:00,0.000456,0.861201,74.402944,145.126352,97.29,17.7,48,23.7,0.0,0.861657,625.5
2025-03-25 06:00:00,0.993386,0.53478,74.456928,145.151216,103.48,17.8,48,23.7,0.0,1.528166,660.4
2025-03-25 07:00:00,28.550196,0.59472,74.308864,145.070016,103.48,18.3,48,25.1,8.0,29.144916,656.1
2025-03-25 08:00:00,92.221251,0.5715,63.641984,145.28108,124.12,19.9,46,26.2,134.0,92.792751,622.3
2025-03-25 09:00:00,157.059513,1.121342,0.002016,120.528408,130.21,21.2,46,24.5,342.0,158.180855,603.3
2025-03-25 10:00:00,200.02241,1.91628,0.0,98.446208,132.46,23.5,40,27.5,547.0,201.93869,584.2
2025-03-25 11:00:00,229.995275,1.99206,0.0,98.415408,-69.76,24.3,39,30.2,713.0,231.987335,561.9
2025-03-25 12:00:00,244.838011,1.875146,0.0,98.452368,-69.76,25.0,35,30.7,826.0,246.713157,542.4
2025-03-25 13:00:00,241.371461,5.8554,0.0,98.32228,-69.76,25.5,33,30.8,871.0,247.226861,554.0
2025-03-25 14:00:00,220.491763,7.926139,0.0,98.50512,0.0,25.8,31,32.1,849.0,228.417902,572.5
2025-03-25 15:00:00,178.907483,7.487579,3.35979,98.653688,130.21,25.5,32,32.4,761.0,186.395062,592.2
2025-03-25 16:00:00,127.180781,6.823021,31.624684,120.886304,130.2,24.9,34,32.9,612.0,134.003802,631.5
2025-03-25 17:00:00,61.004554,5.29209,87.720318,166.781608,124.12,23.9,37,32.6,417.0,66.296644,681.4
2025-03-25 18:00:00,10.3394,3.232518,126.007224,171.179008,124.12,22.6,35,36.4,202.0,13.571918,726.2
2025-03-25 19:00:00,2.964748,4.237678,157.227658,171.01924,113.8,21.9,36,36.4,33.0,7.202426,768.8
2025-03-25 20:00:00,2.9227,4.180435,170.024288,171.13796,113.38,21.7,37,33.7,0.0,7.103135,764.1
2025-03-25 21:00:00,2.146304,3.653126,160.435758,171.282664,111.73,17.5,63,25.4,0.0,5.79943,745.2
2025-03-25 22:00:00,0.59548,4.52101,166.327238,171.074344,108.51,19.6,41,21.1,0.0,5.116490000000001,727.5
2025-03-25 23:00:00,0.016232,2.883142,171.272304,171.142104,108.36,18.2,44,16.6,0.0,2.899374,694.4
2025-03-26 00:00:00,0.000376,2.523327,172.7509,171.02456,107.71,15.7,55,11.9,0.0,2.5237030000000003,659.2
2025-03-26 01:00:00,0.001068,1.749985,169.141196,149.693544,88.89,14.2,64,7.6,0.0,1.751053,629.0
2025-03-26 02:00:00,0.000596,1.104058,169.019466,144.922232,88.89,13.7,67,4.6,0.0,1.104654,612.4
2025-03-26 03:00:00,0.000632,0.432914,169.111208,144.979688,88.89,14.5,59,5.2,0.0,0.433546,604.6
2025-03-26 04:00:00,0.000608,0.03456,173.018538,144.982152,97.33,13.4,60,1.6,0.0,0.035168,607.8
2025-03-26 05:00:00,0.000488,0.184592,173.083246,144.989936,113.8,13.8,57,1.1,0.0,0.18508,628.8
2025-03-26 06:00:00,1.228149,0.331297,172.98449,145.024936,114.91,14.3,55,0.6,0.0,1.559446,662.3
2025-03-26 07:00:00,31.584427,0.746079,171.31387,144.919712,118.16,15.3,54,1.0,9.0,32.330506,657.5
2025-03-26 08:00:00,95.096718,1.273179,92.313018,145.265288,139.09,18.6,49,2.1,139.0,96.369897,628.0
2025-03-26 09:00:00,164.806566,2.307477,23.644768,143.098872,114.84,20.7,53,2.3,349.0,167.114043,604.6
2025-03-26 10:00:00,207.521434,1.973815,0.0,97.462512,126.41,22.3,57,3.2,555.0,209.495249,579.4
2025-03-26 11:00:00,249.720892,1.826312,0.0,96.347664,-48.0,23.9,60,2.3,723.0,251.547204,550.7
2025-03-26 12:00:00,262.446048,0.728741,0.0,96.215952,-69.76,24.2,67,4.3,837.0,263.17478900000003,532.8
2025-03-26 13:00:00,247.400616,0.524884,0.0,96.199488,-48.0,23.2,76,4.7,887.0,247.9255,555.1
2025-03-26 14:00:00,218.4991,2.015641,0.0,96.140856,0.0,22.7,83,3.8,852.0,220.514741,563.1
2025-03-26 15:00:00,182.386387,2.360904,0.0,97.41368,126.38,22.6,83,5.3,758.0,184.747291,590.7
2025-03-26 16:00:00,131.245818,3.45392,4.362848,143.213392,126.38,22.3,83,7.3,628.0,134.69973800000002,635.1
2025-03-26 17:00:00,43.046417,9.859848,60.094944,145.051536,126.38,21.3,85,5.3,430.0,52.906265,686.8
2025-03-26 18:00:00,6.422227,10.254628,126.027328,145.009592,140.8,19.9,93,5.0,198.0,16.676855,723.1
2025-03-26 19:00:00,2.940144,8.1768,142.370368,145.031936,140.8,19.1,100,7.5,27.0,11.116944,744.9
2025-03-26 20:00:00,2.540516,5.434802,131.652192,144.9266,126.41,19.0,100,6.8,0.0,7.975318000000001,730.0
2025-03-26 21:00:00,1.44324,7.284381,73.632944,145.09992,126.41,19.1,100,7.9,0.0,8.727621,707.2
2025-03-26 22:00:00,0.012712,9.350094,75.534144,145.255936,126.41,18.3,86,9.6,0.0,9.362806,683.8
2025-03-26 23:00:00,0.000232,5.068193,75.636624,145.151664,126.41,18.7,81,9.4,0.0,5.068425,652.2
2025-03-27 00:00:00,0.00024,2.72795,75.74672,145.214048,112.54,19.6,82,13.0,0.0,2.72819,609.0
2025-03-27 01:00:00,0.000992,2.918581,28.685888,145.053104,96.79,20.3,89,18.0,0.0,2.919573,572.7
2025-03-27 02:00:00,0.000248,5.540848,0.0,145.000632,96.58,21.0,88,19.3,0.0,5.5410960000000005,554.6
2025-03-27 03:00:00,0.0005,8.377246,0.0,145.024432,96.58,20.9,87,21.6,0.0,8.377746,546.8
2025-03-27 04:00:00,0.000364,7.409338,0.0,145.020904,96.58,21.6,87,23.8,0.0,7.409702,546.6
2025-03-27 05:00:00,0.000264,7.421284,0.0,144.96916,96.76,21.8,84,22.7,0.0,7.421548,558.7
2025-03-27 06:00:00,1.143674,7.228547,8.532384,144.986352,97.49,21.3,85,20.7,0.0,8.372221,597.8
2025-03-27 07:00:00,18.710975,3.000908,60.767392,145.236952,113.8,21.0,85,19.8,6.0,21.711883,630.5
2025-03-27 08:00:00,52.042672,3.66823,72.429504,145.066824,117.53,21.8,77,19.2,75.0,55.710902,653.0
2025-03-27 09:00:00,77.688353,4.03304,72.660224,145.136208,160.78,24.0,68,19.7,227.0,81.721393,675.2
2025-03-27 10:00:00,125.03175,0.51688,72.339008,145.128032,160.78,23.6,68,11.2,314.0,125.54863,662.0
2025-03-27 11:00:00,63.664663,2.206235,73.015152,145.14864,134.55,24.0,71,1.8,418.0,65.870898,709.2
2025-03-27 12:00:00,14.806395,3.729368,83.822368,145.065536,124.9,22.2,82,5.0,303.0,18.535763,730.0
2025-03-27 13:00:00,42.543068,3.167531,122.538416,145.028576,134.48,20.7,96,4.0,223.0,45.710599,706.6
2025-03-27 14:00:00,13.383805,2.951147,143.971632,146.167168,134.33,18.8,92,13.7,180.0,16.334952,728.2
2025-03-27 15:00:00,15.126024,8.589719,151.305728,145.001528,134.88,17.3,100,18.2,79.0,23.715743,734.3
2025-03-27 16:00:00,10.340927,11.926037,156.608886,144.893224,134.72,13.6,99,23.8,193.0,22.266964,743.8
2025-03-27 17:00:00,7.436491,12.724339,174.540394,144.859904,130.4,11.6,100,16.5,39.0,20.16083,761.2
2025-03-27 18:00:00,1.789089,12.220618,160.668256,144.851224,128.87,11.6,97,12.4,25.0,14.009707,776.4
2025-03-27 19:00:00,0.85962,11.793285,98.728798,144.937128,132.89,11.9,79,10.7,11.0,12.652905,794.6
2025-03-27 20:00:00,0.110664,12.66038,76.355328,144.9238,113.8,11.1,70,12.9,0.0,12.771044,787.2
2025-03-27 21:00:00,0.000312,12.819584,76.934592,145.08816,113.38,10.2,59,14.0,0.0,12.819896,765.2
2025-03-27 22:00:00,0.00036,12.001241,76.536768,145.052992,113.8,9.7,59,13.7,0.0,12.001601,747.5
2025-03-27 23:00:00,0.00036,13.436574,77.133728,144.9476,104.43,9.1,76,14.0,0.0,13.436934,726.8
2025-03-28 00:00:00,0.000344,13.161603,25.436992,144.876536,122.71,8.7,81,13.5,0.0,13.161947,684.5
2025-03-28 01:00:00,0.000312,12.60424,0.0,144.779488,103.48,8.7,81,16.2,0.0,12.604552,648.0
2025-03-28 02:00:00,0.000384,11.543352,0.0,144.766048,96.65,8.2,81,13.6,0.0,11.543736,609.8
2025-03-28 03:00:00,0.000392,11.081014,0.0,144.764256,99.04,7.8,90,14.2,0.0,11.081406,610.1
2025-03-28 04:00:00,0.000384,11.253021,0.0,144.806648,103.48,7.3,86,19.8,0.0,11.253405,625.4
2025-03-28 05:00:00,0.00036,10.419378,0.0,144.793264,124.12,7.1,82,16.7,0.0,10.419738,651.9
2025-03-28 06:00:00,0.027051,11.352296,22.010464,144.821376,124.37,7.1,73,17.1,0.0,11.379347,702.3
2025-03-28 07:00:00,3.380652,10.900945,77.152768,144.861416,132.89,7.2,68,16.7,4.0,14.281597,757.5
2025-03-28 08:00:00,23.16726,11.675479,77.11872,145.053552,130.68,7.4,69,17.1,51.0,34.842738999999995,794.9
2025-03-28 09:00:00,93.324968,11.771605,17.290336,132.223896,139.92,7.6,67,20.6,180.0,105.096573,716.7
2025-03-28 10:00:00,157.900347,10.453743,0.0,96.078136,0.0,8.0,67,26.9,393.0,168.35409,659.2
2025-03-28 11:00:00,200.40388,9.79675,0.0,117.850096,0.0,8.1,66,28.2,582.0,210.20063,626.2
2025-03-28 12:00:00,241.007545,9.702955,0.0,94.87632,0.0,8.1,67,27.1,658.0,250.7105,579.9
2025-03-28 13:00:00,208.379084,10.332637,0.0,101.127152,0.0,8.3,65,25.6,788.0,218.711721,618.5
2025-03-28 14:00:00,138.751583,9.845476,0.0,116.200896,0.0,8.3,65,26.6,755.0,148.597059,642.8
2025-03-28 15:00:00,129.096224,9.097355,6.017088,102.340952,0.0,8.0,65,25.5,622.0,138.193579,650.4
2025-03-28 16:00:00,79.635479,10.652621,64.347136,102.820424,0.0,7.5,67,23.6,367.0,90.2881,695.0
2025-03-28 17:00:00,27.096162,12.223402,77.170688,143.562216,127.43,7.3,67,22.5,316.0,39.319564,779.5
2025-03-28 18:00:00,3.895857,12.632384,77.236992,144.912824,134.93,7.1,64,20.1,127.0,16.528241,836.4
2025-03-28 19:00:00,2.957328,12.04675,77.30128,145.644352,135.75,6.9,65,18.8,19.0,15.004078,856.6
2025-03-28 20:00:00,2.814376,10.689789,77.662592,151.884152,132.67,6.8,64,15.7,0.0,13.504165,839.7
2025-03-28 21:00:00,2.00418,10.197756,78.405152,179.74376,130.47,6.9,66,13.2,0.0,12.201936,819.8
2025-03-28 22:00:00,0.508244,9.90193,78.332352,168.628656,132.07,7.0,55,15.3,0.0,10.410174,800.8
2025-03-28 23:00:00,0.015088,9.738805,78.626912,171.987648,132.67,6.9,62,17.3,0.0,9.753893,780.3
2025-03-29 00:00:00,0.000112,9.08438,78.62288,163.137184,134.22,6.6,69,19.1,0.0,9.084492,734.0
2025-03-29 01:00:00,0.000672,9.887784,77.287616,144.738552,132.24,6.5,69,16.3,0.0,9.888456,700.6
2025-03-29 02:00:00,0.000404,9.593145,77.28112,144.508392,129.77,6.5,67,11.6,0.0,9.593549,680.5
2025-03-29 03:00:00,0.000272,7.913821,84.346136,144.433408,123.15,6.4,70,12.8,0.0,7.914093,683.8
2025-03-29 04:00:00,0.000256,6.560739,87.329438,144.34224,129.87,5.6,75,11.8,0.0,6.560995,692.8
2025-03-29 05:00:00,0.000248,5.401102,118.006028,144.369624,134.48,5.6,74,9.1,0.0,5.40135,709.8
2025-03-29 06:00:00,1.719474,4.266483,165.678184,143.247216,134.42,4.7,79,6.7,0.0,5.985957,721.7
2025-03-29 07:00:00,28.054929,4.036843,179.624284,111.013224,126.37,5.0,80,8.1,12.0,32.091772,695.2
2025-03-29 08:00:00,86.214697,4.36054,168.054222,102.055688,123.05,6.4,71,12.7,144.0,90.575237,637.3
2025-03-29 09:00:00,158.637151,4.607635,84.274148,94.156944,103.28,7.1,64,13.4,347.0,163.24478599999998,597.7
2025-03-29 10:00:00,204.240738,2.89939,57.99087,69.034672,133.4,7.8,59,11.4,491.0,207.140128,567.0
2025-03-29 11:00:00,168.701343,2.88106,57.77961,68.998664,133.4,8.3,53,11.8,624.0,171.582403,600.8
2025-03-29 12:00:00,118.34651,2.906697,79.42389,86.865632,128.99,8.3,51,14.4,608.0,121.253207,616.8
2025-03-29 13:00:00,135.75881,3.611229,99.32874,102.128488,130.32,8.1,52,16.3,524.0,139.37003900000002,609.3
2025-03-29 14:00:00,118.357203,4.871138,99.3384,102.165616,111.26,8.0,56,19.7,457.0,123.228341,606.7
2025-03-29 15:00:00,70.648635,8.031834,99.31257,102.181352,99.91,7.6,62,21.8,349.0,78.680469,645.2
2025-03-29 16:00:00,38.803003,11.265957,133.382116,102.08744,99.91,7.5,62,22.7,252.0,50.06896,703.3
2025-03-29 17:00:00,19.970558,12.944949,191.995384,102.089176,111.64,7.4,62,22.5,227.0,32.915507,784.3
2025-03-29 18:00:00,7.044337,12.694748,244.69634,102.127032,124.34,6.3,70,20.8,108.0,19.739085,835.9
2025-03-29 19:00:00,2.859872,12.678572,258.338808,102.134256,133.55,6.1,69,18.8,23.0,15.538444000000002,865.3
2025-03-29 20:00:00,2.017804,12.444103,258.400534,102.129608,133.1,5.9,65,18.4,0.0,14.461907,855.8
2025-03-29 21:00:00,0.995456,12.086064,258.35593,102.05468,133.1,5.7,64,19.7,0.0,13.08152,847.0
2025-03-29 22:00:00,0.014296,11.915979,258.555738,102.110008,133.1,4.8,56,22.0,0.0,11.930275,835.8
2025-03-29 23:00:00,0.000328,11.113842,258.823698,102.08044,133.1,4.3,54,20.3,0.0,11.11417,818.8
2025-03-30 00:00:00,0.000328,11.496099,258.684874,102.043032,132.58,4.2,49,20.4,0.0,11.496427,773.5
2025-03-30 01:00:00,0.000304,11.023263,243.94216,102.042472,116.49,3.8,53,17.0,0.0,11.023567,737.6
2025-03-30 02:00:00,0.000324,11.285108,243.636274,102.02556,100.08,3.7,55,17.1,0.0,11.285432,718.0
2025-03-30 03:00:00,4e-05,10.042101,243.563138,102.05916,100.08,3.6,54,17.0,0.0,10.042141,713.7
2025-03-30 04:00:00,4e-05,8.69052,259.293244,102.091864,123.9,3.7,54,15.5,0.0,8.69056,724.0
2025-03-30 05:00:00,0.000108,8.378577,259.790706,102.107656,133.33,3.6,55,14.0,0.0,8.378685,750.8
2025-03-30 06:00:00,2.65973,8.300878,260.612632,102.128264,134.73,2.5,64,9.2,0.0,10.960608,767.1
2025-03-30 07:00:00,44.608472,6.705952,228.580716,102.064592,132.56,2.7,65,11.6,14.0,51.314424,691.2
2025-03-30 08:00:00,135.274688,5.368134,104.726664,102.116896,97.06,4.0,51,11.6,155.0,140.642822,574.0
2025-03-30 09:00:00,193.279211,4.248516,59.66037,72.060912,100.08,4.9,45,10.1,362.0,197.527727,544.1
2025-03-30 10:00:00,226.014646,2.10486,58.61961,68.534872,100.21,6.0,36,11.3,587.0,228.119506,539.6
2025-03-30 11:00:00,259.328128,1.149068,58.66749,68.489064,0.0,6.5,33,10.3,758.0,260.477196,514.2
2025-03-30 12:00:00,229.837933,0.91044,58.695,68.464648,-48.0,6.9,33,8.8,873.0,230.748373,536.3
2025-03-30 13:00:00,188.539401,0.82854,58.63914,68.51964,-48.0,7.2,34,9.0,915.0,189.367941,552.3
2025-03-30 14:00:00,172.434757,1.49958,58.44174,68.491752,97.35,7.0,36,11.0,870.0,173.934337,544.5
2025-03-30 15:00:00,174.259876,2.54904,70.92393,80.213336,98.17,6.8,43,10.2,771.0,176.80891599999998,558.0
2025-03-30 16:00:00,113.753449,5.78416,99.32811,102.256952,96.54,6.8,47,12.0,611.0,119.537609,614.2
2025-03-30 17:00:00,49.22165,5.85816,131.793116,102.181464,122.8,6.4,49,12.1,367.0,55.07981,698.3
2025-03-30 18:00:00,9.512363,5.58372,218.301888,105.462728,144.37,6.0,49,12.0,193.0,15.096083,800.6
2025-03-30 19:00:00,3.030292,5.69046,273.696332,102.29128,144.37,5.5,54,11.9,33.0,8.720752000000001,855.4
2025-03-30 20:00:00,2.920744,5.2353,288.9446,102.1216,144.37,5.4,57,10.4,0.0,8.156044,859.3
2025-03-30 21:00:00,2.013792,4.898414,288.786568,102.17536,144.37,5.4,57,10.3,0.0,6.912205999999999,848.6
2025-03-30 22:00:00,0.473444,5.300433,293.745662,102.088112,144.41,5.3,60,8.8,0.0,5.773877,843.2
2025-03-30 23:00:00,0.018508,4.702029,287.586222,102.078816,144.41,4.4,69,4.6,0.0,4.720536999999999,831.5
2025-03-31 00:00:00,0.000104,3.914228,272.908146,102.076632,113.89,3.2,73,3.5,0.0,3.914332,792.2
2025-03-31 01:00:00,0.000548,3.002461,265.847078,102.100824,96.51,3.0,73,4.7,0.0,3.003009,760.8
2025-03-31 02:00:00,0.000152,2.401455,265.752508,102.101552,87.25,3.1,75,5.2,0.0,2.401607,740.5
2025-03-31 03:00:00,7.2e-05,1.460091,265.72063,102.082288,85.98,2.9,75,4.9,0.0,1.460163,729.0
2025-03-31 04:00:00,7.2e-05,1.09424,265.744346,102.066552,87.25,3.1,74,3.8,0.0,1.0943120000000002,725.8
2025-03-31 05:00:00,9.6e-05,1.308872,265.60912,102.081728,89.13,3.7,72,1.8,0.0,1.308968,744.0
2025-03-31 06:00:00,1.771823,1.412047,288.200276,102.161248,113.8,3.8,71,0.9,0.0,3.18387,771.0
2025-03-31 07:00:00,34.935704,0.70705,303.159136,102.145904,128.59,4.4,72,1.6,15.0,35.642754000000004,762.9
2025-03-31 08:00:00,122.595102,0.139192,184.497236,102.037544,138.69,7.0,66,4.0,158.0,122.734294,670.0
2025-03-31 09:00:00,200.158101,0.295341,94.091858,102.086376,132.46,8.0,60,5.8,371.0,200.453442,648.1
2025-03-31 10:00:00,256.832515,0.433094,77.89257,102.12832,132.46,9.1,41,6.1,581.0,257.265609,626.3
2025-03-31 11:00:00,291.760189,0.387565,71.55246,94.33788,132.46,9.8,39,5.0,749.0,292.147754,599.0
2025-03-31 12:00:00,234.456451,0.432509,62.60583,72.76304,-48.0,10.3,39,6.7,860.0,234.88896,607.1
2025-03-31 13:00:00,253.046198,0.799523,69.43167,79.1518,0.0,10.4,41,8.0,888.0,253.845721,580.6
2025-03-31 14:00:00,276.280205,1.162518,74.33685,83.024256,132.46,10.4,44,8.1,842.0,277.442723,589.5
2025-03-31 15:00:00,194.117223,1.637233,84.56028,102.020856,128.84,10.2,47,7.6,778.0,195.754456,632.2
2025-03-31 16:00:00,101.932252,2.27634,113.058638,102.065656,128.84,9.9,47,6.0,628.0,104.208592,687.2
2025-03-31 17:00:00,46.908996,2.956182,233.807294,102.030768,128.53,9.4,49,6.0,380.0,49.865178,729.8
2025-03-31 18:00:00,8.844802,2.911458,396.957484,102.045048,147.36,8.9,51,5.7,172.0,11.75626,809.0
2025-03-31 19:00:00,2.987928,2.759576,461.83438,102.076184,126.89,6.9,70,3.4,34.0,5.747504,864.7
2025-03-31 20:00:00,2.939632,3.261105,435.503292,102.073944,147.36,6.7,72,3.2,0.0,6.200737,860.5
2025-03-31 21:00:00,2.119388,3.099074,380.879912,102.032168,147.36,6.4,71,2.3,0.0,5.218462,841.0
2025-03-31 22:00:00,0.47494,2.648314,380.83857,102.153912,147.36,6.6,78,3.4,0.0,3.123254,824.4
2025-03-31 23:00:00,0.016132,2.129283,343.308154,102.096624,141.24,6.1,79,3.5,0.0,2.145415,799.5
2025-04-01 00:00:00,0.00024,2.031051,313.940158,102.048912,99.41,6.2,79,2.8,0.0,2.031291,751.9
2025-04-01 01:00:00,0.000804,2.06426,244.657448,102.068008,98.52,5.8,81,4.1,0.0,2.065064,718.8
2025-04-01 02:00:00,0.000336,1.575499,241.4923,102.040064,97.55,6.0,79,1.5,0.0,1.575835,699.9
2025-04-01 03:00:00,0.000288,1.404871,241.578988,102.001648,97.74,5.4,81,2.3,0.0,1.405159,689.2
2025-04-01 04:00:00,0.000272,1.002155,241.66555,102.045552,98.79,5.2,83,2.3,0.0,1.002427,691.1
2025-04-01 05:00:00,0.006394,0.700659,241.621422,102.058096,122.85,5.1,82,1.7,0.0,0.707053,709.6
2025-04-01 06:00:00,2.052923,0.68652,259.813008,102.05076,128.35,5.1,80,1.7,0.0,2.739443,737.7
2025-04-01 07:00:00,25.109789,1.235481,260.640898,102.02192,136.04,5.6,81,3.6,15.0,26.34527,741.7
2025-04-01 08:00:00,61.358923,2.459229,243.93243,102.036032,143.52,8.3,76,6.4,115.0,63.818152,728.2
2025-04-01 09:00:00,114.816377,2.410274,168.48111,102.145288,143.77,9.3,70,6.7,259.0,117.226651,696.8
2025-04-01 10:00:00,222.41238,2.487241,79.82814,102.128992,145.19,10.6,60,12.5,495.0,224.899621,630.5
2025-04-01 11:00:00,307.700966,3.193295,77.86338,89.634776,0.0,11.3,58,14.0,698.0,310.894261,580.5
2025-04-01 12:00:00,320.638274,3.19256,62.24421,69.17736,0.0,12.1,55,15.0,848.0,323.83083400000004,563.7
2025-04-01 13:00:00,276.637299,3.915189,76.49586,97.69956,0.0,12.4,53,16.5,905.0,280.552488,595.4
2025-04-01 14:00:00,266.095925,3.915866,75.20142,102.05636,137.21,12.4,53,15.6,870.0,270.011791,583.9
2025-04-01 15:00:00,203.090508,4.374,131.4474,102.136216,156.03,12.2,51,14.8,766.0,207.464508,623.6
2025-04-01 16:00:00,147.361317,4.132998,190.874516,102.087216,137.21,12.0,50,14.5,637.0,151.494315,638.4
2025-04-01 17:00:00,77.794712,4.950262,262.29441,102.0432,156.92,11.4,51,15.2,404.0,82.744974,693.2
2025-04-01 18:00:00,14.512116,2.597036,342.106072,102.005232,149.48,10.7,55,14.5,222.0,17.109152,772.0
2025-04-01 19:00:00,3.083834,1.574176,365.606234,102.022312,155.35,9.6,61,12.5,42.0,4.65801,858.8
2025-04-01 20:00:00,3.009124,1.884245,381.442726,103.571272,155.42,9.7,57,13.1,0.0,4.893369,865.2
2025-04-01 21:00:00,2.22024,1.6533,372.325436,118.7536,155.42,9.5,56,8.0,0.0,3.87354,848.9
2025-04-01 22:00:00,0.4248,1.753803,380.90199,128.560208,155.42,9.4,68,8.5,0.0,2.178603,830.8
2025-04-01 23:00:00,0.015228,1.595531,337.206996,130.212152,153.0,8.6,76,6.1,0.0,1.610759,806.7
2025-04-02 00:00:00,0.000208,1.311072,321.173678,117.883472,104.85,7.3,78,4.7,0.0,1.31128,761.0
2025-04-02 01:00:00,0.000692,1.514091,287.7028,102.013856,95.52,7.0,76,5.3,0.0,1.514783,727.4
2025-04-02 02:00:00,0.000268,0.95444,245.45472,102.085536,94.67,6.7,75,5.4,0.0,0.954708,706.7
2025-04-02 03:00:00,0.000224,0.712097,246.125768,102.154416,95.09,6.4,73,5.2,0.0,0.712321,700.2
2025-04-02 04:00:00,0.000296,0.727868,246.078476,102.134592,95.07,6.3,70,4.3,0.0,0.7281639999999999,709.6
2025-04-02 05:00:00,0.00743,0.507392,245.974736,102.04908,98.57,6.2,67,3.8,0.0,0.514822,736.8
2025-04-02 06:00:00,3.296556,0.753021,246.033774,102.039952,117.13,6.0,63,3.9,0.0,4.049577,762.9
2025-04-02 07:00:00,46.397909,1.620749,260.293208,102.054344,158.5,7.0,57,4.5,19.0,48.018658,710.7
2025-04-02 08:00:00,134.318435,1.923029,162.334816,102.015144,154.76,10.2,56,4.5,171.0,136.241464,638.0
2025-04-02 09:00:00,216.193665,1.746989,98.779282,102.110512,135.07,11.8,44,4.3,385.0,217.940654,616.1
2025-04-02 10:00:00,266.965438,1.146729,98.75019,102.137504,136.76,12.5,46,5.4,589.0,268.112167,592.1
2025-04-02 11:00:00,305.132811,0.634467,94.86162,102.131624,139.35,13.3,43,5.6,756.0,305.767278,563.9
2025-04-02 12:00:00,319.668112,0.644958,77.82369,102.066328,0.0,14.3,39,6.3,867.0,320.31307,541.9
2025-04-02 13:00:00,312.025862,1.403768,79.81638,101.809064,136.8,14.2,41,9.7,910.0,313.42963000000003,664.6
2025-04-02 14:00:00,283.165661,3.158147,84.15351,102.098976,136.81,13.9,43,9.5,881.0,286.323808,550.4
2025-04-02 15:00:00,228.53428,3.138599,110.29137,102.158,139.37,13.3,44,10.1,785.0,231.672879,583.9
2025-04-02 16:00:00,147.570933,4.683411,136.610306,102.048184,136.83,12.9,47,13.0,630.0,152.254344,626.7
2025-04-02 17:00:00,57.342268,8.437899,251.118854,102.057312,133.06,12.0,53,15.5,430.0,65.78016699999999,686.9
2025-04-02 18:00:00,10.483434,7.159743,318.505656,102.077976,133.17,10.8,62,15.3,215.0,17.643177,771.3
2025-04-02 19:00:00,3.05976,4.026903,362.049226,102.037096,158.3,10.1,65,12.6,32.0,7.086663,827.4
2025-04-02 20:00:00,2.98322,4.333114,322.828422,102.162984,118.48,10.8,51,14.2,0.0,7.316334,834.3
2025-04-02 21:00:00,2.1356,3.903365,320.83289,102.156712,116.94,9.6,69,16.1,0.0,6.038965,824.1
2025-04-02 22:00:00,0.404532,4.61065,320.806766,102.128544,116.46,8.6,80,11.8,0.0,5.015181999999999,816.1
2025-04-02 23:00:00,0.01598,4.589796,320.822306,102.064704,116.46,8.1,90,10.3,0.0,4.605776,793.3
2025-04-03 00:00:00,0.000384,5.278234,368.932228,102.19076,147.76,8.5,90,10.1,0.0,5.278618000000001,749.0
2025-04-03 01:00:00,0.00092,5.502025,356.803356,102.163488,123.02,8.5,89,10.3,0.0,5.502945,716.8
2025-04-03 02:00:00,0.000428,5.88625,322.678608,102.159512,98.47,8.4,90,10.5,0.0,5.886678000000001,694.1
2025-04-03 03:00:00,0.00044,4.771769,320.641174,102.166008,98.33,8.3,88,11.2,0.0,4.772209,678.5
2025-04-03 04:00:00,0.000532,8.546892,262.06243,102.103176,98.96,8.2,88,10.2,0.0,8.547424,684.8
2025-04-03 05:00:00,0.005303,8.450044,249.236064,102.119696,123.66,8.0,90,9.9,0.0,8.455347,700.2
2025-04-03 06:00:00,2.327631,7.426773,323.293628,102.131848,147.61,7.9,89,10.8,0.0,9.754404,728.1
2025-04-03 07:00:00,27.576954,8.789552,333.851238,102.076016,147.61,8.2,85,11.8,9.0,36.366506,711.9
2025-04-03 08:00:00,97.346693,10.128688,229.666234,102.090352,147.41,8.6,81,14.0,78.0,107.475381,658.2
2025-04-03 09:00:00,185.220645,9.39864,145.33498,105.427672,153.64,9.1,77,13.2,219.0,194.619285,639.3
2025-04-03 10:00:00,235.973244,5.914299,115.518046,102.17116,155.2,10.2,63,17.7,508.0,241.887543,619.0
2025-04-03 11:00:00,278.008048,3.475244,99.1389,102.194288,147.21,10.5,61,17.1,658.0,281.48329199999995,584.5
2025-04-03 12:00:00,275.771245,2.335585,98.78022,102.152064,147.17,10.4,65,13.8,745.0,278.10683,572.7
2025-04-03 13:00:00,231.070532,2.008269,98.77854,102.089344,147.17,10.7,65,13.1,780.0,233.078801,599.9
2025-04-03 14:00:00,199.962025,1.833153,98.77308,102.095168,147.17,10.7,66,13.2,678.0,201.795178,613.5
2025-04-03 15:00:00,161.304201,1.894904,135.37671,102.062128,154.88,10.1,69,13.4,500.0,163.199105,638.7
2025-04-03 16:00:00,100.999094,1.633838,198.113202,101.999408,147.21,9.7,70,12.1,368.0,102.632932,673.5
2025-04-03 17:00:00,49.204005,1.324051,303.676464,101.991344,139.87,9.4,71,8.4,253.0,50.528056,716.8
2025-04-03 18:00:00,12.022493,0.399211,370.777288,102.001984,147.41,9.0,72,6.4,118.0,12.421704,790.8
2025-04-03 19:00:00,3.072316,0.383832,403.395132,101.99812,150.13,8.7,74,4.8,24.0,3.456148,857.3
2025-04-03 20:00:00,2.98258,0.813487,463.60181,101.955896,155.71,8.4,77,1.9,0.0,3.796067,854.3
2025-04-03 21:00:00,1.69136,0.452201,485.811004,102.120088,148.77,8.0,81,1.9,0.0,2.143561,825.0
2025-04-03 22:00:00,0.312292,0.403921,486.111164,102.082568,148.77,8.5,77,0.6,0.0,0.716213,808.9
2025-04-03 23:00:00,0.016756,0.139457,405.01923,102.089176,150.13,8.3,77,0.2,0.0,0.156213,788.5
2025-04-04 00:00:00,0.000312,0.083855,370.675312,102.08212,154.2,7.8,80,0.7,0.0,0.084167,732.6
2025-04-04 01:00:00,0.000776,0.487637,258.569444,102.084864,105.88,7.1,86,2.4,0.0,0.488413,701.3
2025-04-04 02:00:00,0.000464,0.662216,259.201362,102.053672,98.33,7.0,88,2.2,0.0,0.66268,690.2
2025-04-04 03:00:00,0.000652,0.600214,247.411192,102.027128,98.33,7.5,87,0.6,0.0,0.600866,680.7
2025-04-04 04:00:00,0.0004,0.626264,246.178282,102.04712,108.54,7.2,88,0.9,0.0,0.626664,696.5
2025-04-04 05:00:00,0.006054,0.503569,294.351932,102.074392,149.29,7.7,88,0.9,0.0,0.509623,721.8
2025-04-04 06:00:00,4.251078,0.340237,297.084228,102.085984,149.29,8.0,85,1.0,0.0,4.591315,744.3
2025-04-04 07:00:00,41.10782,0.040063,297.198454,102.038104,149.29,8.5,84,0.6,13.0,41.147883,709.0
2025-04-04 08:00:00,113.474908,0.004622,244.927396,102.018,146.78,9.5,75,0.0,100.0,113.47953,659.1
2025-04-04 09:00:00,163.69029,0.00342,173.133618,102.089568,146.78,10.7,67,3.2,280.0,163.69371,660.9
2025-04-04 10:00:00,193.889543,0.01296,162.188964,102.031664,146.78,12.1,60,5.3,530.0,193.902503,640.2
2025-04-04 11:00:00,207.658896,0.060169,98.790006,102.040568,146.3,12.3,66,10.1,661.0,207.719065,625.0
2025-04-04 12:00:00,184.537062,0.204404,98.77119,102.0628,146.3,12.6,70,11.4,821.0,184.741466,630.1
2025-04-04 13:00:00,187.125769,0.056499,98.76195,102.07288,146.3,12.0,77,13.2,787.0,187.182268,642.3
2025-04-04 14:00:00,182.904671,0.01044,114.605134,102.113032,146.1,11.7,79,10.9,773.0,182.915111,634.2
2025-04-04 15:00:00,104.307539,0.034974,163.20402,134.076936,146.42,11.8,80,8.6,672.0,104.342513,672.5
2025-04-04 16:00:00,57.73447,0.201923,284.712414,127.034936,146.42,12.3,77,9.2,582.0,57.936393,705.9
2025-04-04 17:00:00,33.688717,0.5519,404.014786,102.242448,146.42,11.3,82,9.6,394.0,34.240617,733.6
2025-04-04 18:00:00,8.647256,0.663999,465.097598,102.180456,137.9,10.2,84,8.7,145.0,9.311255,782.2
2025-04-04 19:00:00,3.044748,0.123811,472.252774,102.1314,151.53,9.8,86,3.1,21.0,3.168559,836.4
2025-04-04 20:00:00,2.996696,0.017466,392.684516,102.06728,153.8,9.4,91,3.8,0.0,3.014162,830.8
2025-04-04 21:00:00,2.082444,0.559035,381.687572,102.052272,153.8,9.1,91,2.0,0.0,2.6414790000000004,803.6
2025-04-04 22:00:00,0.391236,2.497897,381.629934,102.10088,151.59,9.5,89,0.2,0.0,2.889133,785.4
2025-04-04 23:00:00,0.016472,3.720538,335.33948,102.171216,151.59,8.8,90,1.6,0.0,3.73701,761.7
2025-04-05 00:00:00,0.000208,3.359362,239.820154,102.116896,152.89,8.6,90,2.8,0.0,3.35957,711.5
2025-04-05 01:00:00,0.00084,4.407931,238.907074,102.079208,98.65,8.5,92,3.0,0.0,4.408771,677.6
2025-04-05 02:00:00,0.000528,2.935754,238.939484,102.059832,97.55,8.3,92,2.4,0.0,2.9362820000000003,655.9
2025-04-05 03:00:00,0.00038,2.927674,218.8844,102.126752,89.49,9.3,83,4.9,0.0,2.928054,640.7
2025-04-05 04:00:00,0.000424,4.100434,212.372356,102.116616,93.23,9.8,71,4.2,0.0,4.100858,635.2
2025-04-05 05:00:00,0.005165,4.285849,173.986988,102.06196,98.65,10.2,67,6.2,0.0,4.291014,653.2
2025-04-05 06:00:00,1.286071,2.667048,177.388792,102.029984,98.65,10.1,72,4.3,0.0,3.953119,664.6
2025-04-05 07:00:00,17.250423,0.837995,177.412438,102.02528,98.65,10.9,65,7.4,10.0,18.088418,663.0
2025-04-05 08:00:00,62.011609,1.414002,172.155228,101.988096,99.2,11.8,68,5.1,39.0,63.425611,624.9
2025-04-05 09:00:00,127.183098,2.231575,91.072142,101.991848,115.27,13.7,61,2.3,184.0,129.414673,607.2
2025-04-05 10:00:00,169.976079,1.042899,77.83839,102.054904,151.8,14.5,71,4.5,431.0,171.018978,597.2
2025-04-05 11:00:00,131.624604,1.55324,79.89072,102.132688,141.08,15.1,57,6.1,484.0,133.177844,630.7
2025-04-05 12:00:00,69.220725,0.54037,110.236056,105.703472,139.83,15.5,43,15.0,523.0,69.761095,660.2
2025-04-05 13:00:00,69.527517,0.978157,132.922916,102.169984,139.91,14.6,60,17.2,381.0,70.505674,655.1
2025-04-05 14:00:00,67.054271,1.313135,175.607544,102.298448,116.15,13.4,78,8.3,167.0,68.367406,654.6
2025-04-05 15:00:00,130.103643,0.745668,217.392448,92.930488,116.71,15.9,64,17.1,581.0,130.849311,589.7
2025-04-05 16:00:00,124.931016,0.44766,199.441844,76.766144,100.52,15.7,67,22.5,470.0,125.378676,610.8
2025-04-05 17:00:00,60.799593,3.58158,245.082768,102.21736,99.11,15.2,67,23.1,372.0,64.381173,654.8
2025-04-05 18:00:00,12.894429,7.400365,246.178422,102.17536,99.15,14.3,71,20.2,204.0,20.294794,719.1
2025-04-05 19:00:00,1.553992,4.724456,246.28282,102.051824,100.0,13.0,79,19.2,43.0,6.278448,794.0
2025-04-05 20:00:00,1.01526,3.379436,240.637012,102.126528,100.0,12.4,80,19.7,0.0,4.394696,805.9
2025-04-05 21:00:00,0.063712,5.218545,246.037568,102.096736,99.28,11.9,86,19.4,0.0,5.282257,793.9
2025-04-05 22:00:00,0.009952,7.466714,246.173354,102.097464,99.18,11.3,97,16.8,0.0,7.476666,790.9
2025-04-05 23:00:00,0.000344,6.753263,246.182384,102.040792,99.28,10.9,94,16.1,0.0,6.753607,778.6
2025-04-06 00:00:00,0.000344,5.019194,233.685354,102.006128,101.18,10.2,90,11.5,0.0,5.019538,737.8
2025-04-06 01:00:00,0.000344,3.82901,177.480058,101.992184,99.36,9.5,85,7.7,0.0,3.829354,708.6
2025-04-06 02:00:00,0.000368,3.168113,157.45541,102.016432,85.99,7.7,88,5.0,0.0,3.168481,694.1
2025-04-06 03:00:00,0.000376,2.555275,166.946556,102.03928,88.94,6.7,84,4.3,0.0,2.555651,689.2
2025-04-06 04:00:00,0.000368,3.146449,202.030584,102.038216,113.27,6.8,71,4.8,0.0,3.146817,701.3
2025-04-06 05:00:00,0.007066,3.188539,225.83036,102.042304,155.33,6.7,54,4.6,0.0,3.195605,714.5
2025-04-06 06:00:00,4.164754,3.646684,229.17468,102.022536,155.33,6.7,47,4.6,0.0,7.811438000000001,721.2
2025-04-06 07:00:00,51.790542,4.450388,225.067514,102.02976,155.33,8.6,46,5.3,25.0,56.240930000000006,630.2
2025-04-06 08:00:00,141.171027,4.434523,123.695278,101.997616,101.07,11.1,44,7.9,182.0,145.60555000000002,544.2
2025-04-06 09:00:00,220.760734,4.972233,75.18063,94.104752,101.51,12.2,42,8.3,398.0,225.732967,517.2
2025-04-06 10:00:00,243.72036,2.319733,57.5316,69.039544,116.12,12.7,43,7.5,604.0,246.040093,508.2
2025-04-06 11:00:00,273.080722,1.588657,57.49611,69.087816,101.12,13.2,43,8.8,768.0,274.669379,479.9
2025-04-06 12:00:00,284.083722,1.79142,57.59313,69.01972,0.0,13.6,42,10.2,876.0,285.87514200000004,471.4
2025-04-06 13:00:00,276.726352,2.010767,57.56625,68.971616,6.87,14.1,41,11.1,918.0,278.737119,470.6
2025-04-06 14:00:00,253.173588,2.638465,57.43185,68.9724,116.87,14.2,44,12.5,889.0,255.812053,479.7
2025-04-06 15:00:00,231.986337,4.445526,81.78261,86.644768,96.04,13.8,47,13.0,793.0,236.431863,509.0
2025-04-06 16:00:00,165.946876,5.29647,142.490334,102.188576,99.36,13.6,47,10.9,638.0,171.243346,561.8
2025-04-06 17:00:00,77.196296,4.691429,240.208318,102.183424,114.63,13.3,47,9.3,443.0,81.887725,627.0
2025-04-06 18:00:00,14.591333,4.259351,321.481692,102.11992,120.82,13.0,44,7.7,229.0,18.850684,705.8
2025-04-06 19:00:00,3.112333,2.909509,364.123074,102.106704,153.11,10.8,59,4.4,48.0,6.021842,797.8
2025-04-06 20:00:00,3.014508,2.027311,392.138026,102.091528,153.19,10.3,57,4.6,0.0,5.041819,822.4
2025-04-06 21:00:00,2.21186,0.872912,403.17879,102.105976,153.78,10.0,53,3.5,0.0,3.084772,819.4
2025-04-06 22:00:00,0.394664,0.218901,397.310578,110.629288,153.89,10.0,41,1.7,0.0,0.613565,810.0
2025-04-06 23:00:00,0.016472,0.0258,367.307192,126.485296,152.95,10.4,46,1.0,0.0,0.042272,786.9
2025-04-07 00:00:00,0.000216,0.110444,335.718586,128.51692,111.09,9.6,49,2.0,0.0,0.11066,745.0
2025-04-07 01:00:00,0.00096,0.141627,308.63735,130.142992,97.78,8.8,42,4.3,0.0,0.142587,715.9
2025-04-07 02:00:00,0.000456,0.311559,306.329128,130.091192,86.53,8.8,39,3.6,0.0,0.312015,700.9
2025-04-07 03:00:00,0.00034,0.054045,306.368636,130.083688,86.53,9.1,36,2.4,0.0,0.054385,694.4
2025-04-07 04:00:00,0.000428,0.284318,306.192894,130.06532,87.34,10.0,30,2.2,0.0,0.284746,697.3
2025-04-07 05:00:00,0.008104,0.341599,306.872006,130.121824,93.64,9.1,32,4.7,0.0,0.349703,718.7
2025-04-07 06:00:00,4.688658,0.18108,315.69265,128.686656,116.46,10.0,29,6.0,0.0,4.869738,742.0
2025-04-07 07:00:00,53.774594,0.27468,280.100842,102.553696,125.73,10.6,31,7.2,27.0,54.049274,675.6
2025-04-07 08:00:00,141.320757,0.32562,152.159966,101.958864,155.33,13.3,49,7.1,190.0,141.64637699999997,616.2
2025-04-07 09:00:00,219.343529,0.22896,99.65928,102.11264,155.33,17.4,39,3.6,408.0,219.572489,598.3
2025-04-07 10:00:00,273.708524,0.438316,97.96353,100.533048,155.33,17.5,50,4.9,614.0,274.14684,574.4
2025-04-07 11:00:00,278.994677,0.673663,57.74643,69.649664,137.66,17.8,61,6.5,779.0,279.66834,557.6
2025-04-07 12:00:00,275.278632,0.94318,57.10425,68.577936,135.63,18.1,66,6.0,887.0,276.221812,529.7
2025-04-07 13:00:00,263.216845,0.88645,57.0003,68.607672,139.33,18.8,67,4.6,927.0,264.103295,545.6
2025-04-07 14:00:00,252.917492,0.83831,76.66491,94.018848,135.64,19.7,57,1.9,863.0,253.755802,563.4
2025-04-07 15:00:00,204.519114,0.768653,99.12609,102.17788,139.33,20.1,48,2.2,750.0,205.287767,589.4
2025-04-07 16:00:00,131.378136,1.480124,103.76226,102.186784,151.21,20.0,39,4.6,561.0,132.85826,629.4
2025-04-07 17:00:00,68.158087,1.712228,164.91839,102.14288,151.21,19.2,35,5.8,337.0,69.87031499999999,673.2
2025-04-07 18:00:00,13.508778,1.058694,229.177914,102.098528,151.75,17.7,44,6.8,194.0,14.567472,733.6
2025-04-07 19:00:00,2.821007,1.2474,266.211806,102.068456,156.47,15.3,49,8.3,42.0,4.068407,794.9
2025-04-07 20:00:00,2.710408,1.25136,257.18931,102.05076,151.75,14.4,40,12.1,0.0,3.961768,797.1
2025-04-07 21:00:00,2.029212,1.179961,257.749814,102.164944,151.75,13.9,38,14.4,0.0,3.209173,777.2
2025-04-07 22:00:00,0.399296,1.6227,257.85249,102.099312,151.75,13.7,41,15.7,0.0,2.021996,758.7
2025-04-07 23:00:00,0.016388,1.42398,254.541938,102.106424,151.75,13.8,41,16.6,0.0,1.440368,733.6
2025-04-08 00:00:00,0.000304,1.44288,199.39339,102.040792,154.2,13.4,40,18.9,0.0,1.443184,682.6
2025-04-08 01:00:00,0.000936,1.6353,178.671612,102.022928,115.14,14.7,32,23.0,0.0,1.636236,645.0
2025-04-08 02:00:00,0.000604,1.59948,177.712878,102.013128,98.22,16.3,25,27.0,0.0,1.600084,622.7
2025-04-08 03:00:00,0.000568,1.5075,177.274944,102.083968,98.19,17.4,21,29.6,0.0,1.508068,617.2
2025-04-08 04:00:00,0.00052,1.48338,177.22649,102.127312,109.24,17.9,18,32.9,0.0,1.4839,622.8
2025-04-08 05:00:00,0.006477,1.48668,181.056344,102.124176,146.86,17.5,19,34.1,0.0,1.493157,640.4
2025-04-08 06:00:00,4.837176,1.37628,172.470956,102.138456,146.86,17.0,22,34.5,0.0,6.213456000000001,659.6
2025-04-08 07:00:00,47.444968,1.196778,104.330212,102.038664,141.47,17.1,28,34.7,28.0,48.641746000000005,630.9
2025-04-08 08:00:00,126.791225,1.113496,87.40641,102.154136,142.91,18.2,32,34.0,186.0,127.904721,602.7
2025-04-08 09:00:00,204.539174,2.11938,69.11835,90.357176,142.05,19.6,35,31.8,397.0,206.658554,587.2
2025-04-08 10:00:00,255.630655,4.973646,57.16536,67.926768,141.49,21.5,27,28.0,603.0,260.604301,568.8
2025-04-08 11:00:00,256.50008,7.341857,57.13407,67.945752,136.56,20.9,32,27.8,765.0,263.84193700000003,552.2
2025-04-08 12:00:00,264.426971,7.131974,64.49163,67.951072,136.48,20.4,39,27.1,868.0,271.558945,529.0
2025-04-08 13:00:00,254.580423,7.650306,87.84153,67.933936,136.54,20.1,46,25.9,901.0,262.230729,546.0
2025-04-08 14:00:00,227.944832,7.483221,86.34234,67.944016,136.5,19.9,51,24.8,867.0,235.428053,557.2
2025-04-08 15:00:00,207.539893,6.695149,70.42434,98.276136,136.56,19.3,56,23.0,771.0,214.235042,584.4
2025-04-08 16:00:00,138.444063,6.34439,83.696942,125.332312,136.48,18.2,63,19.8,620.0,144.788453,629.5
2025-04-08 17:00:00,63.942698,5.151366,137.26713,154.176008,136.56,17.0,70,15.3,428.0,69.094064,674.6
2025-04-08 18:00:00,14.194459,3.502502,179.233348,157.797752,140.38,15.5,77,11.4,219.0,17.696961,718.9
2025-04-08 19:00:00,2.813923,3.838364,211.502284,168.846608,155.49,14.5,81,9.0,46.0,6.652286999999999,777.3
2025-04-08 20:00:00,2.704976,4.635808,248.437714,171.670464,155.49,14.2,77,6.7,0.0,7.340783999999999,787.5
2025-04-08 21:00:00,2.024652,4.554008,257.069862,165.328072,150.81,12.6,87,4.3,0.0,6.578659999999999,777.5
2025-04-08 22:00:00,0.411992,2.807021,257.944638,161.549472,150.88,12.7,34,3.8,0.0,3.2190130000000003,767.7
2025-04-08 23:00:00,0.016176,2.861933,257.92543,161.56224,150.88,12.0,38,1.7,0.0,2.8781090000000003,740.2
2025-04-09 00:00:00,0.000272,2.687056,202.08062,161.710696,154.2,11.6,39,0.8,0.0,2.687328,701.9
2025-04-09 01:00:00,0.000912,2.237999,177.826544,161.63784,115.55,11.4,37,0.6,0.0,2.238911,673.7
2025-04-09 02:00:00,0.000644,0.62151,177.417996,161.598192,98.92,11.2,41,0.4,0.0,0.622154,662.0
2025-04-09 03:00:00,0.000444,0.123512,177.436364,161.583296,98.64,11.1,31,0.8,0.0,0.123956,646.1
2025-04-09 04:00:00,0.000492,0.18522,177.466016,161.629272,109.17,11.3,23,2.7,0.0,0.185712,648.1
2025-04-09 05:00:00,0.006396,0.00054,182.20447,161.603288,135.68,11.1,21,3.1,0.0,0.0069359999999999,669.7
2025-04-09 06:00:00,5.319701,0.04248,182.34062,161.596568,139.56,10.5,21,3.1,0.0,5.3621810000000005,698.7
2025-04-09 07:00:00,48.820732,0.171006,181.543432,161.668864,139.55,11.8,32,2.8,30.0,48.991738,657.8
2025-04-09 08:00:00,123.014588,0.329366,110.67371,161.646016,139.84,15.2,33,3.9,194.0,123.343954,611.6
2025-04-09 09:00:00,195.937927,1.409456,62.88681,161.729736,139.83,17.1,35,4.8,406.0,197.347383,595.8
2025-04-09 10:00:00,248.90105,2.237737,2.55885,161.633528,153.94,18.4,44,5.6,607.0,251.138787,572.7
2025-04-09 11:00:00,272.506403,3.509137,0.0,161.625464,139.82,19.2,52,7.4,745.0,276.01554,562.7
2025-04-09 12:00:00,229.686048,4.40907,0.0,161.634424,139.82,20.0,56,9.0,861.0,234.095118,566.4
2025-04-09 13:00:00,240.519822,5.086246,0.0,161.628152,139.82,20.4,55,9.4,815.0,245.606068,575.5
2025-04-09 14:00:00,180.112996,5.466476,8.02242,161.624904,139.82,20.5,55,7.4,589.0,185.579472,611.5
2025-04-09 15:00:00,123.182643,4.340333,47.01039,162.005032,139.81,20.2,56,7.1,480.0,127.522976,630.7
2025-04-09 16:00:00,77.788089,2.34133,75.908602,162.793904,139.55,20.0,59,3.7,423.0,80.129419,665.6
2025-04-09 17:00:00,21.251217,0.61443,200.955874,161.74928,139.71,19.1,65,2.7,265.0,21.865647,715.7
2025-04-09 18:00:00,12.188808,0.255322,275.509416,161.74088,139.83,18.7,72,5.1,131.0,12.44413,741.4
2025-04-09 19:00:00,2.732738,4.724521,299.916918,161.660464,139.83,17.5,85,6.5,21.0,7.457259,770.1
2025-04-09 20:00:00,2.173676,1.247755,296.626708,161.704928,139.84,15.2,97,12.1,0.0,3.421431,757.5
2025-04-09 21:00:00,1.391752,0.533358,240.86909,161.676704,139.55,14.8,97,6.8,0.0,1.92511,725.9
2025-04-09 22:00:00,0.199352,2.196007,173.76849,161.621768,139.55,16.0,93,2.9,0.0,2.395359,712.6
2025-04-09 23:00:00,0.000352,1.502816,127.03201,161.58324,139.55,16.3,92,6.5,0.0,1.5031679999999998,683.4
2025-04-10 00:00:00,0.000344,0.581043,99.14646,161.54152,114.2,16.5,91,10.9,0.0,0.581387,638.8
2025-04-10 01:00:00,0.000908,0.363199,99.1305,161.494984,98.67,16.4,89,9.4,0.0,0.364107,606.7
2025-04-10 02:00:00,0.000472,0.195017,99.13932,161.504448,96.68,16.2,88,11.9,0.0,0.195489,586.4
2025-04-10 03:00:00,0.000392,0.02682,99.13218,161.490616,96.68,16.1,87,15.0,0.0,0.027212,580.7
2025-04-10 04:00:00,0.00058,0.04218,99.10446,161.535304,98.51,15.9,84,15.2,0.0,0.04276,582.3
2025-04-10 05:00:00,0.003223,2.188964,111.242544,161.5488,110.65,16.0,77,11.8,0.0,2.192187,599.7
2025-04-10 06:00:00,1.676213,2.764836,169.048572,161.607432,135.3,15.0,82,11.3,0.0,4.441049,625.7
2025-04-10 07:00:00,17.355755,2.884629,174.522222,161.70084,139.0,14.3,93,15.0,21.0,20.240384,657.1
2025-04-10 08:00:00,50.047479,2.852328,183.656942,161.63784,150.81,15.4,83,14.1,107.0,52.899807,658.3
2025-04-10 09:00:00,156.272686,1.862809,92.640814,161.698992,154.15,14.7,91,14.5,156.0,158.135495,613.1
2025-04-10 10:00:00,216.506354,1.894893,24.054576,161.687456,154.6,15.8,88,13.0,478.0,218.401247,591.0
2025-04-10 11:00:00,267.909421,2.44799,0.0,161.664832,142.98,16.2,86,12.2,684.0,270.357411,557.9
2025-04-10 12:00:00,280.61247,4.085616,0.0,161.651672,142.98,16.6,77,12.2,785.0,284.698086,546.1
2025-04-10 13:00:00,269.881767,7.302195,0.0,161.630056,148.79,16.8,70,14.3,865.0,277.183962,557.4
2025-04-10 14:00:00,239.974856,8.761054,0.0,161.677656,139.45,15.9,77,15.0,858.0,248.73591,561.2
2025-04-10 15:00:00,216.2418,6.752098,6.83928,161.66164,139.15,15.6,73,15.4,771.0,222.993898,579.4
2025-04-10 16:00:00,133.226408,7.346786,44.5599,161.608272,137.02,15.7,58,14.4,616.0,140.573194,628.6
2025-04-10 17:00:00,68.228292,8.743982,177.22229,161.779408,137.06,14.0,60,16.2,397.0,76.972274,666.3
2025-04-10 18:00:00,17.409101,7.541067,236.577278,161.773024,137.07,12.4,70,15.1,194.0,24.950168,714.7
2025-04-10 19:00:00,2.833559,9.192543,256.004028,161.689304,137.07,11.0,83,12.7,46.0,12.026102000000002,787.3
2025-04-10 20:00:00,2.590544,9.166808,255.868732,161.71736,136.98,10.3,85,9.6,0.0,11.757352,801.5
2025-04-10 21:00:00,2.069932,8.489398,256.881156,161.670992,156.35,10.0,78,6.9,0.0,10.55933,792.5
2025-04-10 22:00:00,0.40868,6.999835,257.6903,161.595784,154.41,11.2,67,6.6,0.0,7.408515,780.2
2025-04-10 23:00:00,0.016544,5.975157,239.617616,161.60788,118.81,10.1,69,4.9,0.0,5.991701,761.0
2025-04-11 00:00:00,0.000336,6.493178,238.723212,161.610344,115.35,9.4,70,3.2,0.0,6.493514,718.6
2025-04-11 01:00:00,0.001032,6.166183,239.3489,161.59164,99.11,9.5,66,1.3,0.0,6.167215000000001,684.5
2025-04-11 02:00:00,0.000604,4.519075,239.22227,161.628544,98.29,9.8,62,0.4,0.0,4.519679,666.5
2025-04-11 03:00:00,0.000764,2.421466,239.258824,161.66108,98.32,9.5,65,1.5,0.0,2.4222300000000003,656.1
2025-04-11 04:00:00,0.000428,1.27468,239.30431,161.678776,99.12,9.1,69,1.9,0.0,1.275108,662.3
2025-04-11 05:00:00,0.007407,1.317679,239.31495,161.699664,115.67,9.2,72,1.2,0.0,1.325086,685.1
2025-04-11 06:00:00,6.586755,1.124357,257.522384,161.774928,138.96,9.1,74,1.2,0.0,7.711112,699.9
2025-04-11 07:00:00,55.465817,0.738139,232.637132,161.689584,139.09,10.4,72,0.4,34.0,56.203956,644.1
2025-04-11 08:00:00,138.792211,0.133302,101.636696,161.709632,139.89,13.0,64,2.4,203.0,138.925513,601.8
2025-04-11 09:00:00,213.115287,0.01404,6.40626,161.77952,140.03,15.1,55,3.1,419.0,213.129327,587.9
2025-04-11 10:00:00,264.997739,0.01908,0.0,161.716968,144.65,16.8,73,6.6,612.0,265.016819,566.6
2025-04-11 11:00:00,298.10874,0.55957,0.0,161.66192,139.5,17.0,79,7.6,771.0,298.66831,544.3
2025-04-11 12:00:00,309.584552,1.068982,0.0,161.62272,133.39,17.0,83,8.3,872.0,310.653534,530.2
2025-04-11 13:00:00,299.668948,2.270352,0.0,161.622888,133.38,17.1,84,8.2,907.0,301.9393,544.9
2025-04-11 14:00:00,264.676127,2.095311,0.0,161.562128,133.38,17.5,83,8.1,874.0,266.771438,562.7
2025-04-11 15:00:00,213.741856,2.343881,0.0,161.591528,139.33,17.6,82,9.5,779.0,216.085737,580.4
2025-04-11 16:00:00,130.878142,2.280744,27.868652,161.626696,133.39,17.9,81,8.7,628.0,133.158886,628.9
2025-04-11 17:00:00,52.58084,1.975732,122.226132,161.788032,140.38,17.8,82,6.8,414.0,54.556572,676.5
2025-04-11 18:00:00,13.486813,1.381376,180.063478,161.791896,141.28,17.3,84,3.5,217.0,14.868189,716.9
2025-04-11 19:00:00,3.081745,1.305194,249.475702,161.86212,141.5,15.1,92,0.5,49.0,4.386939,771.2
2025-04-11 20:00:00,2.969832,2.49367,267.693342,161.815976,140.93,14.3,93,2.9,0.0,5.463502,773.3
2025-04-11 21:00:00,2.11694,2.096938,267.274546,161.601832,133.41,14.4,90,2.7,0.0,4.213878,762.4
2025-04-11 22:00:00,0.401708,3.392965,223.204128,161.626752,133.41,14.0,87,2.9,0.0,3.794673,745.6
2025-04-11 23:00:00,0.015856,3.834316,237.577046,161.697592,127.64,14.1,74,4.3,0.0,3.850172,730.1
2025-04-12 00:00:00,0.000352,5.053081,267.977346,161.701232,129.4,13.9,68,6.9,0.0,5.053433,688.3
2025-04-12 01:00:00,0.001572,5.837937,262.390184,161.710192,98.55,13.6,66,7.2,0.0,5.8395090000000005,654.9
2025-04-12 02:00:00,0.000576,3.022962,205.509248,161.677712,93.69,13.3,63,6.0,0.0,3.0235380000000003,627.0
2025-04-12 03:00:00,0.000824,4.804803,139.610912,161.63644,92.25,13.4,59,7.9,0.0,4.805626999999999,609.2
2025-04-12 04:00:00,0.00036,6.38441,139.61024,161.637952,92.58,13.9,58,9.4,0.0,6.38477,610.8
2025-04-12 05:00:00,0.004044,6.575714,139.640816,161.667296,98.55,14.1,58,11.2,0.0,6.579758,613.0
2025-04-12 06:00:00,0.395728,8.286371,124.773264,161.674856,98.9,14.9,56,13.1,0.0,8.682099000000001,626.7
2025-04-12 07:00:00,3.12166,7.135213,74.197312,161.675752,99.23,15.8,55,15.8,12.0,10.256873,650.3
2025-04-12 08:00:00,16.354625,7.24115,74.398016,161.595896,99.26,17.3,56,15.8,73.0,23.595775,660.6
2025-04-12 09:00:00,67.537126,5.61988,74.328576,161.694344,111.23,18.8,57,12.4,170.0,73.157006,615.3
2025-04-12 10:00:00,73.780673,6.133502,24.94016,161.63588,139.87,17.0,66,10.3,85.0,79.914175,630.4
2025-04-12 11:00:00,65.522313,6.303383,0.0,161.63448,139.86,19.0,66,9.4,210.0,71.825696,638.6
2025-04-12 12:00:00,36.684637,4.757168,5.58222,161.64596,139.86,19.3,64,10.3,184.0,41.441805,652.7
2025-04-12 13:00:00,31.869998,4.419461,39.78177,161.63812,139.87,18.9,70,12.8,204.0,36.289459,654.6
2025-04-12 14:00:00,23.309169,7.465022,81.00666,161.63308,139.86,18.1,85,10.9,175.0,30.774191,677.9
2025-04-12 15:00:00,28.758851,8.616836,109.07043,161.62244,156.66,17.2,100,10.2,144.0,37.375687,694.1
2025-04-12 16:00:00,16.066801,9.629016,94.20495,161.5894,134.49,17.2,100,7.4,113.0,25.695817,740.4
2025-04-12 17:00:00,5.70143,8.809791,93.72195,161.59836,129.4,16.5,89,22.6,59.0,14.511221,768.8
2025-04-12 18:00:00,1.313712,10.976932,96.69051,161.637392,129.4,16.3,87,41.0,31.0,12.290644,767.7
2025-04-12 19:00:00,0.771485,9.569425,97.18149,161.688744,129.4,16.2,87,49.5,7.0,10.34091,772.1
2025-04-12 20:00:00,0.006316,7.494162,97.18296,161.669704,129.4,16.5,89,34.2,0.0,7.500478,757.1
2025-04-12 21:00:00,0.000232,5.560109,93.58356,161.71484,129.4,16.8,89,17.4,0.0,5.560340999999999,732.7
2025-04-12 22:00:00,0.000248,8.333382,77.79954,161.585872,129.4,8.7,100,37.0,0.0,8.33363,759.8
2025-04-12 23:00:00,0.00028,4.671801,77.76468,161.679616,129.4,8.2,92,30.1,0.0,4.672081,751.7
2025-04-13 00:00:00,0.000312,4.24224,90.237924,161.69524,114.77,7.7,94,25.1,0.0,4.242552,709.9
2025-04-13 01:00:00,0.000384,3.9276,147.973966,161.674464,98.16,7.6,84,20.9,0.0,3.927984,679.0
2025-04-13 02:00:00,0.000384,3.74364,170.324812,161.636104,84.98,7.3,82,25.5,0.0,3.744024,674.5
2025-04-13 03:00:00,0.000376,4.73544,148.668674,161.673344,86.61,7.3,81,31.9,0.0,4.735816,668.3
2025-04-13 04:00:00,0.000368,5.32476,156.689078,161.644896,99.42,7.9,71,33.4,0.0,5.325128,673.8
2025-04-13 05:00:00,0.008744,5.06172,123.425344,161.877632,117.07,8.3,59,32.7,0.0,5.070464,688.0
2025-04-13 06:00:00,7.084594,5.18808,99.2208,161.682976,117.07,8.4,56,30.0,0.0,12.272674,684.8
2025-04-13 07:00:00,56.652128,5.03118,46.84176,160.800416,115.61,8.9,56,28.6,39.0,61.683308,605.1
2025-04-13 08:00:00,138.342986,5.2671,0.0,105.934976,98.4,9.9,51,32.4,208.0,143.610086,530.3
2025-04-13 09:00:00,171.81766,6.05946,0.0,103.75792,98.65,11.0,41,35.5,409.0,177.87712,527.4
2025-04-13 10:00:00,176.098989,5.9544,0.0,114.93328,-1.0,12.1,33,40.2,479.0,182.053389,541.7
2025-04-13 11:00:00,156.399683,5.59134,0.0,146.016472,-72.16,12.3,35,41.6,466.0,161.991023,558.2
2025-04-13 12:00:00,208.745063,5.90508,0.0,103.89652,-72.16,12.5,38,44.0,607.0,214.650143,505.1
2025-04-13 13:00:00,214.381664,5.8401,0.0,106.319472,-72.16,12.3,40,39.9,689.0,220.221764,528.7
2025-04-13 14:00:00,188.686492,5.71014,0.0,106.831984,-72.16,12.2,39,40.4,902.0,194.396632,532.1
2025-04-13 15:00:00,181.806828,7.723217,3.90642,106.856736,99.4,11.5,42,36.7,634.0,189.530045,535.9
2025-04-13 16:00:00,154.683135,7.881568,19.68666,112.295456,99.21,11.1,48,36.0,434.0,162.56470299999998,569.2
2025-04-13 17:00:00,78.065571,7.567163,70.37961,161.631064,99.4,10.4,51,34.9,313.0,85.632734,633.3
2025-04-13 18:00:00,17.818996,7.771882,165.145708,161.856688,118.63,9.9,49,32.7,151.0,25.590878,734.2
2025-04-13 19:00:00,3.128741,7.031193,172.085368,161.833896,118.63,9.4,50,28.1,55.0,10.159934,823.0
2025-04-13 20:00:00,2.771744,4.801755,211.573572,184.960384,118.63,9.2,53,21.6,0.0,7.573499,840.1
2025-04-13 21:00:00,1.187256,2.050896,229.78438,184.658152,118.63,8.6,58,19.7,0.0,3.238152,826.4
2025-04-13 22:00:00,0.020596,2.253261,240.941708,161.816536,118.63,8.4,53,14.2,0.0,2.273857,797.7
2025-04-13 23:00:00,0.000328,1.128964,243.192502,161.687568,116.17,8.6,53,11.4,0.0,1.1292920000000002,773.5
2025-04-14 00:00:00,0.000352,6.233812,160.948438,161.64484,93.31,9.0,53,10.3,0.0,6.234164000000001,731.8
2025-04-14 01:00:00,0.000812,7.528891,121.224082,161.651336,83.85,10.0,49,11.7,0.0,7.529703,684.9
2025-04-14 02:00:00,0.000464,8.847665,115.401104,161.6818,83.85,8.5,57,4.9,0.0,8.848128999999998,650.5
2025-04-14 03:00:00,0.000432,6.050032,77.79744,161.65072,83.85,9.2,82,20.3,0.0,6.050464,633.3
2025-04-14 04:00:00,0.000448,3.398977,77.77728,161.629328,83.85,10.6,84,34.1,0.0,3.399425,636.0
2025-04-14 05:00:00,0.005204,3.450824,97.87785,161.669704,103.49,10.8,85,30.3,0.0,3.456028,642.6
2025-04-14 06:00:00,3.2761,8.709612,98.74704,161.724584,98.12,11.4,77,30.0,0.0,11.985712,662.0
2025-04-14 07:00:00,43.886218,9.365305,97.1985,161.60872,117.01,11.7,74,27.7,28.0,53.251523,656.2
2025-04-14 08:00:00,134.470873,9.017682,18.95313,161.664944,159.72,11.9,76,25.7,179.0,143.48855500000002,609.1
2025-04-14 09:00:00,220.294242,9.807448,0.0,161.734832,154.18,12.8,70,26.0,335.0,230.10169,588.6
2025-04-14 10:00:00,271.686744,10.474562,0.0,151.91876,159.72,13.9,48,32.1,612.0,282.161306,571.2
2025-04-14 11:00:00,279.221765,9.753756,0.0,107.479008,0.0,14.0,48,34.1,748.0,288.975521,551.9
2025-04-14 12:00:00,279.854629,8.808391,0.0,107.488472,0.0,14.0,44,37.5,796.0,288.66302,532.6
2025-04-14 13:00:00,256.447893,7.149349,0.0,107.433592,0.0,13.5,49,42.1,881.0,263.597242,552.8
2025-04-14 14:00:00,248.681642,2.645557,0.0,107.520168,161.86,12.5,53,38.7,711.0,251.327199,568.1
2025-04-14 15:00:00,207.546675,2.00214,15.69498,133.210728,154.34,11.7,56,39.1,392.0,209.548815,609.0
2025-04-14 16:00:00,115.275714,2.81586,64.30179,161.776776,148.21,12.0,55,42.9,589.0,118.091574,670.7
2025-04-14 17:00:00,43.083677,3.78666,121.963702,161.78204,148.21,11.0,65,39.8,226.0,46.870337,741.8
2025-04-14 18:00:00,7.398151,4.821404,150.111528,161.788648,148.26,10.6,73,40.5,44.0,12.219555,796.2
2025-04-14 19:00:00,3.06134,2.862206,162.636278,161.762104,160.6,10.0,79,44.3,19.0,5.923546,830.3
2025-04-14 20:00:00,2.987364,1.99026,186.057088,161.713888,137.99,9.1,86,42.5,0.0,4.977624,827.6
2025-04-14 21:00:00,2.086704,1.9899,148.1809,161.73416,137.94,8.5,81,38.0,0.0,4.076604,816.2
2025-04-14 22:00:00,0.377312,1.99062,156.39365,161.707224,137.91,8.9,70,39.3,0.0,2.367932,798.0
2025-04-14 23:00:00,0.016168,1.98954,140.199108,161.667184,137.91,8.3,78,36.8,0.0,2.0057080000000003,771.5
2025-04-15 00:00:00,0.000288,2.53548,100.75296,161.721112,117.35,8.2,78,34.1,0.0,2.535768,731.5
2025-04-15 01:00:00,0.001004,5.9493,100.75359,161.715176,116.19,8.1,80,31.8,0.0,5.950304,704.5
2025-04-15 02:00:00,0.000456,7.61526,100.7853,161.687792,108.84,8.0,79,31.0,0.0,7.615716,681.7
2025-04-15 03:00:00,0.000304,8.36358,100.78866,161.684712,108.68,7.8,77,28.8,0.0,8.363884,674.9
2025-04-15 04:00:00,0.00012,8.25606,100.75338,161.632352,109.21,7.8,76,26.3,0.0,8.25618,676.2
2025-04-15 05:00:00,0.010482,7.6416,100.83129,161.623504,134.66,7.8,74,24.6,0.0,7.652082,694.7
2025-04-15 06:00:00,6.917693,6.40446,100.78635,161.631736,135.09,7.7,73,22.0,0.0,13.322153,712.6
2025-04-15 07:00:00,47.97335,6.0264,100.78383,161.473816,135.17,7.9,72,18.8,34.0,53.999750000000006,668.2
2025-04-15 08:00:00,131.439732,5.837986,100.25442,116.401656,139.34,8.7,67,18.5,170.0,137.277718,627.7
2025-04-15 09:00:00,225.931707,6.379285,100.28046,102.128992,137.29,9.4,65,15.6,368.0,232.310992,599.0
2025-04-15 10:00:00,270.104862,5.896175,62.03106,73.223584,139.35,10.8,52,16.9,625.0,276.00103700000005,573.3
2025-04-15 11:00:00,276.640213,2.997183,56.89572,68.445104,0.0,11.7,47,17.7,786.0,279.637396,549.1
2025-04-15 12:00:00,285.886263,3.659273,56.95389,68.328176,0.0,12.4,45,18.5,887.0,289.545536,526.6
2025-04-15 13:00:00,278.907247,3.714674,56.96964,68.279848,137.13,13.0,47,20.2,923.0,282.621921,538.4
2025-04-15 14:00:00,262.980763,4.479049,56.98371,68.258512,137.24,13.5,50,20.6,892.0,267.459812,552.0
2025-04-15 15:00:00,236.889807,6.435981,82.2654,82.571832,137.28,13.9,52,21.1,795.0,243.325788,575.6
2025-04-15 16:00:00,161.781222,8.008611,144.475184,102.101832,137.28,14.1,53,21.3,642.0,169.78983300000002,617.5
2025-04-15 17:00:00,75.928505,7.880019,188.26913,102.114712,137.13,14.3,54,20.2,447.0,83.808524,672.0
2025-04-15 18:00:00,15.890702,6.894266,244.483484,102.167128,137.29,14.0,57,17.3,237.0,22.784968,733.4
2025-04-15 19:00:00,2.884116,4.825126,278.376504,131.29676,155.4,13.1,61,17.0,57.0,7.709242,814.6
2025-04-15 20:00:00,2.726256,3.342472,285.933788,149.717624,155.4,12.9,58,17.5,0.0,6.068728,828.5
2025-04-15 21:00:00,2.0809,2.231274,291.734128,136.870104,153.15,13.3,54,16.0,0.0,4.312174000000001,813.4
2025-04-15 22:00:00,0.399812,0.249363,305.63463,122.249848,153.14,13.1,58,14.4,0.0,0.6491750000000001,800.5
2025-04-15 23:00:00,0.016284,0.140522,299.603192,104.04352,152.58,14.1,49,14.6,0.0,0.156806,772.7
2025-04-16 00:00:00,0.000344,0.479041,311.139836,102.203584,151.45,15.1,43,16.3,0.0,0.479385,723.0
2025-04-16 01:00:00,0.000896,0.58176,286.314728,102.165336,127.36,16.1,39,19.5,0.0,0.5826560000000001,687.0
2025-04-16 02:00:00,0.000456,0.9693,235.02199,102.126976,127.36,17.0,35,22.4,0.0,0.969756,664.5
2025-04-16 03:00:00,0.00072,0.84924,237.596814,102.109616,127.36,17.1,34,24.5,0.0,0.84996,644.3
2025-04-16 04:00:00,0.000352,1.04436,238.159222,102.091472,127.36,17.2,37,25.2,0.0,1.044712,637.4
2025-04-16 05:00:00,0.012163,0.96876,257.26764,102.098976,147.7,17.5,41,28.0,0.0,0.980923,645.5
2025-04-16 06:00:00,9.980282,0.747,242.968432,102.031048,147.7,17.9,42,29.9,0.0,10.727282,647.2
2025-04-16 07:00:00,51.079437,0.68112,175.361564,101.939208,147.65,18.7,42,30.2,42.0,51.760557,622.1
2025-04-16 08:00:00,125.541217,0.74016,126.00196,102.121824,146.92,20.1,41,29.4,210.0,126.281377,602.2
2025-04-16 09:00:00,181.340418,1.18242,111.2244,102.040848,159.97,21.3,40,27.3,399.0,182.522838,600.4
2025-04-16 10:00:00,230.036352,1.33308,88.99716,88.162592,162.07,22.2,39,23.3,556.0,231.369432,586.1
2025-04-16 11:00:00,247.725416,1.426304,62.24694,68.321344,144.57,22.9,36,22.0,653.0,249.15172,564.6
2025-04-16 12:00:00,232.724842,1.651036,57.1599,68.236896,0.0,23.1,35,21.1,686.0,234.375878,550.9
2025-04-16 13:00:00,238.699855,1.993483,57.16788,68.191872,144.53,22.9,36,19.5,686.0,240.693338,554.2
2025-04-16 14:00:00,205.825494,2.139624,57.57024,68.212704,144.5,22.7,37,21.0,718.0,207.965118,571.1
2025-04-16 15:00:00,161.457371,2.250805,106.51368,90.293168,161.65,22.1,40,19.7,607.0,163.708176,601.7
2025-04-16 16:00:00,113.716084,2.896846,98.192934,102.102896,138.42,21.3,46,17.7,489.0,116.61293,621.6
2025-04-16 17:00:00,69.337039,2.926001,131.035996,112.73444,138.36,20.5,50,15.2,369.0,72.26304,657.6
2025-04-16 18:00:00,20.830945,2.657839,139.085086,128.1686,138.29,19.3,52,17.8,208.0,23.488784,692.8
2025-04-16 19:00:00,2.954249,7.023367,159.102356,130.004896,138.29,17.9,55,13.0,50.0,9.977616,750.1
2025-04-16 20:00:00,2.718248,8.789923,193.01856,126.557536,138.22,16.7,62,12.0,0.0,11.508171,759.5
2025-04-16 21:00:00,2.032184,10.367717,235.056528,102.00456,138.07,16.3,60,17.1,0.0,12.399901,749.1
2025-04-16 22:00:00,0.409556,10.921374,183.29507,102.012288,138.07,16.7,60,16.4,0.0,11.33093,729.7
2025-04-16 23:00:00,0.015852,11.192352,164.320002,102.050648,137.79,16.3,65,16.3,0.0,11.208204,702.1
2025-04-17 00:00:00,0.000304,11.997529,99.294622,102.018224,115.1,16.0,69,15.2,0.0,11.997833,662.4
2025-04-17 01:00:00,0.000972,9.87787,99.25692,102.027072,99.25,16.3,73,15.7,0.0,9.878842,625.8
2025-04-17 02:00:00,0.000392,4.753536,98.25207,102.073888,98.73,16.8,77,18.2,0.0,4.753928,597.6
2025-04-17 03:00:00,0.000668,9.422251,98.26047,102.079488,98.35,16.9,79,18.0,0.0,9.422918999999998,578.8
2025-04-17 04:00:00,0.000444,10.008802,98.26866,102.074336,98.93,17.7,79,19.3,0.0,10.009246,576.2
2025-04-17 05:00:00,0.010954,10.211208,98.25417,102.03172,113.06,17.7,82,17.0,0.0,10.222162,585.4
2025-04-17 06:00:00,4.451633,10.474358,98.2779,102.039952,116.2,17.7,83,17.4,0.0,14.925991,608.7
2025-04-17 07:00:00,34.159496,9.687452,91.89516,101.969336,135.06,18.4,82,18.1,32.0,43.846948,629.7
2025-04-17 08:00:00,79.913729,10.002852,64.20204,102.108384,142.18,19.8,78,17.1,144.0,89.91658100000001,636.0
2025-04-17 09:00:00,133.701049,9.902464,57.24453,102.105864,142.33,21.3,77,15.1,308.0,143.60351300000002,633.3
2025-04-17 10:00:00,169.027117,10.276137,57.20967,102.05832,142.33,22.0,80,8.7,450.0,179.303254,632.5
2025-04-17 11:00:00,184.86783,7.565333,57.0633,102.076408,142.32,22.7,78,7.1,584.0,192.433163,616.9
2025-04-17 12:00:00,201.911183,6.495415,57.38271,102.059384,142.01,23.3,75,6.8,700.0,208.406598,599.2
2025-04-17 13:00:00,181.891757,5.346425,57.45831,102.027632,139.35,24.0,72,8.1,756.0,187.238182,616.4
2025-04-17 14:00:00,158.856455,5.76323,57.27561,102.028416,139.33,24.2,70,6.3,769.0,164.619685,629.9
2025-04-17 15:00:00,118.94599,6.110381,61.221412,102.044488,154.08,23.9,72,6.4,697.0,125.056371,649.7
2025-04-17 16:00:00,74.591237,3.697333,107.672334,102.018224,137.87,23.2,77,6.3,520.0,78.28857,683.5
2025-04-17 17:00:00,29.507573,1.735084,167.223924,102.033456,137.67,22.3,79,7.8,364.0,31.242657,729.0
2025-04-17 18:00:00,6.811471,1.865892,168.537236,107.539096,137.03,21.2,78,11.9,175.0,8.677363,746.2
2025-04-17 19:00:00,0.934494,1.96683,169.987846,122.257296,136.95,20.0,86,13.0,39.0,2.901324,765.6
2025-04-17 20:00:00,0.678216,2.04876,171.283924,131.948824,137.45,19.3,89,14.1,0.0,2.726976,751.9
2025-04-17 21:00:00,0.624368,2.58893,171.533964,141.367128,136.12,19.2,90,14.5,0.0,3.213298,725.3
2025-04-17 22:00:00,0.0128,2.540201,171.535728,141.374184,137.18,18.7,95,11.5,0.0,2.553001,709.2
2025-04-17 23:00:00,0.000344,2.899546,171.518774,112.922824,132.58,18.5,95,11.1,0.0,2.89989,690.8
2025-04-18 00:00:00,0.000344,2.198726,173.534494,102.033176,112.96,18.2,94,9.0,0.0,2.1990700000000003,651.9
2025-04-18 01:00:00,0.000312,1.542004,163.600976,102.088056,98.75,18.3,92,13.7,0.0,1.542316,615.8
2025-04-18 02:00:00,0.00036,1.365061,152.132652,102.077248,111.76,19.4,76,23.6,0.0,1.365421,599.0
2025-04-18 03:00:00,0.000368,2.358378,152.145924,102.076912,111.76,20.7,64,29.1,0.0,2.358746,587.8
2025-04-18 04:00:00,0.00036,2.244776,172.73613,102.110736,115.76,20.3,63,27.9,0.0,2.245136,587.7
2025-04-18 05:00:00,0.010525,6.201666,173.624374,102.059608,116.2,20.3,62,25.7,0.0,6.212191000000001,598.2
2025-04-18 06:00:00,7.571545,5.647413,173.293918,102.014752,116.2,20.3,66,23.5,0.0,13.218958,610.2
2025-04-18 07:00:00,45.156803,1.728814,123.57856,102.039056,139.34,20.8,67,22.5,44.0,46.885617,610.2
2025-04-18 08:00:00,102.829017,0.766524,95.87907,102.026008,142.17,22.4,67,19.0,203.0,103.595541,616.7
2025-04-18 09:00:00,158.453021,0.860282,93.35046,102.178832,142.17,24.1,66,13.6,408.0,159.31330300000002,621.7
2025-04-18 10:00:00,197.09623,1.03968,84.14616,102.161024,183.32,24.9,66,12.0,595.0,198.13591,617.4
2025-04-18 11:00:00,225.291463,1.0944,77.85456,102.166008,154.69,25.5,63,10.2,744.0,226.385863,601.4
2025-04-18 12:00:00,233.992733,2.643343,91.58058,102.105416,137.27,25.8,63,11.0,834.0,236.636076,592.6
2025-04-18 13:00:00,228.022121,3.900166,92.28765,102.098528,137.27,25.6,64,14.0,851.0,231.922287,607.2
2025-04-18 14:00:00,200.210139,1.234474,92.34309,102.04768,137.27,25.5,65,13.3,807.0,201.444613,622.0
2025-04-18 15:00:00,161.336418,0.86743,92.83932,102.018616,137.27,25.3,70,9.4,716.0,162.20384800000002,633.0
2025-04-18 16:00:00,110.537198,1.175367,108.347582,110.715808,137.27,24.6,71,5.9,570.0,111.712565,664.5
2025-04-18 17:00:00,50.092689,1.167863,178.632426,128.246888,137.6,23.2,85,3.0,343.0,51.260552,695.5
2025-04-18 18:00:00,13.245477,1.245021,228.477984,131.902848,135.76,22.0,91,4.5,176.0,14.490498,715.5
2025-04-18 19:00:00,1.689821,1.523045,245.658714,138.2374,137.2,21.2,94,6.0,35.0,3.212866,738.7
2025-04-18 20:00:00,0.90468,1.276357,247.451918,159.81952,135.21,20.3,95,3.6,0.0,2.181037,732.9
2025-04-18 21:00:00,0.633744,0.658197,267.24005,161.607208,132.72,19.1,96,5.8,0.0,1.291941,714.3
2025-04-18 22:00:00,0.044808,0.93852,258.389642,161.68572,118.17,19.4,96,8.4,0.0,0.983328,699.3
2025-04-18 23:00:00,0.003872,1.231032,259.955948,149.345,118.37,18.4,99,8.4,0.0,1.234904,682.9
2025-04-19 00:00:00,0.00032,1.864835,260.172472,119.785792,98.95,17.7,97,7.7,0.0,1.865155,637.6
2025-04-19 01:00:00,0.000312,1.142236,260.08101,119.784672,98.95,17.2,97,6.0,0.0,1.142548,597.1
2025-04-19 02:00:00,0.000328,1.149364,259.043162,119.781088,98.36,16.8,96,6.9,0.0,1.1496920000000002,576.0
2025-04-19 03:00:00,0.000352,1.14516,219.468298,119.78176,98.27,16.5,95,6.2,0.0,1.145512,568.8
2025-04-19 04:00:00,0.000368,0.872837,217.650762,119.776608,98.36,16.2,94,6.5,0.0,0.873205,568.9
2025-04-19 05:00:00,0.007306,0.733339,199.90215,119.78064,98.36,16.1,93,8.7,0.0,0.740645,576.3
2025-04-19 06:00:00,7.01456,0.947764,160.545756,119.779968,113.41,15.9,93,7.1,0.0,7.962324000000001,582.9
2025-04-19 07:00:00,45.545321,1.604163,134.723694,119.768768,112.74,16.8,91,6.9,42.0,47.149484,569.3
2025-04-19 08:00:00,82.965909,7.544161,96.80391,119.749728,112.8,18.4,91,3.2,194.0,90.51007,559.7
2025-04-19 09:00:00,114.506036,12.803515,95.781,119.76272,97.93,19.8,94,3.7,405.0,127.309551,576.4
2025-04-19 10:00:00,132.353578,12.15752,94.79127,119.777056,98.36,20.4,91,2.3,405.0,144.511098,581.7
2025-04-19 11:00:00,159.615722,11.55326,93.4101,114.758112,98.07,20.6,89,3.3,452.0,171.168982,565.0
2025-04-19 12:00:00,182.377336,11.19312,64.14534,80.055808,98.02,21.7,89,2.9,691.0,193.570456,555.5
2025-04-19 13:00:00,170.264533,11.318271,89.68554,80.090752,100.43,22.5,94,3.3,778.0,181.582804,572.8
2025-04-19 14:00:00,118.611921,11.874609,94.2774,113.175776,113.79,22.7,89,4.3,782.0,130.48653,598.1
2025-04-19 15:00:00,66.938451,12.136601,100.89471,119.905184,100.49,22.6,88,1.2,686.0,79.075052,640.5
2025-04-19 16:00:00,17.742654,11.499053,105.952196,119.859712,99.44,21.7,92,5.8,388.0,29.241707,681.5
2025-04-19 17:00:00,10.3648,7.965044,177.885456,119.848288,99.92,20.8,89,7.6,148.0,18.329844,716.4
2025-04-19 18:00:00,9.02266,7.467682,225.118334,119.532224,100.58,20.1,92,7.3,87.0,16.490342,708.2
2025-04-19 19:00:00,2.314316,11.426318,226.763096,119.850304,100.64,19.4,98,2.7,28.0,13.740634,731.5
2025-04-19 20:00:00,1.2012,11.904227,246.091202,119.851872,100.64,18.9,98,5.7,0.0,13.105427,717.9
2025-04-19 21:00:00,0.634296,11.356041,202.82633,119.846496,100.7,18.8,99,5.8,0.0,11.990337,695.8
2025-04-19 22:00:00,0.01304,10.352329,142.95526,119.846272,100.7,18.8,95,9.6,0.0,10.365369,680.9
2025-04-19 23:00:00,0.000456,10.64374,149.329446,119.846048,100.7,18.4,98,7.2,0.0,10.644196,656.9
2025-04-20 00:00:00,0.0004,8.202736,162.989386,119.844256,99.84,18.1,100,4.7,0.0,8.203136,612.6
2025-04-20 01:00:00,0.000472,4.152492,162.945062,119.83328,99.47,17.9,99,5.1,0.0,4.152964,577.3
2025-04-20 02:00:00,0.000376,2.563535,143.79372,119.820736,84.9,17.6,99,5.0,0.0,2.563911,557.6
2025-04-20 03:00:00,0.000408,2.05899,146.830726,119.81312,92.38,17.0,100,2.9,0.0,2.0593980000000003,546.5
2025-04-20 04:00:00,0.0004,0.618337,185.873632,119.818944,99.49,17.0,100,4.8,0.0,0.618737,546.3
2025-04-20 05:00:00,0.006448,0.548444,228.120382,119.814688,100.2,16.7,100,7.0,0.0,0.554892,554.1
2025-04-20 06:00:00,2.395866,0.171999,238.101724,119.81984,100.2,16.5,100,6.5,0.0,2.567865,568.4
2025-04-20 07:00:00,21.731935,0.226319,238.221746,119.822528,99.61,16.6,99,7.2,38.0,21.958254,573.1
2025-04-20 08:00:00,72.453213,0.209581,157.321878,119.828576,81.09,17.5,97,6.1,151.0,72.662794,555.0
2025-04-20 09:00:00,143.079065,0.28908,97.473656,119.810432,99.82,17.6,96,7.4,265.0,143.36814500000003,547.7
2025-04-20 10:00:00,118.664078,0.44928,97.8033,119.814688,113.38,18.6,96,7.8,342.0,119.113358,577.2
2025-04-20 11:00:00,104.780221,0.543638,96.86292,119.816928,99.82,17.9,95,6.2,379.0,105.323859,590.6
2025-04-20 12:00:00,80.255147,0.385545,78.42954,119.82656,0.0,18.3,93,4.6,310.0,80.64069199999999,607.6
2025-04-20 13:00:00,117.182238,0.480085,95.21505,119.83104,99.64,18.3,93,3.2,285.0,117.662323,579.3
2025-04-20 14:00:00,153.815583,0.23466,103.265848,119.825216,99.7,19.4,91,4.9,359.0,154.050243,554.0
2025-04-20 15:00:00,127.45699,0.418219,156.71957,119.833728,99.95,20.6,87,7.1,433.0,127.875209,572.7
2025-04-20 16:00:00,79.263912,2.347817,161.024066,119.83104,99.91,19.8,95,10.2,478.0,81.61172900000001,615.9
2025-04-20 17:00:00,27.615103,5.052285,189.098098,119.839552,99.6,18.4,98,9.9,279.0,32.667388,666.6
2025-04-20 18:00:00,4.438527,4.61236,229.267122,119.84224,100.15,18.6,97,10.7,98.0,9.050887,695.7
2025-04-20 19:00:00,1.79532,4.097887,238.264754,119.838656,111.91,18.3,98,12.8,33.0,5.893207,718.0
2025-04-20 20:00:00,0.918292,1.795967,239.101128,119.834176,111.91,18.3,99,13.0,0.0,2.714259,713.6
2025-04-20 21:00:00,0.618608,0.941564,238.910336,119.839104,111.91,18.1,100,12.4,0.0,1.560172,694.8
2025-04-20 22:00:00,0.00904,1.28468,239.62792,119.806848,111.91,18.2,97,13.4,0.0,1.29372,678.2
2025-04-20 23:00:00,0.000432,1.456062,189.408002,119.77392,111.87,18.0,97,14.2,0.0,1.456494,649.6
2025-04-21 00:00:00,0.000424,1.754514,176.48722,119.760256,102.86,18.0,95,12.9,0.0,1.754938,604.0
2025-04-21 01:00:00,0.000416,2.518307,163.906022,119.75264,92.94,18.0,94,11.9,0.0,2.518723,575.7
2025-04-21 02:00:00,0.0004,2.834239,163.615508,119.749056,92.94,18.0,94,10.4,0.0,2.834639,558.3
2025-04-21 03:00:00,0.000408,3.748001,163.836288,119.753088,92.94,17.7,95,7.7,0.0,3.748409,550.3
2025-04-21 04:00:00,0.000424,4.370846,168.301826,119.764288,93.24,17.4,97,11.4,0.0,4.37127,555.8
2025-04-21 05:00:00,0.005064,3.467614,176.950872,119.7672,115.22,17.6,95,14.1,0.0,3.472678,570.5
2025-04-21 06:00:00,3.990837,3.607335,177.153564,119.769888,116.68,17.3,96,13.4,0.0,7.598172,595.2
2025-04-21 07:00:00,24.757302,4.698213,177.044266,119.765184,117.69,17.5,94,13.1,38.0,29.455515,632.2
2025-04-21 08:00:00,56.050483,4.10694,175.28721,119.767872,137.69,18.8,92,13.6,163.0,60.157423,658.6
2025-04-21 09:00:00,102.228904,4.253856,141.168244,119.773248,137.3,20.4,87,13.2,335.0,106.48276,642.4
2025-04-21 10:00:00,137.320872,4.45341,115.90362,119.771232,157.6,21.0,85,15.7,460.0,141.774282,628.0
2025-04-21 11:00:00,158.280595,4.114608,97.56642,119.773248,138.15,22.2,79,17.5,620.0,162.395203,617.0
2025-04-21 12:00:00,171.540469,5.331411,96.78438,119.784448,0.0,23.2,76,16.9,741.0,176.87188,603.0
2025-04-21 13:00:00,163.085318,6.554418,96.8352,119.781312,114.84,23.4,77,16.4,691.0,169.639736,619.5
2025-04-21 14:00:00,149.939559,6.464175,96.74427,119.781088,137.09,24.0,74,14.6,673.0,156.403734,627.7
2025-04-21 15:00:00,119.628769,8.028373,107.09503,119.773696,139.33,23.5,79,13.5,547.0,127.657142,650.7
2025-04-21 16:00:00,80.037488,5.321499,170.82065,119.772128,137.09,23.4,81,9.8,477.0,85.358987,675.8
2025-04-21 17:00:00,41.110224,6.004054,222.336142,119.766528,137.09,22.8,86,9.8,333.0,47.114278,699.7
2025-04-21 18:00:00,8.531089,6.149873,246.98541,119.770112,137.39,22.1,86,9.5,202.0,14.680962,726.9
2025-04-21 19:00:00,2.818796,5.495437,247.690618,119.77728,137.39,20.8,88,9.7,49.0,8.314233,754.2
2025-04-21 20:00:00,2.694988,5.977265,247.825984,119.777504,136.83,19.9,89,9.5,0.0,8.672253,746.5
2025-04-21 21:00:00,2.030524,5.325059,247.598344,119.782432,134.4,19.5,90,8.3,0.0,7.355583000000001,717.6
2025-04-21 22:00:00,0.376852,5.900217,236.517722,119.770784,117.83,19.6,91,9.1,0.0,6.277069,695.9
2025-04-21 23:00:00,0.016028,5.832774,202.932212,119.771456,117.83,19.6,91,8.3,0.0,5.848802,657.4
2025-04-22 00:00:00,0.000224,7.490748,166.411336,119.755104,113.74,19.7,92,9.0,0.0,7.490972,614.7
2025-04-22 01:00:00,0.000656,7.446976,143.80422,119.750176,84.96,19.4,95,6.5,0.0,7.447632,581.5
2025-04-22 02:00:00,0.0005,8.136329,142.998618,119.751072,84.96,19.2,98,4.6,0.0,8.136829,562.7
2025-04-22 03:00:00,0.000372,3.757345,143.032106,119.746816,84.96,19.0,100,4.6,0.0,3.757717,548.8
2025-04-22 04:00:00,0.000256,5.064048,143.023496,119.75264,84.96,18.9,100,5.4,0.0,5.064304,550.3
2025-04-22 05:00:00,0.003051,7.687891,140.558684,100.18064,94.7,18.9,100,4.9,0.0,7.690942,563.4
2025-04-22 06:00:00,0.365649,9.3384,123.192916,80.043936,98.42,18.7,100,6.3,0.0,9.704049,600.3
2025-04-22 07:00:00,2.892633,8.78473,149.236416,98.845376,116.93,18.9,99,8.7,8.0,11.677363,661.3
2025-04-22 08:00:00,10.089025,8.845264,167.371162,119.74368,137.92,19.1,100,8.3,36.0,18.934289,718.5
2025-04-22 09:00:00,16.02375,6.133357,167.487306,119.746144,145.44,19.2,100,8.5,27.0,22.157107,749.4
2025-04-22 10:00:00,29.547389,3.562537,177.922486,119.74144,148.05,20.0,99,1.8,101.0,33.109926,743.0
2025-04-22 11:00:00,60.844224,1.68337,179.948762,119.753536,148.05,20.4,98,4.8,137.0,62.52759399999999,687.4
2025-04-22 12:00:00,112.23316,1.891587,166.879678,119.743904,138.96,20.9,97,6.6,266.0,114.124747,660.0
2025-04-22 13:00:00,123.564708,1.997563,183.035258,119.75152,148.65,21.7,84,13.0,417.0,125.562271,673.2
2025-04-22 14:00:00,85.747512,4.316587,189.78351,119.738752,166.11,21.4,85,15.6,296.0,90.064099,675.7
2025-04-22 15:00:00,92.209033,5.490856,194.633642,119.747488,166.11,20.8,87,23.1,358.0,97.699889,657.2
2025-04-22 16:00:00,56.764291,5.012959,175.213276,119.736736,141.09,21.1,84,25.2,354.0,61.77725,689.1
2025-04-22 17:00:00,35.492206,6.780643,181.59337,119.739424,141.09,20.3,84,24.3,302.0,42.272849,698.8
2025-04-22 18:00:00,11.623337,6.90518,237.622812,119.745696,141.1,19.0,88,22.0,164.0,18.528517,716.7
2025-04-22 19:00:00,1.046576,8.469202,277.585476,119.753536,137.54,17.4,93,22.4,42.0,9.515778,743.7
2025-04-22 20:00:00,0.599232,8.631345,288.478974,115.889984,137.91,17.4,93,20.9,0.0,9.230577,735.8
2025-04-22 21:00:00,0.022624,10.737774,289.04169,70.379008,137.93,16.3,97,20.1,0.0,10.760398,716.7
2025-04-22 22:00:00,0.000512,11.282656,227.855712,59.402112,137.42,14.9,99,15.4,0.0,11.283168,696.3
2025-04-22 23:00:00,0.000512,9.959662,168.136066,59.404128,120.67,14.8,98,13.5,0.0,9.960174,667.7
2025-04-23 00:00:00,0.000536,12.385139,165.062464,59.405696,99.26,14.4,99,13.1,0.0,12.385675,623.7
2025-04-23 01:00:00,0.000544,11.4283,165.006632,59.405024,97.96,14.1,98,13.4,0.0,11.428844,591.9
2025-04-23 02:00:00,0.000536,10.334161,148.003534,59.406144,92.24,14.0,96,11.9,0.0,10.334697,571.4
2025-04-23 03:00:00,0.000544,9.806616,164.291918,59.42272,97.69,14.0,94,10.0,0.0,9.80716,561.3
2025-04-23 04:00:00,0.000456,9.522548,165.015564,59.456544,99.27,13.9,94,8.4,0.0,9.523004,569.6
2025-04-23 05:00:00,0.00579,7.572216,176.212246,59.475808,129.37,14.2,92,8.0,0.0,7.578006,583.5
2025-04-23 06:00:00,5.374955,7.008387,176.51291,59.493504,133.38,14.1,93,8.9,0.0,12.383342,600.7
2025-04-23 07:00:00,23.880434,5.601431,189.320068,59.516352,133.59,14.1,93,7.2,26.0,29.481865,623.1
2025-04-23 08:00:00,47.731205,2.301114,223.421576,59.535168,137.89,14.7,92,5.4,108.0,50.032319,646.9
2025-04-23 09:00:00,60.84228,0.624794,280.77168,59.544352,141.7,15.7,90,3.5,224.0,61.467074,665.2
2025-04-23 10:00:00,111.916282,0.232136,293.46765,59.55488,141.7,15.8,91,8.1,250.0,112.148418,654.2
2025-04-23 11:00:00,167.978122,0.054363,265.100598,59.542784,152.08,15.6,90,6.2,284.0,168.032485,614.7
2025-04-23 12:00:00,220.289933,0.18576,156.029216,59.528,152.08,16.4,89,2.0,324.0,220.475693,582.3
2025-04-23 13:00:00,197.545933,0.42369,173.50662,59.50112,152.08,16.9,88,8.0,442.0,197.969623,596.9
2025-04-23 14:00:00,218.541305,0.961979,156.08796,59.46864,152.08,16.0,90,7.6,393.0,219.503284,584.0
2025-04-23 15:00:00,157.824755,0.7674,188.17806,69.243552,152.08,15.8,90,6.0,290.0,158.59215500000002,632.2
2025-04-23 16:00:00,85.75187,0.443033,217.81151,89.225248,152.08,15.9,89,6.0,241.0,86.194903,658.0
2025-04-23 17:00:00,53.219418,0.396157,281.447348,109.258016,161.96,15.2,90,6.1,144.0,53.615575,683.4
2025-04-23 18:00:00,21.213724,0.114721,292.404336,119.796768,152.35,15.2,89,6.2,106.0,21.328445,705.3
2025-04-23 19:00:00,3.031731,0.003841,292.48198,119.82656,152.42,15.0,89,7.3,39.0,3.035572,756.2
2025-04-23 20:00:00,1.431148,0.00828,294.42371,119.836864,152.42,14.5,91,8.8,0.0,1.4394280000000002,764.5
2025-04-23 21:00:00,0.6373,0.0,294.668388,119.837312,152.42,14.2,92,7.9,0.0,0.6373,743.6
2025-04-23 22:00:00,0.013704,0.0,300.869044,119.859264,152.55,14.2,92,7.7,0.0,0.013704,734.5
2025-04-23 23:00:00,0.000248,0.0,301.359842,119.857696,151.73,13.3,94,6.7,0.0,0.000248,709.6
2025-04-24 00:00:00,0.000264,0.006303,235.584132,119.875392,114.15,12.6,93,5.2,0.0,0.006567,660.7
2025-04-24 01:00:00,0.000272,0.063676,177.971052,119.869344,98.53,12.5,95,9.3,0.0,0.0639479999999999,615.5
2025-04-24 02:00:00,0.000296,2.000869,178.054576,119.88704,97.52,12.6,95,11.6,0.0,2.001165,595.7
2025-04-24 03:00:00,0.0002,2.522563,177.960902,119.89488,97.52,12.7,94,13.4,0.0,2.522763,597.5
2025-04-24 04:00:00,0.000248,0.63991,178.035242,119.896896,98.92,12.9,90,8.6,0.0,0.640158,613.5
2025-04-24 05:00:00,0.039634,0.16583,178.229338,119.896896,115.55,11.7,89,3.7,0.0,0.205464,638.8
2025-04-24 06:00:00,10.870395,0.055659,182.786716,119.897344,132.89,11.9,87,2.9,0.0,10.926054,638.5
2025-04-24 07:00:00,65.420884,0.723667,181.919458,119.904736,132.88,13.8,86,3.8,61.0,66.144551,599.5
2025-04-24 08:00:00,154.434331,0.649266,167.887118,119.909664,137.63,15.2,80,5.4,249.0,155.083597,579.6
2025-04-24 09:00:00,222.31936,0.670798,93.999556,119.896448,137.3,16.3,72,6.4,466.0,222.990158,567.0
2025-04-24 10:00:00,280.752172,0.774273,77.86989,119.907872,139.28,17.7,63,7.7,660.0,281.526445,549.7
2025-04-24 11:00:00,306.564364,1.244953,77.84973,119.90496,122.48,18.1,66,9.1,818.0,307.809317,535.5
2025-04-24 12:00:00,294.630855,2.197606,77.88732,119.914816,137.3,18.4,68,11.8,916.0,296.828461,534.7
2025-04-24 13:00:00,315.056619,3.378478,77.85162,119.911904,139.28,18.4,64,13.2,952.0,318.435097,534.9
2025-04-24 14:00:00,277.390358,6.531327,77.86422,119.915712,138.0,18.5,60,12.9,909.0,283.921685,560.9
2025-04-24 15:00:00,236.036806,7.259239,88.00932,119.921536,139.28,18.5,54,13.2,782.0,243.296045,572.4
2025-04-24 16:00:00,136.178119,6.858685,155.845774,121.132032,137.3,18.1,51,14.5,667.0,143.03680400000002,628.1
2025-04-24 17:00:00,53.658492,6.526937,257.512136,119.92736,145.98,17.0,49,14.1,451.0,60.185429,674.1
2025-04-24 18:00:00,15.480613,8.029871,292.055456,119.914592,146.86,16.2,46,13.8,144.0,23.510484,700.8
2025-04-24 19:00:00,3.184592,7.450815,294.604478,119.91952,146.96,16.0,48,13.1,26.0,10.635407,740.9
2025-04-24 20:00:00,3.041708,8.468725,295.087198,119.930272,135.0,16.0,56,13.6,0.0,11.510433,740.1
2025-04-24 21:00:00,2.163208,11.211673,226.300536,119.943264,132.89,14.5,72,13.5,0.0,13.374880999999998,723.1
2025-04-24 22:00:00,0.405516,10.773766,168.110432,119.954688,118.64,13.4,83,10.4,0.0,11.179282,701.9
2025-04-24 23:00:00,0.016412,10.956654,124.79082,119.951104,118.17,13.2,72,8.2,0.0,10.973066,674.0
2025-04-25 00:00:00,0.0004,11.762444,99.7668,119.957152,99.19,12.9,62,9.1,0.0,11.762844,634.9
2025-04-25 01:00:00,0.000724,11.140153,99.77016,119.94416,97.85,12.2,64,8.9,0.0,11.140877,600.1
2025-04-25 02:00:00,0.000552,10.716545,99.78969,119.943488,97.94,11.8,63,6.7,0.0,10.717097,587.1
2025-04-25 03:00:00,0.000568,10.397016,99.80334,119.958496,95.19,11.4,63,4.6,0.0,10.397584,584.5
2025-04-25 04:00:00,0.0004,10.638117,99.82077,119.949088,99.18,10.6,70,2.3,0.0,10.638517,595.1
2025-04-25 05:00:00,0.016065,9.653753,99.81132,119.951552,115.71,11.0,65,0.7,0.0,9.669818,606.5
2025-04-25 06:00:00,11.340617,7.406911,99.80208,119.945056,116.88,10.9,62,0.2,0.0,18.747528,626.9
2025-04-25 07:00:00,56.689616,5.778251,99.78948,119.947744,115.72,11.9,54,1.6,50.0,62.467867,606.3
2025-04-25 08:00:00,90.322784,4.680945,99.29325,119.93296,137.87,12.4,50,4.5,152.0,95.003729,618.4
2025-04-25 09:00:00,133.308054,4.904637,99.32265,119.938784,137.86,13.2,46,6.5,366.0,138.212691,618.6
2025-04-25 10:00:00,175.701179,3.54655,94.40676,119.930944,139.26,14.0,43,8.3,468.0,179.247729,603.2
2025-04-25 11:00:00,193.279903,2.737532,77.86002,119.941696,-72.16,14.4,41,8.1,575.0,196.017435,593.0
2025-04-25 12:00:00,255.090802,3.023643,70.48545,88.095616,-72.16,14.9,39,8.3,667.0,258.114445,534.9
2025-04-25 13:00:00,288.676296,3.45385,56.77938,80.842272,-72.16,15.4,35,7.7,847.0,292.130146,529.7
2025-04-25 14:00:00,273.292635,4.021839,56.92176,80.845184,137.86,15.6,36,6.4,880.0,277.314474,521.5
2025-04-25 15:00:00,233.913802,5.166583,61.076918,80.884608,137.86,15.7,36,8.0,848.0,239.080385,546.7
2025-04-25 16:00:00,180.758509,5.206286,103.56577,113.365504,137.86,15.3,42,10.1,687.0,185.964795,591.0
2025-04-25 17:00:00,90.565103,7.186861,166.028912,119.932512,138.07,14.8,47,10.3,487.0,97.751964,640.6
2025-04-25 18:00:00,20.096844,8.352079,232.599528,119.927808,134.98,13.9,52,10.3,271.0,28.448923,701.6
2025-04-25 19:00:00,3.355433,7.542255,254.433858,119.92848,135.0,12.4,64,7.5,78.0,10.897688,779.2
2025-04-25 20:00:00,2.820356,6.854125,256.527936,119.934304,134.41,10.5,70,4.3,1.0,9.674481,795.5
2025-04-25 21:00:00,2.23996,6.770303,257.346446,119.928928,133.04,10.9,62,1.1,0.0,9.010263,785.2
2025-04-25 22:00:00,0.325876,6.36575,257.526206,119.938112,133.04,10.3,52,4.4,0.0,6.691626,773.6
2025-04-25 23:00:00,0.016268,4.8177,239.719844,119.936096,118.78,10.1,43,4.8,0.0,4.8339680000000005,749.1
2025-04-26 00:00:00,0.000368,5.270633,239.351378,119.932288,111.73,10.0,41,4.8,0.0,5.271001,704.6
2025-04-26 01:00:00,0.000432,4.831856,239.648822,119.945504,98.42,10.0,36,5.2,0.0,4.832288,677.9
2025-04-26 02:00:00,0.000372,4.318602,230.990634,119.936544,93.43,10.1,32,5.4,0.0,4.318974,651.9
2025-04-26 03:00:00,0.000464,4.99992,230.842514,119.946176,93.43,10.0,31,4.4,0.0,5.000384,642.1
2025-04-26 04:00:00,0.000256,4.655294,239.262954,119.936544,110.81,10.3,30,2.6,0.0,4.65555,640.9
2025-04-26 05:00:00,0.113192,4.343588,239.874446,119.936992,114.9,10.8,28,1.1,0.0,4.456779999999999,650.9
2025-04-26 06:00:00,12.849925,2.31938,189.854812,119.928928,115.84,10.8,28,1.1,0.0,15.169305,633.1
2025-04-26 07:00:00,75.337241,0.854296,124.01473,119.93632,111.16,13.3,36,0.4,65.0,76.19153700000001,545.8
2025-04-26 08:00:00,165.393231,0.637544,99.78549,119.938112,111.3,15.0,28,0.4,237.0,166.03077499999998,511.9
2025-04-26 09:00:00,239.896821,0.376595,82.71984,104.3392,111.58,16.3,30,1.2,458.0,240.273416,495.0
2025-04-26 10:00:00,249.786187,0.12528,57.0003,79.825984,-1.0,17.9,29,6.3,667.0,249.911467,486.9
2025-04-26 11:00:00,272.360129,0.14832,57.64437,79.832256,-72.16,18.7,32,8.8,822.0,272.508449,472.8
2025-04-26 12:00:00,279.77627,0.04842,57.70002,79.835616,-72.16,19.5,36,8.5,922.0,279.82469000000003,463.2
2025-04-26 13:00:00,271.929811,0.052328,57.77541,79.829344,-72.16,20.0,42,8.6,956.0,271.982139,468.2
2025-04-26 14:00:00,247.893382,0.231133,57.76113,79.832032,115.84,19.9,47,7.8,923.0,248.124515,484.4
2025-04-26 15:00:00,227.199901,0.771593,85.50906,108.728928,117.13,19.6,51,6.7,823.0,227.971494,512.2
2025-04-26 16:00:00,164.691888,0.650439,117.159742,119.933408,112.11,18.8,54,7.7,667.0,165.342327,561.0
2025-04-26 17:00:00,82.760022,0.3821,174.105428,119.930048,116.35,17.2,53,7.0,465.0,83.142122,619.6
2025-04-26 18:00:00,20.579639,0.403384,220.487904,119.9184,115.84,16.1,59,4.2,259.0,20.983023,670.5
2025-04-26 19:00:00,3.292511,0.147032,290.987158,119.985376,115.84,14.4,78,3.1,76.0,3.439543,738.7
2025-04-26 20:00:00,2.8136,0.145876,316.778434,121.957696,115.84,13.9,82,3.0,1.0,2.959476,764.6
2025-04-26 21:00:00,2.248452,0.485701,313.9605,120.045408,115.84,13.4,81,3.1,0.0,2.734153,756.3
2025-04-26 22:00:00,0.41448,0.378542,309.420244,119.929376,115.84,13.7,74,4.4,0.0,0.793022,747.1
2025-04-26 23:00:00,0.016076,0.537028,286.133386,119.92512,115.84,13.4,61,4.2,0.0,0.5531039999999999,722.4
2025-04-27 00:00:00,0.000376,0.237446,258.805372,119.926912,99.56,14.0,46,3.5,0.0,0.2378219999999999,686.2
2025-04-27 01:00:00,0.0007,0.011652,234.04864,119.935424,85.05,14.7,36,1.1,0.0,0.0123519999999999,657.6
2025-04-27 02:00:00,0.000556,0.0,249.895464,119.923104,92.94,14.9,34,0.5,0.0,0.000556,635.9
2025-04-27 03:00:00,0.0006,0.0,233.523402,119.924448,84.91,15.0,33,1.1,0.0,0.0006,616.9
2025-04-27 04:00:00,0.000304,0.0,249.95327,119.921984,92.84,15.5,33,0.4,0.0,0.000304,615.6
2025-04-27 05:00:00,0.049204,0.0,258.11205,119.920864,99.3,15.5,34,0.6,0.0,0.049204,630.1
2025-04-27 06:00:00,12.46663,0.0,256.453344,119.920864,99.67,15.0,40,0.4,0.0,12.46663,619.9
2025-04-27 07:00:00,71.297062,0.002587,162.521072,119.919072,96.39,16.2,47,1.5,45.0,71.299649,536.3
2025-04-27 08:00:00,146.554857,0.186901,78.15787,119.92848,100.03,17.6,53,6.5,242.0,146.741758,502.8
2025-04-27 09:00:00,213.396925,0.910974,78.13281,113.710912,99.88,18.8,57,5.2,470.0,214.307899,482.9
2025-04-27 10:00:00,234.038551,0.907666,58.26429,79.835392,100.27,18.8,71,3.2,530.0,234.946217,479.5
2025-04-27 11:00:00,250.173475,1.929216,57.34533,79.8336,0.0,19.8,76,5.5,740.0,252.102691,473.6
2025-04-27 12:00:00,248.83136,2.560894,57.25482,79.833376,-48.0,20.1,79,6.3,875.0,251.392254,475.7
2025-04-27 13:00:00,198.282341,2.484071,67.48224,92.32832,-48.0,20.3,78,6.5,783.0,200.766412,524.7
2025-04-27 14:00:00,90.558569,2.235295,78.14016,119.91616,100.21,19.5,82,5.9,512.0,92.793864,588.0
2025-04-27 15:00:00,40.038046,1.906237,89.59398,119.926464,100.27,19.5,79,7.5,552.0,41.944283,614.1
2025-04-27 16:00:00,25.685406,2.102098,149.856448,119.932064,99.55,18.8,85,2.5,330.0,27.787504,634.2
2025-04-27 17:00:00,6.798044,2.905094,241.517052,119.918176,99.77,18.2,89,2.7,151.0,9.703138,684.4
2025-04-27 18:00:00,2.92976,0.958587,246.116262,119.933408,100.34,17.4,91,5.1,47.0,3.888347,710.1
2025-04-27 19:00:00,3.070011,0.260267,246.088122,119.91168,100.4,15.7,96,5.1,13.0,3.330278,735.6
2025-04-27 20:00:00,2.623456,0.459091,246.123164,119.927136,100.4,15.5,97,3.4,0.0,3.082547,729.0
2025-04-27 21:00:00,1.439844,0.0,246.15927,119.949088,100.46,15.5,97,1.0,0.0,1.439844,706.3
2025-04-27 22:00:00,0.128864,0.0,246.142974,119.960512,100.52,14.8,100,0.9,0.0,0.128864,686.8
2025-04-27 23:00:00,0.00036,0.59004,245.274218,119.968352,100.52,14.9,99,6.0,0.0,0.5904,652.8
2025-04-28 00:00:00,0.000376,0.659374,186.50996,119.95088,93.69,15.3,97,1.9,0.0,0.6597500000000001,617.0
2025-04-28 01:00:00,0.001004,0.13931,155.710716,119.97104,84.24,14.9,98,0.4,0.0,0.140314,586.7
2025-04-28 02:00:00,0.000316,0.271089,155.28716,119.970144,84.24,14.6,99,3.9,0.0,0.271405,567.9
2025-04-28 03:00:00,0.000288,0.3582,155.328768,119.930496,84.24,14.5,99,5.2,0.0,0.358488,559.6
2025-04-28 04:00:00,0.00028,0.67608,155.237474,119.899136,84.24,14.2,99,2.9,0.0,0.67636,558.3
2025-04-28 05:00:00,0.00744,4.863497,155.233372,119.891744,88.67,14.3,100,4.3,0.0,4.870937,577.0
2025-04-28 06:00:00,5.942374,1.851541,176.149932,119.92064,99.71,14.2,99,5.5,0.0,7.793915,603.3
2025-04-28 07:00:00,34.519388,0.278161,176.961218,119.951552,115.81,14.2,98,3.8,15.0,34.797549,607.6
2025-04-28 08:00:00,69.422948,0.3015,174.127184,119.953344,156.99,14.4,96,2.9,67.0,69.72444800000001,624.8
2025-04-28 09:00:00,124.008734,0.621721,162.86431,119.962528,156.99,15.1,91,4.5,198.0,124.630455,618.9
2025-04-28 10:00:00,218.911689,2.528563,78.558312,104.663776,139.28,15.8,86,3.6,355.0,221.440252,562.6
2025-04-28 11:00:00,259.919289,3.03926,56.616,78.864576,0.0,16.9,75,4.7,563.0,262.958549,544.1
2025-04-28 12:00:00,288.562938,3.337464,56.55909,78.876896,-72.16,16.8,76,11.7,704.0,291.900402,507.0
2025-04-28 13:00:00,267.6912,5.495971,56.40621,78.86032,-72.16,16.3,79,13.6,803.0,273.187171,528.8
2025-04-28 14:00:00,242.854018,7.929796,56.52549,79.173472,136.93,16.4,77,14.9,871.0,250.783814,538.1
2025-04-28 15:00:00,213.224989,8.372474,60.75195,79.368128,157.47,15.3,78,14.2,818.0,221.597463,554.1
2025-04-28 16:00:00,172.878223,7.97014,90.80631,101.44288,137.21,15.6,70,12.8,672.0,180.848363,595.4
2025-04-28 17:00:00,88.458199,8.146608,152.10783,119.942144,135.92,15.1,70,12.8,479.0,96.604807,646.0
2025-04-28 18:00:00,20.985462,9.436051,170.71719,119.935424,116.75,14.0,71,14.2,270.0,30.421513,695.3
2025-04-28 19:00:00,3.638347,11.031026,190.5687,119.933632,116.75,12.7,78,13.2,80.0,14.669373,759.0
2025-04-28 20:00:00,3.033364,9.397182,197.29416,119.92848,116.29,12.7,65,11.7,1.0,12.430546,776.7
2025-04-28 21:00:00,2.258068,7.531726,197.88573,119.928032,99.96,12.6,57,10.6,0.0,9.789794,762.8
2025-04-28 22:00:00,0.418004,7.707026,182.34426,119.926912,100.0,12.2,76,11.9,0.0,8.12503,747.0
2025-04-28 23:00:00,0.015772,7.053161,189.15876,119.91952,100.05,11.7,78,11.4,0.0,7.068933,726.9
2025-04-29 00:00:00,0.000328,8.47165,161.16093,130.864832,115.55,11.4,76,11.2,0.0,8.471978,684.8
2025-04-29 01:00:00,0.001028,7.879136,156.14298,158.480672,98.46,10.8,77,9.4,0.0,7.880164,656.2
2025-04-29 02:00:00,0.000524,7.641615,156.03126,176.423576,98.25,10.3,77,7.6,0.0,7.642139,640.2
2025-04-29 03:00:00,0.000612,7.222404,155.98464,169.368584,97.5,9.6,76,5.7,0.0,7.223016,635.4
2025-04-29 04:00:00,0.000368,6.652992,155.98737,180.411336,98.46,9.4,69,5.2,0.0,6.65336,638.2
2025-04-29 05:00:00,0.144594,6.538498,156.16629,191.834552,113.97,9.0,65,4.8,0.0,6.683091999999999,654.6
2025-04-29 06:00:00,14.041098,6.082241,155.03082,183.341424,116.29,8.9,65,4.5,1.0,20.123339,650.5
2025-04-29 07:00:00,77.160931,5.596402,96.88056,174.854232,139.34,11.5,62,4.4,76.0,82.757333,588.3
2025-04-29 08:00:00,166.491793,4.737439,8.06169,163.382016,136.68,13.2,58,4.8,267.0,171.229232,568.3
2025-04-29 09:00:00,242.538717,2.495686,0.0,161.833448,139.36,14.4,54,7.1,485.0,245.034403,553.3
2025-04-29 10:00:00,293.569915,1.510364,0.0,161.815528,161.24,15.2,53,8.2,677.0,295.080279,537.4
2025-04-29 11:00:00,318.146945,1.629397,0.0,145.277272,147.13,15.7,56,8.4,830.0,319.776342,516.8
2025-04-29 12:00:00,285.659907,0.707375,0.0,108.974936,-48.0,16.4,53,8.3,929.0,286.367282,510.5
2025-04-29 13:00:00,308.71877,0.359943,0.0,142.617328,137.08,17.1,46,7.0,965.0,309.078713,519.1
2025-04-29 14:00:00,292.468687,0.162026,0.0,161.798896,139.33,17.7,36,5.8,934.0,292.630713,534.5
2025-04-29 15:00:00,237.556784,0.023403,5.2416,161.701344,139.33,18.2,30,4.6,836.0,237.580187,539.7
2025-04-29 16:00:00,163.647257,0.00936,39.80949,161.658056,139.33,18.6,28,4.5,682.0,163.65661699999998,600.7
2025-04-29 17:00:00,83.687161,0.00144,124.75449,161.8218,136.48,18.2,34,4.9,486.0,83.688601,652.9
2025-04-29 18:00:00,21.656998,0.0,185.789506,161.87976,115.8,16.9,44,4.2,270.0,21.656998,696.7
2025-04-29 19:00:00,2.949929,0.0396,215.943294,161.906304,117.31,14.6,62,2.8,81.0,2.989529,767.5
2025-04-29 20:00:00,2.372312,0.05112,239.511846,161.84644,155.74,13.9,59,3.2,1.0,2.423432,791.1
2025-04-29 21:00:00,1.622712,0.01422,240.884,161.77896,115.8,14.4,50,2.3,0.0,1.6369319999999998,784.0
2025-04-29 22:00:00,0.40362,0.05472,230.312222,161.741384,115.8,13.9,44,3.9,0.0,0.4583399999999999,768.3
2025-04-29 23:00:00,0.01576,0.26298,219.966446,161.689528,115.8,13.9,48,2.8,0.0,0.27874,738.1
2025-04-30 00:00:00,0.000384,0.36,181.0242,161.686672,113.64,14.9,44,1.5,0.0,0.360384,693.7
2025-04-30 01:00:00,0.001164,0.40158,181.13151,161.72828,98.73,14.9,47,1.0,0.0,0.402744,663.2
2025-04-30 02:00:00,0.000532,0.549,180.94608,161.761712,98.13,15.0,49,0.8,0.0,0.549532,646.3
2025-04-30 03:00:00,0.00066,0.46494,181.2783,161.788592,98.16,14.4,53,2.4,0.0,0.4656,638.1
2025-04-30 04:00:00,0.000596,0.44766,180.97002,161.803656,99.22,14.5,49,2.2,0.0,0.448256,641.9
2025-04-30 05:00:00,0.117394,0.60534,180.92718,161.758408,114.36,14.6,46,1.3,0.0,0.722734,657.0
2025-04-30 06:00:00,14.798778,0.553682,154.11606,161.758128,116.47,14.5,48,1.3,1.0,15.35246,649.8
2025-04-30 07:00:00,76.454387,0.172863,99.57171,161.787864,137.84,16.4,53,1.6,72.0,76.62725,587.5
2025-04-30 08:00:00,159.868337,0.523146,95.45235,161.726656,135.99,18.3,58,1.8,239.0,160.391483,569.6
2025-04-30 09:00:00,215.813682,1.592586,19.14549,161.859656,139.52,19.1,59,2.0,432.0,217.406268,569.2
2025-04-30 10:00:00,266.887412,0.912177,0.0,161.7728,157.28,19.3,74,5.2,639.0,267.799589,555.5
2025-04-30 11:00:00,286.760916,0.56868,0.0,161.787528,139.5,19.4,79,7.5,776.0,287.329596,543.3
2025-04-30 12:00:00,305.2953,0.75699,0.0,161.816312,139.47,19.5,74,8.6,847.0,306.05229,520.7
2025-04-30 13:00:00,317.057793,1.613402,0.0,161.70476,139.5,19.6,67,9.8,926.0,318.671195,525.4
2025-04-30 14:00:00,294.184774,3.422027,0.0,144.687144,139.5,19.8,63,10.0,921.0,297.606801,534.1
2025-04-30 15:00:00,243.528604,3.990429,0.0,154.867272,146.97,19.6,65,9.6,823.0,247.519033,559.5
2025-04-30 16:00:00,174.513837,3.246435,21.11193,161.673288,139.38,19.0,69,8.8,677.0,177.760272,600.4
2025-04-30 17:00:00,89.983718,2.569632,101.5791,161.706216,139.31,18.4,74,6.5,485.0,92.55335,644.6
2025-04-30 18:00:00,21.26268,5.052799,179.17494,161.72548,138.34,17.7,83,2.4,273.0,26.315479,683.6
2025-04-30 19:00:00,3.122918,4.106021,205.00095,161.7154,138.34,15.3,93,1.8,84.0,7.228939,734.0
2025-04-30 20:00:00,2.378128,4.634546,123.72528,161.687848,133.79,14.1,82,6.0,1.0,7.0126740000000005,747.3
2025-04-30 21:00:00,1.655348,9.674856,99.28422,161.739928,129.1,13.6,70,7.2,0.0,11.330204,735.1
2025-04-30 22:00:00,0.41602,8.597339,99.26091,161.764512,138.34,13.6,81,6.0,0.0,9.013359,707.4
2025-04-30 23:00:00,0.01612,8.742832,99.26784,161.779856,139.29,13.7,87,5.3,0.0,8.758952,676.3
2025-05-01 00:00:00,0.000224,7.101643,99.75021,161.770952,125.64,13.7,88,5.8,0.0,7.101867,629.7
2025-05-01 01:00:00,0.000896,4.473711,99.7647,161.738248,110.01,13.7,88,6.8,0.0,4.474607,597.3
2025-05-01 02:00:00,0.000396,5.610493,99.82224,161.746648,105.66,13.8,86,6.3,0.0,5.610889,573.8
2025-05-01 03:00:00,0.000612,11.250225,86.91333,161.731752,103.1,14.0,85,6.2,0.0,11.250837,565.1
2025-05-01 04:00:00,0.000296,9.630027,77.84742,161.67816,103.1,14.4,86,6.1,0.0,9.630323,561.5
2025-05-01 05:00:00,0.166966,7.651028,77.84637,161.633752,110.22,14.4,87,5.5,0.0,7.817994,572.9
2025-05-01 06:00:00,15.099331,3.744852,19.86348,161.701568,110.71,14.6,87,5.6,1.0,18.844183,566.8
2025-05-01 07:00:00,53.534978,4.299015,0.0,161.675976,110.93,16.8,84,9.1,69.0,57.833993,552.6
2025-05-01 08:00:00,101.152981,7.37257,0.0,161.657216,121.78,19.0,73,8.2,236.0,108.525551,551.0
2025-05-01 09:00:00,106.977843,10.100644,0.0,161.79184,120.16,20.2,72,10.0,381.0,117.078487,578.8
2025-05-01 10:00:00,75.924756,10.952978,0.0,161.76552,121.78,20.9,64,8.8,450.0,86.877734,636.6
2025-05-01 11:00:00,32.518313,8.512618,0.0,161.767312,121.78,20.7,64,18.9,451.0,41.030931,669.4
2025-05-01 12:00:00,33.993876,11.359535,0.0,161.756728,128.72,20.4,68,19.3,538.0,45.353411,692.7
2025-05-01 13:00:00,30.577633,8.51388,0.0,161.77168,131.89,19.7,75,22.7,463.0,39.091513,686.0
2025-05-01 14:00:00,6.723599,5.83767,7.132832,190.02452,131.64,20.1,75,19.7,474.0,12.561269,735.3
2025-05-01 15:00:00,3.498994,6.567905,33.178558,248.708208,131.35,18.6,85,16.9,184.0,10.066899,761.2
2025-05-01 16:00:00,3.814164,1.596262,114.53141,231.72772,130.56,17.7,91,18.2,27.0,5.410426,769.3
2025-05-01 17:00:00,2.750656,0.247007,199.72883,185.29252,121.78,17.7,87,21.3,47.0,2.997663,771.5
2025-05-01 18:00:00,1.342485,0.256797,214.16038,161.850528,119.94,17.6,88,20.3,74.0,1.599282,757.0
2025-05-01 19:00:00,0.461563,0.714827,211.284318,161.835184,119.94,16.2,97,19.5,23.0,1.17639,754.4
2025-05-01 20:00:00,0.014088,2.956676,204.350636,161.702016,119.68,15.6,97,15.1,1.0,2.970764,741.2
2025-05-01 21:00:00,0.0004,8.995812,215.715738,161.814184,118.7,15.4,96,13.5,0.0,8.996212000000002,717.9
2025-05-01 22:00:00,0.0004,9.90995,211.53314,161.76832,126.56,15.4,93,15.2,0.0,9.91035,711.1
2025-05-01 23:00:00,0.000352,9.708336,172.146912,161.772352,111.18,14.5,99,16.1,0.0,9.708688,693.3
2025-05-02 00:00:00,0.00036,9.21493,177.44454,161.723016,130.63,14.0,99,15.7,0.0,9.21529,655.9
2025-05-02 01:00:00,0.00036,10.14355,144.505172,161.766304,110.44,13.2,97,13.5,0.0,10.14391,625.9
2025-05-02 02:00:00,0.0004,9.6516,99.77247,161.777,109.8,12.4,91,12.9,0.0,9.652,608.8
2025-05-02 03:00:00,0.000248,8.579455,99.73677,161.71568,106.28,12.0,83,13.1,0.0,8.579702999999999,605.6
2025-05-02 04:00:00,0.00024,9.326464,99.76281,161.674464,109.98,11.6,80,11.4,0.0,9.326704,611.0
2025-05-02 05:00:00,0.187195,9.30996,99.75798,161.68796,129.3,11.4,75,10.5,0.0,9.497155,629.8
2025-05-02 06:00:00,14.092978,7.489704,99.81888,161.666288,118.66,11.0,78,9.2,1.0,21.582682,631.7
2025-05-02 07:00:00,79.253897,5.381429,99.70716,161.562128,130.58,12.2,71,11.4,83.0,84.63532599999999,573.9
2025-05-02 08:00:00,168.81359,4.323624,66.17016,161.86884,129.82,13.4,58,12.7,272.0,173.137214,553.1
2025-05-02 09:00:00,242.852567,3.82472,0.0,145.96036,130.66,14.2,55,12.3,484.0,246.677287,541.8
2025-05-02 10:00:00,255.38703,2.675691,0.0,106.945048,131.86,15.7,41,9.6,681.0,258.062721,532.8
2025-05-02 11:00:00,276.87947,3.655279,0.0,107.039688,131.87,16.4,39,9.7,833.0,280.53474900000003,512.2
2025-05-02 12:00:00,286.32517,4.851204,0.0,107.045792,129.93,16.6,41,11.7,927.0,291.176374,494.6
2025-05-02 13:00:00,278.226219,4.72628,0.0,107.005864,129.94,16.6,43,12.6,955.0,282.952499,512.3
2025-05-02 14:00:00,253.608459,3.51067,0.0,106.927968,129.94,16.7,41,9.6,921.0,257.119129,525.0
2025-05-02 15:00:00,218.394765,1.877807,12.14514,106.947064,129.94,17.3,36,6.3,825.0,220.272572,549.6
2025-05-02 16:00:00,169.344674,2.006463,43.33532,141.89252,129.93,17.3,36,7.6,672.0,171.351137,590.1
2025-05-02 17:00:00,85.943024,2.662508,136.227504,161.905744,129.89,16.7,41,4.7,480.0,88.605532,646.4
2025-05-02 18:00:00,22.572421,2.332132,255.642576,161.826896,131.87,15.8,50,5.4,271.0,24.904553,690.3
2025-05-02 19:00:00,3.127709,1.739268,287.149478,161.648592,140.77,14.3,69,5.2,84.0,4.866977,756.0
2025-05-02 20:00:00,2.3805,0.914618,287.122248,161.727216,140.77,13.1,75,2.2,2.0,3.295118,783.3
2025-05-02 21:00:00,1.630284,0.294096,287.079842,161.772408,144.95,13.2,71,1.4,0.0,1.92438,772.4
2025-05-02 22:00:00,0.412688,0.0018,287.160104,161.73892,144.95,13.0,54,1.6,0.0,0.414488,758.2
2025-05-02 23:00:00,0.016332,0.035941,285.458642,161.85148,144.95,13.2,53,0.4,0.0,0.052273,731.2
2025-05-03 00:00:00,0.000256,0.0252,200.743088,161.833112,141.87,13.4,49,0.9,0.0,0.025456,684.9
2025-05-03 01:00:00,0.000736,0.53748,140.43855,161.764344,109.81,13.0,45,2.6,0.0,0.5382159999999999,632.5
2025-05-03 02:00:00,0.000348,1.5545,99.83463,161.753816,103.3,13.8,39,4.3,0.0,1.554848,599.4
2025-05-03 03:00:00,0.012176,2.355087,99.79473,161.73108,101.52,12.8,43,2.9,0.0,2.3672630000000003,581.4
2025-05-03 04:00:00,0.037536,4.119288,99.8424,161.697872,102.43,12.8,43,2.9,0.0,4.156824,584.6
2025-05-03 05:00:00,0.184776,7.566031,64.83834,161.659848,109.73,13.2,53,3.8,0.0,7.750807,587.1
2025-05-03 06:00:00,13.788219,9.058135,0.0,161.70644,110.11,13.8,54,5.6,1.0,22.846354,580.9
2025-05-03 07:00:00,58.886033,7.863509,0.0,161.672112,118.61,15.0,55,9.4,72.0,66.74954199999999,553.2
2025-05-03 08:00:00,100.889684,5.661797,0.0,161.776104,130.64,18.8,44,18.6,249.0,106.551481,550.2
2025-05-03 09:00:00,149.020696,10.181295,0.0,147.31248,129.77,21.0,38,27.0,375.0,159.201991,542.0
2025-05-03 10:00:00,137.789868,8.023961,0.0,149.124808,0.0,22.2,43,32.5,615.0,145.813829,592.9
2025-05-03 11:00:00,97.180947,7.578248,0.0,161.650384,0.0,22.1,52,35.2,718.0,104.759195,595.9
2025-05-03 12:00:00,109.780353,8.175778,0.0,161.717416,0.0,21.4,63,36.6,670.0,117.956131,593.0
2025-05-03 13:00:00,100.517163,9.55755,0.0,161.720328,0.0,20.8,74,34.2,515.0,110.074713,606.5
2025-05-03 14:00:00,130.649702,10.751283,0.0,161.731304,128.16,19.3,82,31.0,295.0,141.400985,590.0
2025-05-03 15:00:00,89.95274,11.931372,3.107328,161.735392,127.72,18.9,84,30.5,458.0,101.884112,624.0
2025-05-03 16:00:00,107.558446,12.276938,46.49799,161.785568,131.13,16.4,92,27.4,466.0,119.835384,601.9
2025-05-03 17:00:00,82.221812,12.233837,117.80034,161.734272,124.84,14.6,87,15.9,313.0,94.455649,621.4
2025-05-03 18:00:00,25.69166,12.335133,134.461306,161.740824,124.84,13.8,82,11.7,227.0,38.026793,662.7
2025-05-03 19:00:00,2.113321,11.30957,97.79364,161.744744,130.19,12.7,85,10.1,88.0,13.422891,728.2
2025-05-03 20:00:00,0.216764,11.392046,97.76319,161.677096,130.19,11.5,91,5.9,2.0,11.60881,754.6
2025-05-03 21:00:00,0.000304,10.56571,97.7655,161.754264,129.59,10.4,89,3.1,0.0,10.566014,754.0
2025-05-03 22:00:00,0.000304,6.984718,101.204404,161.856688,119.73,10.3,88,3.4,0.0,6.985022,738.7
2025-05-03 23:00:00,0.00028,9.074183,116.851,161.777896,118.73,10.0,87,2.2,0.0,9.074463,716.9
2025-05-04 00:00:00,0.000312,9.220828,134.621382,161.757008,110.94,9.5,87,4.0,0.0,9.221139999999998,675.4
2025-05-04 01:00:00,0.000392,8.593771,142.374274,161.77728,110.39,9.2,88,3.7,0.0,8.594163,650.6
2025-05-04 02:00:00,0.000424,7.411638,135.960118,161.707168,109.91,9.0,83,4.0,0.0,7.412062,630.5
2025-05-04 03:00:00,0.000344,6.437189,99.73439,161.73304,94.38,9.1,74,3.0,0.0,6.437533,620.9
2025-05-04 04:00:00,0.000232,6.150733,99.77877,161.702296,110.72,9.1,68,3.0,0.0,6.150964999999999,628.4
2025-05-04 05:00:00,0.232495,4.378097,99.83211,161.67088,112.43,9.3,63,2.3,0.0,4.6105920000000005,636.8
2025-05-04 06:00:00,15.80171,4.341797,99.76974,161.731192,112.43,9.3,62,2.1,2.0,20.143507,617.0
2025-05-04 07:00:00,80.941224,3.085946,49.98819,161.74144,130.91,12.1,60,1.6,88.0,84.02717000000001,538.0
2025-05-04 08:00:00,171.075313,2.345651,0.0,161.64316,129.73,13.9,52,1.8,281.0,173.420964,499.2
2025-05-04 09:00:00,223.567949,1.236825,0.0,113.117256,129.38,15.1,48,2.8,497.0,224.804774,483.9
2025-05-04 10:00:00,256.813951,0.83529,0.0,108.155712,-72.14,16.0,43,4.4,698.0,257.649241,466.0
2025-05-04 11:00:00,282.813006,0.450523,0.0,108.172232,-72.15,16.6,43,5.7,852.0,283.26352899999995,447.3
2025-05-04 12:00:00,290.493413,0.593212,0.0,108.151232,-72.15,16.9,44,6.1,949.0,291.086625,442.9
2025-05-04 13:00:00,282.227943,0.691308,0.0,108.12956,-72.15,17.4,43,6.1,982.0,282.919251,444.6
2025-05-04 14:00:00,257.17603,0.500046,0.0,108.124688,0.0,17.2,49,8.4,947.0,257.676076,456.4
2025-05-04 15:00:00,237.1483,0.535124,5.70381,148.495144,119.12,17.1,53,6.3,847.0,237.683424,488.9
2025-05-04 16:00:00,175.643465,1.050464,52.507532,161.891016,118.49,16.7,57,5.4,691.0,176.693929,540.6
2025-05-04 17:00:00,90.429914,1.130079,117.089994,161.831208,119.12,16.3,57,4.1,496.0,91.559993,602.7
2025-05-04 18:00:00,22.989698,1.387682,169.860586,161.775096,130.08,15.8,58,3.9,282.0,24.37738,651.5
2025-05-04 19:00:00,2.827204,0.909389,224.097034,161.737072,143.45,14.1,75,0.4,90.0,3.736593,724.2
2025-05-04 20:00:00,2.089752,1.086349,245.405398,161.713328,143.45,13.3,73,0.0,2.0,3.176101,760.9
2025-05-04 21:00:00,1.352836,0.936582,249.747834,161.744632,143.45,13.1,70,0.2,0.0,2.289418,758.7
2025-05-04 22:00:00,0.13024,0.639987,249.584706,161.711088,143.45,13.2,66,0.6,0.0,0.770227,750.1
2025-05-04 23:00:00,0.000368,0.136063,249.650352,161.69832,143.45,12.8,65,0.9,0.0,0.136431,724.8
2025-05-05 00:00:00,0.000384,0.02322,239.499358,161.745192,110.46,12.7,60,1.4,0.0,0.023604,683.7
2025-05-05 01:00:00,0.00092,0.15786,239.420734,161.73752,109.77,12.8,54,1.8,0.0,0.15878,657.0
2025-05-05 02:00:00,0.000588,0.19188,239.470014,161.718032,109.76,12.2,50,4.4,0.0,0.192468,639.4
2025-05-05 03:00:00,0.0004,0.20988,239.490118,161.743624,94.38,12.5,38,5.7,0.0,0.21028,628.0
2025-05-05 04:00:00,0.000408,0.29646,239.42569,161.830872,109.74,13.1,27,6.0,0.0,0.296868,628.4
2025-05-05 05:00:00,0.230212,0.244981,239.699838,161.861616,109.76,13.2,23,6.6,0.0,0.475193,631.5
2025-05-05 06:00:00,20.759818,0.498212,206.113796,161.828184,110.25,13.2,26,8.7,2.0,21.25803,598.3
2025-05-05 07:00:00,69.208783,0.761411,146.011824,161.676816,110.33,13.7,46,8.8,72.0,69.97019399999999,541.6
2025-05-05 08:00:00,83.03179,1.455231,143.782128,161.7896,110.44,16.2,66,8.8,221.0,84.487021,566.3
2025-05-05 09:00:00,96.935685,3.3348,138.330528,161.762496,118.24,18.5,54,7.8,412.0,100.270485,568.5
2025-05-05 10:00:00,140.853366,4.852426,73.127152,161.753872,118.73,17.3,53,12.9,310.0,145.705792,557.8
2025-05-05 11:00:00,114.610157,6.608897,70.963536,161.750064,121.18,17.3,60,11.0,186.0,121.219054,581.1
2025-05-05 12:00:00,42.755142,4.477897,70.99904,161.7378,125.46,17.7,56,4.3,215.0,47.233039,622.0
2025-05-05 13:00:00,30.220877,1.746985,81.315696,161.749672,130.9,16.8,55,9.4,180.0,31.967862,625.0
2025-05-05 14:00:00,40.197132,2.491621,123.819598,161.759248,129.52,14.6,73,9.5,143.0,42.688753000000005,630.7
2025-05-05 15:00:00,30.402564,4.1069,154.708918,161.742728,130.9,13.8,91,12.8,87.0,34.509464,658.5
2025-05-05 16:00:00,30.532747,1.363856,211.600998,161.799064,129.01,12.9,92,18.4,52.0,31.896603,667.5
2025-05-05 17:00:00,17.989256,1.180214,229.335274,161.846328,128.85,13.2,93,7.8,38.0,19.16947,708.1
2025-05-05 18:00:00,7.460091,2.680736,248.15056,161.821072,129.18,13.2,96,9.4,20.0,10.140827,730.1
2025-05-05 19:00:00,0.305634,4.221072,249.47356,161.843752,131.46,13.2,95,10.6,9.0,4.526706000000001,748.0
2025-05-05 20:00:00,0.00036,5.882927,249.412674,161.709296,129.04,13.3,93,10.6,0.0,5.883286999999999,755.4
2025-05-05 21:00:00,0.000328,4.915462,249.560948,161.784504,131.45,13.7,94,9.4,0.0,4.915789999999999,726.0
2025-05-05 22:00:00,0.000336,4.78919,249.515966,161.729456,131.45,13.2,92,7.1,0.0,4.789526,700.1
2025-05-05 23:00:00,0.000312,2.648392,194.708766,161.698768,118.72,14.2,91,9.2,0.0,2.648704,665.9
2025-05-06 00:00:00,0.000392,2.446775,165.94375,161.695408,111.28,14.6,92,10.9,0.0,2.4471670000000003,619.3
2025-05-06 01:00:00,0.000384,4.740447,99.73467,161.692384,107.55,14.5,97,12.6,0.0,4.740831,584.5
2025-05-06 02:00:00,0.0004,8.695386,99.83358,161.711704,93.79,14.2,98,15.7,0.0,8.695786,566.8
2025-05-06 03:00:00,0.0004,7.990715,99.84093,161.732032,93.83,13.7,98,15.2,0.0,7.991115,560.3
2025-05-06 04:00:00,0.000408,5.302982,99.76449,161.759472,93.88,13.8,99,13.7,0.0,5.30339,562.8
2025-05-06 05:00:00,0.006177,3.4113,99.64731,161.72884,109.99,14.0,98,13.2,0.0,3.4174770000000003,570.7
2025-05-06 06:00:00,2.525267,2.836397,99.75567,161.716016,110.81,14.0,97,14.1,0.0,5.361663999999999,586.3
2025-05-06 07:00:00,12.79954,2.107903,99.68175,161.702744,119.12,14.5,97,10.3,44.0,14.907443,599.7
2025-05-06 08:00:00,27.993342,1.134838,97.79994,161.672168,130.86,15.1,94,9.2,111.0,29.12818,607.7
2025-05-06 09:00:00,50.158215,0.424276,97.83375,161.731976,130.84,14.8,95,10.1,110.0,50.582491,611.6
2025-05-06 10:00:00,40.801215,0.144723,97.32639,161.6832,130.89,15.7,92,6.4,194.0,40.945938,635.0
2025-05-06 11:00:00,76.264894,0.16992,94.87611,161.696752,130.89,16.5,90,7.0,325.0,76.434814,616.7
2025-05-06 12:00:00,94.666536,0.180068,94.82277,161.689864,127.48,16.1,93,7.4,493.0,94.846604,597.5
2025-05-06 13:00:00,68.575431,0.128947,94.90782,161.67984,130.9,16.2,87,5.8,454.0,68.70437799999999,620.1
2025-05-06 14:00:00,44.944655,0.288601,94.7352,161.722232,129.9,16.7,86,14.1,700.0,45.233256,632.8
2025-05-06 15:00:00,55.801188,2.94501,94.78518,161.775992,130.13,15.4,89,13.4,520.0,58.74619800000001,626.6
2025-05-06 16:00:00,70.235005,5.520704,109.943848,161.84812,127.48,14.7,89,15.6,281.0,75.755709,629.5
2025-05-06 17:00:00,57.820235,5.043516,168.072702,161.819,127.48,14.4,90,17.8,240.0,62.86375099999999,635.8
2025-05-06 18:00:00,24.178863,5.520565,243.173392,161.730296,128.98,13.8,90,15.8,182.0,29.699428,665.9
2025-05-06 19:00:00,2.199795,6.874603,257.447834,161.802088,130.13,13.2,92,12.2,63.0,9.074398,729.9
2025-05-06 20:00:00,0.03552,5.637074,258.677958,161.748664,130.13,12.3,95,8.3,3.0,5.672594,754.0
2025-05-06 21:00:00,0.000376,5.55806,259.267484,161.694512,129.58,11.7,93,5.2,0.0,5.558436,744.2
2025-05-06 22:00:00,0.000384,4.68409,259.635222,161.67956,120.26,11.8,83,5.5,0.0,4.684474000000001,725.8
2025-05-06 23:00:00,0.000376,6.292906,259.889028,161.66668,118.94,11.2,80,4.5,0.0,6.2932820000000005,702.1
2025-05-07 00:00:00,0.000376,5.472649,234.00391,161.678944,113.26,11.0,76,4.3,0.0,5.473025,659.0
2025-05-07 01:00:00,0.000352,4.568382,107.337384,161.691264,107.65,10.7,74,3.3,0.0,4.568734,630.8
2025-05-07 02:00:00,0.000392,3.96308,99.80397,161.667968,94.03,10.7,73,3.1,0.0,3.963472,616.3
2025-05-07 03:00:00,0.000416,3.859382,99.80082,161.680512,91.45,10.5,77,3.9,0.0,3.859798,610.4
2025-05-07 04:00:00,0.000408,4.442427,99.90309,161.709856,93.95,10.2,84,4.0,0.0,4.4428350000000005,612.3
2025-05-07 05:00:00,0.366773,3.953588,99.81384,161.72688,94.32,10.2,85,2.1,0.0,4.320361,626.4
2025-05-07 06:00:00,19.316412,2.247302,99.79767,161.74536,110.57,10.4,86,0.8,3.0,21.563714,619.6
2025-05-07 07:00:00,75.379784,1.225707,99.82245,161.715288,122.04,12.4,81,1.7,91.0,76.605491,578.2
2025-05-07 08:00:00,151.497544,0.683226,62.54514,161.708792,128.83,13.8,77,3.4,280.0,152.18077,573.3
2025-05-07 09:00:00,221.77419,0.272505,0.0,161.745416,131.06,15.1,72,4.8,491.0,222.046695,564.2
2025-05-07 10:00:00,272.086234,0.193788,0.0,159.843264,146.36,16.2,72,6.3,680.0,272.280022,544.8
2025-05-07 11:00:00,282.685111,0.232682,0.0,117.647544,131.05,16.6,76,8.8,828.0,282.917793,529.6
2025-05-07 12:00:00,267.678853,0.12924,0.0,108.825248,131.05,16.8,77,8.6,849.0,267.808093,510.9
2025-05-07 13:00:00,275.929562,0.157082,0.0,156.769424,130.86,16.5,76,7.4,813.0,276.086644,528.0
2025-05-07 14:00:00,234.494007,0.09792,0.0,161.859992,128.31,16.5,75,5.3,661.0,234.591927,551.4
2025-05-07 15:00:00,184.853262,0.05274,6.15342,161.81564,128.31,16.5,71,5.8,588.0,184.906002,577.4
2025-05-07 16:00:00,119.333346,0.01422,37.967916,161.832552,130.64,16.6,68,5.6,473.0,119.347566,622.6
2025-05-07 17:00:00,66.607867,0.000421,143.53052,161.792456,145.2,16.0,69,4.5,281.0,66.608288,663.4
2025-05-07 18:00:00,22.905407,0.000241,241.95094,161.753648,129.23,15.6,66,2.8,168.0,22.905648,695.2
2025-05-07 19:00:00,2.95298,0.008919,258.682788,161.707896,128.23,15.3,76,0.4,52.0,2.9618990000000003,741.2
2025-05-07 20:00:00,2.040184,0.002893,260.499638,161.65856,129.4,14.6,75,1.6,2.0,2.043077,766.8
2025-05-07 21:00:00,1.340664,0.000482,261.100476,161.810544,125.6,13.8,80,1.1,0.0,1.3411460000000002,757.1
2025-05-07 22:00:00,0.145772,0.009604,253.944292,161.779576,125.68,14.0,81,0.0,0.0,0.155376,744.3
2025-05-07 23:00:00,0.000312,0.00324,246.592906,161.78512,118.75,12.7,85,1.1,0.0,0.0035519999999999,718.0
2025-05-08 00:00:00,0.000336,0.018114,166.262166,161.72996,111.32,12.1,86,1.1,0.0,0.01845,675.2
2025-05-08 01:00:00,0.001008,0.000421,168.059794,161.762328,111.19,12.2,84,0.5,0.0,0.001429,642.9
2025-05-08 02:00:00,0.000484,0.007232,168.047852,161.84812,100.55,12.0,83,0.7,0.0,0.007716,628.1
2025-05-08 03:00:00,0.000376,0.0,167.880524,161.82404,100.55,11.9,80,1.2,0.0,0.000376,618.8
2025-05-08 04:00:00,0.000368,0.0,167.979462,161.831656,99.43,12.0,77,1.8,0.0,0.000368,620.3
2025-05-08 05:00:00,0.464912,0.027,167.964622,161.883568,111.27,11.7,75,4.8,0.0,0.491912,631.9
2025-05-08 06:00:00,19.525313,0.21024,163.140684,161.842408,129.15,11.8,73,3.9,3.0,19.735553,622.8
2025-05-08 07:00:00,75.983972,0.108466,99.577856,161.720664,126.97,14.3,71,3.5,90.0,76.092438,582.5
2025-05-08 08:00:00,155.230294,0.170446,19.59909,161.655928,127.14,16.3,70,3.0,275.0,155.40073999999998,571.8
2025-05-08 09:00:00,225.027548,0.940843,0.0,161.753928,130.65,17.7,68,4.2,483.0,225.968391,559.4
2025-05-08 10:00:00,268.355076,2.189608,0.0,153.305376,145.27,19.3,58,8.5,675.0,270.544684,544.8
2025-05-08 11:00:00,296.917336,2.012818,0.0,107.136792,-72.15,20.7,49,7.9,823.0,298.930154,531.4
2025-05-08 12:00:00,310.245541,1.922408,0.0,107.079336,-72.15,21.4,48,5.6,918.0,312.167949,514.6
2025-05-08 13:00:00,279.515655,2.674145,0.0,130.322416,-48.0,21.8,49,6.6,943.0,282.1898,545.6
2025-05-08 14:00:00,216.771839,3.618056,0.0,161.799512,132.42,21.8,50,9.3,903.0,220.389895,583.0
2025-05-08 15:00:00,145.004925,4.31985,3.866576,161.805392,132.41,21.1,55,15.1,649.0,149.324775,609.9
2025-05-08 16:00:00,81.732416,3.976471,56.718844,161.801416,132.42,20.3,56,15.6,472.0,85.708887,647.9
2025-05-08 17:00:00,45.762046,4.285711,119.349272,161.842072,132.24,19.1,60,12.3,234.0,50.047757,671.3
2025-05-08 18:00:00,12.985492,3.739148,159.80629,161.840112,131.84,18.4,65,9.0,150.0,16.72464,693.6
2025-05-08 19:00:00,2.312644,4.110496,170.920386,161.721784,131.86,17.2,69,7.3,44.0,6.42314,716.5
2025-05-08 20:00:00,1.814376,5.058766,171.95073,161.70924,126.63,16.4,73,6.7,1.0,6.8731420000000005,713.5
2025-05-08 21:00:00,1.158712,6.173606,171.979458,161.696136,131.83,16.4,78,5.9,0.0,7.332318000000001,704.3
2025-05-08 22:00:00,0.118268,7.574731,172.052538,161.6104,129.44,16.5,82,4.5,0.0,7.692998999999999,680.6
2025-05-08 23:00:00,0.00044,8.408202,168.014364,161.578928,111.94,16.4,87,3.9,0.0,8.408641999999999,651.3
2025-05-09 00:00:00,0.000424,6.257567,167.945876,161.522984,111.93,16.0,94,2.7,0.0,6.257991,605.0
2025-05-09 01:00:00,0.001124,6.892469,155.894004,161.57904,111.39,16.0,96,6.0,0.0,6.893593,570.5
2025-05-09 02:00:00,0.000516,8.490031,90.97242,161.5656,108.89,16.2,96,10.3,0.0,8.490547,544.1
2025-05-09 03:00:00,0.000416,10.075571,20.16042,161.598472,93.63,16.8,97,15.9,0.0,10.075987,543.3
2025-05-09 04:00:00,0.000456,8.989519,0.0,161.613312,93.63,17.3,97,8.1,0.0,8.989975,552.9
2025-05-09 05:00:00,0.062244,10.274195,0.0,161.639072,108.89,17.2,97,7.1,0.0,10.336439,557.8
2025-05-09 06:00:00,1.116495,12.041542,0.0,161.625352,112.45,17.4,96,17.9,0.0,13.158037,592.3
2025-05-09 07:00:00,7.097829,12.71131,0.0,161.51016,112.38,17.7,92,31.8,19.0,19.809139,650.5
2025-05-09 08:00:00,14.468364,8.389171,0.0,161.599704,129.29,19.0,89,40.1,36.0,22.857535,698.9
2025-05-09 09:00:00,25.645254,8.314023,9.92656,161.5908,136.66,19.5,91,27.7,97.0,33.959277,719.7
2025-05-09 10:00:00,20.408597,9.990696,65.498832,161.578144,144.74,19.9,90,24.4,25.0,30.399293,738.8
2025-05-09 11:00:00,29.999791,7.733273,71.418256,161.581896,136.55,20.3,91,15.2,76.0,37.733064,731.8
2025-05-09 12:00:00,24.576442,4.844244,71.43416,161.593712,130.64,20.9,93,17.4,136.0,29.420686,724.1
2025-05-09 13:00:00,27.698099,2.009994,71.415344,161.60144,143.96,20.9,91,25.8,130.0,29.708093,726.7
2025-05-09 14:00:00,33.69382,2.214,71.490384,161.606872,129.29,21.1,92,23.8,122.0,35.90782,719.2
2025-05-09 15:00:00,36.650116,3.096005,81.15954,161.610624,129.21,20.9,93,15.4,97.0,39.746121,711.7
2025-05-09 16:00:00,30.840727,6.265422,110.373172,161.606648,127.02,20.9,90,18.7,98.0,37.106149,718.5
2025-05-09 17:00:00,15.29836,9.550087,151.117806,161.63196,128.91,20.7,91,29.7,61.0,24.848447,725.7
2025-05-09 18:00:00,9.65816,9.785227,168.448938,161.624624,127.03,20.0,91,35.7,35.0,19.443387,723.5
2025-05-09 19:00:00,0.542764,7.775314,170.852346,161.594384,127.02,18.9,92,37.9,27.0,8.318078,745.8
2025-05-09 20:00:00,0.00036,8.420916,160.209238,161.581056,126.54,18.0,86,41.9,2.0,8.421276,746.2
2025-05-09 21:00:00,0.00036,11.897244,99.272866,161.622664,112.38,17.5,83,43.9,0.0,11.897604,730.2
2025-05-09 22:00:00,0.000376,7.479091,99.78465,161.545944,110.55,16.3,86,40.9,0.0,7.479467,714.5
2025-05-09 23:00:00,0.000352,3.901051,99.77163,161.57204,110.16,15.4,89,41.1,0.0,3.901403,693.3
2025-05-10 00:00:00,0.00036,4.757267,65.8518,161.583576,129.88,14.6,92,38.8,0.0,4.757626999999999,652.2
2025-05-10 01:00:00,0.000304,3.9504,0.0,161.593488,110.88,14.3,92,36.3,0.0,3.950704,618.7
2025-05-10 02:00:00,0.00036,6.740183,0.0,161.616,110.63,14.3,89,34.3,0.0,6.740543,597.6
2025-05-10 03:00:00,0.000352,6.46704,0.0,161.63616,110.5,14.0,91,31.3,0.0,6.467392,587.7
2025-05-10 04:00:00,0.000296,6.738,0.0,161.567168,84.78,13.6,93,29.0,0.0,6.738296,587.8
2025-05-10 05:00:00,0.201373,7.038926,0.0,161.666232,110.58,13.5,92,27.0,0.0,7.240299,598.1
2025-05-10 06:00:00,9.742592,6.78246,0.0,161.7462,110.91,13.6,92,24.4,2.0,16.525052000000002,595.8
2025-05-10 07:00:00,51.053604,6.131931,0.0,161.663544,111.31,14.3,86,25.8,69.0,57.185535,564.8
2025-05-10 08:00:00,108.77949,5.46089,0.0,161.743176,131.07,15.0,83,27.5,244.0,114.24038,564.0
2025-05-10 09:00:00,185.697825,3.234582,0.0,161.757288,131.07,15.6,78,28.7,425.0,188.932407,531.2
2025-05-10 10:00:00,215.532989,4.509574,0.0,161.737464,131.67,16.4,73,24.6,417.0,220.042563,537.6
2025-05-10 11:00:00,174.645594,9.276268,0.0,161.724192,131.67,16.7,76,28.7,525.0,183.921862,570.0
2025-05-10 12:00:00,120.078678,9.65359,0.0,161.713384,131.67,16.3,80,32.2,669.0,129.732268,576.0
2025-05-10 13:00:00,164.493518,9.670717,0.0,161.72744,131.67,16.2,77,32.9,399.0,174.164235,555.8
2025-05-10 14:00:00,90.228275,11.755801,0.0,161.709128,131.59,16.5,76,33.2,588.0,101.984076,609.8
2025-05-10 15:00:00,77.908124,8.966824,3.128384,161.708904,131.88,16.4,78,31.8,619.0,86.874948,582.6
2025-05-10 16:00:00,104.718929,10.138935,17.242064,161.710192,128.18,16.0,79,32.3,521.0,114.857864,578.4
2025-05-10 17:00:00,68.698673,11.136542,80.269238,161.7364,127.58,15.5,82,29.6,414.0,79.835215,633.1
2025-05-10 18:00:00,16.310727,10.573623,115.95731,161.705264,127.53,14.7,80,28.7,252.0,26.88435,676.4
2025-05-10 19:00:00,2.846241,8.861588,160.355412,161.738472,128.13,14.1,83,26.7,69.0,11.707829,723.3
2025-05-10 20:00:00,1.075724,9.044583,181.752452,161.72548,131.84,13.7,87,25.4,3.0,10.120307,746.3
2025-05-10 21:00:00,0.2002,9.193687,181.891948,161.756672,129.82,13.7,89,23.3,0.0,9.393887,738.3
2025-05-10 22:00:00,0.001076,7.012216,182.010878,161.66248,124.9,13.6,86,23.2,0.0,7.013292,729.3
2025-05-10 23:00:00,0.000668,8.668835,177.98487,161.691432,110.92,13.6,86,22.0,0.0,8.669502999999999,700.9
2025-05-11 00:00:00,0.000368,10.646259,109.662182,161.67424,100.25,13.6,87,21.7,0.0,10.646627,655.3
2025-05-11 01:00:00,0.000504,11.23235,59.44449,161.710976,83.8,13.4,88,20.8,0.0,11.232854,624.7
2025-05-11 02:00:00,0.000384,10.227229,0.0,161.69104,82.79,13.6,83,22.2,0.0,10.227613,602.6
2025-05-11 03:00:00,0.00044,6.753657,0.0,161.691096,82.28,13.9,79,23.3,0.0,6.754097,586.6
2025-05-11 04:00:00,0.000468,7.147135,0.0,161.708008,83.29,14.1,78,21.5,0.0,7.147602999999999,576.1
2025-05-11 05:00:00,0.055601,8.074038,0.0,161.722736,82.83,14.4,75,21.1,0.0,8.129639,582.3
2025-05-11 06:00:00,6.097373,6.954597,0.0,161.754208,82.27,14.5,75,21.8,1.0,13.05197,589.3
2025-05-11 07:00:00,25.0897,4.833916,0.0,161.736512,79.75,14.6,76,21.2,22.0,29.923616000000003,582.5
2025-05-11 08:00:00,31.480732,2.408578,0.0,174.27648,112.8,15.1,76,19.9,79.0,33.88931,597.3
2025-05-11 09:00:00,48.42897,2.980918,0.0,175.286272,113.6,15.3,76,18.1,111.0,51.409888,605.8
2025-05-11 10:00:00,131.302916,1.282614,0.0,161.739648,130.88,16.3,69,15.1,169.0,132.58553,543.3
2025-05-11 11:00:00,231.092577,2.858741,0.0,116.770976,130.14,17.6,61,15.0,394.0,233.951318,488.5
2025-05-11 12:00:00,212.34332,3.492202,0.0,131.867624,-72.15,18.2,62,16.0,534.0,215.835522,514.2
2025-05-11 13:00:00,199.658596,5.561111,0.0,151.839968,-3.0,17.8,72,19.3,504.0,205.219707,504.2
2025-05-11 14:00:00,225.670979,6.44319,0.0,131.389552,0.0,17.9,67,20.7,618.0,232.114169,500.5
2025-05-11 15:00:00,201.066838,7.834026,6.589702,161.456456,108.77,17.7,70,19.5,505.0,208.900864,517.4
2025-05-11 16:00:00,145.824424,4.427756,39.56778,161.720552,107.73,17.8,73,21.9,583.0,150.25217999999998,555.4
2025-05-11 17:00:00,89.025869,5.504052,128.085342,161.654024,113.08,17.4,74,21.4,457.0,94.529921,603.3
2025-05-11 18:00:00,25.498058,5.653387,167.535886,161.640808,128.28,17.0,75,19.1,265.0,31.151445,656.8
2025-05-11 19:00:00,3.654607,4.829192,174.606208,161.604632,131.51,16.2,78,18.7,95.0,8.483799,708.7
2025-05-11 20:00:00,2.242436,1.696719,181.986392,161.63,128.28,15.4,79,18.3,4.0,3.939155,733.7
2025-05-11 21:00:00,1.104876,1.341998,206.890782,161.593488,130.92,15.4,74,17.6,0.0,2.446874,730.4
2025-05-11 22:00:00,0.289448,0.641995,233.138388,161.699216,113.75,15.2,73,16.0,0.0,0.931443,716.2
2025-05-11 23:00:00,0.013472,0.237373,225.766128,161.738976,111.71,15.2,69,14.8,0.0,0.250845,690.4
2025-05-12 00:00:00,0.000232,0.219783,167.058892,161.762328,114.38,14.7,72,15.2,0.0,0.220015,649.2
2025-05-12 01:00:00,0.000484,0.138828,167.87393,161.720384,107.58,14.4,74,15.6,0.0,0.139312,624.7
2025-05-12 02:00:00,0.000312,0.195331,148.159102,161.6986,84.74,14.5,73,16.2,0.0,0.195643,609.2
2025-05-12 03:00:00,0.000248,0.227053,147.453922,161.739424,84.74,14.6,70,15.2,0.0,0.227301,600.7
2025-05-12 04:00:00,0.000256,0.098891,167.35537,161.738248,108.79,14.5,66,14.0,0.0,0.099147,609.3
2025-05-12 05:00:00,0.578989,0.127518,167.942474,161.713776,110.79,14.4,66,14.7,0.0,0.706507,627.3
2025-05-12 06:00:00,19.472195,0.12798,157.96921,161.71764,111.59,14.3,66,13.4,4.0,19.600175,613.4
2025-05-12 07:00:00,80.620488,0.04464,99.74979,161.649096,130.64,15.9,67,11.2,101.0,80.665128,570.7
2025-05-12 08:00:00,158.669792,0.10152,43.20225,161.794752,130.65,18.7,58,8.6,294.0,158.771312,566.7
2025-05-12 09:00:00,220.042605,0.279842,0.0,161.785456,131.85,19.8,46,7.0,503.0,220.322447,567.2
2025-05-12 10:00:00,263.235882,0.54054,0.0,161.203392,134.51,20.0,62,5.2,690.0,263.776422,553.6
2025-05-12 11:00:00,283.50929,0.05904,0.0,126.928536,-48.0,20.4,70,8.0,836.0,283.56833,542.9
2025-05-12 12:00:00,265.890769,0.02286,0.0,114.043216,-72.15,21.0,68,7.2,926.0,265.913629,518.4
2025-05-12 13:00:00,263.139112,1.08684,0.0,109.596648,134.13,21.2,69,5.1,933.0,264.225952,526.7
2025-05-12 14:00:00,269.942801,1.24056,0.0,113.248464,134.13,21.3,76,3.3,912.0,271.183361,541.6
2025-05-12 15:00:00,229.398563,0.932963,3.64287,153.53688,134.13,21.5,77,3.1,826.0,230.331526,570.0
2025-05-12 16:00:00,161.801547,0.70949,48.704558,161.711368,134.13,21.3,80,4.7,679.0,162.511037,608.4
2025-05-12 17:00:00,85.841963,0.616492,167.993084,161.746424,131.92,20.8,80,5.1,493.0,86.458455,657.3
2025-05-12 18:00:00,25.494441,0.390507,229.815768,161.682024,130.72,20.0,81,4.2,290.0,25.884948,691.2
2025-05-12 19:00:00,3.543195,0.21006,255.392662,161.686112,131.87,18.8,87,3.5,102.0,3.753255,727.7
2025-05-12 20:00:00,2.345208,0.23238,249.246984,161.669256,130.72,17.7,83,3.5,5.0,2.577588,737.8
2025-05-12 21:00:00,1.639824,0.52074,250.443648,161.568456,129.44,18.0,70,1.7,0.0,2.160564,711.7
2025-05-12 22:00:00,0.443576,1.037454,252.644042,161.667352,129.44,18.3,66,1.8,0.0,1.48103,693.4
2025-05-12 23:00:00,0.01522,1.177865,220.092978,161.625744,127.75,19.3,54,0.8,0.0,1.193085,665.0
2025-05-13 00:00:00,0.000224,1.61928,174.0907,161.704984,109.04,19.1,53,0.8,0.0,1.619504,617.3
2025-05-13 01:00:00,0.000568,1.49292,176.172808,161.669424,107.57,18.8,53,0.8,0.0,1.493488,583.3
2025-05-13 02:00:00,0.000288,1.215,153.535466,161.679896,103.71,18.3,54,0.4,0.0,1.215288,566.5
2025-05-13 03:00:00,0.000256,1.15146,99.73026,161.594832,89.32,17.9,51,1.6,0.0,1.151716,564.5
2025-05-13 04:00:00,0.000456,1.1277,99.81867,161.602504,91.8,17.5,47,2.7,0.0,1.128156,580.1
2025-05-13 05:00:00,0.613101,1.30554,99.75294,161.611296,116.32,17.2,46,4.0,0.0,1.918641,603.8
2025-05-13 06:00:00,19.038599,0.82098,99.77352,161.701512,125.27,18.0,43,2.5,5.0,19.859579,596.4
2025-05-13 07:00:00,83.333034,0.463191,91.08057,161.725088,130.81,20.5,49,1.8,104.0,83.79622499999999,564.5
2025-05-13 08:00:00,162.328069,0.449944,9.09846,161.692664,129.41,21.5,52,3.6,297.0,162.778013,570.5
2025-05-13 09:00:00,225.980049,0.576456,0.0,161.640752,129.69,22.0,60,2.1,508.0,226.556505,567.3
2025-05-13 10:00:00,270.733064,0.346438,0.0,161.699328,139.63,21.1,83,1.6,681.0,271.079502,557.8
2025-05-13 11:00:00,288.624151,0.35802,0.0,161.689136,139.62,21.2,95,3.9,810.0,288.982171,548.1
2025-05-13 12:00:00,299.543674,0.42426,0.0,161.629328,132.61,21.5,90,3.4,930.0,299.967934,535.7
2025-05-13 13:00:00,301.231085,0.37116,0.0,161.589344,132.64,22.0,86,2.3,949.0,301.602245,544.0
2025-05-13 14:00:00,275.86046,0.278643,0.0,161.614992,139.32,22.4,83,3.3,839.0,276.139103,563.5
2025-05-13 15:00:00,223.740071,0.362611,4.91883,161.670544,139.6,22.2,83,6.9,773.0,224.102682,591.8
2025-05-13 16:00:00,153.857006,0.657703,34.327706,161.542808,143.72,21.3,91,7.6,661.0,154.514709,627.1
2025-05-13 17:00:00,89.471349,0.928022,152.048554,161.598136,143.21,20.8,99,6.3,459.0,90.399371,665.3
2025-05-13 18:00:00,25.831898,0.397752,218.072274,161.637448,143.19,20.4,100,3.6,276.0,26.22965,698.0
2025-05-13 19:00:00,3.579925,1.740247,241.507854,161.67732,143.38,19.1,97,0.7,103.0,5.320172,726.6
2025-05-13 20:00:00,2.3809,2.899384,249.64009,161.52276,143.38,17.1,89,1.9,5.0,5.280284,738.5
2025-05-13 21:00:00,1.673532,2.781309,249.648,161.568176,143.38,15.9,81,2.0,0.0,4.454841,726.0
2025-05-13 22:00:00,0.434192,2.85025,183.809514,161.671944,126.25,15.0,75,4.2,0.0,3.284442,712.4
2025-05-13 23:00:00,0.014864,4.062698,172.637318,161.69076,126.22,14.4,71,4.4,0.0,4.077562,682.6
2025-05-14 00:00:00,0.0004,6.1163,174.409872,161.665616,129.44,14.3,67,4.4,0.0,6.1167,643.9
2025-05-14 01:00:00,0.000736,4.112686,174.651708,161.665224,105.52,14.1,67,3.7,0.0,4.113422,608.6
2025-05-14 02:00:00,0.000452,5.020488,175.348432,161.628432,103.71,13.7,68,3.4,0.0,5.02094,590.8
2025-05-14 03:00:00,0.000444,5.610101,175.223174,161.664384,105.52,13.4,68,4.0,0.0,5.610545,585.9
2025-05-14 04:00:00,0.000432,2.875312,175.249718,161.707168,107.54,13.3,68,2.9,0.0,2.875744,582.8
2025-05-14 05:00:00,0.737875,3.831531,175.576772,161.802032,108.28,13.3,69,3.7,0.0,4.569406,591.6
2025-05-14 06:00:00,20.640712,1.692229,171.96284,161.794696,126.1,13.7,69,4.7,5.0,22.332941,589.5
2025-05-14 07:00:00,79.244003,2.336244,103.2773,161.57848,130.63,15.8,74,4.3,103.0,81.580247,571.2
2025-05-14 08:00:00,153.773285,3.655191,49.93527,161.696136,128.67,19.3,74,1.4,297.0,157.428476,572.3
2025-05-14 09:00:00,219.918408,4.724158,0.0,161.750568,131.8,20.3,72,1.9,507.0,224.642566,566.1
2025-05-14 10:00:00,273.369909,5.905322,0.0,161.832104,136.52,20.9,82,5.0,676.0,279.275231,565.5
2025-05-14 11:00:00,245.326019,7.153419,0.0,161.78876,136.5,22.0,81,6.7,825.0,252.479438,584.2
2025-05-14 12:00:00,202.464909,7.462,0.0,161.667576,132.41,23.0,73,7.2,892.0,209.926909,588.2
2025-05-14 13:00:00,156.727698,7.337478,0.0,161.60368,135.94,23.6,72,6.2,904.0,164.065176,627.7
2025-05-14 14:00:00,125.699463,6.930778,0.0,161.637896,136.47,23.7,73,4.2,837.0,132.63024099999998,643.7
2025-05-14 15:00:00,103.847476,7.383466,18.928672,161.580776,148.28,23.4,75,2.5,640.0,111.230942,650.2
2025-05-14 16:00:00,65.848868,10.019332,67.998224,161.527632,140.32,22.9,84,1.7,451.0,75.8682,669.5
2025-05-14 17:00:00,39.617334,10.308772,70.949984,161.622328,134.63,22.4,94,2.1,324.0,49.926106,690.8
2025-05-14 18:00:00,19.323006,8.942634,81.793782,161.630504,131.81,21.7,96,3.2,130.0,28.26564,708.3
2025-05-14 19:00:00,2.71454,8.839968,119.591486,161.543424,131.86,21.0,94,4.5,50.0,11.554508,731.8
2025-05-14 20:00:00,1.342628,6.154746,146.503798,161.664048,131.8,20.3,94,3.5,3.0,7.497374000000001,723.5
2025-05-14 21:00:00,0.328908,7.527862,95.764732,161.670824,130.63,20.0,92,5.4,0.0,7.85677,699.6
2025-05-14 22:00:00,0.00024,8.382521,95.80284,161.618072,128.74,20.5,88,6.2,0.0,8.382761,678.0
2025-05-14 23:00:00,0.000216,9.622981,91.94871,161.593544,127.31,20.5,87,5.6,0.0,9.623197,647.6
2025-05-15 00:00:00,0.000256,9.793155,95.18754,161.573552,127.69,20.3,89,6.5,0.0,9.793411,602.6
2025-05-15 01:00:00,0.000248,8.325581,95.79549,161.54432,101.9,20.4,89,5.6,0.0,8.325828999999999,569.3
2025-05-15 02:00:00,0.0004,11.711703,82.8366,161.584416,100.08,20.0,91,6.5,0.0,11.712103,544.2
2025-05-15 03:00:00,0.000472,10.480551,5.69478,161.580664,99.6,20.1,90,9.9,0.0,10.481023,534.6
2025-05-15 04:00:00,0.0004,6.707059,0.0,161.565432,98.27,19.4,93,2.3,0.0,6.707459,535.8
2025-05-15 05:00:00,0.116644,3.510235,0.0,161.58912,100.08,19.7,92,4.9,0.0,3.626879,544.0
2025-05-15 06:00:00,8.695173,5.224772,13.059088,161.562576,122.98,20.1,91,7.8,2.0,13.919945,571.1
2025-05-15 07:00:00,32.143635,5.55648,68.15648,161.580608,129.08,21.3,90,7.9,59.0,37.700115,609.9
2025-05-15 08:00:00,64.185637,3.683615,71.226736,161.467768,129.08,22.7,85,8.1,176.0,67.869252,637.9
2025-05-15 09:00:00,81.209347,2.672013,71.209488,161.714112,134.23,22.8,85,5.9,140.0,83.88136,673.1
2025-05-15 10:00:00,66.603528,4.88533,71.187424,161.685216,134.23,22.1,97,2.2,154.0,71.488858,697.0
2025-05-15 11:00:00,55.954151,2.919031,71.241968,161.659456,134.23,22.1,98,6.7,153.0,58.873182,703.9
2025-05-15 12:00:00,55.532958,3.228388,71.22248,161.594664,134.16,21.9,93,7.7,221.0,58.761346,692.0
2025-05-15 13:00:00,63.427769,5.677745,71.204448,161.581952,134.23,20.8,99,6.3,199.0,69.105514,685.1
2025-05-15 14:00:00,73.416095,6.99413,71.026032,161.590576,136.41,19.9,100,7.6,300.0,80.410225,685.8
2025-05-15 15:00:00,48.363681,1.198338,74.802952,161.704424,134.21,21.6,97,4.7,320.0,49.562019,695.4
2025-05-15 16:00:00,41.011713,0.69804,90.379114,161.552776,134.18,21.8,97,2.9,295.0,41.709753,702.6
2025-05-15 17:00:00,21.609123,1.206529,130.050256,162.225504,131.9,20.9,100,2.8,137.0,22.815652,720.6
2025-05-15 18:00:00,11.7082,1.590232,163.474346,161.627144,129.45,21.2,100,5.9,66.0,13.298432,727.0
2025-05-15 19:00:00,1.207281,1.068984,165.383806,161.555464,129.44,20.7,100,7.2,19.0,2.276265,747.7
2025-05-15 20:00:00,0.11262,2.554652,166.144356,161.703416,129.43,20.6,100,4.9,1.0,2.667272,740.0
2025-05-15 21:00:00,0.000272,2.165827,166.026532,161.645064,129.63,20.6,100,5.8,0.0,2.166099,712.5
2025-05-15 22:00:00,0.00024,5.103037,166.02824,160.96668,128.91,21.2,100,4.4,0.0,5.103276999999999,685.1
2025-05-15 23:00:00,0.000232,8.491349,165.941706,116.634168,127.5,20.6,100,5.8,0.0,8.491581,651.9
2025-05-16 00:00:00,0.000272,8.718892,165.292176,102.22688,108.51,20.6,100,5.2,0.0,8.719164000000001,608.3
2025-05-16 01:00:00,0.00028,5.50452,90.598508,102.204816,107.67,20.8,98,7.3,0.0,5.5048,570.9
2025-05-16 02:00:00,0.00028,4.029247,71.742272,102.17648,104.81,21.0,96,8.0,0.0,4.029527,552.5
2025-05-16 03:00:00,0.000304,2.312385,71.745856,102.17536,108.51,20.9,96,8.0,0.0,2.312689,535.3
2025-05-16 04:00:00,0.009376,2.487391,71.735664,102.190032,107.68,20.7,96,6.7,0.0,2.496767,533.9
2025-05-16 05:00:00,0.135144,0.809557,71.724128,102.080552,111.35,20.6,97,5.5,0.0,0.944701,546.8
2025-05-16 06:00:00,3.912742,2.075616,74.952052,102.18712,109.28,20.3,98,4.7,2.0,5.988358,570.5
2025-05-16 07:00:00,11.043836,3.401395,88.14281,103.644912,127.44,20.7,99,5.6,26.0,14.445231,627.4
2025-05-16 08:00:00,20.505051,2.950515,129.33606,117.913992,132.57,21.5,98,5.8,56.0,23.455566,678.0
2025-05-16 09:00:00,16.67274,3.602464,180.032048,130.257176,145.65,21.8,99,5.5,49.0,20.275204,727.6
2025-05-16 10:00:00,19.903558,4.691179,215.20583,127.209936,145.62,20.8,100,1.7,138.0,24.594737,742.7
2025-05-16 11:00:00,22.393697,3.382472,242.646026,104.663664,145.58,21.3,97,9.3,105.0,25.776169,739.7
2025-05-16 12:00:00,27.876757,5.86447,242.050592,102.237464,140.99,21.5,100,15.5,77.0,33.741227,726.5
2025-05-16 13:00:00,21.87133,9.444933,264.380732,102.243064,145.58,20.7,98,14.4,74.0,31.316263,736.1
2025-05-16 14:00:00,11.198706,11.637337,218.085112,102.23808,143.17,20.6,99,13.6,119.0,22.836043,753.1
2025-05-16 15:00:00,8.421293,11.76115,217.479724,102.187736,143.17,20.6,96,20.6,72.0,20.182443,762.5
2025-05-16 16:00:00,7.49889,12.650546,227.211432,102.10368,144.24,21.9,90,29.0,50.0,20.149436,765.5
2025-05-16 17:00:00,7.323511,9.536566,242.803414,102.194008,132.64,21.4,90,15.8,65.0,16.860077,770.6
2025-05-16 18:00:00,2.550197,8.388314,248.38086,102.241328,132.62,21.4,88,23.0,27.0,10.938510999999998,754.0
2025-05-16 19:00:00,0.228932,8.789412,248.511116,102.222008,130.27,20.8,91,20.3,12.0,9.018344,760.5
2025-05-16 20:00:00,0.00036,8.615727,248.567802,102.1314,131.89,21.3,88,27.0,1.0,8.616087,740.4
2025-05-16 21:00:00,0.000368,8.816656,249.449102,102.233936,130.19,21.5,89,29.8,0.0,8.817024,718.7
2025-05-16 22:00:00,0.000384,3.2727,249.52046,102.200728,129.71,20.8,85,35.0,0.0,3.273084,695.9
2025-05-16 23:00:00,0.000376,4.070941,198.144422,102.184768,128.54,20.0,85,34.9,0.0,4.0713170000000005,664.2
2025-05-17 00:00:00,0.000384,6.904587,173.955656,102.309984,120.45,19.8,81,34.4,0.0,6.904971000000001,617.9
2025-05-17 01:00:00,0.000336,6.123043,117.47008,102.281536,108.55,18.8,85,34.2,0.0,6.123379,592.5
2025-05-17 02:00:00,0.000392,9.147003,65.419536,102.243456,84.95,18.0,87,35.5,0.0,9.147395,577.2
2025-05-17 03:00:00,0.000384,10.760624,65.222192,102.264176,82.93,17.4,89,35.4,0.0,10.761008,559.0
2025-05-17 04:00:00,0.000384,8.671393,65.216368,102.24704,82.93,17.4,91,32.9,0.0,8.671777,564.2
2025-05-17 05:00:00,0.584198,5.591283,76.07712,105.470176,85.45,17.2,92,28.7,0.0,6.175481,573.4
2025-05-17 06:00:00,17.868907,7.927712,128.411248,102.183872,108.08,17.4,91,25.3,5.0,25.796619,561.6
2025-05-17 07:00:00,73.178259,7.48546,123.607344,102.196136,109.18,18.4,86,20.3,78.0,80.663719,545.2
2025-05-17 08:00:00,129.792607,3.450636,74.294752,102.13392,125.26,19.8,79,18.7,270.0,133.243243,552.9
2025-05-17 09:00:00,191.232356,1.623436,75.475456,102.168584,129.06,20.6,77,17.2,453.0,192.855792,539.7
2025-05-17 10:00:00,249.042708,1.568493,75.301184,102.178776,136.85,20.9,84,12.0,635.0,250.611201,533.4
2025-05-17 11:00:00,214.135459,2.156522,75.90016,102.162928,136.85,20.7,86,16.9,761.0,216.291981,544.1
2025-05-17 12:00:00,252.862134,1.909863,75.430432,102.154752,136.79,20.7,85,17.5,890.0,254.771997,520.4
2025-05-17 13:00:00,270.240692,1.901983,74.988928,102.166288,136.85,21.8,82,16.0,938.0,272.142675,511.1
2025-05-17 14:00:00,259.340055,2.601047,74.32992,102.114824,131.22,22.6,80,12.8,887.0,261.941102,541.2
2025-05-17 15:00:00,134.539989,1.319146,75.539072,102.170432,131.14,22.7,82,12.7,820.0,135.85913499999998,606.3
2025-05-17 16:00:00,105.629109,0.271596,89.77332,102.192496,127.89,22.8,82,10.0,628.0,105.900705,613.6
2025-05-17 17:00:00,65.956703,0.20646,131.024446,103.126968,127.48,22.9,81,7.7,368.0,66.16316300000001,649.1
2025-05-17 18:00:00,27.354482,0.234283,192.773406,114.365384,128.1,22.8,83,4.9,289.0,27.588765,674.3
2025-05-17 19:00:00,4.849718,0.66722,245.167776,125.836984,128.22,21.1,91,6.6,100.0,5.516938000000001,705.0
2025-05-17 20:00:00,1.752684,1.624533,269.164728,103.784464,130.19,20.4,85,11.3,6.0,3.377217,708.1
2025-05-17 21:00:00,1.031428,3.773532,275.747374,102.223464,145.06,20.3,73,21.2,0.0,4.80496,696.0
2025-05-17 22:00:00,0.17248,3.419799,293.588568,102.205768,128.48,19.4,71,19.4,0.0,3.592279,678.3
2025-05-17 23:00:00,0.000304,5.184984,266.277998,102.229568,109.67,19.6,81,17.0,0.0,5.185288,651.1
2025-05-18 00:00:00,0.000352,8.066545,238.358862,102.285288,108.76,18.4,90,18.2,0.0,8.066896999999999,612.9
2025-05-18 01:00:00,0.000524,7.933089,218.231258,102.236512,84.13,17.0,98,18.1,0.0,7.933613,581.1
2025-05-18 02:00:00,0.000352,7.79507,217.607404,102.18768,84.0,16.1,99,13.6,0.0,7.795422,552.2
2025-05-18 03:00:00,0.000368,7.283502,217.704522,102.2238,84.0,15.9,99,10.4,0.0,7.28387,539.9
2025-05-18 04:00:00,0.000352,6.776164,217.527492,102.205208,87.2,15.2,98,8.0,0.0,6.776516,532.8
2025-05-18 05:00:00,0.591624,8.080353,192.115322,102.209576,109.74,15.0,96,6.9,0.0,8.671977,536.6
2025-05-18 06:00:00,17.914588,6.995814,155.185464,102.193672,110.33,14.5,97,7.0,3.0,24.910402,539.4
2025-05-18 07:00:00,61.462038,4.881,127.01178,102.15688,110.08,14.4,94,8.8,55.0,66.343038,529.2
2025-05-18 08:00:00,81.460453,4.707446,95.84316,102.166064,110.82,14.1,93,10.1,125.0,86.167899,548.3
2025-05-18 09:00:00,146.137129,5.52999,86.96625,98.635264,109.85,14.9,89,9.6,345.0,151.667119,518.5
2025-05-18 10:00:00,234.690921,4.676686,57.55281,67.909968,110.52,16.1,83,8.6,494.0,239.367607,482.8
2025-05-18 11:00:00,210.555118,2.529138,57.79536,67.750648,110.48,16.8,76,10.3,764.0,213.084256,503.2
2025-05-18 12:00:00,243.424795,2.652285,57.62904,67.753672,110.38,17.1,71,9.7,861.0,246.07708,478.0
2025-05-18 13:00:00,241.930097,3.853849,57.68217,67.740288,110.38,16.5,75,7.5,609.0,245.783946,474.2
2025-05-18 14:00:00,218.070646,3.296307,59.8479,68.2864,107.32,17.4,70,7.4,755.0,221.366953,502.4
2025-05-18 15:00:00,144.301422,1.576534,91.26159,99.089648,110.38,18.3,64,5.9,808.0,145.877956,561.4
2025-05-18 16:00:00,74.364655,2.674842,118.062686,102.144896,110.48,17.8,69,5.7,537.0,77.039497,600.2
2025-05-18 17:00:00,44.276998,1.408377,188.126876,102.175136,133.16,18.2,70,4.1,475.0,45.685375,632.4
2025-05-18 18:00:00,22.363927,1.179853,228.28008,102.1412,133.39,17.4,76,3.7,235.0,23.54378,652.7
2025-05-18 19:00:00,4.263235,0.507125,244.71895,102.150832,143.01,16.6,81,3.0,90.0,4.77036,689.6
2025-05-18 20:00:00,1.907332,0.059309,245.514752,102.01464,142.33,15.5,89,2.2,6.0,1.966641,708.5
2025-05-18 21:00:00,1.21542,0.219003,246.58277,102.194568,142.41,15.3,92,0.9,0.0,1.434423,694.3
2025-05-18 22:00:00,0.295856,0.533584,246.59691,102.208568,142.41,15.7,85,5.8,0.0,0.82944,676.4
2025-05-18 23:00:00,0.015344,0.035408,243.983348,102.164216,142.41,15.2,90,3.5,0.0,0.050752,656.1
2025-05-19 00:00:00,0.000408,0.0,193.664814,102.15156,109.15,15.6,87,3.5,0.0,0.000408,615.3
2025-05-19 01:00:00,0.001036,0.0,176.220282,102.241328,90.73,14.9,84,2.3,0.0,0.001036,588.5
2025-05-19 02:00:00,0.000428,0.034452,176.706824,102.181464,88.77,15.3,74,2.8,0.0,0.03488,575.6
2025-05-19 03:00:00,0.000448,0.362679,172.689888,102.129664,86.79,15.1,60,0.5,0.0,0.363127,569.7
2025-05-19 04:00:00,0.000492,0.831853,176.880284,102.120312,87.58,15.3,50,0.5,0.0,0.832345,562.7
2025-05-19 05:00:00,0.860834,0.881644,176.423338,102.139632,89.94,15.4,31,4.0,0.0,1.742478,564.9
2025-05-19 06:00:00,21.634297,0.97542,176.62638,102.155928,109.15,17.1,34,3.2,5.0,22.609717,565.1
2025-05-19 07:00:00,67.009405,1.00584,175.298074,102.134424,109.89,18.8,55,5.5,100.0,68.01524500000001,568.5
2025-05-19 08:00:00,130.189379,0.75942,157.866828,102.159512,125.02,20.9,71,6.4,142.0,130.948799,576.8
2025-05-19 09:00:00,207.014168,1.0449,107.80798,102.115104,145.27,22.3,79,9.2,294.0,208.059068,564.5
2025-05-19 10:00:00,258.1578,1.17684,77.8659,102.118968,130.69,22.7,90,4.6,589.0,259.33464000000004,555.6
2025-05-19 11:00:00,291.971288,1.75088,77.87598,89.811176,130.19,23.6,87,5.8,792.0,293.722168,541.2
2025-05-19 12:00:00,297.996497,2.6693,77.86737,67.566744,125.01,24.2,87,4.0,904.0,300.665797,534.2
2025-05-19 13:00:00,287.451767,2.021717,77.86821,72.33772,125.01,24.0,89,4.9,938.0,289.47348400000004,557.0
2025-05-19 14:00:00,262.817296,1.857933,77.88354,88.300856,126.64,24.1,88,6.5,908.0,264.675229,569.5
2025-05-19 15:00:00,207.712148,2.226665,82.536342,101.07412,144.86,24.0,87,6.6,816.0,209.938813,602.6
2025-05-19 16:00:00,114.018162,5.80464,146.119092,102.249672,128.74,23.9,91,4.7,671.0,119.822802,651.2
2025-05-19 17:00:00,59.425568,8.033709,214.317782,102.218592,128.7,23.7,94,4.7,493.0,67.459277,672.0
2025-05-19 18:00:00,20.965391,9.018842,252.707266,102.184768,155.68,22.9,98,6.0,257.0,29.984233,689.7
2025-05-19 19:00:00,4.258832,7.588314,263.63281,102.1566,155.7,21.6,100,7.1,103.0,11.847146,719.7
2025-05-19 20:00:00,2.305972,7.034272,264.67021,102.111856,146.79,20.5,97,7.9,6.0,9.340244,714.4
2025-05-19 21:00:00,1.583044,5.523059,243.85991,102.11404,129.54,20.2,93,7.7,0.0,7.106103,689.2
2025-05-19 22:00:00,0.39496,4.87971,188.950272,102.306736,129.1,20.7,94,7.6,0.0,5.27467,666.4
2025-05-19 23:00:00,0.015044,2.712953,164.970428,102.216576,128.73,20.7,93,8.3,0.0,2.727997,630.5
2025-05-20 00:00:00,0.000384,1.618126,90.458634,102.213888,144.43,20.3,93,9.3,0.0,1.61851,584.1
2025-05-20 01:00:00,0.000992,1.45301,70.924336,102.185832,103.25,19.6,93,10.3,0.0,1.454002,554.2
2025-05-20 02:00:00,0.000456,0.9774,70.941136,102.13084,102.61,19.4,93,10.9,0.0,0.977856,537.6
2025-05-20 03:00:00,0.000456,1.04886,65.334304,102.112416,89.41,19.8,91,11.7,0.0,1.049316,526.6
2025-05-20 04:00:00,0.0005,0.84636,65.17392,102.160632,89.62,19.6,92,11.6,0.0,0.84686,527.9
2025-05-20 05:00:00,0.707331,0.601772,70.829472,102.164944,98.27,19.3,92,10.4,0.0,1.309103,539.2
2025-05-20 06:00:00,15.28696,0.95141,78.491392,102.205712,103.25,19.5,90,8.1,7.0,16.23837,561.4
2025-05-20 07:00:00,48.302845,0.63792,126.226128,102.090016,127.27,21.3,91,6.2,104.0,48.940765,593.0
2025-05-20 08:00:00,101.848635,0.50778,139.695472,102.078368,134.91,22.7,90,3.5,254.0,102.356415,617.6
2025-05-20 09:00:00,157.200322,0.44838,141.701168,102.205936,137.55,23.0,99,4.5,393.0,157.648702,632.7
2025-05-20 10:00:00,195.949326,0.31248,141.694896,102.163432,143.87,23.4,96,8.8,449.0,196.261806,639.4
2025-05-20 11:00:00,237.722913,0.44136,83.856752,102.143104,135.01,24.0,98,7.7,658.0,238.164273,619.6
2025-05-20 12:00:00,236.083752,0.664584,73.744048,102.112864,134.98,24.2,100,5.7,683.0,236.748336,630.4
2025-05-20 13:00:00,131.911241,0.986179,73.177888,102.1286,134.95,24.9,100,6.6,831.0,132.89741999999998,697.5
2025-05-20 14:00:00,106.429175,2.048711,87.506706,102.123448,134.94,24.9,100,5.1,765.0,108.477886,688.8
2025-05-20 15:00:00,72.449756,3.720475,150.603334,102.109168,134.96,24.0,100,5.4,532.0,76.17023099999999,708.1
2025-05-20 16:00:00,29.277896,2.562843,216.785128,102.1608,134.9,23.9,98,5.9,403.0,31.840739,734.1
2025-05-20 17:00:00,14.136598,5.934774,236.402684,102.279408,137.1,23.5,99,5.5,216.0,20.071372,742.7
2025-05-20 18:00:00,10.489079,7.523584,263.699856,102.275096,151.9,23.3,99,2.8,124.0,18.012663,737.0
2025-05-20 19:00:00,1.565516,6.503416,265.842108,102.221672,151.96,22.7,100,1.6,36.0,8.068932,754.5
2025-05-20 20:00:00,0.314424,5.808158,265.890884,102.15632,149.44,22.4,100,1.7,3.0,6.122582,744.2
2025-05-20 21:00:00,0.000296,5.079679,256.06049,102.270112,141.18,22.0,100,2.1,0.0,5.079974999999999,706.4
2025-05-20 22:00:00,0.000328,5.42155,255.819508,102.192384,141.18,19.9,100,6.3,0.0,5.421878,681.7
2025-05-20 23:00:00,0.000392,5.318998,205.100784,102.234832,141.18,19.7,100,6.9,0.0,5.319389999999999,648.6
2025-05-21 00:00:00,0.000368,5.478808,184.746646,102.2224,144.43,19.6,100,5.9,0.0,5.479176,602.3
2025-05-21 01:00:00,0.000384,5.098518,163.451848,102.17284,130.85,20.2,100,5.2,0.0,5.098902000000001,568.8
2025-05-21 02:00:00,0.000344,3.690385,99.28905,102.21456,100.58,20.2,100,4.5,0.0,3.690729,544.0
2025-05-21 03:00:00,0.000376,3.629078,99.30144,102.231304,100.58,20.4,100,4.1,0.0,3.629454,532.3
2025-05-21 04:00:00,0.000384,2.278125,99.27708,102.168024,100.58,20.3,100,4.4,0.0,2.278509,533.4
2025-05-21 05:00:00,0.901038,0.983626,99.3132,102.17228,100.58,19.6,100,4.7,0.0,1.884664,541.8
2025-05-21 06:00:00,12.084151,0.878473,106.440264,102.08632,100.58,19.5,100,5.0,6.0,12.962624,567.8
2025-05-21 07:00:00,28.695181,1.924361,146.871214,102.070192,126.05,21.2,100,5.4,75.0,30.619542000000003,616.3
2025-05-21 08:00:00,30.876071,2.459368,173.738712,118.253632,132.04,22.2,100,6.8,180.0,33.335439,683.1
2025-05-21 09:00:00,32.551612,2.486434,195.239912,139.028456,146.73,23.2,100,4.0,229.0,35.038046,727.7
2025-05-21 10:00:00,15.057772,2.470188,245.975016,150.829616,146.71,23.3,88,16.3,159.0,17.52796,764.8
2025-05-21 11:00:00,22.80729,1.192532,272.549662,113.0178,141.31,23.1,94,13.0,112.0,23.999822,761.8
2025-05-21 12:00:00,15.685692,1.478122,284.159974,103.494272,138.9,22.8,100,12.3,122.0,17.163814,758.1
2025-05-21 13:00:00,21.572234,1.314926,301.196112,102.0348,146.44,22.7,100,10.7,121.0,22.88716,761.7
2025-05-21 14:00:00,35.077782,0.371739,301.074732,102.106424,149.72,22.5,100,8.6,107.0,35.449521,746.1
2025-05-21 15:00:00,46.59662,1.240243,303.694412,102.12692,149.72,22.0,100,8.3,55.0,47.836863,732.8
2025-05-21 16:00:00,29.577657,1.452577,295.75679,102.155256,141.85,20.9,100,13.3,117.0,31.030234,737.3
2025-05-21 17:00:00,14.027171,0.753351,296.5557,102.15996,141.85,20.3,100,14.1,129.0,14.780522,746.3
2025-05-21 18:00:00,4.379445,0.58788,296.59847,102.168304,141.92,19.7,100,6.7,63.0,4.967325,750.0
2025-05-21 19:00:00,0.158211,0.63468,298.585266,102.078256,142.2,19.3,100,8.2,14.0,0.792891,757.3
2025-05-21 20:00:00,0.000368,0.498828,300.571838,102.18096,142.06,19.7,100,7.2,2.0,0.499196,743.7
2025-05-21 21:00:00,0.000408,1.330039,301.085904,102.215008,141.87,19.3,100,7.1,0.0,1.330447,710.8
2025-05-21 22:00:00,0.000392,1.131104,291.713646,102.128264,139.65,19.2,100,3.1,0.0,1.131496,688.0
2025-05-21 23:00:00,0.000376,2.706016,234.769948,102.118688,139.65,18.9,100,1.4,0.0,2.706392,650.8
2025-05-22 00:00:00,0.0004,3.721582,166.748316,102.134368,131.46,19.8,99,4.5,0.0,3.721982,604.1
2025-05-22 01:00:00,0.000408,3.828779,167.809306,102.155592,131.47,19.4,100,4.8,0.0,3.829187,571.8
2025-05-22 02:00:00,0.000344,3.114511,167.749008,102.140136,129.91,19.5,100,5.8,0.0,3.114855,551.8
2025-05-22 03:00:00,0.00036,3.978689,167.746642,102.148088,108.23,19.9,100,4.8,0.0,3.979049,542.1
2025-05-22 04:00:00,0.000312,4.418173,167.8509,102.164216,129.41,19.4,100,4.6,0.0,4.418485,541.6
2025-05-22 05:00:00,0.26506,3.101626,167.76207,102.175752,139.94,19.2,100,6.3,0.0,3.366686,552.9
2025-05-22 06:00:00,10.817244,3.217904,167.791414,102.186,139.94,19.5,100,5.9,4.0,14.035148,575.9
2025-05-22 07:00:00,59.404918,3.173061,167.5933,102.129384,132.4,19.8,100,6.1,58.0,62.577979,601.8
2025-05-22 08:00:00,118.315494,5.100395,176.773758,102.198936,140.53,19.8,100,6.5,98.0,123.415889,630.6
2025-05-22 09:00:00,205.685276,2.952452,134.506064,102.139352,140.69,21.0,95,4.0,200.0,208.637728,618.6
2025-05-22 10:00:00,259.753628,0.486224,111.13515,102.181744,153.27,22.7,98,2.2,516.0,260.239852,620.7
2025-05-22 11:00:00,254.282163,0.746817,110.77962,102.098584,153.3,22.9,100,2.4,697.0,255.02898,638.6
2025-05-22 12:00:00,170.496156,0.675883,105.06972,102.102224,140.87,22.8,99,6.7,795.0,171.172039,671.0
2025-05-22 13:00:00,157.289373,0.54282,111.61794,102.099816,153.25,21.8,97,9.1,816.0,157.83219300000002,675.3
2025-05-22 14:00:00,139.24903,0.057311,119.073808,102.116112,153.25,22.4,90,7.9,764.0,139.306341,686.2
2025-05-22 15:00:00,145.708346,0.006065,174.492192,102.146688,153.24,21.9,92,7.9,560.0,145.714411,670.5
2025-05-22 16:00:00,108.628884,0.00288,185.165834,102.180064,140.87,22.0,90,5.9,411.0,108.631764,702.5
2025-05-22 17:00:00,43.390758,0.05058,195.518204,123.156936,140.87,21.5,94,7.1,381.0,43.441338,734.9
2025-05-22 18:00:00,10.981342,0.20376,216.561814,156.714712,141.1,20.1,97,5.7,235.0,11.185102,748.5
2025-05-22 19:00:00,2.20149,0.03978,253.396108,147.709968,140.69,19.2,98,5.0,74.0,2.24127,754.3
2025-05-22 20:00:00,1.511188,0.0108,285.570446,111.275528,140.69,19.0,97,5.5,4.0,1.521988,744.0
2025-05-22 21:00:00,0.848928,0.96435,288.281126,102.06476,140.69,19.5,95,5.5,0.0,1.813278,714.5
2025-05-22 22:00:00,0.051264,2.993156,301.657342,102.234888,137.88,19.5,100,8.5,0.0,3.04442,691.2
2025-05-22 23:00:00,0.087088,3.514984,282.681308,102.149656,134.06,19.6,100,6.1,0.0,3.602072,656.8
2025-05-23 00:00:00,0.05884,3.097078,301.667464,102.194232,144.43,19.7,100,4.4,0.0,3.155918,613.3
2025-05-23 01:00:00,0.041256,1.236662,285.674214,102.149544,108.51,19.7,100,3.3,0.0,1.277918,577.1
2025-05-23 02:00:00,0.000272,1.013223,284.201246,102.380712,101.46,19.5,100,1.9,0.0,1.013495,556.3
2025-05-23 03:00:00,0.000288,3.756099,211.673882,102.057144,101.46,19.2,100,8.1,0.0,3.756387,545.9
2025-05-23 04:00:00,0.000272,4.584615,167.978286,102.24788,101.46,18.7,100,11.9,0.0,4.584887,543.1
2025-05-23 05:00:00,0.035528,6.158155,168.06377,102.231528,108.5,18.3,100,13.2,0.0,6.193683,554.5
2025-05-23 06:00:00,2.915084,3.877108,169.992312,102.193336,127.43,18.1,100,14.0,3.0,6.792192,587.3
2025-05-23 07:00:00,12.197334,4.935023,168.837228,102.150384,134.27,18.0,99,16.0,41.0,17.132357,630.9
2025-05-23 08:00:00,22.161162,7.004106,173.597718,102.29576,139.09,18.5,94,18.2,123.0,29.165268,673.3
2025-05-23 09:00:00,34.203472,7.482829,231.33334,102.225984,145.57,19.0,91,19.2,184.0,41.686301,697.6
2025-05-23 10:00:00,43.601957,5.033594,237.53954,102.265576,145.58,18.6,89,23.6,179.0,48.635551,702.3
2025-05-23 11:00:00,42.388544,4.506024,188.107822,102.236064,145.59,18.9,87,21.9,181.0,46.89456800000001,703.8
2025-05-23 12:00:00,36.078687,5.578293,166.761574,102.145456,131.64,19.0,87,21.7,165.0,41.65698,695.5
2025-05-23 13:00:00,36.282215,7.160935,186.909198,102.1314,145.59,18.9,87,21.3,156.0,43.44315,702.9
2025-05-23 14:00:00,25.218584,8.103001,188.63628,102.143944,145.59,18.8,85,21.6,153.0,33.321585,706.7
2025-05-23 15:00:00,28.515471,7.10392,222.445034,102.145848,145.9,18.6,86,19.9,125.0,35.619391,696.6
2025-05-23 16:00:00,28.560778,7.357477,235.690994,102.132576,134.88,18.0,93,19.3,75.0,35.918255,704.8
2025-05-23 17:00:00,21.486925,6.868505,244.604388,102.151056,134.91,17.5,97,20.4,60.0,28.35543,711.6
2025-05-23 18:00:00,5.576437,6.574312,268.204258,102.118688,145.57,17.0,97,21.8,31.0,12.150749,726.7
2025-05-23 19:00:00,0.2848,6.885708,269.13383,102.10648,145.59,17.0,97,19.1,16.0,7.170508,742.6
2025-05-23 20:00:00,0.00032,5.103692,247.078216,102.183816,138.55,17.0,95,21.8,2.0,5.104012,733.4
2025-05-23 21:00:00,0.000312,5.75632,246.42947,102.17928,138.55,17.0,95,22.2,0.0,5.756632,706.9
2025-05-23 22:00:00,0.00028,6.507283,248.636472,102.177712,138.55,17.2,96,21.1,0.0,6.507563,682.3
2025-05-23 23:00:00,0.000264,8.424274,220.369534,102.135208,138.55,17.2,96,19.9,0.0,8.424538,653.7
2025-05-24 00:00:00,0.000256,6.979597,185.347764,102.213384,142.92,17.0,98,15.3,0.0,6.979853,609.4
2025-05-24 01:00:00,0.000272,10.014888,147.195328,102.169928,142.92,16.9,98,15.9,0.0,10.01516,573.8
2025-05-24 02:00:00,0.000296,10.558469,70.95648,102.161192,107.36,16.6,98,16.0,0.0,10.558765,552.3
2025-05-24 03:00:00,0.000304,11.814088,65.369136,102.167464,92.52,15.9,98,20.3,0.0,11.814392,539.1
2025-05-24 04:00:00,0.00028,13.112943,65.184,102.12496,92.52,15.6,96,22.0,0.0,13.113223,538.9
2025-05-24 05:00:00,0.192471,12.304249,70.787584,102.160072,107.21,15.5,96,16.1,0.0,12.49672,543.6
2025-05-24 06:00:00,6.483399,11.406442,70.968576,102.173904,108.78,15.5,94,16.6,2.0,17.889841,567.2
2025-05-24 07:00:00,23.439985,8.662716,70.953792,102.10816,109.47,15.5,94,13.7,29.0,32.102701,586.7
2025-05-24 08:00:00,34.1152,5.356454,70.71344,102.136384,129.83,15.4,94,9.8,47.0,39.471654,608.3
2025-05-24 09:00:00,73.20193,6.101833,70.7084,102.235056,130.16,15.6,92,10.1,98.0,79.303763,612.0
2025-05-24 10:00:00,74.10787,3.449434,70.460432,102.170544,130.81,15.6,93,10.3,129.0,77.557304,633.1
2025-05-24 11:00:00,76.30214,2.064998,81.726708,102.140696,130.8,15.8,91,10.3,180.0,78.367138,636.1
2025-05-24 12:00:00,111.678656,1.76616,115.415496,102.112808,130.8,15.5,92,9.0,158.0,113.444816,608.8
2025-05-24 13:00:00,111.17196,1.628106,156.519468,102.175136,130.79,15.7,89,6.2,210.0,112.800066,605.0
2025-05-24 14:00:00,119.121443,2.136113,155.52803,102.200952,130.3,16.5,83,2.6,296.0,121.257556,598.8
2025-05-24 15:00:00,132.483446,4.077338,143.045,102.213888,130.51,16.8,80,4.7,301.0,136.56078399999998,582.8
2025-05-24 16:00:00,76.863552,6.292511,157.863622,102.281816,130.27,16.7,82,10.6,335.0,83.156063,612.9
2025-05-24 17:00:00,49.028969,5.38441,214.6606,102.3204,141.12,16.1,85,13.5,296.0,54.413379,641.3
2025-05-24 18:00:00,18.17109,9.687108,250.623996,102.247936,141.12,15.5,84,13.1,202.0,27.858198,672.4
2025-05-24 19:00:00,5.68292,8.965618,256.174044,102.12804,141.15,15.4,80,13.7,103.0,14.648538,692.6
2025-05-24 20:00:00,0.484316,10.290905,256.306918,102.126024,141.15,14.4,90,16.3,9.0,10.775221,702.9
2025-05-24 21:00:00,0.019296,8.944051,256.93864,102.206776,141.16,14.3,93,16.3,0.0,8.963347,692.5
2025-05-24 22:00:00,0.000448,7.551879,253.35352,102.183536,141.12,14.8,95,16.4,0.0,7.552326999999999,681.5
2025-05-24 23:00:00,0.000304,7.44446,253.73516,102.109728,141.12,14.7,92,15.5,0.0,7.444764,654.8
2025-05-25 00:00:00,0.000272,8.510336,215.163858,102.114936,145.27,14.6,94,14.6,0.0,8.510608000000001,612.2
2025-05-25 01:00:00,0.00032,8.641536,169.059548,102.132016,111.85,14.5,96,14.1,0.0,8.641856,576.6
2025-05-25 02:00:00,0.000272,7.409178,167.963096,102.080272,112.01,14.7,95,13.0,0.0,7.40945,558.2
2025-05-25 03:00:00,0.000296,6.358778,167.98782,102.08716,104.99,14.7,97,13.0,0.0,6.359074,550.1
2025-05-25 04:00:00,0.000272,4.361654,167.96094,102.11656,111.85,14.8,97,11.2,0.0,4.361926,554.0
2025-05-25 05:00:00,0.673023,3.458003,168.063798,102.155872,111.85,14.8,96,8.5,0.0,4.131026,559.7
2025-05-25 06:00:00,12.6362,2.596144,156.968812,102.273472,112.48,14.8,97,5.1,5.0,15.232344,560.6
2025-05-25 07:00:00,39.858769,1.803021,98.774718,102.144896,111.66,15.3,93,4.4,76.0,41.66179,551.6
2025-05-25 08:00:00,92.071658,0.727037,95.78562,102.185272,107.61,15.9,87,5.5,190.0,92.798695,540.0
2025-05-25 09:00:00,153.061225,0.684961,94.21986,102.124176,107.87,16.6,81,5.0,392.0,153.746186,527.0
2025-05-25 10:00:00,222.854335,0.4914,66.73695,72.544304,0.0,17.2,76,5.8,691.0,223.345735,495.8
2025-05-25 11:00:00,251.136546,0.02268,57.77646,68.404728,-72.15,17.9,70,3.6,840.0,251.159226,471.0
2025-05-25 12:00:00,267.324216,0.175885,57.77289,68.311432,-72.15,18.8,64,5.2,933.0,267.500101,463.4
2025-05-25 13:00:00,260.591397,0.74123,57.7248,68.2948,-72.15,18.8,65,5.1,973.0,261.33262699999995,466.3
2025-05-25 14:00:00,240.354122,0.846707,57.792,68.27716,125.75,19.2,62,4.2,938.0,241.200829,479.9
2025-05-25 15:00:00,229.307209,1.049389,89.1576,97.785576,125.75,19.6,60,4.5,842.0,230.356598,505.9
2025-05-25 16:00:00,165.093462,2.329951,111.039684,102.184712,125.75,19.3,64,5.0,692.0,167.42341299999998,551.4
2025-05-25 17:00:00,86.969003,3.527867,191.024036,102.196976,152.18,18.3,69,6.4,510.0,90.49687,606.8
2025-05-25 18:00:00,30.057293,4.076947,237.69886,102.233768,152.16,17.4,73,8.5,309.0,34.13424,645.4
2025-05-25 19:00:00,4.478535,3.797574,257.733686,102.203528,146.89,16.8,77,9.7,121.0,8.276109,686.1
2025-05-25 20:00:00,1.583764,5.478961,265.320412,102.191712,146.87,16.5,75,9.6,10.0,7.062725,706.9
2025-05-25 21:00:00,1.060684,4.870634,258.471598,102.156656,143.55,16.3,71,7.7,0.0,5.931318,695.1
2025-05-25 22:00:00,0.145976,4.254889,256.780916,102.109112,143.69,16.2,65,6.0,0.0,4.4008650000000005,674.8
2025-05-25 23:00:00,0.000232,3.281463,235.969454,102.09864,112.27,15.7,65,5.0,0.0,3.281695,646.0
2025-05-26 00:00:00,0.000256,3.169802,251.286868,102.096512,118.35,15.7,62,4.0,0.0,3.170058,603.1
2025-05-26 01:00:00,0.00028,1.434844,239.067486,102.097464,108.6,15.9,58,2.1,0.0,1.435124,572.7
2025-05-26 02:00:00,0.00028,0.917241,218.360282,102.06392,84.23,16.6,54,0.9,0.0,0.917521,551.6
2025-05-26 03:00:00,0.00028,0.760595,217.392392,102.077024,84.23,16.9,53,0.5,0.0,0.760875,545.6
2025-05-26 04:00:00,0.000296,0.267684,217.345926,102.123112,84.23,16.2,54,1.1,0.0,0.26798,547.1
2025-05-26 05:00:00,1.057012,0.017164,238.086212,102.126976,100.08,15.2,58,3.5,0.0,1.074176,557.8
2025-05-26 06:00:00,22.036446,0.311282,224.94108,102.175248,111.11,15.5,58,4.2,8.0,22.347728,565.2
2025-05-26 07:00:00,66.401851,1.121346,153.152566,102.18768,111.99,17.8,54,4.7,110.0,67.523197,568.0
2025-05-26 08:00:00,126.569561,0.616532,113.316462,102.107544,146.07,19.1,52,4.8,281.0,127.186093,583.7
2025-05-26 09:00:00,173.903052,0.089657,96.48303,102.15968,134.43,20.2,51,4.1,472.0,173.992709,590.8
2025-05-26 10:00:00,220.615125,0.037861,93.85236,102.259976,138.33,20.9,46,4.6,607.0,220.652986,571.9
2025-05-26 11:00:00,286.159435,0.02142,77.6412,102.159848,138.24,21.7,46,4.6,823.0,286.18085499999995,540.0
2025-05-26 12:00:00,311.648979,0.0234,68.10762,102.077192,135.76,22.0,46,4.1,931.0,311.672379,525.8
2025-05-26 13:00:00,302.178979,0.02682,72.49368,102.133416,138.24,21.9,51,4.9,967.0,302.205799,542.6
2025-05-26 14:00:00,280.610252,0.126262,74.21379,98.702744,138.25,21.6,52,4.6,934.0,280.736514,553.3
2025-05-26 15:00:00,233.59387,0.640745,64.56324,69.635832,146.48,21.3,48,5.9,841.0,234.234615,572.6
2025-05-26 16:00:00,165.640286,1.284617,114.473352,96.762344,140.9,20.7,50,7.2,698.0,166.924903,610.6
2025-05-26 17:00:00,90.023018,1.257695,200.034352,102.12216,151.38,20.4,52,8.5,515.0,91.280713,654.7
2025-05-26 18:00:00,32.962626,0.858457,263.370646,102.231416,141.14,19.9,55,9.0,313.0,33.821083,683.9
2025-05-26 19:00:00,5.78171,1.035799,274.025514,102.11628,141.29,19.0,61,9.8,121.0,6.817509,713.8
2025-05-26 20:00:00,1.58954,1.033323,295.509844,102.234832,152.96,18.5,51,8.3,10.0,2.622863,725.9
2025-05-26 21:00:00,1.084776,0.73416,245.978404,102.167072,141.29,17.7,45,5.2,0.0,1.818936,711.5
2025-05-26 22:00:00,0.145968,0.520249,244.704264,102.211256,141.29,17.9,32,3.1,0.0,0.666217,695.9
2025-05-26 23:00:00,0.000376,1.035848,245.849744,102.166456,141.39,17.5,33,3.1,0.0,1.036224,665.6
2025-05-27 00:00:00,0.000376,0.576778,232.820308,102.136496,144.43,16.9,35,3.2,0.0,0.5771540000000001,623.5
2025-05-27 01:00:00,0.000384,0.331061,167.696396,102.11292,104.97,17.1,34,2.7,0.0,0.331445,591.8
2025-05-27 02:00:00,0.000408,0.308591,168.128128,102.088504,104.97,17.2,35,1.7,0.0,0.308999,572.9
2025-05-27 03:00:00,0.000424,0.391501,167.916014,102.07316,98.27,17.0,36,1.0,0.0,0.3919249999999999,562.0
2025-05-27 04:00:00,0.0004,0.465278,168.029806,102.06392,104.5,16.8,38,1.4,0.0,0.465678,560.5
2025-05-27 05:00:00,1.24521,0.310971,168.04788,102.079152,108.74,17.1,38,0.6,0.0,1.556181,569.3
2025-05-27 06:00:00,23.239944,0.205329,171.42762,102.148984,125.8,17.4,42,0.4,9.0,23.445273,568.2
2025-05-27 07:00:00,74.480518,0.132968,168.155792,102.139632,130.57,19.0,52,1.1,117.0,74.61348600000001,566.2
2025-05-27 08:00:00,142.487873,0.015743,166.572924,102.079712,130.01,20.2,47,1.3,305.0,142.503616,576.5
2025-05-27 09:00:00,205.677148,0.01278,120.466752,102.164496,133.45,21.2,51,0.8,506.0,205.689928,581.0
2025-05-27 10:00:00,253.32671,0.01836,110.29977,102.197256,141.98,21.5,56,3.2,687.0,253.34507,571.9
2025-05-27 11:00:00,282.51593,0.02124,110.80314,102.154584,146.89,21.6,58,5.8,831.0,282.53717,556.1
2025-05-27 12:00:00,292.657134,0.02142,101.16204,102.089848,139.52,21.5,64,5.8,923.0,292.678554,543.5
2025-05-27 13:00:00,287.49215,0.0216,108.64392,102.17816,141.2,21.6,62,5.2,955.0,287.51375,560.1
2025-05-27 14:00:00,262.362459,0.01818,105.48426,103.133576,141.45,21.7,58,4.0,926.0,262.380639,575.1
2025-05-27 15:00:00,217.242624,0.028624,90.04905,103.142984,138.33,21.8,54,3.1,837.0,217.271248,595.0
2025-05-27 16:00:00,153.986504,0.105591,152.255698,103.092584,142.09,21.8,52,2.3,694.0,154.092095,628.8
2025-05-27 17:00:00,84.397729,0.371766,223.811126,103.047728,140.91,21.7,51,1.7,512.0,84.76949499999999,666.0
2025-05-27 18:00:00,29.770187,0.722231,269.860192,103.038264,142.35,21.1,53,3.1,311.0,30.492418,693.4
2025-05-27 19:00:00,4.406388,1.075001,285.307834,103.011552,142.5,19.6,73,1.9,123.0,5.481389,721.9
2025-05-27 20:00:00,1.636296,1.589413,294.070042,103.081888,142.58,18.7,57,1.4,11.0,3.225709,728.8
2025-05-27 21:00:00,1.048164,1.509754,295.110536,103.128872,142.65,18.5,48,1.2,0.0,2.557918,710.3
2025-05-27 22:00:00,0.132092,1.524804,292.121452,103.10748,142.65,18.5,41,2.0,0.0,1.656896,689.3
2025-05-27 23:00:00,0.000328,1.662276,255.554054,103.082672,142.2,18.0,42,2.1,0.0,1.6626040000000002,663.1
2025-05-28 00:00:00,0.000328,1.667278,224.427616,103.144104,140.44,18.0,42,1.8,0.0,1.667606,619.7
2025-05-28 01:00:00,0.000328,1.374992,166.916708,103.130048,110.71,18.2,41,0.9,0.0,1.37532,589.2
2025-05-28 02:00:00,0.000352,0.773064,167.969088,103.074832,110.71,18.1,41,0.9,0.0,0.773416,567.9
2025-05-28 03:00:00,0.00032,0.550126,168.104748,103.000128,110.63,17.9,41,1.5,0.0,0.550446,555.8
2025-05-28 04:00:00,0.0004,0.591186,167.999356,103.007632,110.71,18.0,40,1.9,0.0,0.591586,552.7
2025-05-28 05:00:00,0.8161,0.573081,167.986686,103.011552,110.8,17.6,40,2.4,0.0,1.389181,559.0
2025-05-28 06:00:00,19.962726,0.531846,171.390268,103.035688,126.59,17.3,45,4.8,8.0,20.494572,564.0
2025-05-28 07:00:00,61.095065,0.383886,170.063726,103.102664,127.59,19.5,44,4.6,83.0,61.478951,578.0
2025-05-28 08:00:00,109.96777,0.086019,166.877886,102.962328,129.52,20.1,52,7.3,200.0,110.053789,598.3
2025-05-28 09:00:00,147.978874,0.01026,161.599298,103.099584,131.75,20.8,57,7.4,333.0,147.98913399999998,609.8
2025-05-28 10:00:00,223.543367,0.01422,91.39662,103.080096,148.5,21.9,58,7.6,515.0,223.557587,585.7
2025-05-28 11:00:00,267.727544,0.0207,77.8932,103.042688,141.91,22.6,60,9.7,707.0,267.748244,572.6
2025-05-28 12:00:00,241.740368,0.02358,77.83881,102.991672,139.65,22.6,64,10.5,757.0,241.763948,588.9
2025-05-28 13:00:00,215.775979,0.045321,95.73522,102.987584,141.91,22.6,67,11.3,784.0,215.8213,607.8
2025-05-28 14:00:00,221.226674,0.094215,78.36612,103.074048,141.91,22.6,70,10.8,724.0,221.320889,601.5
2025-05-28 15:00:00,172.130553,0.02394,119.94066,103.066768,146.85,22.5,71,11.0,690.0,172.154493,628.4
2025-05-28 16:00:00,124.20786,0.007862,177.046884,103.023256,144.46,22.2,74,9.6,574.0,124.215722,656.2
2025-05-28 17:00:00,60.830578,0.0018,248.353098,103.11308,144.8,22.1,78,7.9,378.0,60.832378000000006,689.2
2025-05-28 18:00:00,25.594979,0.044907,286.508922,103.113808,144.06,21.6,83,6.0,215.0,25.639886,710.0
2025-05-28 19:00:00,4.196718,0.128372,295.14016,103.073992,143.23,20.7,89,4.4,86.0,4.325089999999999,730.3
2025-05-28 20:00:00,1.759364,0.200235,293.065304,103.027176,143.23,19.5,89,2.2,8.0,1.959599,732.4
2025-05-28 21:00:00,0.955512,0.68085,292.355126,103.115656,140.7,18.7,88,2.8,0.0,1.636362,710.8
2025-05-28 22:00:00,0.000288,0.356797,295.679384,103.139176,140.7,17.7,92,1.7,0.0,0.357085,689.0
2025-05-28 23:00:00,0.000296,0.07686,294.614348,103.215168,140.7,18.2,81,1.9,0.0,0.077156,656.1
2025-05-29 00:00:00,0.000288,0.02538,276.957996,102.99548,111.68,18.4,69,3.5,0.0,0.025668,613.0
2025-05-29 01:00:00,0.000288,0.081723,209.829312,103.038376,110.53,19.3,57,5.9,0.0,0.082011,583.8
2025-05-29 02:00:00,0.00032,0.033605,166.725622,103.029416,110.52,18.9,59,8.7,0.0,0.033925,562.0
2025-05-29 03:00:00,0.000328,0.173287,168.088522,103.054,105.61,19.0,57,8.0,0.0,0.173615,548.7
2025-05-29 04:00:00,0.000288,0.180057,168.055314,103.006456,110.5,18.5,59,8.5,0.0,0.180345,550.0
2025-05-29 05:00:00,0.95086,0.087242,168.028336,102.996096,110.55,17.9,59,8.9,0.0,1.038102,561.8
2025-05-29 06:00:00,23.205816,0.018,173.97128,103.186944,117.25,18.1,58,9.7,10.0,23.223816,569.3
2025-05-29 07:00:00,75.106551,0.00198,170.563204,103.088832,127.0,19.3,61,11.4,118.0,75.108531,577.5
2025-05-29 08:00:00,143.978924,0.055095,121.529954,103.10132,129.43,20.9,63,10.2,305.0,144.034019,588.7
2025-05-29 09:00:00,209.08073,0.329613,94.83033,103.107704,128.61,21.1,68,12.9,506.0,209.410343,588.9
2025-05-29 10:00:00,258.931525,0.438448,94.32654,103.114984,137.07,21.4,75,13.6,688.0,259.369973,581.8
2025-05-29 11:00:00,290.065922,0.28026,94.33578,103.118176,137.06,21.6,76,14.6,822.0,290.346182,571.3
2025-05-29 12:00:00,299.886595,0.5112,94.33242,103.075056,135.31,22.2,68,13.5,913.0,300.397795,560.2
2025-05-29 13:00:00,296.662032,0.6753,94.34397,103.019728,137.04,22.5,66,14.9,944.0,297.337332,573.2
2025-05-29 14:00:00,271.280413,0.40536,110.16789,103.033392,144.22,21.7,69,15.3,875.0,271.685773,586.2
2025-05-29 15:00:00,224.617756,0.1818,110.75862,103.045544,144.22,21.9,63,13.4,821.0,224.799556,605.5
2025-05-29 16:00:00,159.658833,0.14022,117.111596,103.070632,137.04,21.5,63,11.1,685.0,159.799053,642.1
2025-05-29 17:00:00,86.994799,0.11088,199.24296,103.021016,135.71,21.1,63,9.4,507.0,87.105679,682.6
2025-05-29 18:00:00,29.951391,0.03402,263.539948,103.01256,133.93,19.8,65,7.7,311.0,29.985411000000003,707.0
2025-05-29 19:00:00,4.489802,0.0,279.731368,103.016872,142.21,19.4,61,6.4,123.0,4.489802,731.2
2025-05-29 20:00:00,1.83358,0.15072,288.382206,103.01256,142.28,18.6,62,4.5,11.0,1.9843,734.9
2025-05-29 21:00:00,1.139388,0.0252,293.57454,103.054224,142.28,18.1,64,4.5,0.0,1.1645880000000002,713.1
2025-05-29 22:00:00,0.12826,0.01656,297.10639,103.092528,142.36,18.0,76,8.1,0.0,0.14482,695.1
2025-05-29 23:00:00,0.000416,0.0,292.307988,103.127248,142.36,18.2,75,4.0,0.0,0.000416,665.2
2025-05-30 00:00:00,0.0004,0.0,251.43867,103.16516,141.86,17.9,74,2.4,0.0,0.0004,622.0
2025-05-30 01:00:00,0.000416,0.0,234.150728,103.116048,110.77,16.6,82,0.3,0.0,0.000416,592.7
2025-05-30 02:00:00,0.000456,0.01908,233.5879,103.10048,110.77,15.8,83,1.5,0.0,0.019536,573.5
2025-05-30 03:00:00,0.00048,0.1269,233.640652,103.08144,110.78,15.8,80,0.2,0.0,0.12738,556.2
2025-05-30 04:00:00,0.00036,0.09216,233.618602,103.059656,110.77,15.5,77,2.7,0.0,0.09252,555.3
2025-05-30 05:00:00,1.573037,0.00378,233.501744,103.011384,110.71,16.3,71,1.9,0.0,1.576817,565.2
2025-05-30 06:00:00,22.445797,0.00774,208.361342,103.00192,129.83,17.4,69,0.7,10.0,22.453537,571.4
2025-05-30 07:00:00,75.559141,0.0396,170.429854,103.117952,130.04,19.5,65,1.0,117.0,75.59874099999999,577.5
2025-05-30 08:00:00,149.378211,0.12636,146.113044,102.953144,130.13,19.2,72,3.7,303.0,149.504571,588.2
2025-05-30 09:00:00,212.228343,0.09054,95.82468,103.145392,134.24,19.7,72,5.1,503.0,212.318883,593.5
2025-05-30 10:00:00,254.394486,0.10764,86.70984,103.139792,132.53,20.8,67,2.9,688.0,254.502126,587.5
2025-05-30 11:00:00,286.871838,0.10368,77.86149,103.08452,132.53,20.9,68,4.5,833.0,286.975518,568.6
2025-05-30 12:00:00,299.451617,0.07866,77.87073,103.083344,132.53,21.2,67,3.8,924.0,299.530277,558.8
2025-05-30 13:00:00,288.861218,0.10368,77.88984,103.045432,132.53,21.3,68,4.6,956.0,288.964898,575.8
2025-05-30 14:00:00,262.832664,0.07668,79.26576,103.048792,132.53,21.1,70,4.8,926.0,262.90934400000003,587.3
2025-05-30 15:00:00,216.135242,0.06354,114.36159,103.142984,149.48,20.9,71,5.9,839.0,216.198782,612.0
2025-05-30 16:00:00,147.334754,0.0441,122.075016,103.047952,132.53,20.8,71,3.2,700.0,147.378854,649.5
2025-05-30 17:00:00,79.797447,0.04158,179.415166,103.1464,132.53,20.7,69,6.7,517.0,79.839027,682.7
2025-05-30 18:00:00,30.277636,0.01926,243.07983,103.138672,132.53,19.7,62,7.2,316.0,30.296896,699.1
2025-05-30 19:00:00,4.794294,0.027,266.360192,103.073208,145.27,19.5,61,5.5,127.0,4.821294,723.9
2025-05-30 20:00:00,1.832612,0.00738,283.945298,103.194224,145.34,17.9,57,4.3,12.0,1.839992,726.5
2025-05-30 21:00:00,1.12544,0.0,287.417732,103.16236,145.4,18.5,48,5.8,0.0,1.12544,705.2
2025-05-30 22:00:00,0.130728,0.0,287.66206,103.131112,145.4,17.4,59,2.9,0.0,0.130728,686.4
2025-05-30 23:00:00,0.000448,0.0216,270.267242,103.047672,144.73,16.8,61,1.2,0.0,0.022048,660.5
2025-05-31 00:00:00,0.000344,0.0234,213.68256,103.041456,143.96,16.4,63,1.9,0.0,0.023744,616.5
2025-05-31 01:00:00,0.000328,0.0,182.19453,103.050752,110.88,15.9,67,2.2,0.0,0.000328,584.8
2025-05-31 02:00:00,0.000408,0.0,180.89736,103.003544,103.66,15.6,68,1.0,0.0,0.000408,565.6
2025-05-31 03:00:00,0.000448,0.0,168.74613,103.060776,84.77,15.6,67,1.3,0.0,0.000448,554.0
2025-05-31 04:00:00,0.000392,0.0,172.86612,103.06212,85.31,15.5,69,1.6,0.0,0.000392,550.8
2025-05-31 05:00:00,1.860437,0.0,180.69429,103.009592,105.05,15.7,69,1.3,0.0,1.860437,554.1
2025-05-31 06:00:00,28.790071,0.0,180.96645,103.020456,110.86,16.3,69,1.5,10.0,28.790071,546.1
2025-05-31 07:00:00,73.266583,0.03672,180.72705,103.052992,111.04,18.4,64,0.7,101.0,73.303303,542.9
2025-05-31 08:00:00,126.854419,0.0369,114.52707,102.991728,111.04,19.2,68,1.2,237.0,126.891319,549.1
2025-05-31 09:00:00,186.56589,0.01278,95.73963,103.055568,111.32,20.1,71,3.8,447.0,186.57867,551.0
2025-05-31 10:00:00,197.597672,0.01782,94.78833,103.023256,112.29,21.2,76,6.4,658.0,197.615492,562.2
2025-05-31 11:00:00,193.766215,0.13824,94.09512,102.985512,112.13,21.1,79,6.9,581.0,193.904455,565.7
2025-05-31 12:00:00,250.082988,0.0432,77.85792,103.173056,112.13,21.1,79,6.7,484.0,250.126188,531.7
2025-05-31 13:00:00,215.241102,0.1017,81.65577,103.136264,135.06,21.7,78,8.4,702.0,215.342802,550.1
2025-05-31 14:00:00,146.839106,0.01062,100.003722,103.037536,129.04,21.3,79,8.7,710.0,146.84972599999998,591.6
2025-05-31 15:00:00,167.536939,0.00486,113.339492,103.05288,129.05,20.7,80,6.3,511.0,167.541799,577.9
2025-05-31 16:00:00,118.189605,0.00324,147.192206,103.100816,133.66,20.2,82,5.5,335.0,118.192845,611.7
2025-05-31 17:00:00,51.320373,0.00162,196.100268,103.140464,130.42,19.4,83,6.9,308.0,51.321993,662.3
2025-05-31 18:00:00,18.259575,0.00036,269.930864,103.076624,147.0,19.3,82,5.7,169.0,18.259935,684.1
2025-05-31 19:00:00,2.926619,0.03114,301.959238,103.005952,147.0,19.5,85,9.0,67.0,2.957759,704.2
2025-05-31 20:00:00,1.539396,0.00612,310.138234,102.938976,147.25,18.8,91,2.3,5.0,1.545516,706.2
2025-05-31 21:00:00,0.267804,0.0,304.480092,103.00472,147.25,18.1,92,2.0,0.0,0.267804,686.8
2025-05-31 22:00:00,0.000264,0.00792,242.097296,102.995368,145.59,17.4,90,2.9,0.0,0.008184,670.8
2025-05-31 23:00:00,0.00024,0.01344,198.660588,103.048008,145.59,17.3,90,3.3,0.0,0.01368,642.5
2025-06-01 00:00:00,0.000272,0.0,180.99291,103.150768,104.44,17.1,85,1.1,0.0,0.000272,603.9
2025-06-01 01:00:00,0.000272,0.0,180.94482,103.2598,100.72,17.2,81,1.9,0.0,0.000272,575.7
2025-06-01 02:00:00,0.000288,0.00504,180.83205,103.121032,92.64,16.6,82,2.8,0.0,0.005328,555.3
2025-06-01 03:00:00,0.000272,0.00054,180.87132,103.15648,91.13,17.0,78,1.2,0.0,0.000812,544.6
2025-06-01 04:00:00,0.000296,0.0045,180.71382,103.161688,89.62,16.6,76,2.7,0.0,0.004796,544.1
2025-06-01 05:00:00,2.636912,0.01632,180.74133,103.163368,90.1,16.9,71,1.0,0.0,2.653232,546.9
2025-06-01 06:00:00,24.828891,0.00102,180.47925,102.993296,104.34,17.5,67,0.4,9.0,24.829911,536.0
2025-06-01 07:00:00,81.345449,0.0009,114.52938,102.930072,102.54,19.3,61,2.7,121.0,81.346349,515.9
2025-06-01 08:00:00,156.396043,0.00972,85.71276,103.055904,102.53,20.0,66,2.2,279.0,156.40576299999998,505.0
2025-06-01 09:00:00,221.265263,0.01386,77.79618,103.0582,102.53,20.6,72,2.3,390.0,221.279123,502.0
2025-06-01 10:00:00,250.72904,0.02124,77.87787,77.51072,106.37,21.1,79,4.4,528.0,250.75028,497.8
2025-06-01 11:00:00,250.415164,0.05238,61.86789,67.233432,105.14,21.8,84,5.0,786.0,250.467544,497.3
2025-06-01 12:00:00,260.566486,0.10044,58.70823,67.186784,105.14,22.0,84,7.6,877.0,260.666926,489.1
2025-06-01 13:00:00,265.134093,0.50742,57.5715,67.145512,106.21,21.7,83,7.9,796.0,265.64151300000003,488.7
2025-06-01 14:00:00,266.887307,0.99984,58.52217,68.296088,106.13,22.4,77,9.1,917.0,267.887147,507.1
2025-06-01 15:00:00,228.81564,0.61698,81.5703,101.498432,109.97,22.5,75,9.6,799.0,229.43262,533.5
2025-06-01 16:00:00,161.13654,0.48348,106.41561,103.235552,109.97,22.8,71,7.2,675.0,161.62001999999998,579.7
2025-06-01 17:00:00,86.778736,0.3636,178.33235,103.256328,142.33,23.1,67,3.2,510.0,87.142336,635.0
2025-06-01 18:00:00,29.250942,0.25422,238.340088,103.130048,143.1,22.7,69,0.9,286.0,29.505162,670.9
2025-06-01 19:00:00,4.462228,0.09912,245.944678,103.120752,143.39,21.4,76,5.9,68.0,4.561348,697.5
2025-06-01 20:00:00,1.830424,0.08838,238.797258,103.07864,139.12,20.2,82,5.9,6.0,1.918804,701.6
2025-06-01 21:00:00,1.144384,0.22194,224.34874,103.187,138.02,19.5,82,3.3,0.0,1.366324,682.3
2025-06-01 22:00:00,0.065172,0.1062,239.66131,103.283096,143.54,19.4,76,2.3,0.0,0.171372,661.4
2025-06-01 23:00:00,0.00036,0.0,181.3329,103.215616,105.13,19.3,72,1.3,0.0,0.00036,625.9
2025-06-02 00:00:00,0.000392,0.01134,180.90786,103.146848,97.46,19.0,70,1.0,0.0,0.011732,581.5
2025-06-02 01:00:00,0.00036,0.07488,181.0473,103.129376,87.27,18.5,74,1.0,0.0,0.07524,549.6
2025-06-02 02:00:00,0.000512,0.64734,180.84633,103.148024,86.2,18.4,73,0.9,0.0,0.647852,530.0
2025-06-02 03:00:00,0.000552,0.37386,180.72285,103.143432,85.3,18.2,76,0.4,0.0,0.374412,519.6
2025-06-02 04:00:00,0.0006,0.68058,180.7008,103.156424,85.3,17.8,78,1.0,0.0,0.68118,518.9
2025-06-02 05:00:00,0.125543,1.09638,181.11366,103.132512,96.97,17.5,84,3.9,0.0,1.221923,529.0
2025-06-02 06:00:00,7.582886,0.61278,180.88056,103.167232,100.43,17.4,86,5.4,4.0,8.195666000000001,558.8
2025-06-02 07:00:00,19.743974,0.5244,180.72705,103.029864,107.11,17.3,93,9.0,29.0,20.268374,603.6
2025-06-02 08:00:00,28.86385,0.56562,180.90429,103.091072,107.74,18.0,90,12.2,58.0,29.42947,650.8
2025-06-02 09:00:00,42.818351,1.22874,199.3866,103.153736,142.52,18.4,90,11.7,91.0,44.047091,672.2
2025-06-02 10:00:00,59.628116,1.59792,199.65876,103.054728,142.52,18.4,94,10.8,119.0,61.226036,675.3
2025-06-02 11:00:00,75.380889,1.72836,190.03845,103.097568,141.7,18.1,92,15.8,131.0,77.10924899999999,661.0
2025-06-02 12:00:00,81.090663,2.246845,189.87864,103.221552,141.7,18.6,84,18.8,216.0,83.337508,647.9
2025-06-02 13:00:00,68.002833,4.217024,189.90111,103.186328,141.7,19.3,80,17.8,257.0,72.21985699999999,672.0
2025-06-02 14:00:00,48.21736,4.751302,189.97797,103.117448,142.66,18.7,85,16.8,111.0,52.968662,685.3
2025-06-02 15:00:00,27.000325,4.354659,189.77238,103.194448,146.54,18.9,88,17.6,159.0,31.354984,698.0
2025-06-02 16:00:00,16.057796,4.311117,189.78519,103.210016,141.7,19.0,90,15.7,141.0,20.368913,717.5
2025-06-02 17:00:00,10.845753,4.383287,189.79548,103.170312,141.7,19.2,94,20.2,140.0,15.22904,724.4
2025-06-02 18:00:00,5.869886,4.650464,199.70349,103.140296,142.52,18.4,98,18.8,35.0,10.52035,717.6
2025-06-02 19:00:00,0.868566,5.467041,199.65015,103.090176,142.52,18.4,99,19.3,19.0,6.335607,724.8
2025-06-02 20:00:00,0.003128,4.263284,181.23987,102.976776,107.74,18.5,98,18.9,2.0,4.266412,714.2
2025-06-02 21:00:00,0.000504,5.65889,180.90009,102.9826,106.26,18.5,98,21.1,0.0,5.659394000000001,686.7
2025-06-02 22:00:00,0.000432,6.414699,180.87468,103.023872,105.61,17.7,98,24.7,0.0,6.415131,663.2
2025-06-02 23:00:00,0.000408,5.669021,164.66352,103.556152,105.11,17.5,99,20.6,0.0,5.669429,630.6
2025-06-03 00:00:00,0.00036,5.172214,155.96028,103.952912,104.73,17.3,99,18.2,0.0,5.172574,586.6
2025-06-03 01:00:00,0.000328,4.134571,155.92101,103.992896,104.04,17.0,99,13.8,0.0,4.134899,556.2
2025-06-03 02:00:00,0.00036,2.95891,156.00753,103.99256,104.32,16.9,99,13.4,0.0,2.95927,534.1
2025-06-03 03:00:00,0.000352,3.299533,110.82981,103.998048,95.76,16.7,98,12.1,0.0,3.299885,517.7
2025-06-03 04:00:00,0.000368,3.256012,77.79114,104.019664,95.75,16.5,98,8.5,0.0,3.25638,516.1
2025-06-03 05:00:00,0.306701,2.132886,77.76174,104.045592,103.93,16.7,97,6.5,0.0,2.439587,522.7
2025-06-03 06:00:00,8.921064,2.840509,77.8344,104.009136,104.31,16.9,97,5.6,3.0,11.761573,540.9
2025-06-03 07:00:00,73.391477,3.71895,77.74284,97.63236,107.64,17.1,95,8.5,61.0,77.110427,525.6
2025-06-03 08:00:00,155.565015,4.31122,77.82285,103.88224,107.63,17.6,86,8.2,176.0,159.87623499999998,516.0
2025-06-03 09:00:00,215.196147,5.555381,66.44673,86.36712,124.23,18.4,84,10.3,418.0,220.751528,508.3
2025-06-03 10:00:00,238.306427,5.838841,57.61749,68.76912,144.9,19.2,81,12.1,677.0,244.145268,507.3
2025-06-03 11:00:00,264.685546,5.561421,57.47217,68.67252,143.21,19.6,79,14.3,828.0,270.246967,508.8
2025-06-03 12:00:00,277.585658,5.441381,57.5274,68.6392,130.8,19.8,80,15.7,883.0,283.027039,493.7
2025-06-03 13:00:00,260.802472,5.748164,57.56877,68.69912,130.81,20.1,76,17.1,894.0,266.550636,504.1
2025-06-03 14:00:00,246.937152,5.658226,57.49863,68.709592,130.75,20.0,79,17.1,906.0,252.595378,507.9
2025-06-03 15:00:00,231.128281,4.906244,68.36011,71.890728,130.81,20.3,74,16.9,843.0,236.034525,523.9
2025-06-03 16:00:00,170.475303,4.802861,104.719944,102.126136,123.65,20.4,73,18.2,708.0,175.278164,576.3
2025-06-03 17:00:00,84.280588,5.174274,157.259718,103.335736,122.18,19.9,78,20.1,528.0,89.45486199999999,638.1
2025-06-03 18:00:00,28.108113,5.137837,240.080484,103.23572,123.32,19.4,84,19.2,327.0,33.24595,666.2
2025-06-03 19:00:00,4.528733,4.588874,306.504702,103.072536,122.18,18.7,88,17.7,134.0,9.117607,695.6
2025-06-03 20:00:00,1.80348,2.836546,343.59423,86.184,122.18,18.2,87,16.5,14.0,4.640026,702.1
2025-06-03 21:00:00,0.644952,1.448477,312.698736,41.792688,107.67,18.7,70,16.0,0.0,2.093429,677.4
2025-06-03 22:00:00,0.000312,1.864133,311.681314,41.76312,107.67,20.1,40,12.3,0.0,1.864445,661.4
2025-06-03 23:00:00,0.000288,1.70118,310.313024,41.748672,107.68,19.9,40,13.4,0.0,1.701468,631.1
2025-06-04 00:00:00,0.000296,0.800798,250.561318,41.832336,107.06,20.0,40,13.3,0.0,0.801094,595.5
2025-06-04 01:00:00,0.000296,0.210029,233.495514,41.830992,106.46,20.0,38,14.6,0.0,0.2103249999999999,561.4
2025-06-04 02:00:00,0.000352,0.728844,233.557142,41.833008,94.82,19.6,39,16.5,0.0,0.7291960000000001,546.7
2025-06-04 03:00:00,0.000456,1.125553,216.380836,41.822928,94.86,20.0,36,16.4,0.0,1.126009,539.0
2025-06-04 04:00:00,0.00048,0.273041,166.773222,41.780592,95.03,20.3,34,16.7,0.0,0.2735209999999999,537.2
2025-06-04 05:00:00,1.50226,0.113313,167.9951,41.739432,106.72,20.2,34,17.8,0.0,1.615573,545.9
2025-06-04 06:00:00,23.263904,0.144546,168.039466,41.767656,108.08,20.0,40,20.5,11.0,23.40845,553.5
2025-06-04 07:00:00,79.91406,0.204816,168.030282,41.737584,108.08,20.9,44,20.8,122.0,80.118876,562.2
2025-06-04 08:00:00,155.317652,0.266712,165.59676,41.755056,108.03,22.5,43,21.1,293.0,155.58436400000002,571.9
2025-06-04 09:00:00,186.32539,0.63702,165.261684,41.88576,124.08,23.8,39,23.1,501.0,186.96241,605.2
2025-06-04 10:00:00,201.838014,0.931343,155.617798,42.163632,127.5,24.5,33,26.8,625.0,202.769357,614.2
2025-06-04 11:00:00,261.563794,3.566588,143.05578,38.718792,127.5,25.2,40,28.1,809.0,265.130382,579.5
2025-06-04 12:00:00,217.442963,7.694095,124.544756,28.311024,124.05,25.2,57,27.1,905.0,225.137058,605.3
2025-06-04 13:00:00,228.178155,8.099597,122.807958,28.318248,127.5,24.6,66,29.5,943.0,236.277752,626.2
2025-06-04 14:00:00,228.016389,7.231814,138.081342,33.580848,127.5,24.1,70,28.8,912.0,235.248203,622.9
2025-06-04 15:00:00,224.047375,6.436754,143.03569,42.802536,127.5,23.1,75,27.5,838.0,230.484129,619.2
2025-06-04 16:00:00,178.921426,5.558058,165.388692,42.348768,127.5,22.7,71,23.5,709.0,184.479484,649.4
2025-06-04 17:00:00,102.414018,4.699343,239.536836,41.87316,127.33,22.2,64,20.9,536.0,107.113361,686.2
2025-06-04 18:00:00,32.17222,3.718916,326.159582,41.819064,140.66,21.5,60,18.9,336.0,35.891136,715.6
2025-06-04 19:00:00,5.063974,3.283012,348.539548,41.770848,140.66,20.9,53,17.8,142.0,8.346986,733.5
2025-06-04 20:00:00,1.80762,3.504419,353.254188,41.815032,141.41,20.7,43,15.2,15.0,5.312039,733.3
2025-06-04 21:00:00,1.182988,3.479767,353.527496,41.804112,141.41,20.8,37,13.9,0.0,4.662755,708.3
2025-06-04 22:00:00,0.017592,3.101704,312.901036,41.763792,141.41,21.2,27,14.0,0.0,3.119296,685.6
2025-06-04 23:00:00,0.000456,2.277927,311.714886,41.757912,108.03,20.4,30,11.8,0.0,2.278383,653.7
2025-06-05 00:00:00,0.00044,1.349896,248.65792,41.813856,107.02,19.8,33,10.8,0.0,1.350336,609.2
2025-06-05 01:00:00,0.0004,1.483105,233.476292,41.783616,105.68,19.4,35,8.0,0.0,1.483505,575.9
2025-06-05 02:00:00,0.000472,0.800595,233.445646,41.762952,90.25,17.9,39,5.5,0.0,0.801067,553.0
2025-06-05 03:00:00,0.000592,0.480269,233.503592,41.782104,90.25,17.9,37,5.3,0.0,0.480861,540.6
2025-06-05 04:00:00,0.000496,0.274717,233.492686,41.802936,90.25,18.0,36,4.7,0.0,0.275213,543.0
2025-06-05 05:00:00,1.512244,0.101599,233.381862,41.815368,106.65,18.2,37,3.8,0.0,1.613843,552.9
2025-06-05 06:00:00,22.923988,0.017646,233.494422,41.856192,107.03,19.2,39,1.8,12.0,22.941634,563.7
2025-06-05 07:00:00,88.743202,0.00162,233.585674,41.782272,121.14,21.1,44,2.4,129.0,88.744822,572.3
2025-06-05 08:00:00,168.90154,0.00882,214.4793,41.726496,123.79,21.7,48,3.2,324.0,168.91036,586.6
2025-06-05 09:00:00,234.741078,0.01548,150.225936,42.280728,123.79,22.6,50,1.7,531.0,234.756558,592.4
2025-06-05 10:00:00,280.124834,0.0207,143.049816,42.699552,129.0,23.2,51,2.4,714.0,280.145534,585.9
2025-06-05 11:00:00,307.643401,0.02286,143.052728,42.730968,128.93,23.9,55,3.6,861.0,307.666261,575.7
2025-06-05 12:00:00,279.635755,0.05868,134.73838,32.161416,128.93,24.3,56,5.8,954.0,279.694435,572.6
2025-06-05 13:00:00,298.208674,0.17658,142.913554,32.259024,128.88,24.6,53,5.8,985.0,298.385254,582.6
2025-06-05 14:00:00,283.515468,0.0729,143.026814,42.84084,128.84,24.5,51,6.4,916.0,283.588368,591.3
2025-06-05 15:00:00,217.95505,0.01368,151.807292,42.420504,137.44,24.1,49,6.6,848.0,217.96873,592.9
2025-06-05 16:00:00,148.680815,0.15606,171.338006,41.924904,126.98,23.9,54,3.3,709.0,148.836875,666.7
2025-06-05 17:00:00,71.542416,0.18846,247.061276,41.887272,126.74,23.9,63,1.5,443.0,71.73087600000001,703.2
2025-06-05 18:00:00,35.235119,0.15822,336.677936,41.88492,143.51,23.3,70,2.3,274.0,35.393339,712.3
2025-06-05 19:00:00,6.301606,0.28656,372.53202,41.880384,143.51,22.3,80,0.0,96.0,6.588165999999999,735.0
2025-06-05 20:00:00,1.856608,0.76644,389.317838,41.727168,143.51,20.9,83,2.1,11.0,2.623048,733.0
2025-06-05 21:00:00,1.147516,0.906962,395.52744,41.890632,143.51,21.4,67,2.1,0.0,2.054478,708.5
2025-06-05 22:00:00,0.161216,0.961021,356.216042,41.884584,107.0,20.9,54,2.6,0.0,1.122237,685.2
2025-06-05 23:00:00,0.000256,1.06776,309.461852,41.870472,107.01,19.6,51,1.3,0.0,1.068016,650.0
2025-06-06 00:00:00,0.00036,1.06848,264.54631,41.781936,105.54,21.2,42,4.6,0.0,1.06884,609.8
2025-06-06 01:00:00,0.000384,1.05174,269.390254,41.7858,104.46,20.9,42,5.0,0.0,1.0521239999999998,575.8
2025-06-06 02:00:00,0.000568,0.9882,269.921022,41.913648,104.1,21.3,42,5.6,0.0,0.988768,552.4
2025-06-06 03:00:00,0.000392,0.97074,269.96697,41.934144,95.77,21.8,43,5.6,0.0,0.971132,542.2
2025-06-06 04:00:00,0.000392,0.85806,269.942918,41.855016,95.77,22.0,43,4.4,0.0,0.858452,537.1
2025-06-06 05:00:00,0.852781,0.8352,270.013492,41.818056,95.77,21.4,45,3.3,0.0,1.6879810000000002,541.0
2025-06-06 06:00:00,18.952676,0.8784,269.857182,41.828136,104.09,21.8,47,2.6,11.0,19.831076,550.2
2025-06-06 07:00:00,60.754643,0.65016,204.033382,41.7774,104.27,23.2,47,3.0,78.0,61.404803,555.2
2025-06-06 08:00:00,118.819795,0.4986,184.172842,41.807808,105.92,23.7,60,4.0,154.0,119.318395,550.7
2025-06-06 09:00:00,188.963138,0.55152,183.906212,41.77488,107.95,24.6,64,2.8,271.0,189.514658,561.9
2025-06-06 10:00:00,186.437207,0.75222,183.830192,41.95884,107.95,23.8,81,2.4,356.0,187.189427,588.1
2025-06-06 11:00:00,184.986826,0.88632,181.447686,41.933808,123.85,24.9,83,5.1,660.0,185.873146,587.3
2025-06-06 12:00:00,212.251979,0.890408,181.368264,41.843592,123.81,24.5,83,5.9,534.0,213.142387,577.8
2025-06-06 13:00:00,186.289159,0.76608,181.467034,41.775216,141.93,25.3,75,7.7,850.0,187.055239,603.7
2025-06-06 14:00:00,167.968198,0.54342,181.371246,41.786136,123.63,24.5,73,5.1,641.0,168.511618,606.5
2025-06-06 15:00:00,116.919886,0.34974,193.660936,41.786976,123.63,24.7,77,6.3,596.0,117.269626,644.0
2025-06-06 16:00:00,66.062901,0.29484,241.576944,45.571288,123.63,24.5,81,8.2,461.0,66.35774099999999,663.2
2025-06-06 17:00:00,55.086411,0.40968,275.917306,67.79304,142.75,23.2,87,1.2,255.0,55.496091,679.0
2025-06-06 18:00:00,22.377748,0.462052,293.98313,92.963136,143.7,23.1,87,0.9,201.0,22.8398,705.9
2025-06-06 19:00:00,3.041651,0.996608,294.92568,97.049008,143.82,21.7,100,1.3,67.0,4.038259,722.9
2025-06-06 20:00:00,1.291976,1.133538,294.637322,97.844208,143.82,20.0,100,1.7,14.0,2.425514,726.6
2025-06-06 21:00:00,0.175696,0.680611,294.663264,97.89528,107.95,19.9,81,3.9,0.0,0.8563069999999999,702.7
2025-06-06 22:00:00,0.000512,1.874982,270.56897,97.860896,107.95,20.0,57,3.8,0.0,1.875494,673.7
2025-06-06 23:00:00,0.000536,1.442752,270.0964,97.877864,107.95,20.4,51,5.9,0.0,1.443288,646.8
2025-06-07 00:00:00,0.00056,2.214732,297.240762,73.667216,106.02,19.6,51,3.5,0.0,2.2152920000000003,599.6
2025-06-07 01:00:00,0.00048,1.864761,270.618628,41.723472,96.26,18.6,55,2.9,0.0,1.865241,565.7
2025-06-07 02:00:00,0.000392,1.295894,269.685528,41.87232,96.23,18.3,58,2.9,0.0,1.296286,540.7
2025-06-07 03:00:00,0.0004,1.28285,269.620988,41.866272,95.71,18.5,59,2.3,0.0,1.28325,529.0
2025-06-07 04:00:00,0.000416,0.858904,269.830484,41.81772,95.72,18.6,59,3.3,0.0,0.85932,526.0
2025-06-07 05:00:00,0.518554,0.825939,269.63881,41.774544,95.69,19.3,58,3.1,0.0,1.344493,531.7
2025-06-07 06:00:00,15.877435,0.648265,267.78864,41.859552,95.67,19.2,60,2.8,10.0,16.5257,545.3
2025-06-07 07:00:00,49.533225,0.593395,244.49509,42.624624,106.6,20.6,68,3.4,94.0,50.12662,560.9
2025-06-07 08:00:00,111.233188,0.608288,232.57451,42.203616,106.53,23.2,64,0.7,199.0,111.841476,566.6
2025-06-07 09:00:00,119.035261,1.359647,184.143232,41.881896,108.91,22.3,69,2.2,172.0,120.394908,620.9
2025-06-07 10:00:00,139.912851,0.958861,182.691208,43.638728,108.91,23.1,69,2.2,265.0,140.871712,606.7
2025-06-07 11:00:00,215.449352,0.741646,166.136782,63.245896,127.52,22.4,86,1.7,222.0,216.190998,594.9
2025-06-07 12:00:00,88.871285,0.63918,180.114452,69.527528,143.63,24.3,83,4.2,653.0,89.510465,683.6
2025-06-07 13:00:00,44.948135,1.770078,181.839686,74.93864,108.86,25.1,83,3.5,710.0,46.718213,683.0
2025-06-07 14:00:00,46.36105,2.026242,222.803462,94.062752,108.86,23.4,89,1.6,224.0,48.387292,679.0
2025-06-07 15:00:00,45.389398,0.7818,273.976556,96.560128,108.86,23.4,96,3.5,262.0,46.171198,672.5
2025-06-07 16:00:00,43.181786,0.762513,301.365918,97.920816,108.86,22.9,93,4.3,226.0,43.944299,679.0
2025-06-07 17:00:00,25.9413,1.095726,304.111542,97.825896,137.98,22.9,92,1.8,214.0,27.037026,704.0
2025-06-07 18:00:00,9.130141,0.639908,317.370984,97.782328,143.52,22.5,95,3.1,191.0,9.770049,721.3
2025-06-07 19:00:00,1.264198,0.928757,336.38423,97.827072,109.12,21.6,99,1.7,79.0,2.192955,728.4
2025-06-07 20:00:00,0.000496,0.754285,330.399804,97.833288,107.49,21.5,93,6.3,6.0,0.754781,725.8
2025-06-07 21:00:00,0.000488,0.19181,300.26962,97.802656,105.36,21.5,87,2.4,0.0,0.192298,701.3
2025-06-07 22:00:00,0.000488,0.458453,269.757516,97.816712,105.37,21.6,97,4.0,0.0,0.458941,676.9
2025-06-07 23:00:00,0.000488,0.11039,269.816386,93.401,105.37,22.1,91,4.2,0.0,0.110878,644.6
2025-06-08 00:00:00,0.00052,0.17694,269.581312,51.455096,101.78,21.6,90,0.2,0.0,0.1774599999999999,598.4
2025-06-08 01:00:00,0.000504,0.03492,269.697792,41.743128,95.22,21.2,92,2.3,0.0,0.035424,564.5
2025-06-08 02:00:00,0.00048,0.19458,269.4853,41.74632,85.78,21.1,90,2.8,0.0,0.19506,543.0
2025-06-08 03:00:00,0.000448,1.100865,269.432198,41.770848,83.77,21.6,87,3.9,0.0,1.101313,529.4
2025-06-08 04:00:00,0.000376,0.605029,269.643374,41.902728,87.85,21.3,88,1.3,0.0,0.6054050000000001,525.5
2025-06-08 05:00:00,0.392018,0.113994,269.85623,41.924736,88.82,21.3,88,1.8,0.0,0.506012,529.0
2025-06-08 06:00:00,5.981373,0.38385,269.659362,41.858712,88.26,21.7,86,2.2,4.0,6.365222999999999,548.6
2025-06-08 07:00:00,15.469029,0.091255,269.774932,41.764968,81.69,22.2,85,0.4,34.0,15.560284,574.2
2025-06-08 08:00:00,25.012894,0.36423,269.594528,41.837712,95.88,21.7,87,1.8,66.0,25.377124,607.3
2025-06-08 09:00:00,36.016565,0.18494,269.698436,41.698104,96.82,22.0,87,2.9,58.0,36.201505,629.4
2025-06-08 10:00:00,53.415108,0.137193,269.536918,41.721456,105.54,22.7,97,0.4,158.0,53.552301,648.1
2025-06-08 11:00:00,69.183672,0.25373,269.418394,41.783448,105.4,21.7,98,3.3,125.0,69.437402,651.1
2025-06-08 12:00:00,49.295389,0.485284,269.225418,41.771016,105.4,23.2,98,9.5,250.0,49.780673,670.4
2025-06-08 13:00:00,49.868469,0.276218,269.400614,48.448512,105.33,23.3,98,7.9,166.0,50.144687,660.4
2025-06-08 14:00:00,81.071278,0.312492,300.95779,80.291848,171.76,23.8,94,4.7,279.0,81.38377000000001,638.1
2025-06-08 15:00:00,69.014831,0.671285,270.794902,96.337528,105.93,23.6,93,1.5,224.0,69.686116,649.4
2025-06-08 16:00:00,44.135999,0.894379,278.27268,97.92636,141.37,22.4,98,5.2,133.0,45.030378,666.1
2025-06-08 17:00:00,36.610917,0.518225,278.549264,98.03808,141.37,21.9,96,1.9,152.0,37.129142,686.8
2025-06-08 18:00:00,17.789672,0.464177,288.297912,104.497736,142.19,21.4,98,2.5,83.0,18.253849,709.3
2025-06-08 19:00:00,1.653893,0.640619,291.736116,109.960536,142.19,21.6,94,3.4,38.0,2.294512,729.3
2025-06-08 20:00:00,0.000416,0.619372,304.757376,101.35468,142.19,21.1,92,3.3,7.0,0.619788,728.3
2025-06-08 21:00:00,0.0004,0.28046,306.548046,97.9356,141.64,20.6,88,2.7,0.0,0.28086,701.0
2025-06-08 22:00:00,0.000424,0.526588,300.58812,79.012248,105.98,21.2,85,7.6,0.0,0.5270119999999999,674.1
2025-06-08 23:00:00,0.000416,0.455349,292.969054,49.945224,105.67,20.6,88,4.8,0.0,0.455765,640.8
2025-06-09 00:00:00,0.000456,0.021391,277.375518,41.714904,104.93,19.6,90,3.8,0.0,0.021847,596.7
2025-06-09 01:00:00,0.0004,0.001144,282.05471,41.789664,104.09,19.3,89,3.8,0.0,0.001544,563.1
2025-06-09 02:00:00,0.0004,0.000482,304.392578,41.797056,104.31,19.4,88,4.8,0.0,0.000882,541.0
2025-06-09 03:00:00,0.000408,0.0072,227.869866,41.74632,95.06,19.9,86,7.6,0.0,0.007608,526.9
2025-06-09 04:00:00,0.000424,0.073108,167.744416,41.7438,95.06,20.2,86,11.1,0.0,0.073532,522.9
2025-06-09 05:00:00,0.18148,0.216026,167.494614,41.759424,104.36,20.2,85,12.7,0.0,0.397506,532.9
2025-06-09 06:00:00,10.599053,0.364849,182.064848,41.82528,104.92,20.4,86,13.4,4.0,10.963902,565.9
2025-06-09 07:00:00,37.880956,0.339136,213.200288,41.635944,107.15,20.4,89,14.3,21.0,38.220092,608.3
2025-06-09 08:00:00,92.876384,0.385152,238.276556,41.853336,131.09,21.2,88,16.8,109.0,93.261536,642.1
2025-06-09 09:00:00,106.710114,0.651836,282.99019,41.895168,127.9,23.1,80,16.2,368.0,107.36195,689.5
2025-06-09 10:00:00,100.458746,0.106536,335.349812,41.941872,141.37,23.0,83,16.6,376.0,100.565282,713.0
2025-06-09 11:00:00,117.072406,0.352282,337.805902,41.935824,127.63,22.9,82,18.6,324.0,117.424688,705.6
2025-06-09 12:00:00,108.997424,0.221649,337.700986,41.902056,127.63,24.0,74,15.7,403.0,109.219073,702.3
2025-06-09 13:00:00,113.204809,0.221135,337.78731,41.826288,137.8,25.0,68,15.7,512.0,113.425944,711.2
2025-06-09 14:00:00,130.154554,0.293881,331.0139,41.963208,137.76,25.9,62,15.5,638.0,130.448435,693.1
2025-06-09 15:00:00,161.943644,0.20649,292.534592,42.597072,127.63,25.5,66,14.3,522.0,162.150134,671.7
2025-06-09 16:00:00,119.521648,0.057725,337.870498,41.766312,127.63,24.8,71,14.0,372.0,119.579373,697.6
2025-06-09 17:00:00,85.604621,0.00054,337.695386,41.9454,125.49,24.6,73,12.1,272.0,85.605161,721.7
2025-06-09 18:00:00,44.488534,0.009681,348.318684,41.901384,143.47,24.1,77,9.3,201.0,44.498215,735.3
2025-06-09 19:00:00,9.533154,0.006483,348.627986,41.842416,143.47,23.0,84,7.9,125.0,9.539637,754.2
2025-06-09 20:00:00,0.30248,0.02086,344.825236,41.727672,143.47,21.6,88,4.7,16.0,0.32334,751.5
2025-06-09 21:00:00,0.000384,0.599019,348.665772,41.830992,143.47,21.0,86,3.3,0.0,0.599403,722.2
2025-06-09 22:00:00,0.000408,0.815415,312.651738,41.7606,107.08,20.3,77,6.9,0.0,0.815823,694.9
2025-06-09 23:00:00,0.000408,0.565626,311.753918,41.767656,107.08,20.0,78,4.8,0.0,0.5660339999999999,660.2
2025-06-10 00:00:00,0.000448,0.519116,269.6666,41.748,140.72,20.4,77,5.9,0.0,0.519564,611.3
2025-06-10 01:00:00,0.000376,0.008357,233.61114,41.727,105.72,20.0,82,4.1,0.0,0.008733,572.9
2025-06-10 02:00:00,0.000408,0.04932,233.60953,41.913312,90.15,19.4,84,3.3,0.0,0.049728,549.9
2025-06-10 03:00:00,0.0004,0.056761,233.662632,41.897184,90.22,19.6,82,0.6,0.0,0.057161,533.6
2025-06-10 04:00:00,0.000408,0.264839,233.546082,41.83284,90.25,18.5,86,4.3,0.0,0.265247,528.3
2025-06-10 05:00:00,0.137035,0.044048,233.667798,41.753376,105.72,19.9,76,6.3,0.0,0.181083,537.8
2025-06-10 06:00:00,12.307658,0.944189,233.586486,41.868288,114.06,21.2,77,9.3,6.0,13.251847,567.9
2025-06-10 07:00:00,60.286207,0.43272,233.523164,41.919528,122.67,22.1,81,9.7,60.0,60.718927,599.5
2025-06-10 08:00:00,115.044864,0.31428,235.570118,41.854176,141.35,22.6,85,4.5,162.0,115.359144,633.3
2025-06-10 09:00:00,141.401547,0.219725,233.105628,41.926416,141.35,23.1,87,6.0,391.0,141.621272,668.1
2025-06-10 10:00:00,133.824244,0.01098,245.460516,41.939856,141.35,24.3,77,9.5,651.0,133.83522399999998,693.2
2025-06-10 11:00:00,107.933494,0.028141,262.337796,41.8572,140.16,25.0,80,9.2,756.0,107.961635,727.9
2025-06-10 12:00:00,65.371126,0.09612,293.410082,41.79336,140.16,24.6,88,6.5,651.0,65.467246,722.5
2025-06-10 13:00:00,76.222723,0.100102,312.545716,41.762784,140.04,23.4,94,7.0,449.0,76.32282500000001,735.5
2025-06-10 14:00:00,76.031363,0.145379,332.506608,41.880384,140.04,22.9,89,9.7,535.0,76.176742,721.9
2025-06-10 15:00:00,73.018205,0.568494,336.528976,41.882568,140.16,21.5,89,6.9,274.0,73.586699,721.7
2025-06-10 16:00:00,48.850615,0.847667,338.614486,41.861232,140.16,21.2,90,9.6,153.0,49.698282,721.2
2025-06-10 17:00:00,44.814514,1.269139,345.922598,41.811168,140.16,21.5,89,9.6,257.0,46.083653000000005,729.2
2025-06-10 18:00:00,15.607128,2.148143,359.268168,41.82108,140.55,22.0,84,10.0,127.0,17.755271,742.3
2025-06-10 19:00:00,2.077363,1.610572,382.420934,41.777904,140.55,21.1,88,9.5,40.0,3.687935,756.5
2025-06-10 20:00:00,0.057696,2.445865,393.225126,41.889456,141.35,20.1,93,9.8,7.0,2.503561,746.9
2025-06-10 21:00:00,0.018384,1.937128,393.310274,41.8362,141.35,19.9,92,10.7,0.0,1.955512,715.7
2025-06-10 22:00:00,0.000496,1.861329,357.833294,41.805456,141.35,19.6,84,9.1,0.0,1.861825,690.1
2025-06-10 23:00:00,0.000472,2.209104,314.642818,41.796888,107.09,19.4,87,9.2,0.0,2.209576,657.8
2025-06-11 00:00:00,0.000528,2.187191,288.13904,41.809656,108.06,19.2,89,8.6,0.0,2.187719,605.4
2025-06-11 01:00:00,0.000512,3.129034,249.96237,41.842584,106.07,19.4,90,9.0,0.0,3.129546,571.4
2025-06-11 02:00:00,0.000528,3.162805,251.747412,41.847792,95.03,19.5,92,9.1,0.0,3.163333,549.1
2025-06-11 03:00:00,0.0004,3.624655,251.827464,41.78664,105.52,19.1,96,8.9,0.0,3.625055,532.1
2025-06-11 04:00:00,0.000408,2.54605,251.83263,41.759424,105.47,19.1,98,6.9,0.0,2.5464580000000003,526.2
2025-06-11 05:00:00,0.536196,2.220657,251.671546,41.834184,105.34,18.8,99,4.2,0.0,2.756853,539.4
2025-06-11 06:00:00,7.284881,0.817806,251.67219,41.827464,106.88,18.9,95,1.7,6.0,8.102687,573.0
2025-06-11 07:00:00,43.649728,1.618418,283.333512,41.794368,125.56,19.8,82,1.8,55.0,45.268146,601.5
2025-06-11 08:00:00,100.248053,1.848796,306.102118,41.978664,126.93,19.4,84,6.7,153.0,102.096849,626.5
2025-06-11 09:00:00,137.999362,1.426015,258.6346,42.202608,127.63,20.0,75,4.4,438.0,139.425377,651.7
2025-06-11 10:00:00,171.462412,1.838552,240.345966,42.428904,140.88,21.1,73,2.5,533.0,173.300964,658.4
2025-06-11 11:00:00,194.496044,2.284612,206.72183,42.639072,139.81,21.7,63,3.5,554.0,196.780656,636.8
2025-06-11 12:00:00,272.252488,1.613534,134.533322,36.477336,139.81,22.7,56,5.5,784.0,273.86602200000004,595.0
2025-06-11 13:00:00,257.970914,1.484993,134.190504,29.611176,139.81,22.9,57,5.4,890.0,259.455907,613.9
2025-06-11 14:00:00,273.901758,1.300067,148.623272,41.386128,167.44,22.8,63,6.1,810.0,275.201825,608.5
2025-06-11 15:00:00,241.937221,0.881767,162.918406,42.628992,139.81,22.8,70,5.0,802.0,242.818988,627.3
2025-06-11 16:00:00,175.392302,0.238932,261.611182,41.920368,140.71,23.0,71,3.9,698.0,175.631234,668.8
2025-06-11 17:00:00,91.17787,0.112086,347.110232,41.945736,140.71,22.6,75,4.2,516.0,91.289956,715.1
2025-06-11 18:00:00,32.490963,0.328884,385.265496,41.838552,140.88,22.1,78,3.5,321.0,32.819847,735.5
2025-06-11 19:00:00,4.461,0.290504,389.944394,41.852496,140.88,21.5,81,4.2,141.0,4.751504000000001,755.9
2025-06-11 20:00:00,1.843816,0.244651,388.660916,41.783616,140.88,20.4,89,4.7,16.0,2.088467,749.9
2025-06-11 21:00:00,0.89486,0.491712,351.387862,41.889288,140.88,21.1,86,7.4,0.0,1.386572,718.8
2025-06-11 22:00:00,0.014464,0.93196,351.671334,41.856192,140.88,20.7,86,9.3,0.0,0.946424,692.9
2025-06-11 23:00:00,0.0006,0.783533,314.559112,41.87316,106.88,20.6,88,8.3,0.0,0.7841330000000001,658.4
2025-06-12 00:00:00,0.00056,0.284293,286.939198,41.934312,105.26,20.1,91,9.8,0.0,0.284853,611.1
2025-06-12 01:00:00,0.000488,0.040323,233.646868,41.935992,103.46,20.3,84,10.1,0.0,0.040811,574.0
2025-06-12 02:00:00,0.000416,0.02826,233.583658,41.842752,90.24,20.4,78,6.6,0.0,0.028676,551.5
2025-06-12 03:00:00,0.000472,0.2538,233.585604,41.765304,90.12,20.7,74,5.2,0.0,0.254272,530.8
2025-06-12 04:00:00,0.000504,0.177743,233.575538,41.744136,90.07,20.6,74,7.3,0.0,0.178247,527.1
2025-06-12 05:00:00,0.370895,0.379748,233.54156,41.76312,90.25,20.4,72,3.2,0.0,0.750643,535.8
2025-06-12 06:00:00,13.245214,0.22968,258.461616,41.7522,124.51,20.6,72,2.1,2.0,13.474894,566.5
2025-06-12 07:00:00,27.690316,0.17874,298.773412,41.766144,124.51,21.1,76,1.1,22.0,27.869056,619.9
2025-06-12 08:00:00,39.057388,0.01548,343.02898,41.865936,140.37,22.0,69,2.3,146.0,39.072868,672.8
2025-06-12 09:00:00,44.680822,0.0045,350.614726,41.81016,140.83,21.7,76,1.7,94.0,44.685322,712.7
2025-06-12 10:00:00,60.841631,0.220503,347.614218,41.894832,140.83,21.3,83,2.5,82.0,61.062134,720.6
2025-06-12 11:00:00,57.343086,0.332935,350.43582,41.834016,139.98,21.8,84,7.3,319.0,57.676021,727.1
2025-06-12 12:00:00,61.015916,0.3766,347.713296,41.76228,139.98,20.0,93,3.1,175.0,61.392516,715.1
2025-06-12 13:00:00,58.956676,0.288711,350.532966,41.873664,140.28,20.1,98,3.2,125.0,59.245387,728.8
2025-06-12 14:00:00,74.328672,0.140969,349.643308,41.730528,147.6,20.7,93,4.7,154.0,74.469641,713.0
2025-06-12 15:00:00,55.284623,0.048354,353.52751,41.6892,139.98,20.6,97,8.9,134.0,55.33297700000001,718.1
2025-06-12 16:00:00,46.026381,0.287703,365.491994,41.848296,140.29,21.0,96,6.9,196.0,46.314084,710.1
2025-06-12 17:00:00,32.968108,0.32297,383.093592,41.930952,140.23,21.4,94,4.5,151.0,33.291078,726.9
2025-06-12 18:00:00,20.822194,0.603686,393.195628,41.802432,140.83,21.4,96,2.0,82.0,21.42588,728.3
2025-06-12 19:00:00,1.860066,0.765147,396.513754,41.802264,140.83,21.5,97,2.0,57.0,2.625213,746.6
2025-06-12 20:00:00,0.000408,1.332253,396.853422,41.7858,140.83,21.0,97,2.9,7.0,1.332661,739.5
2025-06-12 21:00:00,0.000416,0.959368,378.218708,41.859216,140.83,21.0,95,5.0,0.0,0.959784,708.0
2025-06-12 22:00:00,0.000448,1.457975,349.573238,41.811672,140.83,21.2,93,4.6,0.0,1.458423,684.3
2025-06-12 23:00:00,0.000432,1.556621,314.424908,41.673744,106.99,20.7,94,2.9,0.0,1.557053,655.9
2025-06-13 00:00:00,0.000424,1.391723,249.797184,41.880048,106.54,20.7,94,2.1,0.0,1.392147,605.8
2025-06-13 01:00:00,0.000368,2.248678,233.593626,41.95128,106.24,21.0,93,2.1,0.0,2.249046,570.8
2025-06-13 02:00:00,0.000352,1.907805,233.575734,41.843424,105.62,21.0,93,3.0,0.0,1.908157,549.3
2025-06-13 03:00:00,0.00036,1.182002,233.578184,41.72868,105.38,21.0,93,3.2,0.0,1.182362,534.3
2025-06-13 04:00:00,0.000424,1.091042,233.561356,41.761944,105.0,21.4,91,3.5,0.0,1.091466,528.8
2025-06-13 05:00:00,0.533077,1.050947,233.555266,41.78496,106.55,21.8,91,2.6,0.0,1.584024,539.4
2025-06-13 06:00:00,12.792314,0.986111,233.57936,41.785128,106.54,21.8,92,1.5,3.0,13.778425,567.8
2025-06-13 07:00:00,30.475069,0.890832,250.237988,41.748504,124.68,22.8,92,6.4,66.0,31.365901,618.2
2025-06-13 08:00:00,76.959882,1.132082,293.589604,41.856528,125.14,23.9,95,7.3,111.0,78.09196399999999,656.1
2025-06-13 09:00:00,92.626357,1.631683,328.98544,41.819736,129.25,25.3,94,6.4,253.0,94.25804,702.7
2025-06-13 10:00:00,113.454645,2.296242,336.73675,41.87484,140.47,25.7,96,7.6,362.0,115.750887,729.3
2025-06-13 11:00:00,88.701101,2.478304,336.636342,41.914992,139.62,25.6,98,8.1,249.0,91.179405,754.0
2025-06-13 12:00:00,80.744506,3.561132,336.74823,41.894664,139.62,26.9,90,8.1,425.0,84.305638,755.5
2025-06-13 13:00:00,72.655386,4.480823,344.637944,41.837376,140.43,27.0,91,8.2,426.0,77.136209,777.4
2025-06-13 14:00:00,58.494216,3.958472,364.072926,41.74464,139.72,27.2,92,8.3,369.0,62.452688,782.6
2025-06-13 15:00:00,38.490219,3.647141,382.657072,41.806632,139.62,27.2,89,6.0,289.0,42.13736,783.8
2025-06-13 16:00:00,20.078599,4.02277,384.62641,41.790504,139.52,27.1,89,7.7,189.0,24.101369,789.7
2025-06-13 17:00:00,11.490645,3.625393,385.30338,41.80848,139.62,25.6,100,10.9,82.0,15.116038,800.8
2025-06-13 18:00:00,2.124719,4.593659,374.135748,41.883408,140.47,25.3,100,8.6,74.0,6.718378,803.6
2025-06-13 19:00:00,0.778758,2.051179,340.187806,41.732376,140.47,24.7,100,9.6,24.0,2.829937,803.2
2025-06-13 20:00:00,0.096008,3.550849,339.747688,41.868624,140.47,24.2,99,7.5,2.0,3.646857,793.8
2025-06-13 21:00:00,0.0166,7.960558,306.929924,41.887776,125.68,24.0,99,7.1,0.0,7.977158,756.2
2025-06-13 22:00:00,0.00032,7.291195,234.550414,41.880888,122.35,23.9,100,3.1,0.0,7.291515,730.3
2025-06-13 23:00:00,0.00032,3.991035,233.542862,41.834856,106.51,23.6,100,4.0,0.0,3.991355,693.7
2025-06-14 00:00:00,0.000336,3.713876,234.516366,41.862576,115.03,23.3,100,3.4,0.0,3.714212,641.3
2025-06-14 01:00:00,0.00032,6.968365,184.727032,41.869632,107.27,23.4,98,3.2,0.0,6.968685000000001,603.2
2025-06-14 02:00:00,0.000376,7.246268,163.64537,41.82612,106.25,23.2,98,3.1,0.0,7.246644,575.3
2025-06-14 03:00:00,0.00048,5.280145,163.603706,41.815872,101.42,23.1,97,5.9,0.0,5.280625,558.0
2025-06-14 04:00:00,0.000512,5.450994,163.678998,41.790168,106.51,22.9,98,1.8,0.0,5.451505999999999,553.8
2025-06-14 05:00:00,0.034211,5.868056,163.632182,41.792688,106.17,23.1,96,4.8,0.0,5.902267,556.4
2025-06-14 06:00:00,1.727687,7.713294,163.65076,41.788824,107.32,23.4,95,6.9,2.0,9.440981,588.8
2025-06-14 07:00:00,8.099191,4.974194,163.658628,41.812176,107.32,23.5,96,9.4,13.0,13.073384999999998,626.1
2025-06-14 08:00:00,13.516064,4.41348,163.610818,41.747832,137.98,23.3,98,6.8,9.0,17.929544,677.8
2025-06-14 09:00:00,52.126408,3.467049,165.422992,41.844936,129.97,22.9,100,7.2,24.0,55.593457,696.0
2025-06-14 10:00:00,124.719991,0.750543,186.715788,41.83704,139.04,24.6,97,14.0,144.0,125.470534,695.6
2025-06-14 11:00:00,146.476816,0.420463,223.624828,41.802432,138.89,25.9,89,18.1,283.0,146.89727900000003,711.5
2025-06-14 12:00:00,98.810137,4.577687,235.770752,41.727672,131.99,26.3,88,18.4,465.0,103.387824,724.7
2025-06-14 13:00:00,127.590271,1.910018,233.168474,41.763624,138.46,25.1,89,19.5,396.0,129.500289,684.4
2025-06-14 14:00:00,148.346936,2.42564,235.603◊]6”∆ÚµÎ(ö+my”ììììí√ÉÉ2„£##R”r”Ç##££√„3ÉB√R„És3CÇ√É„3S3##Ç√„ìÉ3ÉB√r„í√#b„B√ìr√"„í√„√R„Éss3#√É3Ç„ê£##R”r”Ç#3££√„Cìb√R„S3B√c„3ÉCb√„É##b√ì2„CB√#b„"√ìÇ√R„R√„√R„S3c3b√sÉí„p£##R”r”í££√„B√b„ÉcCÉ"√c„SCìÇ√„C#ìCB√ìB„"√#b„√ìí√"„"√„√b„ÉcÉÉ"√s#r„p£##R”r”í££√„3ì"√b„SÉb√c„S#c3b√„#ìccB√É2„CR√#b„√ìÇ√2„r√„√b„SÉCÇ√cÉ„ê£##R”r”í#££√„CÉÇ√R„CcR√S„ÉcsSB√ÉÇ„s3Cc3"√É„√#b„√ìÇ√B„B√„√R„CcìÉÇ√cS„£##R”r”í3££√„CÇ√B„Cì3Sb√Cr„SCs"√Ér„ÉÉìcCÇ√É„√#b„"√ìr√2„Ç√„√B„CìscB√c3„ £##R”r”íC££√„3sb√2„ìì#33√Cr„CCccr√ÉÇ„SCìCB√É„√#b„√ìÇ√B„b√„√2„ìì#sr√c#„ê£##R”r”íS££√„cCB√R„#É#É"√Cr„SC√É„ìÉì3sb√É„√#b„√ìr√2„Ç√„√R„3C#ÉcCR√c3„ê£##R”r”íc££√b„SÉ3cB√b„#sÇ√Cr„CCc33B√ÉÇ„SSsì"√É„√#R„í√ìÇ√B„r√"„√"„ÉÉ"√cS„£##R”r”ís££√3„##c32√B„cÉìÇ√C2„S#B√É"„CsìcSb√É„√#b„"√ìí√B„"√#r„√3R„ìÉ#ì2√cì"„0£##R”r”íÉ££√c„#Ésí√2„Cc"√#b„sÉÉÇ√cr„ÉSCCÇ√ì2„√#b„Ç√ì√B„2√Ér„√c2„cCìí√sCí„P£##R”r”íì££√ì„s3CÉ"√"„s#cb√CR„CÉ#3"√Éí„ÉcS"√ìí„ìí√#b„r√ìb√"„Ç√3„√ì"„sscìÇ√É„ £##R”r”í££√"„3cSsCb√"„#sìí√c„#sB√"„ìs"√#„s"√#b„Ç√ì√í„R√CR„√B„SssSCR√ÉCí„ê£##R”r”í££√2„É3ÉSb√2„sCs3B√c„#3Csb√"„SìCB√#„s2√#r„R√Ér√b„"√#cr„√r„Ssì#R√ÉcB„£##R”r”í#££√32„ì3#"√B„S#É"√Sí„#C#ìÇ√"„#ì#Ç√#2„c"√#Ç„R√ì√B„í√CB„√3r„c#cB√Écr„P£##R”r”í3££√#„CSsSSb√B„s3#Sr√Sí„sSc"√"„#CCb√#2„É√#Ç„"√ì√B„√3sÇ„√#B„S3É2√Ésí„ £##R”r”íC££√#R„3#É##B√B„##3r√cb„ÉcÇ√"„#c##b√#2„#b√#Ç„r√ì√B„2√Sr„√#í„SSì#B√És„0£##R”r”íS££√3í„SsCSB√2„3ìCsB√cr„sÉ##2√"„CÉÇ√#„s2√#Ç„b√Éí√R„B√C3Ç„√C"„ì#ìB√Écí„ê£##R”r”íc££√ì„ÉìsCr√B„É##cs√#R„ss2√"„s#ìb√#„s√#í„B√É2√„2√CÉ„√ìR„sìÉÇ√ìR„P£##R”r”ís££√Sí„C#c#Ç√B„#3"√#Éí„ÉS3SÇ√"„#CSÇ√„SÇ√#í„"√É"√2„í√C„√c2„C33ìCÇ√ì32„`£##R”r”íÉ££√#2„3sSCs√"„3cí√3#„###ì"√"„#C#cÇ√„c√#Ç„r√ÉB√2„√#SÇ„√#R„cì#3s√ìCÇ„Ä£##R”r”íì££√B„ìS#b√2„#scSSí√3#b„c3#ìÇ√"„CC#Ç√„ìr√#Ç„√ÉR√2„b√ÉÇ„√r„CcÉÉR√ìSÇ„0£##R”r”í#££√„3c#3"√2„#ìCr√3#b„css"√"„ÉSSS"√„r√#b„í√Éí√"„B√„√B„#CS3sí√ìC2„£##R”r”í#££√„Sì3"√"„#sìr√3r„SÉsÉ"√"„ÉscÇ√„√#b„í√Ér√"„Ç√„√"„##3#í√ì„0£##R”r”í##££√„B√2„S3ÉcÇ√#3r„3cCsb√"„#SC3"√ìí„Sr√#b„í√ì√B„B√„√2„S3ìÇ√ÉSB„0£##R”r”í#3££√„3sb√B„cìss"√##r„CS"√"„#Ssb√ì2„sb√#b„R√ì"√"„í√„√B„sCÇ√sìí„`£##R”r”#££√„B√"„sccì2√Sr„Éì3ìb√"„ìSs"√„R√#b„B√ì√"„r√„√"„scs32√s32„0£##R”r”#££√„3ì"√"„3##cB√3r„333sb√"„ÉCC3"√É„cB√#R„í√ì2√2„Ç√„√"„3##ììc2√cÉ"„p£##R”r”##££√„B√"„C#√3r„3Cs"√"„S#s"√sí„#r√#R„R√ìB√"„b√„√"„Cc√cS"„0£##R”r”#3££√„B√„cscSR√3r„#cSc3"√"„c3S"√sr„s2√#R„r√ì"√R„R√„√„csSR√c#í„P£##R”r”#C££√„3sb√"„3cssÇ√3r„s33"√"„s#cÇ√sí„3Ç√#R„b√ì√B„R√„√"„3cÉScB√c#„@£##R”r”#S££√„S3ss"√„S#Cí√3r„sìS#Ç√"„#CC#B√sí„3Ç√#R„2√ì√B„2√„√„SSC#√c#Ç„0£##R”r”#c££√r„SCì3b√„Cì#C3Ç√3r„sssCs"√"„É##CÇ√sí„3Ç√#R„r√ì√R„í√"„√í„CsCB√cSB„0£##R”r”#s££√3"„ss#S√„SS3#É"√3r„3ìb√"„Scìb√sí„3Ç√#b„r√Éí√R„í√Sr„√3B„#sS32√cÉ„£##R”r”#É££√SR„#ìcC√"„ScÉSÉR√3r„#SCÉÇ√"„S#cB√ì2„32√#r„í√ÉR√R„R√Éb„√Sr„ÉcCìÉb√s#B„£##R”r”#ì££√ì"„SSCìr√B„33B√3r„#cÉcSb√"„CCÉB√ì2„ìr√#Ç„í√É√Ç„R√3SR„√ìb„ÉCSc3r√sc2„£##R”r”#££√3R„ìs33cB√b„#SCcB√3b„#ÉSs"√"„3sì"√„CB√#Ç„r√É√"„√3r„√C"„##ÉB√sÉb„ £##R”r”#££√s„ÉÉcr√2„#ììB√3b„#SCcB√"„scCcB√Ç„C√#Ç„√ÉR√b„b√C"„√sB„s#cìììììììÇ√sìr„ £##R”r”##££√cÇ„3Ç√R„ÉCcS"√3b„#Sì"√"„S"√Ç„C2√#í„b√sí√b„b√C#B„√sB„Ccc#Ç√É#„ê£##R”r”#3££√ìR„#C#R√R„C#SR√3b„##cìCB√"„c3cÇ√#„ì"√3„r√sB√r„Ç√sb„√#„c3ìsR√ÉB„£##R”r”#C££√ÉÇ„#Cc3í√R„CSìSÇ√3R„s##b√"„3Sìì"√#„ì"√3„í√s"√í„B√sS2„√ì2„csC#í√É#Ç„ £##R”r”#S££√3Ç„#3#sì"√2„#ÉÇ√CÇ„sCR√"„ìcCb√#„ì"√3„Ç√s"√Ç„R√c#R„√C„#3Scs"√Écr„ê£##R”r”#c££√r„#3SSR√"„ÉScCÇ√ìr„ìc#"√"„3cS3"√#„í√3„r√s√r„"√SÉ2„√í„ÉÉ3R√Éì„p£##R”r”#s££√c„SCcs√"„C#3ìB√#É„ìCcì"√"„#sCS3b√#„Éb√3„"√s"√R„b√CC"„√c"„ì3Éc√ì3Ç„P£##R”r”#É££√#B„#ìc3r√"„SSCCÇ√3#„sìb√"„#CS3b√#„Éb√#í„b√sR√R„2√#cr„√#b„ÉSÉR√ìSí„`£##R”r”#ì££√B„s#"√"„Cc3ìs2√3#R„cì3#ìÇ√"„c3CÉÇ√3b„R√#Ç„r√É√2„í√R„√r„ÉSÉR√ìcb„`£##R”r”##££√„3Cb√„SC#csr√3#b„s#sììb√"„#És"√3b„#√#r„B√Ér√2„"√R„√"„ÉCcÉ3r√ìSR„ê£##R”r”##££√„c#3#ÉÇ√„#CCcÉb√3#r„ccc#c"√"„Éc#Ç√3R„ìB√#r„2√Éb√B„√„√„ÉcsìsB√ì2„`£##R”r”###££√„3r√„##ìsÉb√32„ÉCcìb√"„SìCB√„CÇ√#r„√Éí√R„√„√„3ccsÉb√Éc„@£##R”r”##3££√„C#B√"„CCÉ3Ç√3"„ìCCìÇ√"„cS3b√„SB√#b„í√Éí√R„2√„√"„CS#c"√sìÇ„P£##R”r”#££√„3S"√"„S3ìc"√#SB„#É3ìÇ√"„s3b√Ç„S2√#b„r√Éí√B„Ç√„√"„S3ììcB√s3R„£##R”r”#££√„3ì"√"„É#sí√#3„c#cC√"„#ìcÇ√É„3r√#b„R√Éí√2„√„√"„É#Cs√cÉb„ £##R”r”##££√„CCÇ√„ss3r√#3„Sc3Cb√"„3ì3"√É„s"√#b„√ì√"„í√„√„sÉR√cSR„ê£##R”r”#3££√„CSb√"„3#s#í√#3„cCÉcb√"„33ssB√sí„í√#b„√Éí√2„"√„√"„3##ÉR√c3B„@£##R”r”#C££√„#CÇ√"„Ésì##√#3„cSÉìb√"„#Écc3"√sí„í√#b„"√Éí√"„í√„√"„ÉsìCcí√c#Ç„@£##R”r”#S££√„#ìS2√2„CsCscB√#3„c3ì3"√"„#ì"√sí„í√#R„í√ì√"„b√„√2„cìC#sr√c3í„ £##R”r”#c££√„#s#2√B„##c3í√#3„c3CsÇ√"„#CÉÇ√ì2„√#R„R√ì√"„r√2„√R„33ìcc"√cÉ„ê£##R”r”#s££√CÇ„CSscìB√2„ÉcCr√#3„SsC3"√"„S#SS"√Ç„S2√#r„√ÉÇ√B„2√É„√S"„#s3sC√sCí„P£##R”r”#É££√„ìcìB√"„#cr√##Ç„Sssc"√"„ì3B√#„CÇ√#Ç„"√ÉR√"„√s„√2„3SÉcB√É3B„`£##R”r”#ì££√S„ìc##Ç√2„#ììS√##Ç„ssÇ√"„#Ésb√#"„ì√#í„2√É"√„B√3ì2„√SB„ììsì"√ÉìR„P£##R”r”#££√É„#CìÉB√2„ÉcSìÇ√##Ç„3Éì3"√"„Cs#ÉÇ√#B„#B√#í„Ç√É2√B„r√Sc„√ÉB„ÉìcB√ì3R„p£##R”r”#££√##„CcR√2„#CÇ√##R„cÉÉ"√"„Cìcìb√#R„CÇ√#í„√ì√2„√S#"„√##B„3C#cÇ√ì#R„ £##R”r”##££√#Sr„CS#ssR√2„#ì#b√##R„csC√"„c3C3"√#B„#B√#í„√ì√B„b√Sc"„√#c„sCCÉ3R√ìí„0£##R”r”#3££√#sB„#S#cÉí√"„sC3#Sí√##R„Sìcb√"„33sÉb√3„3í√#í„R√ì"√r„R√É#„√#sb„ììSìCÇ√ì#R„p£##R”r”#C££√#S„ÉS##Ç√"„s#3S#2√#C„ìcÉsr√"„#ÉCÉìb√SR„ì2√#í„B√É"√b„2√É3„√#S2„SsCsS√ìC„ £##R”r”#S££√ìí„CCÇ√„S3í√#3b„CcCì"√"„#Cìs#Ç√32„3b√#í„B√Éb√r„√sCr„√#„csSÇ√ìSí„@£##R”r”#c££√CÇ„ìSÉSÉB√„ìsÉÉb√#sR„3scÇ√"„ÉcSb√32„3b√#í„B√ÉB√b„√Sì2„√S„ì3sCCB√ìì„0£##R”r”#s££√ÉR„CCÉs32√"„É3"√3B„sÉÉÉ3Ç√"„cC3#Ç√32„3b√#í„R√É"√R„√Csr„√ÉÇ„#sÉsS3√#r„Ä£##R”r”#É££√3"„ScCSìR√"„ÉC"√3#r„S3C#Sb√"„#sì#Ç√#B„#B√#í„"√Éb√"„2√3"„√3B„sCÉsR√C„ê£##R”r”#ì££√B„ÉCcssB√„ì#b√3#B„É3S√"„3É#B√3R„#2√#Ç„Ç√Éb√"„2√3r„√R„ÉSc3B√C„@£##R”r”##££√„ScSSs"√„ScccB√3#R„s##B√"„#33s"√#„ìr√#r„√ì√"„b√b„√"„3##"√í„Ä£##R”r”##££√„ììSììb√„c##ì"√3#R„csÉ#CÇ√"„#Sìcìb√32„ÉB√#b„2√ì√"„b√„√„cÉìb√ìc„Ä£##R”r”###££√„#Éìb√„CcsB√3#R„s3ìc"√"„ÉÇ√#„sÇ√#b„√ìR√2„√„√„CÉ#c3Sìììììììììí√ì„`£##R”r”##3££√„3b√„c#ÉÉb√#Cí„ìCC3#B√"„Sììb√#„sR√#R„r√ìR√2„b√„√„c#ì#"√É3„0£##R”r”#"££√„3sb√„S##sÇ√ìÇ„C#3cìB√"„csÉSb√#R„"√#R„R√ìB√B„√„√„S#3Sc√sSb„`£##R”r”#"££√„3cÇ√„Ss3í√c„3ì#CB√"„SÉSB√B„cÇ√#R„2√ìB√B„2√„√„SsC#cÇ√sR„ £##R”r”#"#££√„3ÉB√„#ììsb√c„SCÉÉB√"„SCsS"√ì"„cí√#R„√ìR√B„"√„√„3CB√cs„P£##R”r”#"3££√„B√„#ÉCsb√c"„ì3É3B√"„CsÉcB√ì„c"√#B„b√ìb√2„√„√„#ÉSb√cCí„0£##R”r”#"C££√„Cb√„3#sb√c"„#Sìcì"√"„CìS"√ì„S2√#B„"√ìR√"„√„√„33sb√cC„ê£##R”r”#"S££√„#ÉÉìÇ√„3ÉÉ"√c"„#C#ÉR√"„SÉ3"√ì„c"√#B„2√ì√„Ç√„√„SìcìÇ√cS„0£##R”r”#"c££√Ç„S3ss√„33ÉB√c"„SssB√"„#3ccB√„ìb√#B„R√ÉÇ√„r√2„√Ç„ÉCìììììììììÇ√cìr„ £##R”r”#"s££√SB„SÉcì#r√„CìC#"√c„S3#SB√"„#3ìb√Ç„B√#b„√Ér√2„√ÉÇ„√SR„ÉCr√sSb„`£##R”r”#"É££√Ç„ìCcr√„ccCb√c„cìscC"√"„#cÇ√í„Éí√#r„í√ÉR√„Ç√#Sr„√í„#Scì#r√É3B„0£##R”r”#"ì££√sr„ì#ì#sb√„C3SÇ√c„cS3B√"„3sìÉÇ√#„r√#í„√sÇ√"„"√C3"„√sí„3cC3Sb√Éì2„P£##R”r”#"££√#„#ìsr√„c3ÉÉB√c„ìcc"√"„#3"√#R„É2√#í„"√É√"„R√SSB„√#"„ì3Sì√ì#„p£##R”r”#"££√##2„sìÉr√„SÉs3b√Sí„ScS3Ç√"„ssÇ√#r„b√#í„b√sí√„r√cC„√##R„3ÉSC2√ì#B„0£##R”r”#"#££√#CB„ÉÉSSÇ√„C#3Éb√Sí„CCSÇ√"„sìS"√#„ÉB√3„"√sB√„r√scB„√#Cb„3ì3sÇ√ì#„ £##R”r”#"3££√#C„ììcCsB√„3ccÇ√c„3#Ç√"„cCcCÇ√#R„ÉÇ√3„"√sB√2„"√ssR„√#C"„33SB√ìCR„£##R”r”#"C££√#3„cÉììb√„ìS#ìÇ√#Ç„sc3b√"„ìs#ìb√#b„2√3„"√sb√B„√sSÇ„√#3"„Scìsb√ìSb„p£##R”r”#"S££√#R„cCSssb√„ìÉS3Ç√#s„cÉcC"√"„33ÉÇ√Cr„2√3„√sb√"„r√s#b„√#b„c3Sb√ìc"„`£##R”r”#"c££√cR„#c#R√„3cÇ√3í„C3É33"√2„sS3cB√3"„CB√3„√sb√2„√c#„√cb„#ìsR√ìì2„`£##R”r”#"s££√„#333√„#32√33b„cÉCsÉ"√C„É#b√Cr„2√#í„r√sR√"„B√Sb„√"„Cc3c√32„Ä£##R”r”#"É££√32„ÉC3CB√„ìSssÇ√33Ç„É#3S3B√CB„#CSìsb√Cr„2√#í„"√É√„R√3#í„√3B„ÉÉ#B√CÇ„£##R”r”#"ì££√R„CìcR√„cssb√33„sC#"√C2„É3ÉÇ√3b„"√#Ç„B√Éb√„í√CB„√R„sscs#R√Cb„ £##R”r”#"#££√„cÉC#"√„CsS3"√33„ÉSÉb√C2„cÉ#Sb√3"„C2√#b„√ì"√"„"√r„√"„SìS3"√#„£##R”r”#"#££√„Cs3"√„CÉÉB√33„c3ìS3"√C2„ÉS#Ç√3"„#B√#R„B√ì√"„b√„√„CScS"√ìSb„@£##R”r”#"##££√„##ÉB√„SC3ìb√3#2„ì3Sb√C2„sÉ3CB√#„R√#R„b√Ér√R„2√„√„sCcscB√Éì2„@£##R”r”#"#3££√„3cÇ√„CÇ√##b„S#C3SB√C2„SÉsÉcB√#„R√#R„√Éb√B„√„√„CÉ3csìììììììììí√É#R„p£##R”r”#2££√„B√„#ssÉb√C2„#Sìí√C2„SÉsÉÇ√„cR√#B„Ç√ÉB√B„"√„√„#sÉ#b√sSB„ £##R”r”#2££√„3cÇ√„Ssb√sÇ„33ScÇ√C2„scSb√ì2„R√#B„b√É2√2„r√„√„SsC#Ç√cìí„ê£##R”r”#2#££√„CB√„És"√cí„CìÉSsb√C2„csìSì"√ì2„R√#B„b√É2√"„b√„√„É#b√ccb„p£##R”r”#23££√„S"√„CR√cí„SsSS"√C2„sì3s"√ì"„CR√#B„2√ÉR√„√„√„CSS"√cCR„ £##R”r”#2C££√„CÉÇ√„ÉSB√cí„cì#Sb√C2„c3cCs"√É2„CÇ√#B„2√ÉB√„í√„√„ÉSc#Ç√c3R„Ä£##R”r”#2S££√„#ssc3R√„C3#Ç√cí„cSB√C2„cc3#Ç√ì"„ÉB√#B„b√É√„B√„√„C#ìR√cCB„0£##R”r”#2c££√B„C#S3Ç√„c"√cí„sìÉÇ√C2„ÉSì#B√ì2„B√#B„Ç√É"√„2√"„√B„SÉs3Ç√cÉ"„Ä£##R”r”#2s££√cR„SÉ3Ç√„3b√cí„CÉSb√C2„cÉÉÉÇ√ìí„Sr√#b„Ç√sí√„R√Éb„√cR„cCB√sCB„ £##R”r”#2É££√3R„cÉìS#2√„3s#b√cÇ„Éì33#Ç√C2„CCS#ÉÇ√í„√#Ç„√sr√2„B√#c„√3R„s#csÉ2√É#"„ £##R”r”#2ì££√ì„sCsssb√„CÉC"√cí„3Éì"√C2„scÉc3"√#„Sr√#Ç„r√sí√Ç„B√CCí„√ì„sìcìb√ÉÉ„`£##R”r”#2££√#R„S3ì"√„3Sí√ÉR„ÉcÉ3#Ç√C2„scSSS"√#„#í√#í„R√sÇ√"„Ç√SsR„√#R„33#ì"√ì#„ £##R”r”#2££√#3b„ìÉÉcìÇ√„c##Ç√#"„Cì#Ç√C2„cÉ3"√#Ç„√#í„í√sr√R„r√cÉr„√#3r„SììsÇ√ì3r„`£##R”r”#2#££√#Cb„É3cìs2√„CÉ"√SR„Cc3ÉcÇ√C2„sc3És"√#2„3Ç√3„"√sr√r„Ç√sSR„√#Cr„#CSì2√ì32„£##R”r”#23££√#Sí„ììSìCí√„33sìÇ√s„#SsÇ√C2„s3cb√#B„s2√3„Ç√sB√Ç„√É3í„√#c„333ì#í√ìCÇ„Ä£##R”r”#2C££√#3í„S#cìí√„#É33Ç√#b„sSSB√C2„É3S"√S„b√3„√s"√Ç„√ÉSr„√#3í„É#ìí√ìc"„£##R”r”#2S££√ìí„SÉc#2√„##ÉCÇ√#sR„ìÉss#b√C2„Écìb√S„c√3„√s√b„b√Éb„√ìí„sCs2√ìsR„ £##R”r”#2c££√CÇ„c#3ì3B√„ìì"√3„SC"√C2„cìÇ√3R„s√3„Ç√s√R„2√cì„√CÇ„ÉCÉSB√ììÇ„0£##R”r”#2s££√ì„SsB√„ìÇ√33b„3É3cB√C2„cSìb√3"„ìÇ√3„R√s√2„B√S#Ç„√ì„#csÉB√3"„Ä£##R”r”#2É££√3"„#33sìB√„SB√3Cb„Cìì#Ç√C2„sss3"√32„#R√#í„Ç√s2√„í√33í„√3"„#3C33CB√S"„`£##R”r”#2ì££√B„s#SR√„√3s„3C3B√C2„ss3Éìb√32„#R√#Ç„b√sí√í„R√Cb„√B„s#SR√S2„p£##R”r”#2#££√„ÉìcÇ√„#SCC√3s2„ss3R√C2„É#B√32„#R√#r„"√É2√b„Ç√b„√„ìsCí√#"„P£##R”r”#2#££√„C#3Sb√„ÉìsR√33B„ìC2√C2„sì#ìì"√32„#R√#b„B√ÉB√R„R√„√„S33√ìc„0£##R”r”#2##££√„Cì#ì"√„Cs32√#SB„ì##b√C2„É#ÉccB√r„"√#b„√É2√2„r√„√„ccì#R√Éìr„£##R”r”#2#3££√„ìsÉÇ√„b√#3„ììSSb√C2„s3#cB√b„#b√#R„í√É"√2„2√„√„33ÉÇ√É#r„p£##R”r”#B££√„B√„#r√##í„cìSìSb√C2„sÉcÇ√„sÇ√#R„Ç√É√2„Ç√„√„#sB√sSR„`£##R”r”#B££√„Cb√„√SÇ„sìsb√C2„s3ÉcB√ì2„b√#R„R√É√2„b√„√„Cb√s2„Ä£##R”r”#B#££√„C#B√„√ì„3sÉ#B√C2„s3CB√ì"„ìr√#B„Ç√sí√„Ç√„√„C#B√ccb„0£##R”r”#B3££√„C3"√„√É„s3ÉB√sR„ssSÉ#B√É"„r√#B„í√sR√"„B√„√„C3"√c3B„`£##R”r”#BC££√„3ÉB√„√r„#ìÉcÇ√Sb„ìÉì3b√É"„r√#R„√s"√B„b√„√„3ÉB√c#í„ £##R”r”#BS££√„#3SsÉB√„√c„CìcÉB√Cb„##3Sb√ì"„Sr√#R„b√s√R„Ç√„√„#3SsÉB√cC"„ £##R”r”#Bc££√"„CìC#Ç√„#3CÇ√#3í„#ìÉR√CB„É###B√ì2„#"√#R„Ç√s√b„í√"„√"„s##ìÇ√cÉB„`£##R”r”#Bs££√cb„csCcR√„3ì#B√#Sr„ccsÉCB√C2„scCcB√„3√#b„r√sR√Ç„R√ÉÇ„√cb„ìsSìÉí√sCR„0£##R”r”#BÉ££√CR„#cÉCb√„C3sì#2√#cr„33sì#B√C2„S#ìb√í„3b√#r„í√sB√í„B√#cí„√CR„sccí√É#"„0£##R”r”#Bì££√#2„#3sR√„cìR√##Ç„ìcsì"√C2„csCìCB√#„#√#Ç„r√s2√„r√Cs„√#2„cCCí√ÉÉB„ £##R”r”#B££√#Cr„3Éìcb√„cSs"√##r„#3ÉÇ√C2„SìsSS"√#B„#r√#í„í√s2√"„B√cS2„√#Cr„ììS33b√ìí„0£##R”r”#B££√#sR„ìsÉìÉ2√„3csÇ√##b„CCsÉÇ√C2„CÉc#Ç√#B„r√3„b√s√B„r√sì„√#sr„cc√ì#Ç„ £##R”r”#B#££√#s"„ìSCì"√„S#S3R√##b„CÉS#cb√C2„S#ìÇ√#„3√3„í√s√b„Ç√ÉsÇ„√#sB„CÉCr√ì3Ç„ £##R”r”#B3££√#SÇ„ìcSCÉb√„SSì#ìb√##R„ìscb√C2„S#Ç√#B„b√3„√cí√Ç„2√ì3B„√#c„S#CsÉ"√ìc2„Ä£##R”r”#BC££√#3r„sSsí√„3Ccs#"√##R„ììsì"√C2„cÉ3#Ç√#B„É√3„√cí√Ç„"√ìR„√#3í„Ss3√ìsR„Ä£##R”r”#BS££√#í„#ccÇ√„ìSÉìR√#3B„CCCÉìb√C2„cSCB√3b„ì√3„"√cr√r„Ç√É3r„√#„cSc2√ìÉr„Ä£##R”r”#Bc££√s„#3sSB√„cs3cSÇ√#ì2„ScÉCcB√C2„É3É#B√3b„ì√3„"√cB√b„√sÇ„√s„ìs"√#„£##R”r”#Bs££√„ssCìí√„#cS3cr√3ÉÇ„Css#b√C2„ÉSC#Sb√3R„#í√3„Ç√cb√B„√S3R„√"„3cÉcb√cR„ £##R”r”#BÉ££√32„ÉscìB√„SS#R√Cí„cììÉ#"√CB„c33É3"√3R„s2√#í„í√s√2„√3C„√32„ì#3#í√sr„£##R”r”#Bì££√B„cSsR√„CÉR√C„#sS3B√CB„ìcCSb√3R„s2√#Ç„Ç√sÇ√„R√Cb„√B„cc3É√s„P£##R”r”#B#££√"„ì3cÇ√„#C√C"„ÉÉ#ScÇ√C2„cìCSCB√3R„s2√#r„Ç√É√„√b„√"„ìcí√C„`£##R”r”#B#££√„#sÉB√„CÉ"√CR„ìì3Cb√C2„ÉSCsb√#„ÉÇ√#r„b√sB√„r√„√„#sScc"√ìÉ„0£##R”r”#B##££√„CÉÉÇ√„scììr√3É„3ì3B√C2„scÉS"√r„Sb√#r„r√cí√„B√„√„SSÉÉR√ì„@£##R”r”#B#3££√„#3B√„#cscÇ√3#r„Sssb√C2„sS3S"√b„r√#r„B√cR√í„2√„√„#Ésì"√ÉC„P£##R”r”#R££√„Cb√„SS#ÉR√#3„#333ìB√C2„ÉCcSÉB√„3B√#r„"√cB√Ç„r√„√„SS3##√ss„0£##R”r”#R££√„C3"√„Cc33"√Sí„SìcsÇ√C2„cs3ìì"√ì2„2√#b„í√cR√r„B√„√„CcscB√s#„@£##R”r”#R#££√„Cb√„C##c"√c„sScCb√C2„sC#sb√ÉÇ„Ç√#b„Ç√cÇ√Ç„Ç√„√„C#csÇ√cÉÇ„ê£##R”r”#R3££√„C3"√„C#ssÉ2√c„S#Ssb√C2„SSÉc3"√Éb„r√#b„r√s√í„Ç√„√„C#É#R√ccr„@£##R”r”#RC££√„CB√„CcsCì2√c„3s3cB√C2„Sìb√É2„Ç√#b„R√sb√í„b√„√„Ccsì32√cSí„ £##R”r”#RS££√„cccÉ"√„cCCSí√c„C#ScsÇ√C2„cì3"√ÉR„C√#b„R√sí√í„Ç√„√„Éì√cs"„0£##R”r”#Rc££√„3ìC#c√"„#ì#C"√c„sÉÇ√C2„ssSCB√ì2„3b√#b„R√É2√"„√"„√"„C#3S2√sb„Ä£##R”r”#Rs££√Sb„CCSsCb√„ccSsC2√cB„ìsCÉB√C2„sÉì3S"√ìí„2√#r„R√ÉÇ√B„B√É"„√SÇ„CÉí√sÉ„ê£##R”r”#RÉ££√#r„CS3Sc2√"„scsr√ìB„Cs#SCB√C2„ÉsÉB√b„ì√#Ç„R√ÉR√b„√#SR„√3„#CsB√Éc2„Ä£##R”r”#Rì££√cÇ„Éc2√R„És#c2√cb„s3S#Ç√C2„S3ìsb√#"„"√#í„2√É√r„b√CS„√s2„#s3#sb√ì3B„P£##R”r”#R££√##2„ÉcìsÉr√R„Éc2√SÇ„##SsÇ√C2„cÉSì"√#2„É"√#í„R√sr√Ç„2√SìB„√##í„s3#sÉr√ìSÇ„p£##R”r”#R££√#3B„SÉÉ3R√b„Éì3s32√SÇ„Éc"√C2„s3ìsì"√#r„b√#í„r√É√#„"√sB„√#C„ìS#ScÇ√ìsb„Ä£##R”r”#R#££√#C2„#És#cr√b„CÉ3sr√SÇ„Ccìc"√C2„cÉìÉìb√#"„Cí√3„√Ér√#2„√ss"„√#Cí„ssìsB√ìsí„ £##R”r”#R3££√#cR„ÉsÉÉcí√b„s3sScb√SÇ„#s3B√C2„cc3"√#b„CÇ√3„b√sí√#B„√É3B„√#s"„ccC3R√ìÉÇ„ £##R”r”#RC££√#Sr„#csí√R„ìS3ÉC√Sr„c3cì"√C2„ScCsb√3„r√3„"√cÇ√#2„b√ÉÇ„√#c2„sc3√ììR„`£##R”r”#RS££√##Ç„cìsìb√B„#Ccsr√ìB„sÉ33Éb√C2„cCCcCÇ√3R„Cb√3„b√cR√#„b√sì"„√#3"„É#És2√2„ £##R”r”#Rc££√sB„##ìÉ#2√B„#cÉ3√#s„sSSsb√C2„É#B√3R„Cb√3„B√cR√í„R√cÉB„√sÇ„#SccSB√3b„P£##R”r”#Rs££√ìí„c3í√2„#cÉìb√3b„#ì#√C2„ì3SÇ√3R„Sr√3„Ç√cÇ√r„Ç√S#R„√"„33#Éb√s2„@£##R”r”#RÉ££√3„ì#cSb√"„ÉSC3Cb√3#"„SS#b√C2„cscs3b√3R„Éí√3„√s"√R„í√33„√32„ssS"√É2„`£##R”r”#Rì££√B„Cììb√"„SìSSì√3#b„S#ìr√C2„Éììcs"√3R„Éí√#í„√É√B„B√C„√r„ÉsSr√sR„`£##R”r”#R#££√"„CcsÉB√„sSs#b√3#r„cCcììÇ√C2„sCcsì"√#"„B√#r„í√Ér√2„R√R„√2„sìsS√Cí„ £##R”r”#R#££√„S#S√„s#s#B√3#r„csÉÉí√C2„sÉ3ìsb√#„s"√#r„R√Éb√2„2√„√"„#S###B√ììR„`£##R”r”#R##££√„Cs3SCÇ√„cìCì"√#ìb„3ìcSc"√C2„É#SÉcB√#„3B√#r„2√Ér√R„"√„√„cÉCR√ì3í„ £##R”r”#R#3££√„ÉB√„sÉsí√ìÇ„ccìCB√C2„sS33CB√#„3B√#r„B√ÉÇ√R„R√„√„Éìí√És2„£##R”r”#b££√„3cÇ√„ssÉcb√3r„sCs"√C2„É#É#b√b„#r√#r„B√ÉÇ√B„í√„√„sÉ#3B√É„`£##R”r”#b££√„Cs"√„Cì#É#B√„Éc3sb√C2„sì#s"√Ç„#R√#r„R√ÉR√R„√„√„Cì3#ìSìììììììììí√sCr„0£##R”r”#b#££√„C3"√„3##ì#√cr„3#cÉÇ√C2„c3sb√B„ìí√#r„"√ÉÇ√2„"√„√„3#33S2√sí„P£##R”r”#b3££√„S"√„c3sí√cÇ„CC#ìb√C2„c#S3#Ç√ì"„Sb√#b„r√ì"√í„"√„√„c3##ìììììììììí√cÉr„ £##R”r”#bC££√„S#Ç√„SSCSÇ√cÇ„CS#É3"√C2„c3"√ì"„cR√#b„2√ì"√Ç„r√„√„SSìÉc"√csb„Ä£##R”r”#bS££√„ì333B√„ìcCìSí√cÇ„SscSb√C2„cS3s"√"„SB√#b„2√Éí√í„b√„√„SÉ#ì2√cÉ"„£##R”r”#bc££√„CììSì2√„ìccsCr√cÇ„Cs3B√C2„cÉs#Ç√b„#r√#b„R√Éb√„√"„√„Ccc3B√s„0£##R”r”#bs££√c„s#SÉ"√„CSSÉSb√cÇ„3S3"√C2„scÉ#Ç√í„3í√#r„r√ÉB√"„"√É"„√c2„Éì3Ç√sCb„Ä£##R”r”#bÉ££√„###s√„ss#r√cr„ìCCSsb√C2„ìÉ#B√í„√#í„√É√R„r√#Sr„√„ì#ììr√ÉR„ê£##R”r”#bì££√cÇ„3scCìÇ√"„#sìC#Ç√cr„ìsCÉb√C2„sccÇ√Ç„ìB√#í„Ç√sR√Ç„b√CS„√s„cSSì#b√ÉSr„ê£##R”r”#b££√#b„#c#SR√2„Ss#Ç√cÇ„É#s"√C2„cs3ìì"√#„3"√#í„R√É2√#„2√SÉ„√#í„É3#É2√ì„@£##R”r”#b££√##„SÉSÉ2√B„#sScs"√cr„s#ìÉs"√C2„Sscb√#„s"√3„√sÇ√#B„B√sCb„√##R„ÉcCsR√ìÇ„Ä£##R”r”#b#££√#3B„ì#ììr√B„ì##sÇ√cr„É#b√C2„SÉSÉB√#„s"√3„R√sí√#"„r√ÉC"„√#3í„###CÇ√ìr„£##R”r”#b3££√#CR„S3sCÇ√2„SìCí√cr„ssCsÉB√C2„cCÉCSb√#2„ìb√3„B√sí√#"„2√Écr„√#Cí„#3Sr√ìr„Ä£##R”r”#bC££√##„Écì#s"√2„ÉÉs#C√cr„CSìcÇ√C2„SÉSs3b√#2„ìb√3„B√É√#2„√ÉCR„√##B„sScS2√ìÇ„ £##R”r”#bS££√ìí„#cÉ#32√2„É##3sr√sr„C#C3"√C2„cC3S#Ç√#2„ìb√3„2√É"√#"„b√sSí„√#2„ìc√ì32„0£##R”r”#bc££√C"„Cs#ìr√2„ÉSCCSí√3í„s3scB√C2„SSccÇ√#2„ìb√3„"√É"√#„Ç√cS„√Cb„3#SsSSìììììììÇ√ìs„p£##R”r”#bs££√É„#É#ìR√"„ì3#cB√#3R„3sìCcb√C2„cS3CB√3Ç„b√#í„Ç√É√#„√Sb„√É2„#SSí√R„ £##R”r”#bÉ££√#Ç„#S3#r√"„3#3#"√#SR„sscCÇ√C2„cCCsB√3Ç„3B√#í„B√É√Ç„b√3#R„√3„SscCí√3R„0£##R”r”#bì££√2„ìsCR√"„CcÉcÉr√#cí„Scììs"√C2„s3ì"√#2„í√#Ç„r√ÉB√b„B√3r„√b„3ÉC3"√3Ç„ £##R”r”#b#££√„ÉÉCc#B√„3##3#"√#s„Ccìs√C2„cìsB√#2„ì"√#Ç„"√Éb√r„√B„√2„#cìCc2√#B„@£##R”r”#b#££√„ccb√„ì3sì"√#s„ÉCs#c"√C2„É3c#Ç√#„3"√#Ç„√Ér√Ç„2√„√"„SCìSÇ√ìÉ„ê£##R”r”#b##££√„CÉc##B√"„3Cs√#3B„sí√C2„cìcÉB√3„ìí√#Ç„√Ér√í„√„√"„sìì#R√ì#í„ £##R”r”#b#3££√„cÉÉÇ√2„#ccìÉB√#„C#ÉÇ√C2„s3Sb√3„cr√#Ç„√Ér√Ç„√„√2„#É3És"√Éc"„P£##R”r”#r££√„Cb√2„#33í√Ç„cÉS3b√C2„s##ì3b√r„Sr√#Ç„√ÉÇ√b„√„√2„#sSR√sìb„Ä£##R”r”#r££√„CÇ√"„3#Cí√cb„Sì3CÇ√C2„cÉ33CB√r„Sr√#r„Ç√ì√R„2√„√"„3#SSr√sCB„ê£##R”r”#r#££√„C3"√„c3#3ì"√cr„ìÉÉ3cÇ√C2„cCcÉÇ√ì2„3√#r„R√ì"√2„√„√„c3#É#B√sÇ„@£##R”r”#r3££√„3B√"„sC#3B√cr„ìss3ì"√C2„cCB√ì„r√#r„B√ì"√„B√„√"„sCS3Ç√cÉ2„0£##R”r”#rC££√„#Ç√„S#css√cÇ„ììÉB√C2„cì3"√ÉÇ„Cí√#r„2√ÉÇ√r„2√„√„S#cìsí√cs„P£##R”r”#rS££√„scR√„Écc#B√cÇ„#CÉÇ√C2„cì"√ì„ìr√#r„√Éb√r„B√„√„ìs3Éí√csR„ £##R”r”#rc££√í„ssCÉSí√„ÉÉS#2√cr„ìSB√C2„csscÇ√ì2„3"√#b„r√Ér√í„√„√„ccs"√cìB„p£##R”r”#rs££√Cí„cSScR√„SssÉ√cr„ÉSìcÇ√C2„sSsscÇ√r„Sr√#r„"√Ér√#„2√Sí„√S„#3#ìcb√s#R„£##R”r”#rÉ££√í„És#3r√„ÉScÉs"√cr„s3ÉÉÇ√C2„ÉìCÇ√#„C"√#r„b√Éb√#"„R√c„√„CCí√sc„P£##R”r”#rì££√ÉB„#ÉSCsb√"„33#Ç√cr„C3sssb√C"„ìSCB√#„#R√#r„R√ÉÇ√#„Ç√#c"„√Éb„cSSB√sìb„ê£##R”r”#r££√##R„SsìÉ"√B„ìÉB√cr„3ScCÇ√ìb„s3sÉb√#r„sí√#í„2√sB√#b„√Cìb„√##í„sscb√É32„£##R”r”#r££√#CB„CSÉsí√B„C3r√cr„ìCB√ìB„ìcSÉB√#„"√#í„b√s"√#b„R√cSÇ„√#CÇ„#Sìb√ÉC"„p£##R”r”#r#££√#c"„3##s"√B„ÉcCcÉr√cb„ÉCSCÇ√ìB„ìCììb√#„"√3„√s√#B„√scR„√#cr„ÉsCr√ÉS„£##R”r”#r3££√#3r„3sìÉ√R„#S3√cb„ScCÇ√ìR„ìcCÇ√#2„s√3„2√cí√#"„B√sìí„√#C"„CC3"√És"„Ä£##R”r”#rC££√cÇ„3#ÉSìÇ√R„C#É√sb„cÉÉSB√C„ÉcsCB√#2„s√3„"√cí√#2„R√É„√s2„sCìCí√ì"„p£##R”r”#rS££√CÇ„ScCÉB√2„c#ìS3"√ìÇ„É#c"√C2„cìì"√3„√3„B√s"√#B„Ç√sC"„√S"„Ccb√ìí„ £##R”r”#rc££√"„sì3#2√2„3#cB√ìR„s##"√C2„sSÉSS"√#2„r√3„2√s√#2„Ç√cSb„√b„s3c2√ìCb„p£##R”r”#rs££√s„cSSB√"„sc#r√#ìB„33cCCÇ√C2„cS#scÇ√#2„cí√3„√s√#„R√CcR„√s2„Écì#SB√ìÉ"„0£##R”r”#rÉ££√3„ìCSí√„CcSB√3#2„s3ìì"√C2„SccCs"√3„CR√#í„"√sí√#„2√#c"„√3„cSìs32√R„ £##R”r”#rì££√B„CSÉCS"√„#És"√3C„3c#3R√C2„cCìB√CR„cÇ√#Ç„b√É"√Ç„b√ì2„√R„sCSSs"√b„@£##R”r”#r#££√„c3c3sb√„ì3#ìB√3#r„ÉcSc#"√CB„s3"√#B„ìB√#Ç„"√É"√R„Ç√„√"„Scì3b√b„p£##R”r”#r#££√„3ÉcCÉÇ√„CS3s"√3„CÉ#SÉÇ√CB„c3#Ç√#„SB√#r„Ç√Éb√"„r√„√„ÉC#Ç√ìc2„ £##R”r”#r##££√„CÉÉS"√„C3ìB√##í„Ss3ìB√CB„#C##B√#„s√#b„í√Éí√„R√„√„ì#ì"√ìÇ„@£##R”r”#r#3££√„cÉS"√„#333B√Éí„ÉÉCs"√#R„C3Sssb√#„s√#b„2√Éí√b„Ç√„√„#Cì"√É#í„P£##R”r”#Ç££√„3ÉB√„3C3Ç√ìÇ„sc2√#3R„ìSì"√ìr„2√#R„r√ì"√b„í√„√„3CscB√scb„P£##R”r”#Ç££√„3b√„ìÉCÇ√##„Scsc"√ì„ì3"√ìb„CB√#R„r√ì√r„"√„√„ìÉÉB√sb„ £##R”r”#Ç#££√„3cÇ√„cc3Ç√#Ç„##cB√ìb„#ÉcÇ√É„r√#R„r√ì√r„√„√„ccsCÇ√cÉB„ £##R”r”#Ç3££√„3ì"√„Cìsb√sB„C3ìC"√Éb„SS"√É„r√#R„r√Éí√Ç„√„√„SS"√cc„0£##R”r”#ÇC££√„3cÇ√„###3b√Sí„ìsB√C2„ScCÉÇ√É„r√#R„R√ì√Ç„2√„√„###s#Ç√cS„ £##R”r”#ÇS££√„SC√„3#sí√c„SS#"√C2„S#É"√ì„SR√#R„"√ì√í„2√„√„CÉì√cSí„ £##R”r”#Çc££√"„#É#Cr√„sS"√Sí„É#cC#"√C2„S3Cìb√ìÇ„sB√#R„R√Éí√í„r√„√"„3Éììí√s2„£##R”r”#Çs££√SÇ„cÉ#sSr√„3É"√Sí„sìÇ√C2„CìSì"√ìí„cb√#b„R√Éí√„r√sB„√SÇ„ÉCSsr√scÇ„ £##R”r”#ÇÉ££√C"„ÉS#Ç√„CÉ3C"√SÇ„ÉÉ#cB√C2„S3S"√#„c"√#r„Ç√Éí√"„√#C„√C"„ccÉSCÇ√ÉC2„ £##R”r”#Çì££√#b„ScS#"√„ÉcÇ√#í„cììSC"√C2„cccìb√#„#"√#í„√sÇ√R„2√CS„√#r„sS#"√ì"„ £##R”r”#Ç££√#c2„s#sÉ"√„CcsÇ√cr„Éb√C2„sìSs3b√#"„S√3„2√s√B„í√cr„√#cB„ÉcsSc"√ì#r„Ä£##R”r”#Ç££√#ì"„CS3b√„Cc3ÉÇ√cr„3sCÉÇ√C2„c3ìCÇ√#2„3"√3„√c"√b„R√ssR„√#ì2„cììb√ì3"„£##R”r”#Ç#££√32„cìCÉB√„#Scb√cr„Ss#S"√C2„c3ì3#Ç√#2„#B√3„Ç√Sr√r„R√Éìb„√3B„ìC#CCB√ì3B„ £##R”r”#Ç3££√#ì"„3ÉsCÇ√„#CÉÇ√cr„SScÉ3"√C2„s3cs"√#2„#b√3„b√Sí√r„í√ì3í„√#ì2„SSc#Ç√ìSí„p£##R”r”#ÇC££√#cr„sSÉ3R√„ìCìc"√É2„3cb√C2„sSCÉÇ√3"„32√3„r√c√b„í√ìÇ„√#cÇ„sssSR√ìs2„p£##R”r”#ÇS££√##í„3cCc"√„csììÇ√SB„ìc3B√C2„c#CB√3B„ìR√3„í√s"√r„R√É3b„√#3„CCSì"√ììR„0£##R”r”#Çc££√sB„cììr√„CS#sÇ√#Cr„3ìÉ3"√C2„sÉCSì"√3B„ìR√3„B√s2√r„√s"„√sb„s#cÉr√#r„ £##R”r”#Çs££√„#CÉSsÇ√„sSC"√3#„É#Ç√C2„ì#SSCB√3B„ìR√3„2√s√b„√S#í„√„ìS3ììÇ√s"„0£##R”r”#ÇÉ££√3„s3scB√„#ìS"√3ì„ÉcssÇ√Cb„3C3CSb√3R„í√#í„í√cí√B„"√332„√3„#3#ÉB√Éb„£##R”r”#Çì££√B„Cì3s√„√C#r„Sììcsb√S„3É3b√3R„#"√#í„√sR√"„√C„√B„Cì3s√É„ £##R”r”#Ç#££√"„Éìb√„CÉ"√C#"„cSÇ√Cb„CSCB√3R„#"√#r„í√sr√„B√B„√"„ÉìSìÇ√S„0£##R”r”#Ç#££√„sSì"√„√C„ÉCScb√CB„#3#cCÇ√#"„É"√#r„√sr√Ç„√„√„sSì"√ìÉÇ„0£##R”r”#Ç##££√„csCCìb√„###2√Cr„#s3#"√C2„cìCSb√#"„s2√#r„√s√í„í√„√„ÉìcsìSìììììììììí√ì#"„£##R”r”#Ç#3££√„ÉìCÉB√„C2√3s„S3ì"√C2„c3C"√#"„s√#R„í√sB√R„Ç√„√„#3sÉB√ÉS2„ £##R”r”#í££√„Cb√„ìscB√332„sCììí√C2„csìsB√Ç„É2√#B„í√sR√B„√„√„ìÉSb√ssb„ £##R”r”#í££√„CcB√„#33É"√#Ér„ÉSì3B√C2„cSC#Ç√ìb„CB√#B„B√s2√"„R√„√„#3C#ÉB√s#„Ä£##R”r”#í#££√„C3"√„3#Sc"√#3„ììSÉB√C2„cCC3"√ì"„√#B„2√s√"„2√„√„3#cS"√cÉ2„`£##R”r”#í3££√„CCÇ√„#CìÉB√#3„#É#ìb√C2„cSCB√ì„r√#B„b√s√2„r√„√„#S#ÉÇ√ccB„p£##R”r”#íC££√„Cs"√„#C3Ç√#3„S#Ss"√C2„cSCìS"√ì"„√#B„Ç√s√B„r√„√„#CÉS"√cSR„0£##R”r”#íS££√„3csÉ√„SSS"√#3„cSì"√C2„cS3ccB√ì2„ìÇ√#R„√s"√R„í√„√„#ì#3√ccr„ £##R”r”#íc££√„C#32√„ÉÉsB√#3„ì3C3b√C2„cCcìCB√ìÇ„É"√#R„√sB√b„√„√„SÉss2√sí„£##R”r”#ís££√cB„CSr√„ÉC√##í„scìsì"√C2„SÉs3B√#„ì√#b„2√sb√r„r√É"„√cB„CÉC#ccìììììììí√ss„ £##R”r”#íÉ££√3Ç„s3ìr√„33B√Sb„3#í√C2„c#C3"√#„cb√#Ç„2√sB√„√#SÇ„√3í„C##√ÉSB„@£##R”r”#íì££√#„s#3É2√„Cì3ì"√3b„sCsÉB√C2„cScìb√#„#2√#í„2√sB√2„í√CcB„√#"„ìc32√ìí„£##R”r”#í££√#Cr„sCSìr√„#cìSCr√Ç„cScCìb√C2„sCSSb√#R„#√3„"√s√b„2√c2„√#Cí„CsCB√ìSB„0£##R”r”#í££√#ÉR„s3sÉb√"„33É#"√cb„33Scìb√C2„scssb√#Ç„cR√3„Ç√cÇ√Ç„Ç√sS2„√#ÉÇ„S#b√ìc"„£##R”r”#í#££√#cÇ„cSccCB√2„c3#r√cr„SÉì"√C2„csCÉÇ√#Ç„Sr√3„B√cB√#„R√ÉÉ"„√#s„ss#ìs√ìsB„P£##R”r”#í3££√#cr„3ìS#2√"„c#c#Cí√cb„É33"√C2„c3ÉÉÇ√32„√3"„√c√#„2√ì3b„√#s„cssìììììììR√ìì„Ä£##R”r”#íC££√#SB„ìC3s2√2„#sÉB√ì2„ìCìc3"√C2„sSss"√32„√3"„"√c√Ç„R√ÉÉB„√#SÇ„##Ér√„p£##R”r”#íS££√#"„ì#CÉ2√2„Ss#3b√C"„3ìÉ3"√C2„c3C#ÉÇ√Cr„#R√3"„√Sí√r„√É#í„√#R„cìsí√R„ £##R”r”#íc££√cr„ìÉsí√"„CÉÉR√#„3c#b√C2„ÉSCSb√Cr„#R√3„r√c√R„2√cì"„√s„3ìÉÉìB√C2„ê£##R”r”#ís££√É"„#Ér√"„ÉCÉB√3í„#cì#cÇ√S„CcìcÇ√32„√3„√c2√R„"√S"„√ÉB„ÉcÉì√Éí„ £##R”r”#íÉ££√3B„ì3sB√„sìÉ"√3Éí„scì#"√CÇ„sÉC3ÉB√32„C2√3„√cb√"„2√3Ç„√3R„ÉSSb√É2„ £##R”r”#íì££√R„scSR√„cCÉcSb√Cr„É3É"√Cb„3C3ì"√32„C2√#Ç„r√sb√„2√R„√b„scc3√Éb„ê£##R”r”#í#££√„ì#SÇ√„ÉCCS#2√Cb„#3SÉí√CR„ìSÉsb√32„C2√#r„B√É√í„r√„√"„scìc2√c„P£##R”r”#í#££√„c#ÉÇ√„3SR√3sÇ„SÉÉ3#"√CR„sSSb√#„C2√#b„í√É"√í„√„√"„cSS#2√r„£##R”r”#í##££√„S#c3s"√„s#Ç√33„s#sc#Ç√CB„cS#cCÇ√#„cr√#r„√sr√Ç„2√„√„#3sB√ìC"„ £##R”r”#í#3££√„ì3b√„É#3CÉ√3„3Éc#b√CB„csÇ√#„3B√#b„r√É√r„2√„√„ÉC#ÉC√És„p£##R”r”3££√„3ÉB√„s3SÇ√#"„#c"√CB„c##3"√3"„"√#R„í√Éb√R„Ç√„√„ssC"√É„ £##R”r”3££√„3b√„#3√3Ç„#3#ÉcB√CB„cÉÉb√2„√#R„B√ÉÇ√r„2√„√„#33s√sCb„@£##R”r”3#££√„3sb√„#CSS32√3Ç„#c3ssb√CB„cÉsCB√B„Éb√#R„R√ÉÇ√Ç„"√„√„#CSìí√sí„@£##R”r”33££√„3ì"√„#S#cB√3Ç„#S##Ç√CB„s#ì"√í„#Ç√#R„"√ì√„R√„√„#ScSb√cÉ„`£##R”r”3C££√„3S"√„ÉSÉB√3Ç„#3C#Ç√CB„SCcÉÇ√í„#Ç√#B„Ç√ì√„"√„√„ÉcSb√cs"„ £##R”r”3S££√„SSìr√„33ìb√3Ç„#33sb√CB„S#s#cB√„B√#B„Ç√ì"√R„"√„√„CìCìsb√cÉ2„ £##R”r”3c££√2„3#C"√„C#ìÇ√3Ç„#3Cìì"√CB„sìc3"√#„Ç√#R„B√ì√B„í√„√B„CCCb√s#„P£##R”r”3s££√S„ìcs3í√"„#ìCí√3r„s#S#Ç√CB„ÉScs"√#„cb√#b„√Éí√R„R√Sb„√S2„ìcS3í√sÉb„£##R”r”3É££√„#Cc33Ç√"„ììcÉR√3r„#3S3ì"√CB„Ésìb√í„3í√#r„R√É2√Ç„b√ÉR„√2„cc#2√Éc„0£##R”r”3ì££√c"„CSC3ìí√"„C3#2√3b„sCSìS"√CB„Ssb√#R„B√#Ç„r√s"√#„r√3"„√cB„Écsc"√ìb„p£##R”r”3££√#"„#c#ÉCí√"„SCí√3b„sCsB√CB„CcsÉB√#Ç„#"√#Ç„√sb√#"„í√3„√#B„ss3#SÇ√ì3R„p£##R”r”3££√ì"„CSb√2„#ScÉ√3b„##3ÉÇ√CB„sCs"√3„b√#Ç„Ç√s√#"„2√#S"„√ìR„S#sìr√ìcR„ £##R”r”3#££√Cb„#sCR√B„CSÇ√3b„sCì"√C2„ìsCcSb√#r„3B√3„B√c"√#R„R√cCÇ„√S„#sÉs#ìììììììÇ√ìsR„ £##R”r”33££√#2„C#ììì"√B„#ìÉ2√SB„É3SCÇ√C2„ì33cÇ√#Ç„Cr√3„√cB√#2„R√C3"„√#r„SSìsR√ìÉí„P£##R”r”3C££√ìr„ìSÉ32√B„SCC2√ì"„ÉcÉS#"√CB„3ìSsb√32„ìR√3„√cB√#2„b√Cc"„√"„##sb√ìì„@£##R”r”3S££√cr„ìCSC2√2„ì3#3"√#cb„#sÉ"√CB„És"√32„ìR√#í„2√cR√#„√33B„√s„ÉCÉc3R√ììÇ„ê£##R”r”3c££√C„CcÉB√B„cSí√3s„SìÉR√C2„ìSScs"√32„ìB√#í„"√cB√r„í√3S„√CB„3É#2√"„P£##R”r”3s££√C„É3ìSí√B„#ÉÉc√C2„ì3É#"√C2„ìCcÇ√32„Éí√#Ç„í√cr√b„r√#É„√CR„CÉ"√ììB„ £##R”r”3É££√í„3ìÉcSb√2„SÉcb√Cr„CSÉ3S"√C2„ìcs"√#Ç„É"√#Ç„b√s"√B„í√s"„√#"„SScÉ#"√ìì2„p£##R”r”3ì££√2„CÉì#b√"„sCccÇ√3ì„sCS3c"√C2„ììs"√#Ç„ìr√#Ç„√sb√"„r√ìr„√b„##3SìB√B„`£##R”r”3#££√„ììb√"„##Éb√3s„#CÉ#sb√C2„É3ì3B√#R„ìí√#r„2√É√„r√Ç„√2„CÉ"√2„ £##R”r”3#££√„3ss"√"„3sSs√3S2„cÉì"√C2„sc3B√#"„Sí√#r„"√É√„2√„√"„C3C2√ìSr„p£##R”r”3##££√„CB√2„c#ì3√#sr„#sìC#"√C2„É3s3CB√#„Ç√#r„"√ÉR√Ç„b√„√2„c33s√ì2„ê£##R”r”3#3££√„Cb√2„scC#Ç√#3„sìccÇ√C2„sSCÉB√í„√#r„√ÉR√r„b√„√2„scCCCB√ÉCB„P£##R”r”3££√„3ÉB√2„sc3ìÉ2√##r„s3#"√C2„c3C3"√r„"√#r„√ÉR√b„r√„√2„scC3cr√ssR„£##R”r”3££√„3ì"√2„3Ésr√#2„sS#"√C2„cÉCcÉÇ√R„b√#b„í√Éb√r„2√„√2„3ììB√s#B„p£##R”r”3#££√„Cb√"„ìCC"√cr„#ìccB√C2„c3#Cìb√ì"„É"√#b„Ç√Éb√r„í√„√"„ìCÉ#Ç√cìB„Ä£##R”r”33££√„CÇ√"„ccB√cÇ„S#b√C2„cscìb√ì"„É"√#b„r√ÉR√R„í√„√"„ccS"√ccí„ £##R”r”3C££√„3CB√"„ìSsìC"√cÇ„SCìCÉÇ√C2„ccSÉÇ√ì"„É"√#b„R√ÉR√b„√„√"„ìSÉ#Éb√cSí„ê£##R”r”3S££√„3SÉR√„c3Cì2√cÇ„SSSsb√C2„cS3CÇ√ì"„sÇ√#b„2√Éb√r„√„√„ìCcCìÇ√ccÇ„Ä£##R”r”3c££√R„s"√„CCì"√cÇ„CìcB√C2„scs#ÉÇ√#„R√#b„2√Éb√Ç„R√„√b„SSs#B√sb„£##R”r”3s££√CR„C#S"√"„SìC3í√cÇ„CC3B√C2„sc3S3b√#„SB√#r„√ÉB√í„√Cí„√CÇ„ì33í√ss"„@£##R”r”3É££√"„3É3Éìí√2„cìÉ#2√s„cc3"√CB„#CcCÇ√í„Éb√#Ç„"√É√Ç„2√cí„√b„É##í√ÉS"„ £##R”r”3ì££√cr„#3cÉR√B„3#"√ìí„sCì3#Ç√C2„sìÉÉÇ√#"„C"√#í„B√sR√r„2√3cí„√s„SCÉìr√ìÇ„0£##R”r”3££√#„csB√B„cccSB√3„S3ÉB√C2„cSCb√#b„ì"√3„2√cÇ√Ç„2√CìÇ„√#B„ss3scÇ√ìS2„ £##R”r”3££√#3B„ccÉR√B„CÉCcSb√3b„ssSÉB√C2„SCc#Sb√#b„ì"√3„√c2√Ç„b√cr„√#3í„sC√ìS2„P£##R”r”3#££√#cÇ„c#CR√B„ccìS2√3b„sCÉb√C2„SìcCÉÇ√#„ì"√3„Ç√Sí√í„√sS"„√#s2„#3É3SÇ√ìCR„p£##R”r”33££√#cr„SÉ#sR√2„ì#ì#í√3b„sccB√C2„ccSB√#Ç„B√3"„√Sr√„R√sÉí„√#s„CÉScCB√ìSb„@£##R”r”3C££√#C„3ccCsB√2„É3cc√CÇ„#3C3#B√C2„s#É3"√#Ç„B√3"„√Sb√"„R√sìb„√#CB„CS3R√ìcí„P£##R”r”3S££√#„s3ììì√"„#C32√#2„cccÉ"√C2„c#cs#Ç√3B„í√3"„√Sb√2„√ssÇ„√#2„ìSC3B√ìÉ"„@£##R”r”3c££√c„É3s"√"„CìcCB√#ìb„#É#3cB√C2„cCs##B√3B„í√3„r√Sr√2„√cSR„√c2„#ì3Éb√b„0£##R”r”3s££√ìb„#3#3"√"„CSÉìcr√3Ér„Cc#3Ç√C2„sìsÇ√3B„í√3„√c√„b√CSÇ„√ìÇ„CÉ#ìí√c"„ê£##R”r”3É££√#í„3sscí√„C3ì#b√Cb„cCCS"√C2„sÉSb√3R„#"√3„"√cB√„"√#cr„√3„SScìR√É„£##R”r”3ì££√2„ÉCÉí√„Sì#b√CÇ„sC33Ç√C2„cìSssb√3R„#"√#í„2√cí√r„r√b„√B„3CR√sí„£##R”r”3#££√„scÉ#B√„#Cc#sÇ√Cí„ss##"√C2„cìsìb√3R„#"√#r„r√sí√R„R√„√"„CCÉ"√Cí„ £##R”r”3#££√„3####Ç√„#3Ésr√Cí„És3ÉSb√C2„cÉc#Sb√í„sr√#b„b√ÉB√R„b√„√„Sc3R√ìì"„p£##R”r”3##££√„Cc#CÉÇ√„sÉì#R√3sB„ÉSÉìCb√C2„c#s"√í„Éb√#b„r√É√b„R√„√„cCC2√ì3"„ £##R”r”3#3££√„c3CB√„cSb√3#b„SÉ3ì#"√C2„sìS"√í„ìr√#b„B√É"√2„R√„√„scÉR√Écr„P£##R”Ç”££√„C3"√„s#2√3#B„ìCcC"√C2„cScÉB√b„í√#b„í√sí√2„R√„√„SR√sìb„Ä£##R”Ç”££√„Cìb√„√#S"„#c#SìÇ√C2„sS#B√2„√#r„"√sÇ√b„r√„√„Cìb√sC"„0£##R”Ç”#££√„B√„#É#cR√##í„SCSCr√C2„cC#Ç√2„√#r„B√sb√í„2√„√„#ÉccR√sb„£##R”Ç”3££√„C#B√„#3Ésb√##í„SSc3b√C2„c##Ç√í„C"√#r„√sÇ√í„2√„√„#C2√cÉ"„ê£##R”Ç”C££√„CCÇ√„ìcc"√##í„SìÉS"√C2„s#ÉÇ√„#b√#b„r√É√Ç„b√„√„ìcS√cs2„`£##R”Ç”S££√„ììcÉr√„sCcÇ√##í„CsììsÇ√C2„sìì"√2„√#b„2√É√r„√„√„sSR√cÉR„ £##R”Ç”c££√„cSìB√„CÉì2√##í„CÉCìsb√C2„s3ìCB√2„√#b„√sí√R„í√„√„#SìÉr√s#2„ê£##R”Ç”s££√Sr„s##ssí√„##B√##Ç„ìÉ33ìÇ√C2„sÉ33b√í„32√#r„B√sr√b„b√sR„√Sr„É#CìÉ2√sÉí„£##R”Ç”É££√3B„ìÉìí√„Ésb√##r„ìSCC"√C2„ssÉs"√í„R√#í„B√cí√r„√#S2„√3B„ììÉ#sR√Écr„£##R”Ç”ì££√ìí„#ììÉì"√„##sCB√SR„##2√C2„cSìCÉÇ√í„B√3„R√cR√í„í√CS"„√ìí„S#s33"√ìC"„`£##R”Ç”££√#C„ìCSsSb√„Sìr√3b„##sSB√C2„cÉSCb√Ç„ìr√3„r√cB√2„"√c3„√#C"„S3cÉs2√ìsÇ„P£##R”Ç”££√#SR„3SCCí√„3CS√3b„Écìb√C2„s33ÉB√#„3B√3"„2√Sí√R„Ç√scí„√#Sb„c#cí√ììb„ £##R”Ç”#££√#3„cCscB√„CÉ#sb√3b„scÇ√C2„cC33B√#„3B√3"„B√c√r„B√ÉSí„√#3"„#ìì#B√#"„£##R”Ç”3££√#R„3Éc#Ér√„ÉìcìC"√3b„33ÉcÇ√CB„#Cs"√#„3B√3"„r√c√Ç„R√ì"„√#b„#É3##í√CÇ„`£##R”Ç”C££√sR„ìScÇ√„ììsÉ2√cR„Css3b√S"„sC#Ç√#b„cR√3"„r√c"√Ç„√ÉR„√sb„ìCÉS√Cr„ £##R”Ç”S££√É„cCÉCSB√„Sììì"√#sR„sScB√CB„#ÉCcs"√#í„ìÇ√3"„Ç√Sí√r„2√csR„√É"„sÉCCb√C„0£##R”Ç”c££√SB„Sssì"√„ììÉs"√3S„33ìc"√CB„3ìcCÇ√32„É√3"„Ç√SÇ√B„√SS2„√SR„ScCìB√cí„ £##R”Ç”s££√sb„#Cc2√„scsÉSí√3ìb„SScsb√CÇ„#ìCÇ√32„É√3"„Ç√SR√í„r√CS„√sr„CSí√#"„ £##R”Ç”É££√#Ç„SSÇ√„C3##í√Cb„##sÇ√ìR„333ÉB√3B„#B√3"„2√SR√b„√3"„√#Ç„SSÉ33r√#B„ £##R”Ç”ì££√R„3cCí√„#C#r√C"„33SsSb√##b„CìsÉÇ√3B„#B√3„√s2√„2√Ç„√R„3sC3CìR√#„P£##R”Ç”#££√„ìcìb√„#cì3ì2√CB„cSC"√#3R„CCsÇ√3B„#B√#í„√sB√2„√„√"„sSSÉí√ì„ê£##R”Ç”#££√„3ì3cB√„c3#3Cí√3ìb„ÉCìb√##"„cCscÇ√r„√#Ç„b√sÇ√R„√„√"„#SS2√#R„Ä£##R”Ç”##££√„#ScB√„Sì3s√Cí„33#C3B√#„sì3ì"√b„ìB√#r„r√sí√B„B√„√„ÉCCÉ√ìS"„P£##R”Ç”#3££√„CCÇ√„#3ì"√C„cSÉÇ√ìR„Ccc#Ç√b„ì"√#r„"√É√2„"√„√„#3SB√ÉÉ„P£##R”Ç”"££√„3S"√„ÉS#í√3sB„SSSb√S2„sìÉ"√R„R√#b„B√Éb√„R√„√„ÉSCÉìììììììììí√É"„`£##R”Ç”"££√„3ÉB√„3B√33„scc#B√CB„#scCB√R„R√#b„B√ÉR√„Ç√„√„3S#B√sCB„`£##R”Ç”"#££√„CCÇ√„##CcB√33„Sìc#Ç√CB„#c3"√2„CÇ√#b„Ç√Éb√„Ç√„√„##SÉÇ√sR„P£##R”Ç”"3££√„Cb√„#SB√32„ìCSb√CB„3É3ÉB√„cB√#b„2√ì√"„Ç√„√„#SSSb√csí„Ä£##R”Ç”"C££√„CÇ√„√#3r„sÉCS"√CB„#SSs"√„cB√#b„b√Éb√B„b√„√„CÇ√ccr„ê£##R”Ç”"S££√„s#SÇ√„√##í„SSb√CB„##SÉÇ√„cB√#b„r√É√b„√„√„s#SÇ√csB„ £##R”Ç”"c££√„ì3C#√„√##í„S3ììB√CB„ìÉÇ√2„CÇ√#b„R√sÇ√b„2√„√„ì3C#√cìÇ„0£##R”Ç”"s££√c"„Écr√„√##Ç„#SsR√CB„#3ccB√R„3"√#r„R√sÇ√Ç„Ç√sR„√c"„Écr√s3r„ê£##R”Ç”"É££√C„cCsr√„3b√SR„cÉìB√C2„ìÉ#cÇ√b„#í√#Ç„r√sí√b„√#SR„√C„cCS3r√sÉ2„@£##R”Ç”"ì££√#í„3CS"√„#b√3b„#3És"√C2„ìì#S"√b„ì2√3„√s√2„2√CSÇ„√#í„S#S"√É3R„`£##R”Ç”"££√#SR„3cÉìC"√„3#B√„3s3cb√C2„ì3s3B√#"„CR√3„Ç√cí√b„B√cCB„√#SR„C3C"√ÉsR„@£##R”Ç”"££√#É2„SS3sb√„3C#Ç√cr„3CS3sb√C2„É3S"√#"„SR√3„b√sr√Ç„Ç√sÉí„√#É2„cÉsìÉb√ÉÉb„@£##R”Ç”"#££√#ì"„ÉÉ#SsR√„#C33í√cr„3#SB√C2„ìCSB√#2„R√3„r√sí√Ç„b√Éì2„√#ì2„ÉcìB√Éì2„ £##R”Ç”"3££√#Ér„C3Éc√„#SSS√s2„Ss33b√C2„ìÉS"√#2„R√3„í√sr√Ç„√ì#í„√#Ér„cSì3s"√ìB„Ä£##R”Ç”"C££√#cR„3ìsb√„#s#S#r√R„sS#ìÇ√C2„ì#r√#2„C√3„í√sb√r„√Ésí„√#cR„Sì##Ér√ìÇ„`£##R”Ç”"S££√##„#ìsb√„SSSì3B√Sr„CÉí√CB„"√#"„C√3„B√sÇ√r„B√s3r„√##„ÉCscB√ìCb„P£##R”Ç”"c££√S2„#ìscSÇ√„sìcìÉr√##2„ÉCCb√CB„cSCÉÇ√Ç„"√#í„Ç√É√b„Ç√cí„√SB„ìCcCR√ìÉB„@£##R”Ç”"s££√ìR„ìCìb√„#cÉìc2√3R„ì3ì"√CB„c3CÉÇ√Ç„#í√#í„b√É2√b„√Cc„√ìb„#É#2√3"„P£##R”Ç”"É££√3„sCB√„CSCÉ"√3c"„ÉSsSB√C2„ÉcscB√#"„√#í„"√ÉR√R„Ç√#ìB„√3„sÉcÉÉ"√Sr„@£##R”Ç”"ì££√B„#S3SìR√„C√3É„#s3cb√C2„c#3sb√Cr„C√#Ç„R√ÉÇ√B„R√#b„√B„#cCc3Sììììììììí√Sr„ê£##R”Ç”"#££√„Éì#r√„É√3cR„ì33"√C2„sCcB√C„R√#r„r√ì"√R„√„√„ì3S√32„ £##R”Ç”"#££√„SììS3"√„ìì3í√3#b„cì33B√C2„É333"√#„b√#r„√ì2√2„√„√„sìCs√ìsí„Ä£##R”Ç”"##££√„Ccì"√„c3ì3R√#ìb„CCÇ√C2„É3cÉÇ√b„ì2√#b„b√ìB√„"√„√„S#C#r√ìÇ„@£##R”Ç”"#3££√„CS"√„s#CB√#„c#ÉScB√C2„ì3ÉB√b„Ér√#b„"√ìB√„b√„√„ÉcìS"√ÉCí„ £##R”Ç”2££√„B√„cCccR√Sí„SÉc3B√C2„sÉSÉÇ√R„ì2√#R„Ç√ìR√„R√„√„cScR√sÉ„£##R”Ç”2££√„3S"√„sSR√r„sCb√C2„cìs3CB√b„√#b„B√ì2√B„R√„√„sSÉSìììììììììí√s#Ç„p£##R”Ç”2#££√„3S"√„Sc#B√ì„scc√C2„É333"√R„ì2√#b„"√Éí√„√„√„ScSììììììììììí√cìB„0£##R”Ç”23££√„3cÇ√„ì#b√ì„sì#√C2„ÉSÉb√Ç„SR√#R„Ç√ÉÇ√„b√„√„ì#C#Ç√cs„ £##R”Ç”2C££√„3ì"√„#c3b√ì„sCssB√C2„É#SCs"√sb„R√#R„í√ÉB√„√„√„#csS"√ccR„ê£##R”Ç”2S££√„ÉSìR√„3##Sb√ì„sìSc"√C2„Écìb√Ç„ìR√#b„B√É√„√„√„33SR√ccí„@£##R”Ç”2c££√2„Sì3CÉ"√„s33ì√ì„scc√C2„ì#É3"√R„ì2√#b„B√sÇ√„Ç√„√B„cccÉs2√cì„£##R”Ç”2s££√b„3SSR√„cCs3í√ì„ÉCR√C2„ÉÉCcÇ√B„í√#r„√É√"„r√Ç„√r„cÉ#ìB√s3„0£##R”Ç”2É££√3„3#C#Ç√„ÉssCí√ì„sÉSS"√C2„sìÉÉb√R„ì2√#Ç„"√É√"„R√„√3"„#SCsR√sÉb„0£##R”Ç”2ì££√Sr„3ìsC#b√"„C3SSsB√ìR„SSC"√C2„ìsìcÇ√b„í√#Ç„R√É√„í√3„√Sí„É33b√ÉCB„@£##R”Ç”2££√c2„C3CÇ√B„3cÉb√2„C3Sì√C2„ì#cB√b„s2√#r„B√ìR√„Ç√#í„√cr„sìCìB√ÉÉí„0£##R”Ç”2££√ì„c#s3SB√b„ìÉ32√Sb„csCCí√C2„sSÉ#s"√Ç„Ç√#r„í√ìb√R„b√ì„√ìb„sìÉr√Éì„P£##R”Ç”2#££√ìí„Sc3É3Ç√r„SC"√sí„csr√C2„sCcÉÇ√#R„3r√#Ç„B√ì"√B„B√#ÉR„√b„sC#SÇ√ìÇ„ £##R”Ç”23££√Ér„sScS"√b„sSì"√sí„3ì3ìr√C2„s##s"√#R„Éí√#Ç„Ç√ÉÇ√b„√CCb„√ìB„SsCB√ì#„ £##R”Ç”2C££√ìB„#SsSC√r„3#í√sí„CcÇ√C2„sÉCSb√#"„ìR√#Ç„í√Ér√2„r√3#"„√„3cSr√ìB„ £##R”Ç”2S££√s„SSc√r„CSÉÉÇ√ÉÇ„ÉsCS3"√C2„cìs#ÉÇ√#"„B√#í„√Éb√"„Ç√3Cí„√sÇ„ScCÉì√ì#Ç„£##R”Ç”2c££√CB„s#sr√R„sCCSc2√#CB„sÉS3Ç√C2„scScÇ√#„CR√#í„√Ér√R„b√#ìb„√S„Cscr√ìCÇ„`£##R”Ç”2s££√#2„#SS#b√B„CS3"√#CÇ„C3ÉìCb√C2„ÉScCB√#„S√#í„√ÉR√2„R√#SB„√#r„ccSÉCb√ìÉ„£##R”Ç”2É££√"„ScÉì3R√2„Cc3"√#S"„S3ScÉ"√C2„s3ìS"√3í„#R√#í„√Ér√B„√3r„√b„3#3R√ììR„P£##R”Ç”2ì££√"„scS#r√2„s3Écb√#S"„ÉììC"√C2„c3ìÉB√3"„c"√#Ç„√ìR√"„2√S„√b„S3Écr√„ £##R”Ç”2#££√„ìììSSb√2„sÉ#B√#S„ìSÉ3R√C2„sCscÉÇ√3"„√#r„r√ìb√2„B√B„√B„sÉìSb√ììí„@£##R”Ç”2#££√„#ìC#Ç√2„É3b√sí„Scì3"√C2„sSìÉB√#"„3Ç√#r„b√ìr√„R√„√2„ÉC3#Ç√ìC„@£##R”Ç”2##££√„Cs"√2„3CcÇ√s„3CB√C2„cìsÉCÇ√Sb„sÇ√#r„í√ì"√r„B√„√2„3CcSS"√ì2„ £##R”Ç”2#3££√„C3"√"„sÉÉ"√Sí„3cÉS#B√C2„cÉS3B√r„C√#r„r√ì2√B„2√„√"„sì#S"√É3B„`£##R”Ç”B££√„C#B√"„CCì3"√c„#S3Ç√C2„cì3#Sb√b„C2√#r„r√ì2√b„b√„√"„CCìsCCB√scr„@£##R”Ç”B££√„CÇ√"„3Cb√c„3ÉR√C2„cÉSsS"√B„sí√#r„í√Éí√„Ç√„√"„3CCcÇ√s#„ £##R”Ç”B#££√„Ssb√„#sCÉÇ√c„#CC#cb√C2„É3sCB√"„ìR√#Ç„√Éí√„R√„√„#sSCSb√cì2„Ä£##R”Ç”B3££√„Sì"√„S#csB√c„#sìr√C2„scì3b√r„CB√#r„í√Éí√b„b√„√„S#s33"√cs2„£##R”Ç”BC££√„c#B√„CC√c„3ÉÉb√C2„sìb√ÉÇ„Sr√#Ç„√ì√í„√„√„CCc#B√ccB„0£##R”Ç”BS££√„ÉS#√„3CsB√c„#CC"√C2„ÉÉÉÇ√r„CB√#Ç„√Éí√B„√„√„3SSì#√csí„Ä£##R”Ç”Bc££√2„S3CccR√„3##"√Sí„sc#CSb√C2„ì#SÉB√Ç„É"√#r„í√ì√B„2√„√2„ÉScÉcR√s#2„ê£##R”Ç”Bs££√r„3Éccí√„#3sb√s2„ìB√C2„cCÉ#3"√Ç„É"√#Ç„2√Éí√2„b√C2„√r„c#C#ì"√ÉB„ £##R”Ç”BÉ££√S„sÉScí√„CìB√sÇ„Sìr√C2„s#CÇ√í„í√#Ç„í√ì√"„√#b„√S„ÉSsìcí√ìr„P£##R”Ç”Bì££√cB„SSS32√„s√##Ç„#É#ìì"√C2„És#3CB√#„#2√#í„√ÉÇ√"„í√sR„√cB„3#cS33√ììb„0£##R”Ç”B££√É„ìcSìb√„3#SìÉB√#ì2„SSì3b√C2„Éccb√S„32√3„√É"√R„B√3cB„√É"„#ÉcSÇ√C"„ £##R”Ç”B££√ì"„sCÉsr√„3Cì"√3Ç„#SCìÉb√C2„ÉScCÇ√#Ç„É"√3„B√É√r„√Cr„√ì2„cCsr√S"„ £##R”Ç”B#££√#"„scssb√„3s3É2√3#„SSÉCsb√C2„ÉCCìB√#"„32√3„í√sí√B„"√S32„√#2„3SSsí√#2„Ä£##R”Ç”B3££√Cí„Cì3Ç√„#É#É"√3#„Ss#ìcb√C2„sCsìcÇ√#Ç„sb√3„√É√"„Ç√SSÇ„√S„ss3B√#„ £##R”Ç”BC££√3R„ìsS3b√"„ScÉB√3#„cÉCC3B√C2„s##CÉÇ√3„3√3„√sb√B„√SsÇ„√3Ç„S33B√CR„ê£##R”Ç”BS££√r„ì#ìSSb√„ìÉCS"√3#„cìsb√C2„ìS"√3„3√3„B√sÇ√í„R√S3„√í„ÉCÉÇ√C2„£##R”Ç”Bc££√ÉR„És3#B√„#SS3√3#„cs√C2„cs#sB√3„3b√3„b√sR√R„R√3É2„√Éb„##ÉSCìììììììí√cR„ £##R”Ç”Bs££√S"„#ÉÉ√"„###b√33r„ìCSS3Ç√C2„SScSb√3„cb√3„R√sB√í„"√C#R„√SB„C3b√ìr„ £##R”Ç”BÉ££√r„c#S2√„CìSs√3Sr„3CCSB√C2„ìÉÇ√3„cí√3„b√sÇ√Ç„B√##"„√Ç„CìcÉ#B√ìí„ £##R”Ç”Bì££√"„cScìB√„ss#Cr√C„cÉB√C2„Sìcb√3„cí√#í„b√ÉB√r„B√É„√2„C#ìC√ìí„ £##R”Ç”B#££√„C##ÉÇ√„És2√C„33ìsÇ√C2„cc##B√#Ç„sb√#Ç„í√Ér√b„í√B„√„#ìSÉÇ√cÇ„Ä£##R”Ç”B#££√„3S"√„cSSììb√3C„S#R√C2„cÉssb√í„Ç√#Ç„b√Ér√r„Ç√„√„cSc3CÇ√„@£##R”Ç”B##££√„3cÇ√„SCsÉb√3R„ÉSSB√C2„Éì#cb√í„Ç√#Ç„b√ÉÇ√B„r√„√„SSSB√ìCB„ê£##R”Ç”B#3££√„3S"√„É3sR√#b„SSsCB√C2„ÉìÉÉÇ√Ç„sr√#Ç„2√ÉÇ√2„B√„√„É3C#r√ÉsR„ê£##R”Ç”R££√„3S"√„ssÉr√SÇ„#ÉìC3"√C2„ÉÉÇ√R„#í√#Ç„"√ÉÇ√2„Ç√„√„ssC3í√É„P£##R”Ç”R££√„3b√„SSÉ#CB√c„Sì3r√C2„c##Ç√sb„#í√#Ç„√ÉÇ√2„r√„√„SSÉcB√sCÇ„P£##R”Ç”R#££√„3ÉB√„CC3b√c„cSÉR√C2„ccÉ33b√sR„É"√#r„í√ÉÇ√2„b√„√„CCsCB√sB„ £##R”Ç”R3££√„3ì"√„C3cÇ√Sí„ììì3cB√C2„sÉC3"√sR„É"√#r„í√ÉÇ√B„√„√„C3s"√cì„£##R”Ç”RC££√„3ì"√„sCÉSí√c„S3Scí√C2„sCcCÇ√sR„É"√#r„r√Éí√2„√„√„sS#S√cÉ„@£##R”Ç”RS££√„##s#r√„ìSsSb√Sí„cs#S"√C2„sS3ÉB√sR„É"√#r„b√Éí√"„í√„√„ìs3CÉ2√cì2„Ä£##R”Ç”Rc££√R„É#c√„ìssCcÇ√c"„##SÉ"√C2„sScCB√R„#í√#r„b√ÉÇ√"„í√„√b„ìSs#í√s3B„p£##R”Ç”Rs££√3B„CCìsB√„scìÉ#í√#B„ìS#c3b√C2„scccb√Ç„CB√#Ç„r√Éb√2„√C"„√3R„#É2√É2„ £##R”Ç”RÉ££√s„cìcC2√„CSÉc√##2„ÉìCìÇ√C2„c3CìB√Ç„3Ç√#í„B√É2√„R√SR„√s2„##cC√ì"„@£##R”Ç”Rì££√2„scccí√2„É3R√##r„S#ìS"√C2„cììsS"√Ç„3Ç√3„√É√„√#É"„√b„SsìsB√ìsb„ê£##R”Ç”R££√S2„SÉSsSí√"„S3sCÉ2√##r„##CÇ√C2„sÉs"√Ç„#√3„r√sÇ√í„2√C#í„√Sb„#3#C"√Ç„£##R”Ç”R££√##„ÉìsC3√„É#b√ì2„CSÉCB√C2„cìì3b√í„sR√3„Ç√sb√#„r√CSB„√##2„sscì√„ê£##R”Ç”R#££√#S„cCsC"√„ÉìSìB√Sb„CsB√C2„csì"√Ç„c√3„B√s√#b„b√cCí„√#S2„S3scÉ"√R„`£##R”Ç”R3££√#cb„c#3ì"√"„3#Cì√Sb„CCb√C2„cÉ#ÉB√Ç„2√3„í√cr√#Ç„√Éb„√#cÇ„ìC3cÉ2√#„ £##R”Ç”RC££√#CÇ„cSc#"√"„#sCR√SR„ÉÉ3cÉb√S"„ììsCÉÇ√#„sr√3"„√cb√#b„√É"„√#S„cc33cr√#"„Ä£##R”Ç”RS££√ì„##ìCR√„É3ssSÇ√cb„ì3SS"√É„É#ìCB√#B„É2√3"„√cB√#2„B√sB„√ì2„ccì2√S2„0£##R”Ç”Rc££√C„É#S√"„3ÉÉÉí√##2„Cì"√ì2„ìÉÉcB√#R„R√3„r√cR√Ç„R√Sì2„√CB„#ìB√sÇ„P£##R”Ç”Rs££√Éí„3C33c"√"„##s3R√3B„ÉcSsì"√ì2„CCÉÇ√#R„Ç√3„2√cb√2„"√C32„√ì„Cccìr√í„@£##R”Ç”RÉ££√#r„#CcSìÇ√"„#3CÉB√3#„SìSsSÇ√ì2„sb√#R„"√3„Ç√cí√r„2√#sÇ„√#í„3sÉ"√B„`£##R”Ç”Rì££√2„S33ÉÇ√„ccS#R√3#2„SCSÉÇ√#"„#ccÉCÇ√#R„B√#í„Ç√sr√"„R√Ç„√R„ìÉC3Ç√B„p£##R”Ç”R#££√„ìÉS"√„C#S√3#R„c#ìs3Ç√#2„ìC#B√í„#√#Ç„"√É2√"„í√Ç„√2„3#2√Ér„ £##R”Ç”R#££√„CCsc3b√„csÉìí√3#b„c3CsB√#2„3Éì"√Ç„CB√#r„r√Éb√"„Ç√„√2„#cSCR√#í„ê£##R”Ç”R##££√„#ÉìSSb√„#ìsS#B√#ìR„ì#R√#2„3CS#ìb√Ç„c√#Ç„√ÉR√"„B√„√„SÉssììììììììììÇ√ìcÇ„`£##R”Ç”R#3££√„É#Ç√"„#S##SB√##Ç„ScsSC"√#2„3Cb√Ç„c√#Ç„√Éb√„í√„√"„#S3É"√Éì„@£##R”Ç”b££√„3sb√2„C333s√ìb„CSSÉB√#2„##Éì#Ç√B„ìR√#Ç„√Éb√"„R√„√2„C33sCs2√ÉÇ„£##R”Ç”b££√„Cb√"„SÉcc"√sb„csC3B√#2„3#c#Sb√ÉB„B√#Ç„2√Éb√„R√„√"„SÉsÇ√scb„ £##R”Ç”b#££√„3cÇ√2„#3SR√cÇ„cS"√#2„#ìCs#Ç√ÉB„3Ç√#Ç„"√Éb√2„√„√2„#3ÉÉ2√s#R„ê£##R”Ç”b3££√„B√2„s#R√cÇ„#ìCSb√#2„33cs#Ç√ÉB„3r√#Ç„√ÉR√Ç„B√„√2„scR√sÇ„ £##R”Ç”bC££√„CÇ√2„CcR√cÇ„Éss#Ç√#2„CCÇ√ÉB„3Ç√#Ç„√É√„r√„√2„És2√cìÇ„0£##R”Ç”bS££√„ÉR√B„cC3B√cÇ„#SìB√#2„3#ÉÇ√ÉB„3b√#r„í√É√"„√„√B„cSC#R√sí„0£##R”Ç”bc££√2„CìC√R„#CÉs√cÇ„cÉB√#2„#ìÉìÉB√b„B√#r„r√É2√2„í√„√Ç„s3ì√sSR„Ä£##R”Ç”bs££√#„CS#cs"√B„csìSR√cr„ìSCÇ√#2„33cSb√Ç„#r√#Ç„√É"√2„B√CR„√#R„#Cc#r√É#Ç„Ä£##R”Ç”bÉ££√Cí„ììcC#B√B„ìS3cB√cr„ÉS3S"√#2„#SB√#r„sB√#í„√sí√„í√sB„√SB„ìsÉÇ√ì#"„£##R”Ç”bì££√É"„C3S3R√b„#s#c"√É„É#É"√#2„3ìB√Ç„ìr√#í„b√sÇ√B„2√3c„√ÉÇ„ssCcr√„£##R”Ç”b££√ÉÇ„CsÉSb√B„3ssCÇ√#R„#ssÇ√#2„#cìì"√Ç„ìr√#í„í√sÇ√í„√3c"„√ì"„ÉCcB√S2„@£##R”Ç”b££√ì„SSC#3b√2„3scB√SR„ccCìB√#2„#3ìCB√Ç„ìr√3„b√sB√#B„2√SSí„√ìB„ÉsB√cb„P£##R”Ç”b#££√#2„sCB√2„#ÉÉC"√Sr„3#CcB√#2„ìì3b√Ç„√3„R√s2√#2„"√C3b„√#r„#ÉSb√C„@£##R”Ç”b3££√R„ìCSR√R„CsÉ#R√Sr„#33sB√#2„#"√#„3Ç√3„b√sB√#2„√S3„√#„ccÉsR√cb„0£##R”Ç”bC££√í„C3É√R„ìÉì"√Sb„s33Ç√#2„#3Écb√#R„S"√3„2√s2√#B„b√SìR„√R„Cì√c"„Ä£##R”Ç”bS££√2„S#É3"√R„s3scR√cR„ì#Cìb√#2„3cscÇ√3R„C2√3„√sB√#B„2√SÉR„√í„##SSìr√cB„ £##R”Ç”bc££√Ér„ì33Ç√B„ìc2√#„c#3csÇ√#2„C3É"√#2„c"√3„B√sb√#„í√C3b„√ì"„#cCì2√ÉR„0£##R”Ç”bs££√CB„SÉC#b√"„ì33s√##R„3SSìB√#2„Csì3b√í„cí√3„2√sí√#"„í√3r„√Cr„CS#3r√ìÇ„ê£##R”Ç”bÉ££√b„SÉsìSB√"„#Éì3R√##r„cscÉ"√#2„CScsb√í„cB√#í„í√sí√#2„√ìr„√Ç„ccÉÉí√ì"„P£##R”Ç”bì££√"„Ss#Ç√„#cCs2√#3„c3cÉSB√#B„#sb√í„cB√#í„√É"√#„Ç√s"„√2„É3c2√ìí„P£##R”Ç”b#££√„#scB√„É#33ì2√##í„cscìCB√#B„cÉìb√í„#√#Ç„í√É2√#„r√R„√„ÉSCSr√cí„0£##R”Ç”b#££√„3b√„sÉ3s"√##Ç„c#Ç√#2„CCC3B√í„b√#Ç„í√É√#„Ç√„√„sÉCÇ√2„Ä£##R”Ç”b##££√„Cb√„ì3ì#B√s„É#"√#2„3s3b√Ç„#r√#í„√ÉR√í„Ç√„√„ì3ìcSb√ìSB„ £##R”Ç”b#3££√„Cb√„ìC#"√Cí„cc#3b√#2„3c3sb√Ç„C2√#í„√ÉR√#„√„√„ìCc3b√ÉÉ"„`£##R”Ç”r££√„CÇ√„C3Cìb√ì„33SÇ√#2„#É#S"√B„R√#Ç„í√ÉR√#"„"√„√„C3SCB√Éí„ £##R”Ç”r££√„3sb√„##ÉcÇ√ì„#Scsb√#2„3###Ç√ÉR„Cr√#Ç„R√ÉÇ√#B„√„√„##ìSb√sSÇ„0£##R”Ç”r#££√„Cs"√„CCccÇ√ì„#3C#í√#2„33ÉB√É„Ér√#Ç„"√ÉÇ√#Ç„"√„√„CCcSB√s#"„ê£##R”Ç”r3££√„C#B√"„3sSÉS"√ì„333É2√#2„33#cB√É„Ér√#r„"√ì2√#í„r√„√"„3sc#sc2√s„p£##R”Ç”rC££√„3ì"√"„sc3c"√ì„#3#c√#2„#SìSb√É„Ér√#r„2√ì2√#b„í√„√"„scsSC2√cì"„Ä£##R”Ç”rS££√„Scs2√2„3#S"√ì„#ÉSìR√#2„#csÉCÇ√É„Ér√#r„b√ì√#r„2√„√2„3#Sì#R√sR„`£##R”Ç”rc££√"„ì3#ìSÇ√"„cSìb√ì„#sB√#2„3#C#B√B„R√#r„B√ì"√#R„√„√R„SÉ3SB√sCB„0£##R”Ç”rs££√#B„3SCÇ√"„c#C2√ì„3ì√#2„#ÉCsB√#„√#r„b√ì√#2„√3„√#b„3ssÉ3Ç√Éí„Ä£##R”Ç”rÉ££√Cr„c#ss"√„#sìSí√R„ìÉì3ÉB√#Ç„ìsÉ3ì"√#2„í√#r„í√ì2√#„√ìb„√CÇ„ì#É√ì#2„ £##R”Ç”rì££√cí„sSÉS3R√„3ÉsÉ"√s2„ÉSÉÇ√#„3#cÉs"√#„#b√#Ç„√ì√Ç„r√##"„√s„Cc3Ccìììììììí√„£##R”Ç”r££√3B„33ÉR√"„3ScÉr√#Ç„ÉÉC3Ç√#2„C##S"√#B„#R√#í„r√É√b„√#cí„√3b„cs"√2„ê£##R”Ç”r££√SR„ÉsÉb√„ììcÉÇ√##r„SccsÇ√#2„3SÉ#ÉÇ√#B„#R√3„2√sb√b„r√SC„√Sr„Écc3s3ìììììììÇ√CR„P£##R”Ç”r#££√C"„c3##C2√„##ìì#"√##r„cc3CB√#2„33c##B√#„ìÇ√3„2√sÇ√r„√cS2„√C2„Éc#cCìììììììÇ√3r„ £##R”Ç”r3££√b„É#C3"√„csCcr√##r„CSì3B√#2„#C3ìì"√#B„#R√#í„r√É"√r„√CcR„√Ç„CCCìí√cR„Ä£##R”Ç”rC££√C„SSssSÇ√„#SÉìb√##í„ÉìÉSR√#2„CSÇ√#B„#R√3„√É√r„√Csb„√C"„ÉìcSB√#B„0£##R”Ç”rS££√CR„CìÉcìr√„3S3ìcb√#32„SCS#ÉB√#2„C3s3b√#B„#R√3„√É"√r„r√Cì2„√Cb„ÉS#cc2√C„ £##R”Ç”rc££√sÇ„S3ÉsR√„SS#Ésr√#CR„ÉCìÇ√#2„Cc3Ç√3„Éb√#í„r√ÉB√r„b√C3"„√É„ÉCsS"√sr„ £##R”Ç”rs££√Cb„3Éìí√„3SSÉr√#ìB„3cììÇ√#2„cìcìb√3B„Éí√#í„b√ÉB√r„r√33R„√Cr„sSCÉr√ÉB„@£##R”Ç”rÉ££√B„ÉCR√„#ìÉS3Ç√3c„ìc3B√#2„CCÉÇ√32„cR√#Ç„í√Ér√b„Ç√É„√b„3ÉSS#ììììììììÇ√ì„Ä£##R”Ç”rì££√„ì##c#í√„ìCC#R√3s„C3c3Ç√#2„3c3"√3"„ÉB√#Ç„2√ì√R„R√3„√"„ÉccsSB√ìr„`£##R”Ç”r#££√„ìsCssb√„3É3Ç√3s„CcC"√#2„3CSCÇ√3"„ÉB√#r„Ç√ì"√b„√2„√"„ccB√cr„ £##R”Ç”r#££√„ì3cB√„ìsC3√332„CSccB√#2„#ìììì"√3"„ÉB√#r„Ç√ì√B„r√„√„ìÉsìR√R„p£##R”Ç”r##££√„3cÇ√„ÉSìs3√#S"„s3#B√#2„33ÉCcB√#„cb√#Ç„"√ì√í„2√„√„Écìì√ìC2„£##R”Ç”r#3££√„3sb√„3cSSB√#í„CsÉB√#2„3CÉCÉÇ√Ç„Ç√#r„b√ìR√"„B√„√„3cSC2√ÉsB„ê£##R”Ç”Ç££√„3#Ç√„#ììCB√#b„c#cìB√#2„3s#B√R„r√#r„b√ìR√„Ç√„√„#ììCs"√sìí„£##R”Ç”Ç££√„#Sb√„C3R√cr„3sÉ3B√#2„3SsB√2„#B√#r„2√ìr√„"√„√„C3Cb√sCB„P£##R”Ç”Ç#££√„#ìb√„#sCC#R√cÇ„Éss"√#2„#cìSÉB√í„Sb√#r„B√ìR√„í√„√„#sCs#√sr„0£##R”Ç”Ç3££√„#ìb√„CC#332√cÇ„ì3É#B√#2„#CcS"√ÉB„3r√#b„í√ìR√„r√„√„CC#c#í√cÉ"„ £##R”Ç”ÇC££√„3"√„3sìC"√cÇ„ì3ìcÇ√#2„#SCì"√ÉB„3r√#b„b√ì2√„í√„√„3É#c"√cs"„`£##R”Ç”ÇS££√„ÉB√„33SB√cÇ„ì#3cÇ√#2„33#3"√ÉB„3r√#b„b√ì2√Ç„√„√„3SÇ√cÉ"„p£##R”Ç”Çc££√2„ÉÉcìÉ2√„#CcÇ√É„cCSìsÇ√#2„CSCÇ√í„í√#b„B√ì√í„√„√B„33ì√s#„ £##R”Ç”Çs££√Ç„3S3#B√„CìS2√í„##s"√#2„#ì"√r„SB√#b„R√ì2√r„b√í„√Ç„Cì##sr√sìr„ £##R”Ç”ÇÉ££√3„cìB√„C#ÉR√Sb„sÉcÇ√#2„Csb√Ç„3í√#b„Ç√ì"√r„B√sb„√3„cS#3sí√ÉÉÇ„ £##R”Ç”Çì££√Sr„CÉ#sìb√„#C√#R„É#cCÇ√#2„ccb√32„S2√#r„R√Éí√r„R√#sÇ„√Sr„CÉCÉ3r√ìCb„P£##R”Ç”Ç££√í„ìÉCssR√„í√##2„sCssc"√#2„ccB√32„cb√#r„Ç√Éí√B„"√SR„√í„ìì3ssR√ìc„ £##R”Ç”Ç££√SB„cSÉc"√„3b√##b„S3#ìÇ√#2„S##ÉÇ√r„ìí√#Ç„í√É2√B„r√CÉ"„√SB„cc###"√ìs2„p£##R”Ç”Ç#££√s"„cÉcS√„ì#C√##b„C3sìsB√#2„SCcCCÇ√r„ÉÇ√#í„b√sÇ√b„√cSÇ„√s"„cÉìÉì"√ìSB„`£##R”Ç”Ç3££√#í„ìssC"√„sSb√##b„CÉsÇ√#2„CCÉ##B√r„ÉÇ√#í„2√sí√í„b√SìB„√3„S#Cc#"√ìì"„@£##R”Ç”ÇC££√c2„#scsB√„c"√##b„SCÉìb√#2„C3cCÇ√í„ì"√#Ç„Ç√ÉB√Ç„2√sì„√c2„3scÉsC"√ìS„@£##R”Ç”ÇS££√2„cSÉC#Ç√„ìcsìr√#3R„Éscs3"√#2„ÉÉssb√#„r√#í„2√sí√„B√cìR„√2„sSS##R√ììR„ê£##R”Ç”Çc££√3B„SSCìsR√„33#ìì"√#s„cc#í√#2„ÉÉss"√#„r√#í„r√s"√"„"√Sì„√3B„ÉÉsìcr√b„P£##R”Ç”Çs££√#"„#Csc"√„#3cÉb√3C„ìS3Ç√#B„ìcSb√#„r√#í„"√s√r„"√3B„√#"„CÉ3ÉcÇ√2„p£##R”Ç”ÇÉ££√í„3Sc#í√„csscr√3cí„Écì"√#B„#c#Sb√32„Ç√#Ç„Ç√s"√B„√C"„√í„S#3sìb√í„£##R”Ç”Çì££√„Sc3cìÇ√„3cC2√3s"„ÉÉCB√#2„ìì3b√32„#√#Ç„"√s2√B„√cr„√„SìC3C√í„Ä£##R”Ç”Ç#££√„3CS3B√„ìcB√3cb„És#Ssb√#2„ìÉì3b√32„#√#r„√É√"„"√R„√„3Cc3B√ììb„0£##R”Ç”Ç#££√„Cb√„√3#r„ssCì"√#2„ìssb√Ç„Sb√#r„2√É√„"√„√„Cb√ìCR„ £##R”Ç”Ç##££√„C#B√„√#ìB„ÉCSS"√#2„ìCsCÇ√Ç„Sb√#r„√ì2√"„Ç√„√„C#B√ÉìB„0£##R”Ç”Ç#3££√„Cb√„√#„#Cs#B√#2„ìS#cB√Ç„Sb√#b„í√ìB√„√„√„Cb√É3R„Ä£##R”Ç”í££√„CSb√„cìccr√#b„#ScScB√#B„SCÉ3"√r„B√#b„B√ìb√"„√„√„s#2√scÇ„ê£##R”Ç”í££√„S3b√„Ccc√cÇ„sSìCÉÇ√#B„s"√R„ìí√#b„2√ìR√"„r√„√„CcSìr√sR„0£##R”Ç”í#££√„CÉÇ√„#cc"√cÇ„cC#Ç√#2„Ésì"√2„#Ç√#R„r√ìí√b„B√„√„#s√csí„ê£##R”Ç”í3££√„SS"√„Sc3R√cí„Écì"√#2„ì#Ssb√sÇ„Sb√#R„R√ìí√2„2√„√„ScÉSr√cSr„£##R”Ç”íC££√„CÇ√„#s#Cb√cí„ÉCcB√#2„ì3ì#3"√sÇ„Sb√#R„b√ìí√B„b√„√„#scSB√cCÇ„@£##R”Ç”íS££√„#scí√„333cÇ√cÇ„ÉCCs"√#2„ÉCSC3"√sÇ„Sb√#R„b√ìí√2„B√„√„33C3r√cSb„ê£##R”Ç”íc££√„3#s2√„ìSSsÇ√s"„3CÉSÇ√#2„É#3Sì"√sÇ„Sb√#R„r√ìÇ√„2√„√„#SÉC3√cÉ2„ £##R”Ç”ís££√Ç„#3ììì2√„cCCb√Éb„ììSsb√#B„#3S#CÇ√b„Sb√#b„"√ìr√"„√í„√í„3C3í√s3„P£##R”Ç”íÉ££√#„SSìÉ2√„ÉcsÇ√C„3S3Ç√#B„"√Ç„É"√#b„Ç√ì2√„R√sr„√#„Sì#c√sìR„P£##R”Ç”íì££√CÇ„cCìc2√„CsS"√Sb„ìcÇ√#B„3ss"√#„3r√#b„í√ìB√B„√í„√Cí„sìcSÉ2√Éc"„ £##R”Ç”í££√cr„ìcÉCR√„É3s#r√SÇ„ssÉÉSÇ√#2„ÉsS"√#„#B√#Ç„r√ì√r„√ìr„√cÇ„sCCc"√ìí„p£##R”Ç”í££√CR„##b√„CsìSr√Sí„S3ìSÇ√#B„c33#ìb√#„#B√#í„r√Éí√r„"√3c"„√CR„SÉ3É2√ìsR„P£##R”Ç”í#££√3„cììsÉR√„CÉs#b√Sí„cC#É#b√#R„SÉCCSb√#„#B√#Ç„í√Éí√"„√3c„√3„ÉsCR√ìs„ê£##R”Ç”í3££√3Ç„SSÉcCb√„S33ÉÇ√s„#ììC#"√#B„CSCÉ#B√#„#B√#r„B√ìR√„"√ì2„√3í„ì#S#c√ìSí„@£##R”Ç”íC££√C"„ì3ìcR√„sì√##R„SCCsÇ√#2„ì#scìb√SB„sR√#r„í√ìb√í„2√##B„√C"„ì3cR√ìSB„0£##R”Ç”íS££√Cb„SCÉ2√„É##C√##R„sccS"√#2„ÉScS"√#„3r√#r„B√ìR√„í√cr„√Cr„3S3s√ìCr„0£##R”Ç”íc££√3„CSb√„3ì3c3"√##r„#É3#Ç√#2„Ésb√#„R√#r„Ç√ìr√„R√í„√3„SCÉÇ√ìc"„P£##R”Ç”ís££√b„SCcìCí√„ÉÉSs#í√#CR„3#C#B√#2„ÉCs33b√Ç„É"√#Ç„B√ÉÇ√í„B√Éí„√r„C3#csÉ2√ìÉ2„ £##R”Ç”íÉ££√R„##ìCSR√„3Éìc#r√#cR„s3ÉCB√#B„ì3Cb√#„R√#í„"√Éí√í„Ç√#2„√R„cìÉ"√ììR„p£##R”Ç”íì££√„s3√„CcìSÉÇ√#s„3ÉS3sB√##r„ÉSÉS"√#„SR√#í„√Ér√2„B√C2„√„SscÉÉí√B„ £##R”Ç”í#££√„S#Ç√„sSsCb√#c"„3s"√#3„ì33ÉSb√#„SR√#Ç„í√ÉB√b„2√2„√„sSsSsB√ìÉR„£##R”Ç”í#££√„S#Ç√„3ìÉ3√##r„ìc#S3"√##r„ÉCì#Ç√Ç„É"√#Ç„b√ÉR√2„√„√„3ìÉSSí√ì3B„£##R”Ç”í##££√„C3"√„SSScÇ√#R„sSì#"√#B„33S3b√í„R√#r„b√ì√Ç„√„√„SSSb√Ésí„Ä£##R”Ç”í#3££√„#ÉÇ√„3cc"√Sr„ScCÉCÇ√#2„ÉÉì3ì"√Ç„É"√#r„b√ì√„2√„√„3ccCÇ√Éí„ê£##R”Ç”££√„#cB√„É3C2√#í„ìssÉCÇ√#B„cc#ìb√í„#b√#r„b√ì√2„R√„√„É3CScC√sSÇ„ £##R”Ç”££√„3"√„Cì33B√cÇ„B√#B„s"√sí„Sr√#r„b√ì√b„r√„√„CìcSC"√sr„@£##R”Ç”#££√„3cÇ√„ScSìR√cÇ„ì#ÉcB√#B„CsÉÇ√sr„#í√#r„Ç√Éí√#„B√„√„Scìc2√cÉ2„@£##R”Ç”3££√„C#B√"„ÉC3ìR√cr„ÉCsb√#B„sÉÉÇ√sb„R√#Ç„2√Éb√#R„√„√"„ÉCC33í√ccÇ„P£##R”Ç”C££√„3S"√2„#ì2√cr„sC#cB√#B„Cb√sb„R√#Ç„2√Éb√#í„√„√2„##SR√cc"„Ä£##R”Ç”S££√„3cÉR√"„ìÉc#r√cr„cssb√#B„sSÉÇ√sb„R√#r„Ç√Éb√3„"√„√"„ìÉìs"√cs„0£##R”Ç”c££√„CSìr√"„Sccì√cr„ÉcC3ÉB√#B„SSÉB√sb„R√#r„2√ì√#í„í√„√2„#ÉÉÇ√cìb„P£##R”Ç”s££√R„ììSÉb√„3#ìí√cr„SS##Ç√#B„#SSCB√sb„R√#r„b√ì√32„r√„√r„3ÉR√s3B„Ä£##R”Ç”É££√#"„Cì##sr√"„Ss33ìR√É2„É3#b√#2„ìCsb√sb„R√#r„r√ì√3r„B√#„√#R„cScs#2√sì"„0£##R”Ç”ì££√3B„s3#Sìb√B„ìs3#b√#í„Sì#cB√#2„ìcCS"√í„Cr√#Ç„"√ÉÇ√3í„2√2„√3í„s#ì#"√ÉSb„£##R”Ç”££√C„CSìcS√R„cììSb√3R„CìSCs"√#B„CÉs"√#„Éí√#r„B√ì√3B„r√#C„√Cr„cìcsR√Éì„P£##R”Ç”££√sb„Cssí√B„sCcScb√3b„ÉSÉìb√#2„ìCì"√#2„b√#Ç„í√ÉR√32„√Sc"„√É„S3sCR√Éìí„p£##R”Ç”#££√É„cì3R√R„sssS#b√3b„sÉscb√#2„ÉcSÉÇ√#"„ì2√#í„√É√#í„2√SÉ„√Éb„CcÉcc√ìR„`£##R”Ç”3££√É„cÉ#B√2„sc##R√3b„s#3ssb√#2„ìSB√#"„ì2√#Ç„Ç√É√#R„í√Cb„√É2„ssÉÉCí√ì2„ê£##R”Ç”C££√É„ScC2√„ìC3ìí√3b„sC##Sb√#2„ÉìCSb√#"„ÉÇ√#Ç„B√ÉB√#B„r√CsÇ„√É"„CcCSC"√Éì„Ä£##R”Ç”S££√SÇ„ìcÉÉ√„CcìÉÉÇ√S„ì#Sb√#2„ÉcÉ3ì"√#"„ÉÇ√#r„Ç√Éb√#2„"√3Sr„√Sí„cccscí√Éì2„ £##R”Ç”c££√Sr„CSÉSsb√„3SC#í√ì„c#s3Ç√#2„ìcÉ3"√#"„ì2√#r„b√Ér√#„2√cr„√SÇ„ÉR√Éì2„ £##R”Ç”s££√3„#s3#32√„c33s2√#cB„sÉCÉ#Ç√#2„ìSììS"√Sí„c2√#r„B√Éí√Ç„í√#3R„√3„ìc3b√ì#„@£##R”Ç”É££√„#CCr√"„SS3ÉR√3r„ìc#sB√#2„sSCÉÇ√#2„B√#r„√Éí√r„√s"„√"„sìS3"√ì#R„ £##R”Ç”ì££√„c#CÉr√„ssCsR√3#B„###C"√#2„ì3sS"√#2„3"√#b„R√ì√B„R√c"„√"„3ìc#ì"√ì3„ £##R”Ç”#££√„S#Ç√„ÉS3sÉí√#cb„S33c"√#2„ÉccÉÇ√#2„3"√#R„í√ì2√"„b√"„√„ÉSC3r√ì„ £##R”Ç”#££√„SS"√„ìcSCr√##r„CsÉí√#2„ÉÉSCB√#„Éb√#R„r√ì√„r√„√„ìcSìcí√Éc2„Ä£##R”Ç”##££√„Cìb√„cssCí√SÇ„ìScsB√#2„ÉìÉB√#„Éí√#R„"√ìb√„√„√„cÉ#CR√Éb„`£##R”Ç”#3££√„CCÇ√„33cc√Ér„sÉìcb√#2„sSì3b√#„Éí√#R„2√Éí√í„r√„√„3Cí√scR„p£##R”Ç”££√„CCÇ√„c#Ç√cí„ÉSb√#2„ccìC#B√r„í√#R„2√Éb√Ç„√„√„ccSb√sÇ„P£##R”Ç”££√„B√„ìS#Sí√cí„c3"√#2„sÉsìsb√sR„í√#R„b√ÉR√Ç„2√„√„ìScSí√cc„p£##R”Ç”#££√„3cÇ√„3ÉS#2√cí„CcÇ√#2„s3#CÇ√sR„í√#R„R√Ér√r„"√„√„3ÉÉì√c3"„Ä£##R”Ç”3££√„C#B√„3ÉC√cí„#cì#Ç√#2„ssìB√sR„í√#R„B√ÉÇ√b„2√„√„3ÉCcR√cR„£##R”Ç”C££√„CB√„Ç√cí„#3ÉÇ√#2„sÉ3cÇ√sR„í√#R„"√Éí√r„r√„√„##B√cí„@£##R”Ç”S££√„ìÉ2√„√É„Cì3#b√#2„csì"√sR„"√#R„B√Éí√Ç„r√„√„ìÉ2√c#„ê£##R”Ç”c££√B„Écss2√„√3B„c##ìÇ√#2„cS"√sR„í√#B„b√ìr√b„"√„√B„Écss2√cSR„p£##R”Ç”s££√#b„s33s2√„CB√SÇ„É3ìsb√#2„ììCB√Ç„R√#B„b√ìí√2„Ç√B„√#b„sCCC2√s#b„`£##R”Ç”É££√R„cSSscb√„#ìb√Sí„cìsC"√#2„sccì"√Ç„R√#R„B√ìb√„b√sí„√R„Éccs#b√É32„ê£##R”Ç”ì££√„Sìc3í√„#ÉsCc√ìR„s#ì#cÇ√#2„ÉÉÉ#B√#„ì"√#R„R√ìÇ√"„2√cí„√"„ÉÉ3b√Éì„P£##R”Ç”££√r„ìÉì3Éí√„CccR√##R„C#c#B√#B„#33b√#„ì"√#R„í√ì2√2„b√CB„√Ç„CSSCìB√ì#"„0£##R”Ç”££√#R„s#sr√„3cs3#Ç√##í„cs33b√#B„cs#Ç√#„ì"√#b„R√ì2√"„√3b„√#b„sìCR√ì#R„Ä£##R”Ç”#££√#2„ìSB√„cScssR√##Ç„CsÉb√#B„#Cì"√#„CÇ√#b„B√ìR√"„r√cr„√#2„ÉCs3R√ì#b„Ä£##R”Ç”3££√#"„ì#C√„sSR√##Ç„CCìììÇ√#B„#3"√#„CÇ√#r„"√ÉÇ√B„2√C„√#2„ìssì2√ì3„ê£##R”Ç”C££√#r„ÉCì3í√„ìssSCb√#CR„sììCr√#B„#c3#CÇ√Cí„S"√#Ç„√Éí√Ç„√#3b„√#Ç„É#cSÉR√ì#r„ £##R”Ç”S££√#R„ìs√„ìCìSÉÇ√##Ç„3SCSb√#B„3#ì"√#„CÇ√#r„í√ì√B„"√c"„√#b„3ìsSí√ì3„ £##R”Ç”c££√b„#CìCìR√„CÉìc"√#3r„#cìc"√#B„3Csì"√#"„B√#Ç„√ì√"„r√sB„√b„3ìÉCSr√ìCÇ„ £##R”Ç”s££√í„#3Ccb√„ss#2√#Cr„s#B√#B„#ìÉÇ√#"„B√#r„"√ìB√b„"√#2„√í„3SsÉí√ìc„ £##R”Ç”É££√R„ìs#Sí√„C#CSSí√#cí„sS3sb√#B„c3#Ç√3"„#2√#b„R√ìR√„√s"„√b„3ìsCì√ìCí„@£##R”Ç”ì££√„#É33R√„CÉs#cr√#s"„sB√#B„#"√3„ìÇ√#b„"√ìR√„R√#„√„scÉc"√ìS„0£##R”Ç”#££√„CÇ√„CìsÉìÇ√#CB„ìs3R√#B„C#ìCB√#„ì"√#b„√ìR√b„"√"„√„CìÉ3b√ìÇ„@£##R”Ç”#££√„B√„Cìs"√#„SS32√#B„É#cB√#„ì"√#R„í√ìR√r„r√„√„C#3s"√És„ £##R”Ç”##££√„C#B√„#3ÉÉÉ2√3„ìS3#B√#B„3s3B√#„ì"√#R„Ç√ì2√r„B√„√„#3ì3r√É#"„@£##R”Ç”#3££√„3ì"√„C#Cs"√cí„s3S#Ç√#B„#sÉ3"√Ç„R√#R„Ç√ì2√Ç„2√„√„C#ÉcB√ss"„ £##R”Ç”"££√„C#B√„ìÉccR√cÇ„ìs#s"√#B„#3ìCB√Ç„#b√#b„b√ì√R„B√„√„ìÉcCÉí√s"„P£##R”Ç”"££√„3ì"√„CÉCÉb√Sr„SìCSCB√#B„3C#ìì"√ÉB„3R√#b„b√ì√r„R√„√„CÉÉsÇ√ccr„ £##R”Ç”"#££√„3ì"√„Scì√„scÇ√#B„3ìccB√ÉB„3B√#b„r√ì√R„b√„√„ScìCì"√c3í„Ä£##R”Ç”"3££√„CÇ√„ÉSSC"√„√#B„c3Ç√ÉB„32√#b„√ìR√b„"√„√„ÉSìR√c#„£##R”Ç”"C££√„C#B√„ìCSr√„√#B„ccÉÇ√ÉB„3B√#R„B√ìR√2„Ç√„√„ìÉÉ√cb„`£##R”Ç”"S££√„c3√„3ìÉ"√„√#B„CSSB√ÉB„3R√#R„b√ìB√2„í√„√„3s#É2√c32„p£##R”Ç”"c££√„ÉìsR√"„cscsR√Ç„ìsÇ√#B„##33sb√ìR„c2√#R„r√ìR√b„Ç√„√2„cìs3Ç√csb„`£##R”Ç”"s££√B„#3#ÉCB√2„css#r√sr„CÉ3Ç√#B„C#cB√Ç„32√#R„R√ìr√2„í√í„√r„ìB√sCr„p£##R”Ç”"É££√3b„ìS#Cc"√"„ÉììÉ"√S"„CÉìc#B√#B„C3ìS3b√í„#r√#R„r√ìí√b„2√sB„√3í„C#CCB√ÉCR„ê£##R”Ç”"ì££√cB„ÉsccÉÇ√„3ìÉcb√Sí„#C33B√#B„C3CcB√#R„S"√#b„√ìR√b„R√É„√cb„ìcSSB√ìí„@£##R”Ç”"££√„csÉsìí√„ÉìSÉÉ√Sb„sSB√#2„ìsìB√#R„Sí√#r„B√ìR√B„2√CR„√"„SsCcÇ√ì3„P£##R”Ç”"££√2„c3Éb√„SSC√SÇ„CSc3Ç√#2„ÉcsccB√#R„Sí√#Ç„2√ì"√b„Ç√2„√B„c3#r√ìS"„£##R”Ç”"#££√#Ç„scÉR√"„SÉ3B√SÇ„É3Ç√#2„ìì#SCB√#R„R√#Ç„í√ì√2„√3Ç„√3„scìsÉìììììììÇ√ìSR„£##R”Ç”"3££√3í„sSÉs2√"„É3ÉcÉ√Sr„cì3CB√#2„É#3ìÉB√#R„S√#r„Ç√ìB√„r√#„√C"„SìsC"√ìSr„0£##R”Ç”"C££√cí„CìCCCí√„ìC#Cb√Sb„ì#3SsÇ√#2„ì#cìb√í„S"√#í„í√É2√R„B√S„√s„CÉcìR√ì3Ç„0£##R”Ç”"S££√3r„S3##í√„ì3É"√s„É#cS3b√#B„É3b√#Ç„3í√#í„R√É2√„R√#sR„√3Ç„SCcìììììììÇ√ìcÇ„ £##R”Ç”"c££√ì2„ì3cb√„S#CCcR√#r„3#"√#2„ÉSCs#Ç√í„Sb√#í„b√É2√"„Ç√3c„√ìB„CSSc3√ìÉÇ„0£##R”Ç”"s££√CB„ÉcìcÉ√„#3##2√#CR„C##c3"√#2„ì3ìCSb√í„Sb√#í„√ÉÇ√B„√#s„√CR„s#ìB√B„@£##R”Ç”"É££√"„SS#Sr√„#ÉC√#cB„scCcb√#2„ìc#ì"√#„#b√#Ç„b√ì"√2„Ç√##„√"„sSì3ìÇ√R„ £##R”Ç”"ì££√"„#CSsR√„CccÇ√#s2„Éìì#B√#2„É#3CÇ√#„#Ç√#Ç„"√ìR√2„R√ìB„√"„sccSR√Ç„@£##R”Ç”"#££√„CS#CB√„ììCcR√#s2„SCcsÉB√#2„ìs3cÇ√í„#r√#b„Ç√ìÇ√"„B√B„√"„3ì3ì2√ìì„p£##R”Ç”"#££√„#í√"„cìÉs√#CR„ìÉC#C"√#B„3SÉ3"√í„#r√#r„√ìR√"„b√„√"„sCss√ì3b„P£##R”Ç”"##££√„CÇ√"„É3Ssìí√Sr„3#33Ç√#2„ìì##cB√í„B√#b„í√ì√"„r√„√"„É3c#sB√ÉÉr„ £##R”Ç”"#3££√„Cb√"„É3S#í√3r„sc3"√#2„ìssCÇ√b„ÉR√#b„r√ì√B„√„√"„É3ìCR√É#2„Ä£##R”Ç”2££√„CB√"„#SSÉ2√c2„ìcCscÇ√#2„ìcc33b√í„Ç√#r„√Éí√2„2√„√"„#c#3B√sSR„p£##R”Ç”2££√„C#B√"„#3cR√„√#2„ìsCcÇ√ìr„Éb√#b„í√ì√"„í√„√"„#C#í√sR„0£##R”Ç”2#££√„3cÇ√"„Ç√„√#B„#cÉb√ìb„"√#b„B√ì√2„√„√"„3Éb√cs"„ê£##R”Ç”23££√„C#B√"„Sìì3ì2√„√#B„#3#Ç√ì„S√#R„í√ì√2„"√„√"„SììÉs2√cS"„P£##R”Ç”2C££√„CB√2„3sìSB√„√#2„ìscìsb√ÉB„#B√#R„í√ì√"„2√„√2„3s#3ìC2√cC2„ê£##R”Ç”2S££√„ÉÉSR√2„scìs3√"„ÉÉìs"√#2„ì3ì#3"√ÉB„#B√#b„√ì√"„R√„√2„sÉÉSÉb√cSr„@£##R”Ç”2c££√Ç„ìS3S2√2„#s3b√3B„#SS3"√#2„ìSc3"√í„#í√#b„"√Éí√"„√„√„###cSí√cìb„0£##R”Ç”2s££√C"„ÉCìC3b√2„#3csR√cÇ„CccB√#2„ìì#ìì"√b„ì2√#r„R√Éb√"„√C2„√Cb„ÉSc√scb„£##R”Ç”2É££√„ìScìì√2„cÉ#cí√cÇ„Cc3SÉB√#B„3#Sc3"√R„√#Ç„√Éí√"„í√cR„√B„c3ìb√ÉC2„0£##R”Ç”2ì££√Sb„cÉcìÉB√B„SCcì2√C„SSÉCCÇ√#B„cÉÉÇ√3„cí√#Ç„Ç√Éb√2„Ç√33b„√c„ìcsr√ìÇ„Ä£##R”Ç”2££√ìr„sCCìcR√B„c"√„√#B„Sb√3„cí√3„√sr√„Ç√S#Ç„√#„sCc#r√ì3b„ê£##R”Ç”2££√#3r„#c#"√B„C3CCìr√„√#2„sSs"√#„É2√3„Ç√s"√„b√cS„√#C„cSsr√ì3r„£##R”Ç”2#££√#CR„CSCcÉR√B„CcSCí√„√#2„ì#3#s"√#„cÇ√3„í√s2√"„r√cÉ„√#Cí„ìS#3B√ìC„`£##R”Ç”23££√#3„SìSÉÉR√2„ìCÉSì2√„CcSc3"√#2„ìÉscÇ√#„cÇ√3„"√s√"„√s#B„√#3B„SCCCsÇ√ìcR„p£##R”Ç”2C££√##„c#SCCB√2„#Ssìí√3„ìCì#ìb√#2„ìS#"√r„ì√3„"√s√"„b√cìR„√##2„É3#C2√ìs2„ £##R”Ç”2S££√ìB„ÉC##√„cÉB√#R„#CÉcB√#B„ÉÉ3b√r„ì√3„2√s√2„í√s3b„√ìb„S##3R√ìÉÇ„ £##R”Ç”2c££√c„#ÉC#B√„ÉS##Sb√ÉB„ììCB√#B„#cìb√í„B√3„√sR√B„"√cb„√c"„scÇ√#„ £##R”Ç”2s££√Éb„ÉìS#√„ssCìí√#3B„ÉÉÉcìb√#2„ììB√r„ì√3„B√É√r„√CcB„√Ér„ccì3√Sb„@£##R”Ç”2É££√#2„3#ìCR√"„sb√#ì„SSs##B√#2„ìC#"√r„ì√#í„r√ÉB√b„√#É2„√#R„3###√c"„P£##R”Ç”2ì££√2„CSÉìR√"„É#Cìì√3í„cìcÉCb√#B„sC#B√r„ì√#Ç„Ç√ì√"„"√ìB„√R„ìsÉÉb√cB„p£##R”Ç”2#££√„ìCÉ#sb√"„C#ì3Ç√3#b„ìC3Sb√#B„C3Ç√#„√#r„2√ìR√„2√B„√B„3s#B√3B„`£##R”Ç”2#££√„cCs33b√„ì3#c#√3#r„Éì3#B√#B„s#s"√b„cR√#b„r√ìB√"„√„√2„SsììSr√ìsb„`£##R”Ç”2##££√„3ìsìb√„#cr√#ìB„ì#C#B√#2„ìsCsb√b„C2√#r„√ì2√2„2√„√„Sìsc2√ìB„p£##R”Ç”2#3££√„CCÉB√„scÉ"√##Ç„ììsìs"√#2„ì#3CB√b„C2√#r„√ì√R„√„√„scc#ìb√ÉCr„p£##R”Ç”B££√„3ÉB√"„#í√cÇ„3ì#ì3Ç√#2„ìÉSb√R„√#b„R√ì√R„Ç√„√"„csB√ss2„Ä£##R”Ç”B££√„3#Ç√„CÉ3c√#2„ÉCSCSb√#2„ìSS"√2„r√#b„b√ì√2„B√„√„CÉ33Éí√s#2„Ä£##R”Ç”B#££√„3CB√„#Éìss2√cí„Sc3B√#2„ÉssÉB√2„r√#b„Ç√Éí√"„b√„√„#ìr√cÉí„@£##R”Ç”B3££√„B√„3ìSCc√s„sCì#Ç√#2„ìì3B√2„r√#b„í√ÉÇ√„r√„√„3ìSÉc√ccR„ £##R”Ç”BC££√„Cb√„3#Cc√s„sSsScÇ√#2„ììs3b√r„cb√#b„2√Éí√„2√„√„3#Ésr√cSR„Ä£##R”Ç”BS££√„É3"√„3CÉ3Ç√s„É3CB√#B„ì"√ÉB„#B√#b„√Éí√2„b√„√„3Sì#"√ccí„ £##R”Ç”Bc££√r„csì3ì√„3SCb√s„cìCc#B√#2„ìÉs3b√í„cb√#R„R√Éí√"„Ç√„√Ç„#ìÉS√sr„`£##R”Ç”Bs££√Sb„Éì#C3"√„#É3CR√s„S3ÉB√#2„ì3CCÇ√#„b√#b„Ç√Ér√„R√S„√Sr„ssr√scí„ê£##R”Ç”BÉ££√#r„CSìì#Ç√„33cÉr√s„#ÉcìCB√#2„É#CCÇ√b„cR√#Ç„√Ér√2„R√#„√#r„sìcs3R√ÉCí„@£##R”Ç”Bì££√ì"„sÉ3sb√„C#És"√cí„ììì3b√#2„É#ì3B√Ç„"√#Ç„r√Éb√R„Ç√3ì„√ì2„#SCÇ√ìÇ„ê£##R”Ç”B££√#CB„S2√„C3sÉb√cí„Éì33sb√#B„sìcÇ√Ç„ìR√#í„R√ÉB√r„"√SCÇ„√#CB„SCcÉb√ìC2„ê£##R”Ç”B££√#c2„#ÉÉR√„C#ìccr√cí„ccÉ3"√#2„ÉSÇ√#„3B√#í„B√Éb√r„B√s"„√#c2„SSsÉS"√ìSr„ê£##R”Ç”B#££√#3b„ÉÉ#C2√„cìÉ"√cí„S#sÉÇ√#2„ìCsìcÇ√#„3B√#í„í√É"√r„í√sc„√#3r„CÉC#R√ìs„£##R”Ç”B3££√Éí„#3sÉb√„Sìc#cb√cí„ÉcS#Ç√#2„Éì3"√S2„ìí√#í„B√ÉR√í„R√ÉSb„√Éí„É3CÉ"√„@£##R”Ç”BC££√cÇ„33C3r√„3c#sb√É2„3Ss"√#2„sÉSÉCÇ√Ç„"√#Ç„Ç√Éb√r„"√sì„√cÇ„cìsÉb√Ç„ £##R”Ç”BS££√S„SCCìb√„ÉCc2√3„scsC"√#2„ìCÉcìb√Ç„"√#í„√ÉR√b„R√sr„√S„c#S#b√B„ £##R”Ç”Bc££√R„ì#ÉSÉr√„Ç√#R„#CSB√#2„ìssÉb√Ç„ìR√#Ç„Ç√Ér√R„√Sìí„√R„ì33Ér√3r„P£##R”Ç”Bs££√cr„#3ììR√„√3#"„ÉÉìÉ"√#B„c#Sb√#„"√#í„√ÉR√B„√CB„√cr„#3ììR√cR„`£##R”Ç”BÉ££√#"„ÉìÉì3r√„√3cí„SÉ3ssB√#2„ììC33b√3"„√#Ç„r√ÉÇ√R„Ç√##"„√#"„ÉìÉì3r√s"„@£##R”Ç”Bì££√2„S#sì√„#b√3s2„32√#2„ì3S#Sb√3"„√#r„í√ì"√B„"√ì„√2„S3C3ì√s2„ £##R”Ç”B#££√"„s#B√„CìÇ√3sR„3ScÇ√#„ìì3s3b√r„C2√#r„√ìR√„B√2„√"„SS#B√3í„£##R”Ç”B#££√„cCÉB√„CìCr√3sb„##3B√cí„#SÇ√b„cÇ√#b„b√ìb√„B√„√"„C3sS√ìÉ"„P£##R”Ç”B##££√„#ÉìSCÇ√„S#SR√3cÇ„ì3sB√c"„S3#B√#„b√#r„√ìB√„í√„√„C3ìÉ2√ì#„ £##R”Ç”B#3££√„CÇ√„cSSCÇ√3"„ì3ìì3Ç√c„ÉccÉÇ√b„cR√#b„b√ìB√„Ç√„√„cSìSb√ÉS„£##R”Ç”R££√„CÇ√„CìB√#3„SSìÉb√c„É#cÇ√B„ìí√#R„r√ìR√„√„√„C#3CÇ√ssb„ £##R”Ç”R££√„B√„ÉÇ√Sí„ì3sc"√c„É#s3CB√B„ìí√#R„R√ìB√„r√„√„ÉSÇ√s#„£##R”Ç”R#££√„3b√„√3Ç„s#ÉÇ√c„sìcb√b„É2√#R„B√ì"√„r√„√„3b√cÉ"„£##R”Ç”R3££√„3sb√„√3Ç„ÉCc#B√c„ìÉìb√„#í√#R„2√ì√„í√„√„3sb√cSb„@£##R”Ç”RC££√„3ÉB√„cÉr√3Ç„ss3S"√c„ì3Éìb√„#í√#R„R√ÉR√„í√„√„#s√cCr„ £##R”Ç”RS££√„s#S√„#C√3Ç„ssCìCB√c„ì3sCB√„#í√#R„r√É2√„"√„√„sCì"√cSb„@£##R”Ç”Rc££√Ç„sSc3√„√3Ç„sCc3ÉB√c„É#c"√B„ìí√#R„r√ÉB√„"√„√Ç„sSc3√csí„£##R”Ç”Rs££√Sí„CS#3í√„√3Ç„É3ÉÉìb√c„sÉ#b√r„3R√#r„√ÉB√„2√Sr„√Sí„CS#3í√sR„£##R”Ç”RÉ££√3r„ìS#3r√„SB√sí„c3c3"√c„ììÉs"√B„ìí√#r„b√Éí√„Ç√#3"„√3r„ìSssr√sSB„P£##R”Ç”Rì££√ìb„Scsb√„í√cÇ„3CCsS"√c„É3sìÉB√Ç„B√#Ç„B√Ér√B„"√C3b„√ìb„Sscb√É„`£##R”Ç”R££√#32„c#3S"√„CB√cÇ„Ccsb√c„É#3ì"√Ç„í√#í„b√É"√R„R√c#b„√#32„c3sì"√ÉC"„Ä£##R”Ç”R££√#cb„#ìS#2√„Ç√s2„ìsC#Ç√c„sSSCÇ√r„ì"√#í„í√É√r„"√sSR„√#cb„33#2√ÉSÇ„ê£##R”Ç”R#££√#S"„cìsb√„33S#2√"„ccCìCB√cí„3És"√r„ì"√#í„"√ÉR√r„√s„√#S"„s3#2√ÉÉ„ £##R”Ç”R3££√ìB„#ÉsÇ√„c"√32„S#C3"√c„ìssB√r„É"√#í„√Ér√B„2√ÉR„√ìB„3B√ì„ £##R”Ç”RC££√ÉR„C3Sì√„#b√3r„ÉÉÇ√c„ì#Sb√r„É"√#í„B√É√"„b√sÉí„√ÉR„CCssì√ì2„P£##R”Ç”RS££√S"„É3#c3R√„s"√S„##ìScÇ√c„sscccB√r„É"√#í„r√sr√B„√sr„√S"„É3ìÉ3S"√ì3„ê£##R”Ç”Rc££√2„É3É3"√„3b√#R„#Csc"√c„ìCcÉÇ√r„Ç√#í„B√sÇ√R„R√SÉ„√2„ÉCì"√ìc"„P£##R”Ç”Rs££√cb„#CCs√„√3„3c#"√c„ìÉ3Ç√r„ì"√#Ç„í√É√B„b√Cb„√cb„#CCs√B„`£##R”Ç”RÉ££√#2„Cìsìb√„CÉ"√3#R„ÉSC3"√c„ì3Cì"√#R„S√#Ç„B√É2√2„b√ÉB„√#2„C##sÉ2√#2„`£##R”Ç”Rì££√"„ìsss32√„ì#Ç√3#Ç„SS3í√c„É3SS"√#R„ÉÇ√#Ç„√É2√2„b√cÇ„√"„ìsìcc√#r„ê£##R”Ç”R#££√"„3ÉB√„CÉ"√33„sCSSc"√c„ÉsC3#Ç√í„3"√#r„√ì√"„"√2„√"„3ccb√R„P£##R”Ç”R#££√„cCsÇ√„3ÉSr√3#í„cS3Ç√c„ÉS#S"√3B„Cb√#b„B√Éí√„√„√„cCCc3r√ìS„ £##R”Ç”R##££√„3Cs#b√„c3S2√#SB„S3Éìb√c„sìcB√#„√#b„B√ì√„í√„√„Csc2√ÉÉb„Ä£##R”Ç”R#3££√„B√„#É#b√#„SCcb√c„ÉìcÇ√b„É2√#R„í√ì"√"„√„√„#É#Cb√É#„Ä£##R”Ç”b££√„3ÉB√„CCÉ#2√í„ìCCb√c„Éc#s"√R„Éb√#R„B√ì"√2„√„√„CCÉSÉr√sS„P£##R”Ç”b££√„3ÉB√„SìSí√cÇ„3CÉB√c„ì#ì#Ç√B„"√#R„2√ì√"„Ç√„√„SìCC2√cìÇ„ê£##R”Ç”b#££√„3ì"√„CcÉ3R√cí„ìcScb√c„ì3Ç√r„cr√#R„√ì√"„B√„√„Cc##r√ccR„£##R”Ç”b3££√„Cb√„#sÉ#C2√s„3ÉS#Ç√c„ì3SÉb√„ÉR√#B„í√ì√"„2√„√„#sÉcSí√cC2„£##R”Ç”bC££√„CÇ√„##cB√cí„ìs#sÉB√c„ìsSb√sr„#B√#B„b√Éí√2„B√„√„#cs"√c3b„p£##R”Ç”bS££√„cb√„ìì#b√cí„É3#"√c„ÉSCb√sr„Ç√#B„B√ÉÇ√2„"√„√„#Écb√cCb„@£##R”Ç”bc££√b„É#3s#í√„CB√cí„É3SÉÇ√c„És#cCÇ√sr„Ç√#B„2√Ér√„Ç√„√b„ì3CÉs3R√ccí„`£##R”Ç”bs££√Sí„ÉCSC2√„sÉs3√cí„#És3CB√c„sCÉB√R„Éb√#R„√ÉÇ√„b√Cí„√Sí„ìì#sB√s„ £##R”Ç”bÉ££√C2„sìCí√„3b√cÇ„cÉ3cÇ√c„ÉCìS"√R„Éb√#r„B√Éb√„√##B„√C2„sCSCì"√sCr„£##R”Ç”bì££√#í„ìc#3í√„Ç√cÇ„3SìcCÇ√c„sS3sB√Ç„ÉB√#Ç„B√Ér√„r√C3R„√#í„ì#s3í√É„P£##R”Ç”b££√#S„ììcc#"√„ScR√cÇ„#CcÉcB√c„sSsScÇ√r„r√#í„B√É√B„"√c3"„√#S„###r√ÉC2„ £##R”Ç”b££√#sB„SÉÇ√„3ÉR√cr„ÉS3b√c„sÉ#Sb√Ç„ÉB√3„√sí√b„B√sÉ"„√#sB„sÉ#2√ÉSí„£##R”Ç”b#££√#SÇ„cC##b√„s#ì2√cr„3CìsCB√c„sc3##B√Ç„CB√#í„B√Ér√í„Ç√ÉÉ„√#SÇ„cSìSS2√ÉÉ2„p£##R”Ç”b3££√#32„S3SììR√„#b√cr„C3S3b√c„sSìS#Ç√Ç„CB√#Ç„r√ì"√b„b√ÉcÇ„√#32„SCÉSìR√ì„£##R”Ç”bC££√ìb„CS#í√„í√É„ScÉsb√c„cscCÇ√Ç„CB√#Ç„Ç√ì√R„R√s3B„√ìb„Ccí√ìÇ„@£##R”Ç”bS££√Ér„#Cccí√„Ç√CÇ„É#Ccí√c„s3cÉÇ√Ç„CB√#í„√Ér√b„í√sR„√Ér„#SsCí√ì#R„`£##R”Ç”bc££√#R„sCC2√„3b√#sr„S#C3√c„cScs"√Ç„CB√#Ç„R√Ér√R„Ç√SÉ„√#R„sssC2√ìcb„`£##R”Ç”bs££√cí„ss3Ç√„√3#„ÉÉS3SB√c„É3cÇ√Ç„CB√#Ç„B√ÉB√B„R√3CR„√cí„ss3Ç√B„0£##R”Ç”bÉ££√í„3És2√„√3#b„SSss#Ç√c„ÉÉìÉìb√Ç„ÉB√#Ç„"√ÉB√B„2√Éí„√í„3És2√3„ £##R”Ç”bì££√2„Csb√„É3b√3#Ç„CÉb√c„s#cC3"√Ç„ÉB√#Ç„√ÉR√B„b√cí„√2„#3cb√32„@£##R”Ç”b#££√"„#É3"√„3sÇ√3#Ç„CC3#"√c„sCÉ#B√Ç„ÉB√#b„b√ì2√2„√"„√"„cc"√R„ê£##R”Ç”b#££√„c3Sssb√„ì#"√33„Cì#Sb√c„s#É3"√r„r√#b„√ì2√„√„√„s#cìÉÇ√ìS„ê£##R”Ç”b##££√„C#SCÇ√„cSSR√3„3sCì"√c„sÉSìb√Ç„ÉB√#b„í√ì√„B√„√„SìììR√ÉÉí„£##R”Ç”b#3££√„SÉ#B√„#3#sSr√#2„ìÉÉ32√c„ÉcSC#B√r„r√#b„√ì2√2„√„√„#3ÉSÉ√É#B„Ä£##R”Ç”r££√„3ÉB√„#S3ìr√3í„És3#Ç√c„É#c#Ç√r„Cb√#R„b√ìb√2„B√„√„#S3CÉ√sSR„Ä£##R”Ç”r££√„CÇ√„cìc32√í„3SÉB√c„ÉcCÇ√Ç„ìÇ√#B„Ç√ìÇ√2„"√„√„sC√sR„ £##R”Ç”r#££√„3b√„C#"√cR„S3ScÇ√c„ÉS##B√2„ìb√#B„B√ìB√2„B√„√„CSÇ√cs„ £##R”Ç”r3££√„CÇ√„ssB√cí„cÉ#CB√c„ÉS#s"√sr„"√#B„B√Ér√"„R√„√„ssÉÇ√cCR„ê£##R”Ç”rC££√„Cb√„s"√cí„cCìB√c„sìSSì"√B„#"√#B„R√É2√"„√„√„sC3b√c3í„£##R”Ç”rS££√„SìR√„##B√cí„S3ì#3"√c„cììsb√sr„"√#B„b√É√"„b√„√„33s3R√cCr„ê£##R”Ç”rc££√Ç„CÉ3r√„#ÉÇ√cí„Cs33sb√c„sC###B√sb„c2√#B„B√É√"„"√„√Ç„33c3r√ccb„P£##R”Ç”rs££√Sr„CScìÇ√„Ç√cí„#ìsCB√c„ì3ì"√b„b√#b„"√sÇ√"„2√Sr„√Sr„CccÉìÇ√cìR„ê£##R”Ç”rÉ££√#b„ÉCcs2√„Ç√cÇ„C3#Ç√c„sÉc3S"√R„ì"√#r„R√É2√B„í√#3R„√#b„ÉCsìs2√s3r„£##R”Ç”rì££√É„Sc3Cí√„í√cÇ„Éìc3"√c„cìCB√#„√#Ç„"√Ér√B„R√CC„√É„Ss#Cí√sÉR„0£##R”Ç”r££√##B„csSsSB√„CB√cr„s3ì#Ç√c„sS#ÉÇ√#„√#í„B√É√b„"√c#„√##B„cìSB√É#Ç„ê£##R”Ç”r££√#C"„ìcsR√„cCC√cr„CCìÉs"√c„sC#Sb√#„√#í„r√sí√R„í√sCr„√#C"„##Sb√ÉCR„@£##R”Ç”r#££√#3B„sSìCÇ√„Ç√cr„##Ssb√c„c3sB√#„R√#í„í√sÇ√R„b√É3R„√#3B„ì3ìCÇ√És2„£##R”Ç”r3££√ìR„ìSÉCí√„CB√cr„cCì#Ç√c„c3És"√#„R√3„√sÇ√B„í√É3B„√ìR„ì##Cí√ì„0£##R”Ç”rC££√Ér„cÉsìSÇ√„Sc√É"„#SC3SB√c„cCÉ3"√#„R√3„B√sb√b„í√Ér„√Ér„sì3í√ì„@£##R”Ç”rS££√sb„3Cì#sR√„SìÉ√s2„ì#ÉcsÇ√c„sCìcÇ√#„R√#í„í√sí√Ç„B√s2„√sb„ìCs#Éc"√ìR„ê£##R”Ç”rc££√#Ç„ÉCcìcb√„Cìs#b√#s2„cc3sb√c„ìscCÇ√#„R√#í„Ç√É√b„Ç√SS„√#í„3CCÉ#"√ìS„ê£##R”Ç”rs££√cB„ss3CB√„Cc#ÉcB√3r„3C#b√c„Ésìb√í„sR√3„√sí√r„√3sí„√cR„#3SìÇ√ììÇ„ £##R”Ç”rÉ££√b„CcSSS"√„CS#cb√3#R„3SS#Ç√c„É##B√#„√#í„B√sí√r„r√#CB„√b„ìscsììììììììr√#B„@£##R”Ç”rì££√"„Cc3í√„cCìcB√3#b„SSÉÉ"√c„s3sCB√#„√#Ç„b√ÉÇ√2„B√sB„√2„ì#2√3"„ £##R”Ç”r#££√„ìs#CÉB√„csìÉsÇ√3#b„s#ìC3Ç√c„ÉìSì"√#„√#r„b√ì"√„"√"„√"„cS#3c"√Ç„`£##R”Ç”r#££√„S3Csìb√„3CìÉB√3#r„CsCìb√c„ccs#Ç√#„√#b„b√ìB√„í√„√„ÉÉCc√ìSB„p£##R”Ç”r##££√„3#3CCÇ√„Éì##"√3#r„3CSSR√c„s#ÉSb√Ç„C2√#r„"√ì2√„R√„√„S#cr√Éì2„ £##R”Ç”r#3££√„3cÇ√„#ì#sìÇ√#ìb„ìcì"√c„scs"√b„b√#b„B√ìR√„R√„√„#ì3cb√É#R„ê£##R”Ç”Ç££√„CÇ√„ÉsB√##r„CC#"√c„sìÉ33b√R„Sí√#R„í√ìR√„b√„√„É#CÇ√sSb„£##R”Ç”Ç££√„B√„cSsÇ√SÇ„C#3c"√c„É#sScÇ√sb„CR√#R„R√ìR√„b√„√„ccÇ√sR„`£##R”Ç”Ç#££√„3CB√„3cí√3r„3S3SS"√c„Éìc#B√sb„CR√#R„"√ìR√"„"√„√„3s#CB√cs2„p£##R”Ç”Ç3££√„33b√„sì3SB√3Ç„c#SC#B√c„ÉÉSCB√sb„CR√#R„"√ìB√"„2√„√„sìcí√cSR„ê£##R”Ç”ÇC££√„3CB√„Ss3sR√3Ç„s#ÉCcB√c„s##Ç√sb„CR√#R„B√ìí√2„√„√„Sssí√cS2„@£##R”Ç”ÇS££√„ìÉ#Ç√„#ìscB√3Ç„s#SÉÉÇ√c„csìCCÇ√sb„CR√#R„"√ìb√2„2√„√„3ìSì"√ccr„Ä£##R”Ç”Çc££√r„##cìí√„3É"√3Ç„sÇ√c„É3sS3b√sb„CR√#R„2√ì"√2„√„√r„#33sÉ√sr„Ä£##R”Ç”Çs££√CÇ„#CC2√„√3Ç„sÉ3#Ç√c„ÉcÉsÉB√R„Sí√#b„"√ì√B„√Cb„√CÇ„#CC2√sÉ„Ä£##R”Ç”ÇÉ££√R„3b√„3b√3b„scìCB√c„sÉ33#Ç√Ç„s2√#r„í√ì"√2„"√É"„√R„3Ccb√Écb„Ä£##R”Ç”Çì££√ÉÇ„3SsCb√„í√3b„sCccB√c„s#ccSb√Ç„s2√#Ç„b√Éí√B„B√3Ç„√ÉÇ„3ccCb√ì#r„£##R”Ç”Ç££√#3R„#cì#Ér√„33"√3b„sÉìb√c„sìC3b√Ç„s2√#í„B√Ér√b„Ç√SSí„√#3R„3s#cr√ìSÇ„Ä£##R”Ç”Ç££√#S"„3SÉ2√„#c3cb√3R„sÉc##B√c„ìSSÉcB√Ç„s2√#í„í√Ér√Ç„√s#Ç„√#S"„#S#sí√ìsB„ £##R”Ç”Ç#££√#c2„3És2√„3Cs3ìB√3R„sscSb√c„sÉ#ìì"√Ç„#"√#í„B√Ér√í„r√ÉC„√#c2„3ÉSCcr√ìs2„ £##R”Ç”Ç3££√#Sí„S2√„S#sS"√Cb„C3ìÉB√c„ssÉcÇ√Ç„#"√#í„√ÉR√r„2√sìr„√#Sí„S#ìR√ìÉí„ £##R”Ç”ÇC££√#3"„ÉCSSìí√„CSC"√sb„#csìb√c„ÉìÉCÇ√#„3r√#í„b√Ér√r„√sSÇ„√#32„#Sí√ììR„p£##R”Ç”ÇS££√ìB„É#s#r√„É3sR√#í„cÉSSb√c„ÉSSÇ√3R„R√#í„B√Éí√r„"√ccR„√ìR„sC"√„P£##R”Ç”Çc££√3B„CÉí√„#cìÉ2√#Sí„#cSCìb√c„ÉCSÉÇ√#2„cí√#Ç„Ç√ì√2„B√S3R„√3B„#É#ì"√Cr„@£##R”Ç”Çs££√s2„cs#S3b√„sCccSr√3#„#C3Ç√cR„CsCB√#B„CÇ√#í„2√ì√B„√3ìí„√sB„Cìì#ìììììììí√sb„£##R”Ç”ÇÉ££√#„3ìÉÉR√„Scc#í√3c"„sSs"√sR„Éc3s"√#B„S√#Ç„Ç√Éb√B„"√#c„√#„ÉsSB√ÉB„`£##R”Ç”Çì££√"„ììSB√„S#c#√3ÉB„ÉcìCÇ√cr„ÉC3B√#B„2√#r„Ç√ìB√"„B√ÉB„√2„Cìss3R√É"„ê£##R”Ç”Ç#££√"„3SScB√„Éìì2√3s„ÉC"√c"„3SSB√í„B√#b„Ç√ìR√„í√"„√"„ìSSCìB√CB„@£##R”Ç”Ç#££√„cÉsB√„SìÉÉ32√3s„CS3SSÇ√c„sc#ccB√3„b√#b„R√ìB√"„√„√"„#sS3r√ìÉ„£##R”Ç”Ç##££√„#sCÉÉÇ√„cÉ#Ç√3CB„sC#"√c„ÉÉìSb√Ç„s2√#b„√ì2√„2√„√„ÉÉcsc√ì2„ê£##R”Ç”Ç#3££√„3cÇ√„#SìScb√3#R„ì33í√c„É#cÉÇ√Ç„s2√#R„b√ìB√„r√„√„#Sìì3B√ÉC„ £##R”Ç”í££√„C3"√„sÉ#3"√#c„SSìsÇ√c„sì3Ssb√3„b√#R„2√ìR√„r√„√„sÉccB√scr„p£##R”Ç”í££√„3CB√„c3#sSí√ì„#SSÇ√c„sS#ìsb√„CÇ√#R„√ìb√„b√„√„c332√sB„`£##R”Ç”í#££√„3ì"√„#cÉÇ√S„ssCc2√c„É3cÇ√„CÇ√#B„r√ìR√„r√„√„#Ç√csÇ„0£##R”Ç”í3££√„B√„Scsí√Cr„332√c„É#s3b√„ÉÇ√#B„b√ìB√„2√„√„Ssí√cSÇ„@£##R”Ç”íC££√„Cb√„ScsÇ√#Ç„#C#ìb√c„ÉSS3b√„CÇ√#B„R√ì2√"„2√„√„Ssìb√cS„p£##R”Ç”íS££√„3sSÇ√„ÉSÉì√#R„ì3c3Sb√c„Éì"√„CÇ√#B„b√ì"√"„r√„√„ììcCÉìììììììììí√cc"„`£##R”Ç”íc££√r„sSÉCÇ√„Ss3c√S„Éc#Cb√c„É3c#CÇ√r„√#B„r√ì"√2„"√„√r„sc3#í√s„0£##R”Ç”ís££√S„3ìB√„3CsB√Sí„cCsí√c„s#Écb√í„3√#R„b√ì√B„R√C2„√S„C#CÉÇ√ss„ £##R”Ç”íÉ££√#"„#Csìr√„3S"√SÇ„SìsB√c„sCS#CÇ√í„í√#r„b√ÉÇ√B„R√ìí„√#"„#3c#ìí√ÉS2„0£##R”Ç”íì££√3R„ìcR√„#c3í√Sr„ÉÉSìÇ√c„sCcSì"√#„#"√#Ç„√Éb√R„r√#cr„√3R„#sCÉ3ìììììììÇ√ìS"„Ä£##R”Ç”í££√Sr„3ìs#r√„s#É2√Sr„SÉcsÉb√c„ì3SÉÇ√#í„"√#í„r√É√b„√S3Ç„√Sr„CÉì√ìÉB„`£##R”Ç”í££√#„3CS3"√„3SSb√c„ì#CC3B√c„ÉCr√#„3R√#í„í√É2√Ç„2√cs2„√#„cìcCsb√ìsb„ê£##R”Ç”í#££√#CB„Ss##s2√„s#b√ì„sB√c„É#3"√#„√3„√ÉB√Ç„√s„√#CR„#É#3ìí√ìcB„0£##R”Ç”í3££√#SR„#C#ìR√„cÉCR√##„3C3ì"√c„sc#CÇ√3„Cí√#í„r√É2√Ç„√É„√#Sb„C#C2√ìÉ„`£##R”Ç”íC££√#"„cSCì3í√„SC3r√##b„3S##√c„sìì3b√3„#B√#í„"√É2√b„R√sí„√#B„SS3sb√r„Ä£##R”Ç”íS££√SÇ„3C#B√„cccìR√#3R„CÉì#B√c„s#SÉs"√3„#B√#í„b√ÉR√B„í√cc2„√Sí„s3í√#„ê£##R”Ç”íc££√CÇ„S#SÉÇ√„CÉC3Ç√#cí„S#cìì"√c„sÉCcÇ√3„ÉR√#í„R√É√R„B√SCb„√CÇ„S3cìb√3í„@£##R”Ç”ís££√s"„ss3Ç√„3ÉCR√33„ÉSC3c"√c„ìSCB√3"„Cb√#í„"√ÉB√b„"√3ì„√s2„3Ss2√É2„ £##R”Ç”íÉ££√#„ÉÉsì√„3S#ì"√3cB„ìSìC"√c„ÉCìÉSb√3„ÉR√#Ç„Ç√Ér√R„B√#Ç„√#„ss√ì"„Ä£##R”Ç”íì££√"„ì##cB√„C3S#B√3s"„3É3Cb√c„sCìCCÇ√3„s"√#r„Ç√ì2√"„"√sB„√2„3SsCB√ìB„ê£##R”Ç”í#££√"„##Éìb√„CììÇ√3s„ì##Cb√c„sìCcìb√3„s"√#b„í√ìR√„í√„√"„c3Ésb√S2„p£##R”Ç”í#££√„SSSÉs"√„3ìC3Ç√33R„cìS#"√c„sSCs"√#„R√#b„b√ìB√2„B√„√„ìS#S"√ìÉR„£##R”Ç”í##££√„ìCc3b√„CSCR√#s„#3r√c„És3B√#„í√#b„2√ì"√"„√„√„SCì3c√ìí„P£##R”Ç”í#3££√„3sb√„ìÇ√#b„ccSCB√c„ÉsìÉs"√Ç„S2√#R„Ç√ì"√„2√„√„ìÉ3sb√ÉCB„p£##R”Ç”#££√„3S"√„ÉÉÉSB√cÇ„SS3b√c„ì#3É3"√„Ç√#R„R√ì√„r√„√„ÉÉÉÉì"√ss"„ £##R”Ç”#££√„3sb√„ÉììSÇ√s„s#sÉb√c„ÉÉc3"√ìí„ì√#R„2√ì√„R√„√„ÉìììSc√s#„`£##R”Ç”##££√„B√„3cc"√S„Scì#cB√c„É#33cÇ√ìR„3B√#R„"√ìB√„r√„√„3ccS"√cÉÇ„p£##R”Ç”#3££√„CSb√„#ìSB√Cb„SS#SsB√c„sìs3#Ç√ì„S√#R„2√ìR√„2√„√„#ìììb√ccr„`£##R”Ç”#C££√„C#B√„cscÇ√#í„sì#S"√c„sììB√ì„S√#B„í√ì√„√„√„cÉB√cSÇ„ê£##R”Ç”#S££√„ssR√„33Sb√#R„É#3#R√c„ÉcCÇ√ÉB„#B√#B„í√ìB√„R√„√„CC33R√cs"„ £##R”Ç”#c££√r„sÉ√„#3"√S„#SÉìÉ"√c„Éc#s"√B„r√#B„í√ì2√„"√„√r„#3ÉC√sr„ê£##R”Ç”#s££√SR„ÉcS#2√„#b√Sí„S#S"√c„É#c#B√#"„cÇ√#b„√ì√„2√C„√SR„ìcsÉ2√sÉ"„ £##R”Ç”#É££√#r„ÉCÉCìr√„#C"√SÇ„33ScCb√c„sSÉìcÇ√R„Cr√#r„b√ì√"„B√#"„√#r„Écììr√ÉcR„P£##R”Ç”#ì££√ìR„sscC#√„c"√SÇ„#S#√c„É33ÉB√Ç„r√#Ç„R√ÉÇ√B„√C#„√ìR„sì#CC√ì#í„p£##R”Ç”#££√##r„cÉ#32√„CÉcb√Sr„ÉC3sB√c„s#cs"√Ç„#b√#í„b√ÉB√Ç„2√c„√##r„cÉì2√ìcB„0£##R”Ç”#££√#CB„scccB√„CÉR√Sb„sìÉCb√c„sSCìì"√#„É2√3„B√É√í„√s3í„√#CR„#C3cB√ìs2„Ä£##R”Ç”##££√#S„3S3cR√„É#É3b√Sb„Sss#ÉÇ√c„sSsÉCÇ√Ç„#"√3„r√É√Ç„√É3„√#S"„É#√ìs"„0£##R”Ç”#3££√#CÇ„#s3ì#"√„##sb√Sb„3ìC#3Ç√c„sScsÉB√#„cÇ√3„"√sb√b„b√ÉCÇ„√#Cí„CsccÉ"√ìì2„£##R”Ç”#C££√#32„sìSìB√„ìCÉb√c„#SB√c„sCC#B√#„Ç√3„√sB√r„í√sÉB„√#3B„#ÉìB√„@£##R”Ç”#S££√ìr„ìCìCí√„sCsÇ√ÉÇ„ÉÉÉsr√c„ss3cìb√#R„ÉB√#í„b√sb√b„2√c3b„√ìr„ì3cs#í√ìì„P£##R”Ç”#c££√#"„CìssC"√„ì#CC"√#Éí„3ÉcÉB√c„ssSb√3„B√#í„R√É√"„B√S3Ç„√#2„C##c"√C2„p£##R”Ç”#s££√c„C2√„ìÇ√3SR„És33Ç√c„É##ìb√3„S2√3„√s2√"„Ç√3ìb„√c„ìÉC2√ÉR„ £##R”Ç”#É££√Ç„#cÉCÉ2√„c#33B√3cÇ„ÉÉìsB√c„É3CÉCÇ√3„ÉB√#í„B√sr√B„R√#"„√Ç„ÉìÉ#2√Éí„Ä£##R”Ç”#ì££√"„sc3É√„#r√3s„SÉ#"√c„sì33S"√3„ì√#Ç„"√Éb√"„√sÇ„√2„33É√ì2„Ä£##R”Ç”##££√"„#ssScB√„##Éb√3cr„S#sC"√c„ÉÉs#cB√Ç„sí√#b„í√ì√"„í√„√"„SccB√Sr„Ä£##R”Ç”##££√„s#cÉsb√„ccb√3#R„Sì3ÉB√c„É#b√Ç„B√#b„Ç√ì√B„í√„√„sì3Csb√ìì2„ £##R”Ç”###££√„CÉB√„√#S„#CÉÇ√c„ÉÉCìcÇ√R„Ér√#b„b√ì√B„√„√„CÉB√ì#í„@£##R”Ç”##3££√„#ÉB√„CÉb√#í„3SSs"√c„ì#cìcÇ√R„b√#b„√ì√b„√„√„SCB√ÉSí„ £##R”Ç”#££√„3sb√„3#sb√C„scì#"√c„ì#CsÉB√„"√#R„í√Éí√b„2√„√„333b√sì„ £##R”Ç”#££√„3CB√„SCÇ√sb„ÉìCB√c„ìÉs3b√ìí„Éí√#b„√Éí√R„"√„√„SÉ#B√s3b„p£##R”Ç”##££√„3cÇ√„SÉB√cÇ„Sìs"√c„Éc3"√ì"„SÇ√#b„√ì√2„r√„√„S##Ç√cìr„`£##R”Ç”#3££√„3sb√„√cÇ„Cs3"√c„É#b√ì„S√#R„í√ì"√2„√„√„3sb√cs2„p£##R”Ç”#C££√„CÇ√„#3ìB√cÇ„cSÉSb√c„É#c#Ç√ÉÇ„#r√#R„Ç√ì√„r√„√„#C3Csìììììììììí√cc2„£##R”Ç”#S££√„sÇ√„3#CÇ√cÇ„ìÉ3s"√c„ÉcCsS"√ì„Éí√#R„B√ì√"„2√„√„3ìcSììììììììììí√csb„ê£##R”Ç”#c££√B„ì3CS2√„#ccB√s"„É#3ss"√c„É#CÇ√B„ÉB√#R„í√ì√Ç„B√„√B„ìcC3√sÇ„ £##R”Ç”#s££√CÇ„s3sr√„√É„s3cScB√c„sCì33b√í„C√#b„B√ì"√„B√3b„√CÇ„s3sr√sì„ê£##R”Ç”#É££√r„#3Sìb√„c"√#"„#sÉS3B√c„sÉìSCB√R„í√#r„"√ì√„b√Cr„√r„#S#b√Écí„ê£##R”Ç”#ì££√ÉR„ìCcÉb√„É3b√SB„Csììí√c„cì#3ÉB√í„sB√#Ç„r√É2√Ç„Ç√3sí„√Éb„#sCCb√ìC"„P£##R”Ç”#££√#„S3ìR√„s#ìÇ√Sr„É#ìb√c„s3cÇ√í„sÇ√#í„2√É√2„b√SSB„√#„ÉÉ3sR√ìÉb„Ä£##R”Ç”#££√##2„S#ÉÉí√„#SSìb√Sb„Éscìb√c„sì√#„√#í„B√É√"„í√cs"„√##2„CÉÉCí√ìì"„£##R”Ç”##££√#B„ìÉ#CCr√„ÉÇ√Sb„sÉsR√c„cìsS3b√í„sÇ√3„√sb√"„2√sC2„√#R„c3S#r√„Ä£##R”Ç”#3££√ìB„ììCR√„##3Sb√Sb„#Ç√c„sC#B√#„b√3„"√sr√2„√É#Ç„√ìR„#ss√#„P£##R”Ç”#C££√SÇ„cÉÉ#R√„33R√SÇ„É3ì"√c„cÉcs#Ç√#„ìb√#í„í√sÇ√r„í√ss„√Sí„ìsS"√3"„ê£##R”Ç”#S££√2„#3sÉ3r√„3S"√#B„sCb√c„s3#b√#„B√#í„b√sÇ√r„√c#„√2„SCì3Sr√Cb„@£##R”Ç”#c££√Ér„33ì√„c"√#ÉB„CSì3R√c„sìÉ#Ç√3"„CR√#í„R√É"√Ç„R√Cc„√Ér„ìSì√c"„p£##R”Ç”#s££√SR„SCc3B√„c3í√3C"„#ss3í√c„sS3Sì"√3B„2√#í„√ÉB√í„2√3Ç„√SR„c3B√Éí„ £##R”Ç”#É££√í„S3#É√„c"√3cR„Sìb√c„sCsÉ#B√3B„s2√#Ç„Ç√ÉB√R„r√Ér„√í„Sì33É√ì„0£##R”Ç”#ì££√"„sSìb√„Ç√3s„ÉcìcÇ√c„É33SB√3B„s2√#Ç„√ì√2„b√sR„√"„sssb√ìR„ £##R”Ç”##££√"„sÉì"√„CcÇ√3s„#CÉ#"√c„É3ÉCÇ√3B„s2√#b„r√ìB√"„í√„√"„cCcì"√Sí„ê£##R”Ç”##££√„ÉS3b√„3c"√3cb„Cc#c"√c„ÉÉ3c#B√#„√#b„í√ìB√„B√„√„ÉÉìÇ√ììb„P£##R”Ç”###££√„SÉcìb√„##Éb√33„CSSCÉ"√c„É#"√Ç„ìB√#b„b√ì2√2„B√„√„#És#ìb√ì#b„@£##R”Ç”##3££√„ScÇ√„√3#Ç„ÉcìC3b√c„sìS"√Ç„c"√#b„b√ì"√„R√„√„ScÇ√ÉSB„0£##R”Ç”#"££√„C#B√„√#S„C#CsÇ√c„sCCìb√#B„#B√#b„b√ì√„B√„√„C#B√sÉ„Ä£##R”Ç”#"££√„3#Ç√„#cCb√#„#Cìcb√c„scCìB√„ìí√#b„√ì√„√„√„#csÉÇ√s#r„ê£##R”Ç”#"#££√„Cb√„Éì#Ç√SÇ„ssc"√c„ÉsCB√„cÇ√#b„√ì√„í√„√„Éìcìb√cì"„ £##R”Ç”#"3££√„Cb√„CÉìb√c„CC3#b√c„Éììì"√Ç„3√#b„√Éí√„r√„√„Cì3sSìììììììììí√ccí„Ä£##R”Ç”#"C££√„C3"√„s"√c„ìCCÉSB√c„ì3sÉÉÇ√Ç„C"√#R„Ç√ì√„B√„√„S"√cc2„ê£##R”Ç”#"S££√„É√„√c„CCÉ"√c„ÉcCCb√Ç„ÉB√#R„í√Éí√„b√„√„É√csÇ„Ä£##R”Ç”#"c££√b„cìÉCì2√„√c„3S#SCÇ√c„ÉC#ÉB√„cR√#b„√Ér√2„√„√b„cìÉCì2√sb„@£##R”Ç”#"s££√SR„Ss3scÇ√„√c„ÉS#"√c„É#ÉsCB√r„CR√#b„b√ÉR√B„"√C"„√SR„Ss3scÇ√sÉr„0£##R”Ç”#"É££√3R„CìÉ√„3b√SÇ„ÉC#3í√c„s##cÇ√r„#r√#Ç„2√É2√B„í√ì2„√3R„CìCC√ÉcÇ„ £##R”Ç”#"ì££√ìb„3C3#ìb√„#ÉÇ√Sr„ÉÉr√c„s3#B√í„É√#í„B√sb√R„"√C#„√ìb„3cCsb√ìC„£##R”Ç”#"££√#"„s3#sb√„SsB√Sb„ì#ìS#Ç√c„s#ÉìS"√í„ÉR√3„R√cí√R„"√cí„√#"„ÉCcb√ìÉB„`£##R”Ç”#"££√#C"„ÉSCÉB√„É#ÉÇ√Sb„É3ìb√c„ssSb√#„"√3„b√s"√Ç„√s#B„√#C2„333cB√ììí„£##R”Ç”#"#££√##Ç„ìC3Éb√„3#ìB√Sb„C3CSSÇ√c„sÉCSb√#„#B√3„b√sb√„"√É2„√##Ç„Cìs3#b√r„@£##R”Ç”#"3££√É2„cSí√„3c#b√Sb„cì#r√c„É#3És"√#"„#b√#í„Ç√É"√„"√sCí„√É2„Ccs3í√Cb„0£##R”Ç”#"C££√Sr„csCÉcÇ√„#S#s"√cí„sìÇ√c„Éìcs#Ç√#"„2√3„"√É√„R√sr„√Sr„ì#sSÉÇ√S2„0£##R”Ç”#"S££√3r„sÉ3C2√„##sb√#R„c#b√c„sìCì"√#Ç„Ç√3„2√É√„í√s"„√3r„É32√Sb„0£##R”Ç”#"c££√„Ésr√„#ìS"√#SR„3##ì"√c„ÉCcb√#2„√3„√É√„r√S3„√„ÉC#3r√ÉÇ„0£##R”Ç”#"s££√SR„ì##2√„3ììb√3#Ç„#3ìCB√c"„cScÇ√#"„r√3„√É√í„√3sÇ„√SR„3#c2√2„@£##R”Ç”#"É££√r„Sì3É2√„ssSÇ√3c2„#sÇ√c„É3sÉs"√C„R√#í„B√É√r„R√#2„√r„Sìcìc3"√„ê£##R”Ç”#"ì££√"„cÉcS3Ç√„CÉsÇ√3cÇ„CìÉÉ2√c„Éc3Ssb√3b„Ér√#Ç„b√ÉÇ√2„r√cí„√"„s3S3Ç√„@£##R”Ç”#"#££√"„ìCìs"√„c"√3cí„ÉcÉB√c„sìì#3"√3B„R√#r„í√Éí√„B√„√"„ìcSì"√s2„ £##R”Ç”#"#££√„SssS#B√„É3b√3cb„CSc3ìÇ√c„sc2√í„Éb√#r„√ì2√„b√„√„SìSÉÉB√B„Ä£##R”Ç”#"##££√„CìB√„ÉÇ√#ìÇ„#C#B√c„s3ìCB√#„cR√#r„√ì2√2„√„√„S#ìsB√ì3B„P£##R”Ç”#"#3££√„3cCB√„c#SB√##r„C#sSì"√c„sÉB√#„Sí√#r„√ì√B„2√„√„ccÉB√ÉcR„Ä£##R”Ç”#2££√„Cìb√„##sb√Sr„s#√c„sSÉÇ√r„Cr√#b„R√ì√B„√„√„##scSb√sì2„0£##R”Ç”#2££√„3#Ç√„##SSB√#2„sCS#b√c„sìsB√"„3"√#b„b√Éí√2„√„√„##SÉcsìììììììììí√s3b„£##R”Ç”#2#££√„S"√„ÉssB√cb„CÉ#Cb√c„sS3Sì"√"„3"√#b„R√Éí√"„"√„√„ÉÉ#Sììììììììììí√s„@£##R”Ç”#23££√„ScÇ√„3B√cÇ„#3s3b√c„cìsSì"√ÉB„cb√#r„√Éí√2„2√„√„3cÇ√csr„ê£##R”Ç”#2C££√„SB√„S2√cÇ„3ì"√c„s3CÇ√ÉB„cb√#r„2√Éí√R„√„√„SÉB√ccí„ê£##R”Ç”#2S££√„scr√„CSCB√cÇ„CC#ìsb√c„s3Cb√ÉB„cb√#r„√ì√b„r√„√„S#Sr√cÉ„£##R”Ç”#2c££√b„CCÉ#Éb√„SÉR√cÇ„s3#3ÉB√c„ÉcsCìb√ÉB„cb√#b„í√Éí√r„2√„√b„ScsÉc√s„ê£##R”Ç”#2s££√SB„É33ìÉÇ√„S"√cÇ„3SìÉs"√c„ì#b√B„b√#r„B√ÉÇ√Ç„R√3b„√SB„ÉCìÇ√sC"„ê£##R”Ç”#2É££√3„C33ìÇ√„csB√cr„CìccB√c„ÉÉs3"√b„√#Ç„R√É"√r„"√É„√3„SSÇ√É"„@£##R”Ç”#2ì££√ì2„cÉ3#R√„sSsÇ√cb„CscSb√c„s3ccB√b„SB√#í„b√sÇ√r„Ç√3cB„√ì2„cÉCR√Éc"„P£##R”Ç”#2££√#í„ssÉìí√„sCb√cb„cCcSb√c„É3#ÉÇ√b„Ç√3„√s√Ç„2√SCB„√#í„ÉÉcCR√ìí„p£##R”Ç”#2££√#3„sCsscÇ√„Ç√cR„CÉì"√c„sÉCÇ√b„Ç√3„B√cÇ√„√cÉR„√#3„ÉCsÉCÇ√ì3„ê£##R”Ç”#2#££√#Cí„#3S3Ç√„3#sb√cR„3ssb√c„s3ì3"√r„3√3„R√cÇ√"„r√s#í„√#Cí„Sc#ìÇ√ìCR„Ä£##R”Ç”#23££√#"„sÉ#cR√„#c3b√É„sSÉÉÇ√c„s3sCcB√r„3√3„R√cí√2„í√csí„√#2„CSssR√ìc„0£##R”Ç”#2C££√ÉÇ„sÉcÉR√„#ÉcSb√3„ScÇ√c„ìCÉCs"√r„3√3„r√cí√2„√cÉB„√Éí„cÉ#CR√ìc"„@£##R”Ç”#2S££√SB„3SìCC"√„#s"√3í„ìì#S√cÇ„#cÇ√r„3√3„r√cÇ√2„í√ccB„√SB„c3Cc"√ìÉ2„0£##R”Ç”#2c££√#2„S#SSR√„3Éb√Sí„cì#É"√ì„sÉcSb√b„Ç√3„2√s√2„r√S3b„√#2„É#sR√r„ £##R”Ç”#2s££√c„c33cr√„CcS"√#Ç„3c"√#B„33ìb√r„3√3„√s√„Ç√C„√c„sCìÉÉr√cr„@£##R”Ç”#2É££√b„CÉìc#2√„cCìÇ√#S„3##cÇ√#r„É3CcB√3B„CÇ√3„R√sb√r„í√#3„√b„SSCc2√É"„Ä£##R”Ç”#2ì££√"„SsCcìb√„CR√#s2„cÉC#Ç√#b„cS"√3B„CÇ√#Ç„í√Éí√„√cr„√"„Ssììb√É„Ä£##R”Ç”#2#££√"„CÉÇ√„cÉB√#s„S#SÇ√#B„#É33b√3B„CÇ√#r„í√ì√"„b√„√"„CÉcCÇ√S„£##R”Ç”#2#££√„3ìssÇ√„ìÇ√#s„3SC3B√#B„sì#CÇ√#„ìr√#r„í√ì√2„í√„√„CìÉcÉÇ√ìì2„p£##R”Ç”#2##££√„3É#í√„c#í√#C2„CS#3#Ç√#B„#CÉB√#„ìr√#r„í√ì"√B„√„√„SCSÉ√ì3B„@£##R”Ç”#2#3££√„cb√„Éí√SÇ„C#scÇ√#B„SS#Ç√#„cR√#r„r√ì2√"„r√„√„Éìcb√ÉcB„p£##R”Ç”#B££√„#Ç√„cÉcb√#B„3#sìS"√#B„ÉìÉÉÇ√R„2√#r„b√ì"√„B√„√„cÉìB√sì"„ £##R”Ç”#B££√„#B√„SCìÇ√c„CsCÉìb√#2„ì#ìCB√R„2√#b„b√ìR√„Ç√„√„SS#"√s3í„ £##R”Ç”#B#££√„##B√„#scÇ√„C#ÉÇ√#2„És#3"√"„sr√#b„Ç√ì"√"„í√„√„#sìB√sb„ £##R”Ç”#B3££√„3#Ç√„#cCsÇ√„√#B„ÉssCB√R„2√#b„r√ì√2„2√„√„#cSÇ√cÉB„p£##R”Ç”#BC££√„CÇ√„SsB√„√#2„ìcCB√„CB√#b„r√Éí√"„b√„√„SsSCÇ√csB„`£##R”Ç”#BS££√„sB√„sScÇ√„√#B„ìS3b√í„Sí√#b„í√ÉÇ√"„r√„√„ÉcC"√cÉ"„`£##R”Ç”#Bc££√R„cSC2√„#Éc"√„√#B„#cSb√2„#Ç√#r„√ÉÇ√2„√„√R„É3sc2√s2„@£##R”Ç”#Bs££√CÇ„scÉìsR√„csB√„√#B„#sS"√R„2√#r„í√Ér√B„b√3b„√CÇ„É3cR√s3B„£##R”Ç”#BÉ££√"„sSìS"√„#Cs3"√r„C3Sb√#B„CìCìb√R„2√#Ç„r√ÉB√2„r√c2„√"„ììÉ#s"√ssÇ„`£##R”Ç”#Bì££√cb„ìC#ÉSB√„#SÉ"√cR„scÉb√#B„C#3"√r„ìB√#í„r√sí√„Ç√3CR„√cr„SÉcsC"√É3R„0£##R”Ç”#B££√##R„CÉsc"√„#c#Ç√cb„ÉÉÉìb√#2„ììÉÉÇ√r„sr√3„b√sB√R„B√Csí„√##R„cSC"√ÉsÇ„ £##R”Ç”#B££√#SR„ScsCÇ√„#ÉSCÇ√cb„s#"√#2„ÉÉs3sb√r„s"√3„í√s√B„√SSr„√#SR„ÉCc##Ç√Éìr„ê£##R”Ç”#B#££√#cb„3c3Ér√„C3ccÇ√cb„#3SB√#2„ìSb√r„s"√3„"√cí√2„í√s#„√#cb„sìÉcr√ì"„ £##R”Ç”#B3££√#CB„3#Éí√„Csìb√cb„3#ìsb√#2„ÉSÉÉs"√r„s"√3„b√cÇ√R„"√sSb„√#CB„s3ssí√ìC"„ £##R”Ç”#BC££√ìí„cì√„3#ÉB√cR„sS3b√#2„ÉSSB√r„s"√3„b√cÇ√b„B√s3„√#„ìR√ìCí„Ä£##R”Ç”#BS££√s„ssC2√„#ÉsCb√sí„ÉSÉ3ìB√#2„ÉcS"√r„s"√3„R√cÇ√r„R√c3r„√s"„cCs2√ìcB„£##R”Ç”#Bc££√#„C33Ç√„CcCB√#Ç„ÉcscÇ√#2„ìsS"√r„s"√3„√cí√b„b√CÉÇ„√#„SCsssÇ√"„ £##R”Ç”#Bs££√Sb„ccCC√„3ScB√#B„ìs33"√#2„ììB√r„sr√3„√cí√R„√33B„√Sr„CsÉ√C2„ £##R”Ç”#BÉ££√b„SSC3b√„3SÉì"√3B„3cs#3Ç√#B„ÉCb√#r„cÇ√3„R√s"√"„r√ìr„√b„CC3Sb√S2„ê£##R”Ç”#Bì££√"„c#É2√„CcCb√33"„CCÇ√#2„ÉB√#Ç„sÇ√#í„√ÉR√„2√S2„√2„É##c2√c"„@£##R”Ç”#B#££√"„#ÉSb√„√3#R„scSìÇ√#2„ìÉÉCÇ√#Ç„sÇ√#Ç„"√ÉÇ√"„2√„√"„#ÉSb√3B„Ä£##R”Ç”#B#££√„cSÉ3Sb√„Cc#b√#S„É3ÉsÇ√#2„ìcsb√#2„√#r„í√Éí√B„√„√„sCcb√ìsr„ê£##R”Ç”#B##££√„3cìb√„#C"√##í„Cì#cí√Ér„s3sS3b√í„ìr√#r„√ì√B„√„√„Cc33Ç√ìR„ £##R”Ç”#B#3££√„3b√„SìCÇ√#„ScCCB√c„ÉcsccB√Ç„CR√#b„b√ÉÇ√"„"√„√„SìÉB√ÉCR„P£##R”Ç”#R££√„3sb√„#SÉ"√ìB„É#B√c„ÉsscÇ√B„cb√#b„R√Ér√„R√„√„#cìb√ssr„ £##R”Ç”#R££√„3#Ç√„333s"√cr„ìCs"√c„ÉSCSb√ÉB„#B√#b„2√Ér√„2√„√„33CCÇ√s#"„p£##R”Ç”#R#££√„3S"√„#ÉC#"√cÇ„CC#ìsb√c„ìCs3b√ÉB„#B√#b„√Éb√„b√„√„#ÉCSs"√cì„`£##R”Ç”#R3££√„3cÇ√„3C"√cÇ„33#ìì"√c„ìÉ3Cs"√ÉB„#B√#b„√ÉR√"„√„√„3C3Ésìììììììììí√ccr„ê£##R”Ç”#RC££√„3CB√„3cÇ√cÇ„ìsCs"√c„ÉccÇ√ÉB„#B√#R„í√ÉR√"„R√„√„3cC#B√cc„ £##R”Ç”#RS££√„sÉB√„#ÉCr√cÇ„ÉsìS"√c„sÉcCÇ√ÉB„#B√#R„í√ÉR√"„r√„√„#ì#SB√csÇ„ £##R”Ç”#Rc££√R„ÉcÉSÇ√„ìÉSB√cÇ„3É##s"√c„É#cÇ√ÉR„ìR√#R„Ç√Éb√"„2√„√b„S3ìÇ√s#„@£##R”Ç”#Rs££√S„sìScr√„##ìÉb√sí„Scs3í√c"„S#3S"√Ç„ì2√#b„í√ÉR√"„r√3r„√S„ì3ìC#r√É„`£##R”Ç”#RÉ££√#2„sÉ3B√„#C"√í„3s#SB√c„ìÉ#ìcÇ√3„Ç√#í„√É√„b√ìB„√#2„ì3#SB√ÉìR„p£##R”Ç”#Rì££√Éí„#ÉÉS√„3c#√S"„c3sìB√c„csí√3„Ç√#í„Ç√sr√2„√3Éb„√Éí„CììS√ìc2„ê£##R”Ç”#R££√##b„s3CC√„CÉcs"√Sr„cìÉ33Ç√c„É3ssb√3„Ç√#í„B√É2√"„í√CìB„√##r„##sc√R„ê£##R”Ç”#R££√#S"„ìsSìÇ√„csìR√Sr„Sssì#B√c„s3c3CB√3„B√#í„R√ÉB√„r√SSÇ„√#S2„cSìÇ√"„`£##R”Ç”#R#££√#SR„CsSCr√„SCs"√Sb„scìÇ√c„És3É#B√#"„sí√#í„í√É√R„√cC„√#Sb„c#r√Ç„ê£##R”Ç”#R3££√#SB„#CcCC2√„Csb√cb„csÉÇ√c„sscCB√3„2√3„√sb√"„r√É"„√#SB„cc3S2√3r„p£##R”Ç”#RC££√#CB„sCÉ3b√„CSìÇ√#b„S#SÉb√c„s3cScÇ√3„B√3„r√s"√2„√ÉR„√#CB„CìÉb√3"„ê£##R”Ç”#RS££√#Ç„cÉSC"√„SsìsÇ√#CR„sÉcÇ√c„s#sìCB√3„B√3„r√s2√B„"√sí„√#í„#cSì"√CR„@£##R”Ç”#Rc££√S„3SsCCÇ√„sCS"√3R„CsCÇ√c„ÉìcCÇ√3„B√3„2√sb√2„Ç√SSr„√S„cìcÇ√É"„Ä£##R”Ç”#Rs££√s"„sC√„s3r√3CÇ„Ss3b√c„sSÉ#Ç√3„Cb√3„r√sí√„Ç√Cí„√s2„CS3É√#R„ £##R”Ç”#RÉ££√b„CsÉb√„ÉCb√3ìí„sscS3Ç√c„s3#sb√3„cí√3„2√sí√„Ç√#3„√b„ÉÉÉCb√#R„£##R”Ç”#Rì££√"„S#SB√„S#sS"√C„Cc#É#"√c„ìc#B√3„cí√#í„√ÉB√"„Ç√cR„√2„CÉb√#„£##R”Ç”#R#££√"„#c3#Ç√„Cs3B√3sR„3S"√c„É3b√#"„sr√#Ç„"√Éb√R„√„√"„s3ccÇ√É"„ê£##R”Ç”#R#££√„csSÉ3b√„3##"√3#r„cÉsb√c„És#3"√#„É√#r„r√Ér√b„b√„√„ììsÉSb√#„0£##R”Ç”#R##££√„3cÉÉS"√„ScìB√3#R„cÉ3#sB√c„ÉcìS"√#„sr√#r„í√Éb√Ç„Ç√„√„ÉsSsììììììììììí√ìS"„0£##R”Ç”#R#3££√„"√„S3ì3B√#S„csÉÉìb√c„ì#sSÉB√#„sB√#r„í√Éb√b„b√„√„SC3B√Ésr„@£##R”Ç”#b££√„3S"√„Sc3É"√#„sì#CS"√c„Éssc3"√3„3B√#r„í√Éb√Ç„í√„√„ScCs"√É2„0£##R”Ç”#b££√„3"√„C#S√3Ç„#ì#Ç√c„ì33Ssb√2„ìb√#r„Ç√ÉR√„B√„√„C#SCììììììììììí√sS"„0£##R”Ç”#b#££√„3CB√„3#ÉB√3Ç„#sÇ√c„ÉÉCs"√B„s"√#r„B√ÉR√„2√„√„3##ÉB√sí„`£##R”Ç”#b3££√„3cÇ√„3ssÉ"√3Ç„scÇ√c„ÉcÉs#Ç√B„s"√#r„2√ÉB√2„Ç√„√„3sÉÉsìììììììììí√cìR„ê£##R”Ç”#bC££√„3ÉB√„3s3B√3Ç„#ÉÉcB√c„ÉC#CÇ√B„s"√#r„B√ÉB√R„√„√„3ss#B√cÉB„ £##R”Ç”#bS££√„Éì√„Cccì"√3Ç„3Csb√c„É3scÇ√B„s"√#r„B√É"√b„R√„√„CsS√s"„Ä£##R”Ç”#bc££√R„É#s√„3ÉC"√3Ç„#s3ÉB√c„sì#cB√B„s"√#r„"√É√b„2√„√b„#Sì√sC"„P£##R”Ç”#bs££√C„ìì3sÇ√„S3ScÇ√3r„É33CB√c„csCÉSb√b„Sb√#r„í√sí√b„r√3í„√C"„S#ìCb√Éí„ê£##R”Ç”#bÉ££√„3#b√„csCcB√3r„CCcsb√c„ìc3CB√#R„CÇ√#í„"√sb√b„"√ÉÇ„√„ììSÇ√ì2„`£##R”Ç”#bì££√É„#Cr√„c#cSÇ√3r„SCÇ√c„cÉSÉÉÇ√#„SÇ√3„B√s"√R„B√3ì"„√É„sScìr√ìc„ £##R”Ç”#b££√#3„cÉ3É2√„3Cb√3r„##ìS"√c„scc3"√C„É2√3„R√s"√#"„B√S3r„√#3"„ÉC#c2√ìì2„`£##R”Ç”#b££√#Cí„3É3cSb√„cìÇ√Cr„#ì√c„s3#B√C„É"√3„R√s√Ç„√ccB„√#S„CS#s3b√„£##R”Ç”#b#££√#Cí„333SB√„sìCB√É"„sìsb√c„s3CB√3„ÉB√3"„√cí√r„2√sÉ"„√#S„##sìB√3„`£##R”Ç”#b3££√##„ìcs√„ÉsC"√#3B„ì3CCCÇ√c„s#cC3"√C„É2√3"„√cr√B„√sSr„√##„3Cì√c"„p£##R”Ç”#bC££√#2„#scs√„sì3Ç√#sr„CS#ì#B√c„ÉCÉS"√C„É2√3"„r√cR√b„"√sb„√#B„Cs√cÇ„ £##R”Ç”#bS££√s„Sìcí√„És#R√3#r„CcB√c„ÉS#s"√SÇ„c"√3„í√cr√#„2√c#í„√s„ìssì3ìììììììÇ√ìB„ £##R”Ç”#bc££√„cÉ#SB√„CÉìÉr√33„cìÉb√c„sÉCcs"√C„É2√3„B√s√#„r√SCB„√"„ìì#C√#R„£##R”Ç”#bs££√c„sSc2√B„ÉC2√3S„ÉSS#Ç√c"„cb√3„ÉÇ√3„r√s2√#„b√C"„√cR„SSCsb√C„0£##R”Ç”#bÉ££√í„CcÉsR√2„3ìSssÇ√3ìR„#ìSs"√c"„SìCcB√3"„R√#í„2√sí√#„√#B„√#"„É#cS2√3Ç„Ä£##R”Ç”#bì££√2„3ScC"√„s3SS√CÇ„CC3Cb√c"„scSScÇ√3"„R√#Ç„B√ÉB√b„2√Sr„√R„cììc2√C„£##R”Ç”#b#££√"„sÉCCs"√"„CC3ìsR√C„#É#Ç√c"„#CcB√3"„R√#r„B√ì√R„R√„√R„##ÉCCr√ìí„0£##R”Ç”#b#££√„c3S3"√„cs33ìr√C2„É#3És"√c„ÉììÉÇ√í„S√#r„2√Éí√„í√„√"„3Ésr√#í„0£##R”Ç”#b##££√„#ììÉB√„c#ìS3r√3ÉR„csscÇ√c„Éìccs"√í„S√#Ç„√ÉR√B„√„√„ì#És#√ìc"„ £##R”Ç”#b#3££√„3S"√„SssSr√3s2„3c#CSÇ√c„ì##scÇ√#„B√#r„Ç√Ér√"„B√„√„Ssí√ÉÉÇ„ £##R”Ç”#r££√„3sb√„SÉs√3CR„ììs"√c„ÉcìS"√#B„#√#r„R√Éí√2„√„√„SÉs3Éc√É2„ £##R”Ç”#r££√„3ì"√„3S#Ç√#É2„ìÉCÇ√c„ÉCcb√„S"√#r„B√ì√í„Ç√„√„3SC"√sSr„ £##R”Ç”#r#££√„3cÇ√„CCSCÉB√#b„ìs3Ç√c„ìCìb√Ç„cÇ√#b„r√ì2√í„"√„√„CCSÉSìììììììììí√s#„Ä£##R”Ç”#r3££√„3ÉB√„##S√Sí„CÉ32√c„ì3ÉìS"√ì„ì"√#b„b√ì2√í„B√„√„##S3ì3ìììììììììí√cìB„ £##R”Ç”#rC££√„Cb√„c#Sí√c„3c##"√c„ìb√ì„ìB√#b„Ç√ì√Ç„R√„√„c#CsR√cÉB„@£##R”Ç”#rS££√„3Ç√„√c„#3##Cb√c„ì#ssb√Ç„cÇ√#b„B√ì√Ç„√„√„3Ç√cìR„ £##R”Ç”#rc££√Ç„É3csB√„#Ccb√c„s#Cb√c„ììb√"„3b√#b„R√ì√„"√„√Ç„É#É33C"√s3„p£##R”Ç”#rs££√S"„ììs#R√„√c„#3c2√c„É3ccìb√b„sÇ√#b„í√ì√"„B√#í„√S"„ììs#R√É2„Ä£##R”Ç”#rÉ££√Ç„3#Sìc2√„3b√Sí„SìsÇ√c„sscb√í„3R√#Ç„2√ÉB√„"√sb„√Ç„3#ìSc2√ì2„ê£##R”Ç”#rì££√cB„SsCìÉ"√„í√SÇ„Ss3"√c„ìÉCìÉB√í„Cr√#í„B√sí√í„Ç√3Éí„√cB„SÉ3ìÉ"√ìsb„p£##R”Ç”#r££√ì„SCS2√„#b√Sr„C#3sb√c„É#Cìb√r„S2√3„√sB√Ç„b√SÉ"„√ì„ccsS2√r„@£##R”Ç”#r££√cí„3s#í√„##ìÇ√Sb„3sccB√c„ssÉScÇ√í„Cr√#í„í√sí√í„B√cÉí„√cí„#C#r√3Ç„£##R”Ç”#r#££√2„sssSCR√„C##b√Sb„sCSb√c"„#ss#CÇ√r„2√3„√É√b„í√s3„√2„Ésss√SR„ê£##R”Ç”#r3££√#„S3ìÇ√„CÉ#C2√s„33Sì"√c„ìÉ#Ç√#„#í√#í„Ç√É2√Ç„R√ÉÇ„√#„SÉs3#2√c„ £##R”Ç”#rC££√CB„33CsSí√„#r√#3"„Sc#cB√c„ÉcCsS"√#„í√#Ç„Ç√ÉÇ√b„í√Sc2„√CB„3SSCSí√C"„ê£##R”Ç”#rS££√cb„scCB√„Ç√#sB„Ss"√c„ÉCsì"√#„#í√3„√sí√Ç„R√cc„√cb„ÉcÉCB√Cb„@£##R”Ç”#rc££√B„33#ì2√„Ç√3#"„S3ìÉ"√c„ì3ÉSB√3„s2√#í„Ç√É√í„R√SsR„√B„33Cs2√sb„p£##R”Ç”#rs££√Cí„CCR√„√3S"„#scB√c„s3s#ìb√32„cr√#Ç„í√ÉR√R„í√#ÉR„√Cí„CCR√„£##R”Ç”#rÉ££√"„ìS32√„√3cr„CìCcB√c„sCcÇ√32„ìR√#Ç„b√ÉÇ√R„Ç√c2„√"„ìS32√í„@£##R”Ç”#rì££√2„scìÉB√„√3s„#SsÉ"√c„sCìì"√32„ìR√#r„r√ì√2„R√S2„√2„scìÉB√B„p£##R”Ç”#r#££√"„cS#S"√„√3cí„cSCs#b√c„ÉC#ì"√32„ìR√#r„√ìR√"„2√„√"„cS#S"√s„ £##R”Ç”#r#££√"„ÉssCB√„√3í„s3Ésb√c„ìSSsS"√32„ìR√#b„Ç√ìR√„R√„√"„ÉssCB√R„ê£##R”Ç”#r##££√„C3s"√„√#3b„SScb√c„ìCcÉCÇ√#„Ç√#r„√ì√„B√„√„C3s"√ì3Ç„ £##R”Ç”#r#3££√„ÉÉÇ√„√É„C#ìb√c„sCìCCÇ√#„Ç√#b„Ç√ì√„2√„√„ÉÉÇ√Éc2„p£##R”Ç”#Ç££√„CÇ√„√c„#CsSb√c„Éss"√#B„B√#r„√Éb√„í√„√„CÇ√sÉÇ„Ä£##R”Ç”#Ç££√„CÇ√„√c„3ìÉS#B√c„É##Ç√„32√#r„√ÉB√„b√„√„CÇ√s3b„`£##R”Ç”#Ç#££√„CÉÇ√„sSb√c„CSÉSb√c„Éc33b√í„Cí√#b„í√ÉB√„"√„√„ÉCÇ√cìí„ê£##R”Ç”#Ç3££√„B√„CB√c„C33c3b√c„sì#sb√í„Cí√#b„Ç√ÉR√„√„√„É3ììììììììììí√csr„Ä£##R”Ç”#ÇC££√„Cb√„#r√c„c###Éb√c„ssScÇ√í„Cí√#b„Ç√ÉR√„√„√„3b√ccí„ £##R”Ç”#ÇS££√„cSR√„√c„SSsSsÇ√c„ìcCs"√í„Cí√#b„r√ÉR√„Ç√„√„cSR√cÉR„`£##R”Ç”#Çc££√B„ì3cÉ"√„√c„Cc3B√c„Éì#B√2„r√#b„R√Éb√„√„√B„ì3cÉ"√s#B„Ä£##R”Ç”#Çs££√Cí„ì#3c√„√c„sSsìSB√c„Écsssb√R„√#r„r√ÉR√„Ç√3í„√Cí„ì#3c√sìí„@£##R”Ç”#ÇÉ££√í„ìC#ì√„√Sí„cCc##Ç√c„csÉ#s"√Ç„Ç√#Ç„2√Ér√2„B√ìí„√í„ìC#ì√ÉÉB„Ä£##R”Ç”#Çì££√É"„s3ÉSÉb√„C#r√Sí„c#sB√c„ìÉS#Ç√#„3í√#Ç„Ç√ÉB√"„b√3É2„√É"„sS#sì2√ìS„ê£##R”Ç”#Ç££√##"„#3CsB√„ÉCCsb√SÇ„3#3s"√c„É#ìsS"√#„3í√#í„í√sr√2„√CÉí„√##"„3ì#b√ìÉR„@£##R”Ç”#Ç££√#3r„ìcsc2√„3É3c#2√SÇ„cìcsB√c„Éc3c3"√í„√3„b√sB√B„r√cìR„√#3Ç„3ScÉb√„`£##R”Ç”#Ç#££√#Cr„És#2√„ÉìSSr√Sr„ÉSCìC"√c„cc#B√#R„r√#í„Ç√sr√b„r√É#2„√#CÇ„s#s"√„@£##R”Ç”#Ç3££√#í„sCì3í√„SÉB√Sb„ìÉ3ìCb√c„ssSb√#„É√#í„Ç√É2√b„"√ÉB„√##„É#sC2√3Ç„£##R”Ç”#ÇC££√3í„3sìR√„ssìSìí√cR„C#r√c„sSÉ#ìb√#„3í√3„√ÉB√b„r√sSb„√C„SSB√SR„P£##R”Ç”#ÇS££√Ç„ìS3ÉB√„#33C2√#R„ss##"√c„sÉCcb√3„Sr√#í„b√ÉR√b„√cc„√í„ÉcÉÉ2√S2„Ä£##R”Ç”#Çc££√"„s#ì#cR√„#CCÇ√3Ç„C#sC3Ç√cÇ„CìccÇ√3„Sí√#Ç„r√Éb√R„√3s„√"„ì33sCR√Sr„ £##R”Ç”#Çs££√cí„ÉCí√„3ì3"√3c2„Sss"√s„ìCcB√32„cr√#í„√ÉR√2„2√3cB„√cí„Css#í√„£##R”Ç”#ÇÉ££√B„scÉ#ìB√„CR√3cR„ìì3ÉS"√c„scSCÇ√32„ìR√#Ç„r√Éb√"„b√sÇ„√B„ÉÉsìB√„ £##R”Ç”#Çì££√2„c√„#sÇ√3s„CìSìSÇ√c„cììSS"√32„ìR√#Ç„√ì√"„"√S2„√2„#ìC√„ £##R”Ç”#Ç#££√"„Éìs3Sb√„√3Sb„sÉ"√ÉÇ„ÉÉC#CÇ√32„ìR√#r„B√ì"√„í√„√"„Éìs3Sb√s„@£##R”Ç”#Ç#££√„ÉÉs"√„√3í„33cÉCb√ìR„CSSì"√32„ìR√#r„√ì2√„2√„√„ÉÉs"√„£##R”Ç”#Ç##££√„3S#CCÇ√„#3SB√#í„SÉCì3"√s„33ìCB√Ç„í√#b„b√ì2√„í√„√„SÉ3ìÉÇ√ì3„ £##R”Ç”#Ç#3££√„ìS"√„cs3ScÇ√C2„cs3ìB√c„ì3Ç√Ç„r√#b„√ì2√„√„√„csCSììììììììììí√ÉSr„p£##R”Ç”#í££√„C3"√„CÉ3É3í√ÉÇ„CÉ##B√c„ìSS"√#R„cÇ√#R„Ç√ì√„2√„√„CÉC#s√sÉB„ £##R”Ç”#í££√„3sb√„3c#3Ç√cÇ„c3CcÇ√c„sS#ì"√„R√#R„R√ì√„R√„√„3c#CB√s3„P£##R”Ç”#í#££√„3"√„CcÉìSí√cÇ„É3sb√c„sSSccB√Ç„É√#R„2√Éí√„√„√„Ccì#sí√cìb„p£##R”Ç”#í3££√„CÇ√„CCìí√cÇ„s#ccs"√c„És"√Ç„É√#R„"√ÉÇ√"„2√„√„Cìr√csB„P£##R”Ç”#íC££√„C3"√„É#ÉÇ√cÇ„ÉcCÇ√c„sCCCÇ√Ç„É√#R„√Ér√"„"√„√„É33ìììììììììí√ccR„`£##R”Ç”#íS££√„Ésb√„É#r√cÇ„ÉìSìB√c„sìSìÉB√Ç„É√#R„B√Éb√„r√„√„ÉÉì2√cÉ"„ê£##R”Ç”#íc££√R„ìc3É#í√„3SsCÇ√sÇ„csC3s"√c„sssb√"„3B√#R„R√Ér√„"√„√b„ììSsr√s#R„0£##R”Ç”#ís££√S2„ÉSC32√„CB√b„ìÉs"√c„ss#sCB√r„Cí√#b„r√Ér√„B√3b„√S2„ÉcÉS32√É„@£##R”Ç”#íÉ££√#b„CSÉr√„3Éb√S„cc#b√c„scÉÇ√Ç„"√#Ç„√Ér√"„B√#"„√#b„SCCCr√Éì"„p£##R”Ç”#íì££√sR„SÉc3b√„ÉSR√SÇ„s#í√c„sÉc#B√#"„sr√#í„√Éb√„í√CÇ„√sR„#CC3b√ìcB„Ä£##R”Ç”#í££√#B„Sììb√„Sc#B√SÇ„#Sìì"√c„ÉìcSb√#"„í√#í„Ç√É√B„r√S3b„√#B„#S33b√ììr„ £##R”Ç”#í££√#32„ììccÉí√„#ìì3B√SÇ„3Éssb√c„ÉÉS3b√#R„s"√#í„Ç√sr√b„í√cÉR„√#3B„#ìc#í√R„0£##R”Ç”#í#££√#C„cììr√„3CCcb√Sr„cc3c3"√c„s#ìCSb√#R„s"√3„B√sÇ√b„Ç√sCÇ„√#C„3cc2√#„ £##R”Ç”#í3££√#b„c#sì3í√„3cCcÇ√cr„ìSSSÇ√c„s###B√#R„s"√3„r√sí√r„r√s#2„√#b„ìì#cí√32„0£##R”Ç”#íC££√#„#c3√„3CÉÉC2√#R„ìÉccÇ√c„ÉCScÇ√Cí„Ç√#í„b√É"√R„B√cc"„√#„SSìCsB√3r„P£##R”Ç”#íS££√cb„CìcR√„3CScsb√#cb„cÉ33B√c„É3B√SB„Ç√3„√ÉB√B„Ç√cr„√cb„É3s#ì√S"„ £##R”Ç”#íc££√Ç„3ìcìí√„#SCì√3b„C3É#b√c„sìsB√3„Cr√#í„R√É√B„√SC"„√Ç„cC3í√Éb„ê£##R”Ç”#ís££√SB„#cCìSr√„c3#"√3cr„ss3SB√c„sc#ccB√3„S√#í„r√É√R„"√3Ér„√SB„C#S#sí√í„Ä£##R”Ç”#íÉ££√2„3cSÇ√„SìSÇ√CÇ„#ì3B√c„ss#ì"√3„sÇ√#Ç„í√ÉR√B„R√#R„√2„ìSs3Ç√r„P£##R”Ç”#íì££√2„#sÉ"√„ÉcB√C"„ÉsC3Ç√c„ÉC#cÉÇ√3„sÇ√#Ç„√ì2√"„b√S"„√2„3Sìsb√í„@£##R”Ç”#í#££√"„ì#s#B√„√CR„ÉCÇ√c„sìSC#B√3„sÇ√#r„"√ìR√"„r√„√"„ì#s#B√cí„ £##R”Ç”#í#££√"„#ÉÉ#ÉÇ√„√3sí„ccìB√c„É#ìcìb√3„sÇ√#b„í√ì"√"„r√„√"„#ÉÉ#ÉÇ√„p£##R”Ç”#í##££√„#cììÉÇ√„√33"„ìÉìÇ√c„scsìÉB√#„#r√#r„B√ì2√„√„√„#cììÉÇ√ì3R„p£##R”Ç”#í#3££√„S3b√„CìR√3„sSCsí√c„ÉìcÉÇ√#„#r√#r„B√ì√„B√„√„S3b√Écb„ £##R”Ç”3££√„Sì"√„#sÇ√#B„Sscì"√c„ì3c3sb√#2„#b√#b„Ç√ì√„√„√„33sìììììììììí√sìR„ £##R”Ç”3££√„b√„ìcÉB√c„3ìccb√c„ìCcÇ√#2„b√#b„√ì"√„r√„√„ìsCB√sC„ê£##R”Ç”3#££√„CB√„CìcÇ√c„ÉsCB√c„ÉìsìB√B„#B√#R„r√ì"√„í√„√„S"√s2„ £##R”Ç”33££√„CÇ√„#3B√c„ÉsìÇ√c„ÉScÉB√„3R√#R„B√ì"√„B√„√„#sCÇ√csÇ„ê£##R”Ç”3C££√„C3"√„cScS√c„SìCcB√c„Éì"√ÉÇ„S"√#R„"√ì2√„√„√„ccÉ2√ccí„@£##R”Ç”3S££√„ì#Éí√„SCsìR√c„SccìCB√c„ÉCSÉ#B√ÉÇ„S"√#R„√ì"√„B√„√„cCÉ3ìììììììììí√csÇ„p£##R”Ç”3c££√Ç„cCìb√„##csSÇ√c„3ì#ììB√c„sc3"√„3R√#R„√ì√„2√„√Ç„3ììSB√s„p£##R”Ç”3s££√S"„sSsSìR√„SÉssb√c„c##C"√c„cì3sÉB√„s"√#b„B√Éb√„r√3b„√S"„ìc3sR√sC2„£##R”Ç”3É££√Ç„#3SÉsB√„#sí√3„É3ìB√c„c3CÉÇ√„#2√#Ç„"√Éí√„R√ìí„√Ç„#c3ssB√ÉB„£##R”Ç”3ì££√sR„ccCí√„CSs√cr„ìCcSì"√c„É3CS"√R„C√#í„√ÉR√B„2√3ìí„√sb„SÉìììììììÇ√ÉSí„@£##R”Ç”3££√##B„ÉìScr√„ss3"√cr„ÉÉìcìb√c„s3Éì"√b„í√#í„í√Éb√B„í√SSÇ„√##B„ìcÉÉr√ìí„ £##R”Ç”3££√#Sí„cìCÇ√„s3c3í√cr„sc3#B√c„sc#3#Ç√b„ì√3„√Éb√r„√ccí„√#c„3CSCCr√ì#2„ £##R”Ç”3#££√#Sí„cS#Sí√„sSC#3í√cr„3ìÉÇ√c„sCÉcÇ√b„ì√#í„√Éb√2„b√ccB„√#c„CcsCÇ√ì3Ç„0£##R”Ç”33££√#2„#32√„ìcìCR√cb„ÉC3"√c„sSc33b√b„ì√#í„√Éb√2„B√CsR„√#B„É#SÇ√ìs2„0£##R”Ç”3C££√cí„Sìs3√„Éc3É#√ÉB„ÉcÉb√c„sììCB√b„í√#í„√Éb√2„B√Cs2„√s„3s3SS"√ìsb„0£##R”Ç”3S££√3Ç„3333r√„cCìCb√C„ìccìB√c„scc3b√2„#í√#Ç„R√sr√R„b√3ìB„√3Ç„ìsìsS2√ìì„Ä£##R”Ç”3c££√B„ììscí√„cS3scB√#„ìÉÉSB√c„É#ìì"√32„Ç√#í„B√É√B„2√CCÇ„√R„cS3É2√"„0£##R”Ç”3s££√Sb„CsÉ#í√„cCs3sb√#ì„É#ÉÉ√c„ìÉCSì"√3B„2√#Ç„r√É2√2„Ç√3Ç„√Sr„É#R√#„p£##R”Ç”3É££√r„ÉSsÉb√„CCÉÉìr√3#B„CS#ìÇ√c„ìÉcssb√3B„2√#Ç„√Éí√2„√c„√Ç„3cÉ2√#B„ £##R”Ç”3ì££√2„CS"√„#ÉC#Ç√332„SCb√c"„s#ìÉB√3B„2√#r„2√ìR√"„√Cr„√2„C#CsÉ"√32„p£##R”Ç”3#££√"„ÉsSCB√„C3Cb√3S„É3CÉ"√c„ÉCCìÉB√S„R√#b„r√ìR√2„√„√2„3ìS2√ììí„ê£##R”Ç”3#££√"„#ìSb√„CSÉ##í√33„#3S#É"√c„ÉÉ3"√#2„2√#b„√ìB√„R√„√"„SÉs#ÉR√ìCÇ„ê£##R”Ç”3##££√„3cìÉb√„SÉÉS2√33„sSìÇ√c„ì#ÉSb√#„√#b„"√ìB√„B√„√„ÉsÉccÉìììììììììí√Éì2„ £##R”Ç”3#3££√„b√„ìSR√#S2„3cB√c„ì3b√#„sí√#b„2√ì2√"„√„√„ìSsR√É3"„ê£##R”Ç”3££√„SCB√„S#SìÇ√#B„C#b√c"„S"√r„cB√#R„í√ì2√„r√„√„S#C"√scÇ„ê£##R”Ç”3££√„S"√„cc2√Sr„É3ìsÇ√c„É#"√b„SR√#R„R√ì√"„√„√„ccc3#ìììììììììí√sÇ„Ä£##R”Ç”3#££√„CcB√„ìCÉcÇ√c„cÉ#"√c„É33cb√ÉB„sí√#R„2√ì√"„í√„√„ìS33"√cÉb„ê£##R”Ç”33££√„S"√„s#3Ér√c„ÉS##2√c„s3#Éb√ÉB„sí√#R„"√ì"√r„√„√„s#ìr√ccr„ £##R”Ç”3C££√„C#B√„SìCsB√c„#cCSÇ√c„ss3cìb√ÉB„sí√#R„√ì√"„Ç√„√„SìÉìÇ√cc„@£##R”Ç”3S££√„C"√„3Éc#r√c„33s3B√c„s##b√ÉB„sí√#R„"√ì√"„"√„√„3ì3í√ccb„P£##R”Ç”3c££√"„S3b√„ìSSìí√c„3CsÇ√c„sìCS#Ç√ÉB„sí√#R„í√ì"√"„B√„√2„Ccs3R√csÇ„ê£##R”Ç”3s££√Ç„S33r√„SÉ#3CB√c„ss3ScB√c„sc"√ÉB„sí√#b„B√ì√2„B√#„√í„S3S√sb„ £##R”Ç”3É££√c„sÉ3ì3r√„scìS#R√Sí„É3#3b√c„sc##s"√r„cB√#b„r√ìB√R„b√„√c„SS3Cc"√sSR„ê£##R”Ç”3ì££√S„cSC#sB√„3ì#C2√Sí„3CCÉ#"√c„s3c#ÉÇ√#„sB√#r„R√ÉÇ√R„B√##b„√S„ìs3Sr√ÉC„Ä£##R”Ç”3££√ìb„Sì#Ç√„CÉììB√Sí„#CììSÇ√c„sÉìB√í„CÇ√#Ç„√Éí√„2√#"„√ìr„ì#"√ÉS2„ £##R”Ç”3££√3B„c3Sc3í√„ìSs3S2√SÇ„ÉS33cb√c„ss3SÉB√#„CR√#í„√Éb√2„"√3s„√3R„Sì#ìì"√ÉS„ £##R”Ç”3#££√#„3ìÉSR√„cì3sr√SÇ„s√c„É#3ÉÇ√#„CR√3„2√sí√"„Ç√cC"„√#2„#3"√ÉCr„£##R”Ç”33££√#„cìsSR√„cS33B√Sr„ìÉs3SB√c„É###CÇ√#„#Ç√3„R√É√R„r√s3„√#2„3#3Éí√Écí„ £##R”Ç”3C££√ÉB„ìCS#"√„ìC#sb√Sr„cÉCcB√c„Éìcs"√#„#2√#í„B√sr√„√s„√Éb„3CsìÇ√ÉÉí„ £##R”Ç”3S££√3B„##3ÉÇ√„ìì#b√cí„#ìSc"√c„sCìÉìb√#„#Ç√#í„B√É√b„R√S3Ç„√3R„3#3#B√ì#„ê£##R”Ç”3c££√„#3Cs"√„CCsSÉB√#3R„ììÉ"√c„sS#Cs"√#„#Ç√#í„"√sÇ√B„√3s"„√„ccSb√ì#b„£##R”Ç”3s££√cÇ„ì#C2√„ScS"√#Sb„ì3ÉÉÇ√c„cì3ÉB√#„CR√#í„"√É√B„R√#C„√cÇ„cSsc3√ìcB„p£##R”Ç”3É££√B„sSÉ3SB√„#É#sÇ√#s„CcSB√c„sCÉs"√#„Éb√#Ç„b√ÉB√b„b√SÇ„√R„C3B√ììB„P£##R”Ç”3ì££√"„ìs3ÉsR√„C#csr√#s"„CS#í√c„s33B√#"„2√#r„B√ì√"„2√CR„√2„CSì"√2„ £##R”Ç”3#££√"„Cc33Ç√„Éc3sìÇ√#s2„3S#ì"√c„É#ÉB√#"„2√#r„B√ì√„B√„√2„3#sb√ìsb„ £##R”Ç”3#££√„CS#ìÉÇ√„ìc#Cr√#CR„#sccìb√c„s3ScÇ√#„Ç√#r„"√ì√"„√„√„CSCSÇ√ìr„@£##R”Ç”3##££√„#ÉsCB√"„#ìc3Ç√ìí„ìcsìcB√c„cÉCÉ#B√#„ìb√#b„b√ì"√"„r√„√"„3#S#B√ÉSí„ £##R”Ç”3#3££√„CÇ√„C3Ccìb√3r„S3cSb√c„s3#ÉÇ√r„cB√#b„b√ì√"„b√„√„C3SB√sìb„ £##R”í”££√„C3"√„cCì#ÉR√sÇ„sCÇ√c„sììcÇ√í„É2√#b„2√ì√2„Ç√„√„cCìsr√s32„P£##R”í”££√„S"√"„Éss3B√cí„ssÉb√c„scSì"√sB„ìí√#b„√Éí√B„R√„√"„ÉsscCb√cì2„ £##R”í”#££√„CÇ√"„sììÉc"√cí„ÉcCCÇ√c„ÉSCÉB√sB„ìí√#b„√Éí√B„R√„√"„É#s2√cc2„Ä£##R”í”3££√„3ì"√2„3ìSs2√cí„sss"√c„sÉìB√sB„ìí√#b„√Éí√2„√„√2„3ìcìS2√cCR„ £##R”í”C££√„B√„Cì3ÉSR√s„s3sb√c„Éc3"√sB„ìí√#b„"√ÉÇ√2„"√„√„CìC#SR√c3b„Ä£##R”í”S££√„3Cr√„3ÉÉí√cí„ìscÇ√c„ÉC#Ç√sB„ìí√#R„Ç√ÉÇ√2„√„√„3ì3r√cS"„`£##R”í”c££√„#SìÉí√„#ÉÉr√s„ÉÉì#Ç√c„ÉÉS3b√ì„sB√#b„2√Éb√"„í√„√„S3#sb√cìB„ £##R”í”s££√„Cì3C2√„##3s#Ç√cí„s#3SÉB√c„É#b√#„sÇ√#r„2√Ér√„Ç√í„√„#s3s√ssí„Ä£##R”í”É££√C"„ÉììR√„ì3ìsí√sr„3ìc3"√c„cìB√#Ç„ìÇ√#r„b√Ér√B„Ç√ìR„√C"„#É3ÉÉB√ÉSr„`£##R”í”ì££√b„cCÉSÉ2√„C#b√B„c#3ccb√c„cÉcSB√#Ç„ìÇ√#Ç„R√É"√"„r√#2„√b„cc#sÉí√ì#"„`£##R”í”££√Cí„##CB√„í√#Ç„S33"√c„sCsÉ#B√#Ç„ìÇ√#r„R√ÉÇ√Ç„Ç√„√Cí„3C3ìììììììÇ√ìCR„ê£##R”í”££√Cí„cSÉc2√„í√sB„#Cs#b√c„sÉC#B√#Ç„ìÇ√#í„B√É√„R√33Ç„√Cí„ccsc#ìììììììÇ√ìÉ„@£##R”í”#££√s„SCì√„#b√s2„Cìc3Éb√c„s#3CÇ√#Ç„R√3„√s"√"„r√sÇ„√s„S#sSììììììììÇ√ìÉ2„ £##R”í”3££√3"„#ììC2√„ì#B√Sr„cSÇ√c„sSs3CB√#Ç„R√3„"√s"√R„í√É#í„√3"„33#r√#r„£##R”í”C££√3„sS3sSb√„#Éì#b√Sr„SCCsCB√c„sSS3ÉB√#Ç„R√3„r√sR√b„2√sSÇ„√3„ìs#cÉ#"√#r„p£##R”í”S££√#b„3ì#32√„SSr√sb„ìSCb√c„CìcccB√3Ç„sr√3„2√sÇ√r„√sb„√#b„CCs32√í„ £##R”í”c££√„#C#sB√„Ç√ì„ìc#Ç√c„Sìcsì"√S„sB√3„√É√"„R√ScR„√„#csB√CR„ £##R”í”s££√Cr„SCSr√„ssB√#CR„Sì3ÉS"√c„SìÉÉcB√S„sB√#í„Ç√sí√2„√3sb„√Cr„S###ÉB√É„`£##R”í”É££√„#3SC"√„#R√3CB„sCSr√c„s3CÉ3"√S"„B√#í„b√sí√B„"√#2„√„#3sCr√sÇ„Ä£##R”í”ì££√2„3c#cB√„√3Éb„ScCCb√c„sì3b√S"„B√#Ç„"√Ér√2„í√Cr„√2„3c#cB√sr„P£##R”í”#££√"„ì3#"√„√3CÇ„##2√c„s3SSb√3Ç„b√#r„b√Éí√B„b√„√"„ì3#"√3„Ä£##R”í”#££√„sÉSCb√„√#ìr„#s##sb√c„ÉÉCÉÇ√#í„S√#r„2√ÉÇ√b„r√„√„sÉSCb√ìc"„`£##R”í”##££√„3ì#B√„√#"„SÉc"√c„ÉSsìsb√#Ç„ìÇ√#r„b√Éí√r„Ç√„√„3ì#B√Éìr„ê£##R”í”#3££√„3b√„√3í„#SccSb√c„É3Csb√#Ç„ìÇ√#r„"√Éí√Ç„2√„√„3b√É3„p£##R”í”"££√„3cÇ√„√#„CcC33b√c„ÉÉ#Éìb√#„Sb√#r„"√Ér√„√„√„3cÇ√sSr„£##R”í”"££√„#Ç√„√cb„ì#Ss"√c„ìC#ÉÇ√ì„R√#r„√Éb√„b√„√„#Ç√sÇ„£##R”í”"#££√„3b√„√cÇ„#3#ìb√c„ÉcC#B√ì„R√#b„Ç√Ér√Ç„b√„√„3b√csÇ„@£##R”í”"3££√„3cÇ√„√cÇ„3#S3sb√c„É33"√ì„R√#b„r√Ér√„√„√„3cÇ√cSí„ £##R”í”"C££√„3ÉB√„√cÇ„3ì##B√c„É#sScÇ√ì„R√#b„B√Éí√r„r√„√„3ÉB√cS2„£##R”í”"S££√„SCí√„É#C√cÇ„CÉ3"√c„É3#3ÉB√ì„R√#b„"√ì√„r√„√„ÉSs3√ccb„ £##R”í”"c££√2„ìS3#2√„CsC3R√sí„#sÉìí√c„ÉCc3"√ì„ÉR√#b„"√Éí√Ç„b√„√B„C#sSÇ√cìÇ„`£##R”í”"s££√3r„3CS#í√„SSs#Ç√„##3Éc"√c„scìccB√#"„S√#b„R√Éí√„2√#r„√3r„ì##Cr√ss2„@£##R”í”"É££√ì2„cÉ33Cr√„s3b√S"„ììSsS"√c„sCì"√#í„ìR√#r„r√É2√„b√s„√ì2„sScCS2√Éc„@£##R”í”"ì££√3Ç„cÉCc√„s#3sr√SÇ„sCÉìSB√c„ì#SScÇ√#í„sr√#Ç„b√É√„B√3sR„√3Ç„sÉÉ3É"√ì#b„@£##R”í”"££√3b„cC3B√„#SSsr√Sr„C3ì3#B√c„ìcSS"√#í„s√#í„"√É√Ç„√S32„√3b„ÉìÉ#ì√ìÉB„ £##R”í”"££√Ér„3scCR√„CcC#c"√É„cÉ#"√s„#SìB√#í„S2√#í„R√sr√R„√c#„√Ér„ÉCCr√#b„Ä£##R”í”"#££√3„cÉC3#r√„sSÉsB√#3„#cSìb√#2„C3CÉB√#í„C√#r„b√É"√„"√cCí„√3„CC#C√#b„Ä£##R”í”"3££√í„c3CÉ2√„CCCÇ√3„ìSCÉb√cb„És3s#Ç√#í„#2√#Ç„B√sí√R„R√CÉ2„√#„sc3√ììR„`£##R”í”"C££√cb„ìsÉR√„SSÉcÉ"√3c2„3ÉÉScB√c„ÉS#ìb√#í„#2√#í„B√sÇ√b„b√s#B„√cr„CsCcr√ìS"„@£##R”í”"S££√ì2„3c#√„##3sr√3c"„sS33C"√c"„CÉ#B√#í„#2√#í„"√É"√b„B√cìR„√ì2„3SììÇ√ìC„@£##R”í”"c££√sr„ìs3sR√„sSÉìÇ√3s„Sìcb√cÇ„#ÉsìS"√C„Sb√#Ç„Ç√ÉB√b„√Sb„√sÇ„Cs#s2√ìs"„ £##R”í”"s££√CR„ìS3SìB√„SB√3cí„S##ìCB√c„ÉcÉs#Ç√3„3"√#Ç„B√ÉB√2„b√#s2„√CR„ìSÉììB√B„0£##R”í”"É££√B„#ÉCSSB√„√3É2„SSÉsÉB√c„É#cÇ√C„B√#Ç„"√É2√"„b√„√B„#ÉCSSB√r„p£##R”í”"ì££√"„3ÉCCSr√„√3ÉÇ„#s3Éb√c„ÉìCB√C„B√#r„Ç√Éb√2„2√3„√"„3ÉCCSr√#B„£##R”í”"#££√„É3ì"√„√3sb„Ccì#Ç√c„scìì"√3Ç„ìí√#r„√ì√"„B√„√„É3ì"√ìÉR„£##R”í”"#££√„sÉ#B√„√3Cí„csìB√c"„s"√#í„ìR√#r„√ì√„r√„√„sÉ#B√ì#2„Ä£##R”í”"##££√„C3"√„√33„sÉÉÉcB√c„ì#ìB√3„2√#b„r√ÉÇ√„√„√„C3"√Éc2„`£##R”í”"#3££√„C#B√„√#3Ç„c#sB√c„ì##SCB√#r„C"√#b„r√Ér√„b√„√„C#B√sìr„ £##R”í”2££√„CCÇ√„√Sí„#c#ÉS"√c„ìs"√#„sÇ√#R„Ç√ì√„2√„√„CCÇ√s3„0£##R”í”2££√„CB√„√c„cScC"√c„ÉÉÉccB√ìB„"√#R„"√ì√„2√„√„CB√cÉ2„ £##R”í”2#££√„B√„√c„#C#cSb√c„É3É#cB√ìB„"√#B„r√ì"√"„R√„√„B√cS"„Ä£##R”í”23££√„B√„√c„#ìì3Ç√c„É#3CÇ√ìB„"√#R„√ìB√2„Ç√„√„B√c3R„0£##R”í”2C££√„C3"√„√c„#CS#Ç√c„É##sS"√ìB„"√#R„"√ì2√„b√„√„C3"√c#í„ê£##R”í”2S££√„Cì#B√„√c„##scb√c„Éc3ÉB√ìB„"√#R„"√ì"√2„√„√„Cì#B√cCr„P£##R”í”2c££√"„ì#c#b√„√c„3cÇ√c„ÉCìÉB√ìB„"√#R„√Éí√"„b√„√"„ì#c#b√cÉ2„ £##R”í”2s££√3b„3ScÉC2√„√c„ÉsScB√c„cÉCCÉÇ√#„sÇ√#b„B√ÉB√R„2√3"„√3b„3ScÉC2√sS2„p£##R”í”2É££√ì„ccs2√„3b√SÇ„sÉB√c„ÉS3ì"√#Ç„#√#r„b√ÉR√r„√ì„√ì„s32√É3r„ê£##R”í”2ì££√3„ìS#sÇ√„í√SÇ„c#3ÉcB√c„sCCsCB√#r„ìr√#Ç„b√É√r„"√3ì"„√3„ìC#sÇ√ì2„ £##R”í”2££√Sr„33CCb√„Ç√SÇ„SìscB√c„cìCcB√#r„sí√3„√s2√b„b√SsR„√Sr„3C#Cb√ì3b„Ä£##R”í”2££√cr„SCcÉCÇ√„3Éb√Sr„S#CÉÇ√c„cìÉb√#r„cr√3„b√s√„√cìí„√cr„ÉcSCCÇ√ìCB„ £##R”í”2#££√SR„3#É"√„s3CB√Sr„SS3Éb√c„sc3"√#r„Cí√3„b√s√2„Ç√sSb„√Sb„SS#ìììììììÇ√ìSB„`£##R”í”23££√S2„c3ìs2√„#SÇ√Sr„C3ssÇ√c„Écsb√#r„Cí√3„b√s√B„r√sì2„√SB„Éìì√ìsb„0£##R”í”2C££√ìí„CC#Cb√„Écsb√sÇ„#ìScC"√c„ÉÉc"√#Ç„Sí√#í„√É√"„Ç√cSí„√„##C#"√„p£##R”í”2S££√sí„cS#√„ÉsSr√#Sr„ìcSÉc"√c„ìs3"√3r„Sb√3„√sB√r„b√c2„√É„S#c3Ç√ììB„p£##R”í”2c££√SR„ìsSR√„cS3cÇ√3#"„SSÉ2√c„ìSÉ#B√3í„3R√#í„r√sÇ√R„√Cìí„√Sb„sCsÉÉ2√B„@£##R”í”2s££√3r„cc#CÇ√"„Cì#SÇ√3cR„Ss3√c„ììcÉSb√3í„3R√#í„B√sÇ√Ç„"√#S„√3í„cSÉCb√3B„@£##R”í”2É££√Ç„3ìS2√„sscSC√3Éí„3cìsB√c„ì3SB√Cí„B√#í„2√sí√Ç„í√ì2„√í„ÉÉCìB√CÇ„0£##R”í”2ì££√"„cìì##"√„SCÉs"√3ì2„sCìb√c„ìCÉsS"√Sr„CÇ√#r„b√ì√"„r√C„√B„#CìB√Cí„`£##R”í”2#££√"„SsÉ#ÉÇ√„ÉSsìÉ"√3s"„SÉÉS"√c„s3ììÉB√3Ç„É"√#r„2√ì√B„√„√2„C3c#sB√R„P£##R”í”2#££√„ìSc33"√„ÉìCR√3cÇ„CsSìSB√c„sc#ìb√#í„SR√#b„R√ì"√2„b√„√"„3s#sr√ìC"„0£##R”í”2##££√„SÉÉ"√„#cSccÇ√3#b„CCcÉÇ√c„ÉscS"√#Ç„3í√#b„b√ì2√R„√„√„ÉS3cÇ√ÉsÇ„p£##R”í”2#3££√„##ÉÇ√„C3ÉÉb√#ì"„#cììsÇ√c„sÉììì"√#Ç„3í√#b„√ì2√"„Ç√„√„CSCÇ√Éb„P£##R”í”B££√„B√„Sc#r√#b„#ìSì#b√c„É#C#cB√#2„s√#R„r√ì"√"„"√„√„Scccìììììììììí√sCr„P£##R”í”B££√„Cb√„3cCSB√SÇ„SssScb√c„sc#ccB√ì"„#√#R„Ç√Éí√2„B√„√„3cCCr√cìÇ„@£##R”í”B#££√„3ì"√„cÉR√c„C#Sc"√c„ÉSs#B√Ér„C2√#b„√ÉÇ√B„Ç√„√„cÉCr√ccÇ„P£##R”í”B3££√„3ì"√„3ìScìb√c„CìC#R√c"„#ÉÇ√ÉÇ„í√#R„í√ÉÇ√R„√„√„3ìcÉÇ√cCÇ„Ä£##R”í”BC££√„B√„sì#í√c„Cc#3Ç√c„ìs3b√ÉÇ„í√#R„r√Éí√R„2√„√„sìcí√cC"„p£##R”í”BS££√„S#S2√"„SsSR√c„CCÇ√c„ìS3"√ÉÇ„í√#R„R√ÉÇ√B„Ç√„√"„Ç√cSr„Ä£##R”í”Bc££√"„sCìb√"„SScC#2√c„CCSS"√c„ìSì#Ç√#„sR√#R„b√Éb√r„"√„√R„#c3É2√cìí„0£##R”í”Bs££√3"„cc#sÉb√"„É##Ç√Sí„ì#sìsÇ√c„ssìS"√#„sR√#b„B√Ér√„Ç√#í„√3B„ÉCSB√ssR„`£##R”í”BÉ££√s„cCcìr√„cS3C2√SÇ„ìÉìS2√c„scÉs"√3„3Ç√#r„R√Éí√"„2√c2„√s2„#cCB√És2„ê£##R”í”Bì££√Ç„##Éì#R√„#c#ÉSB√SÇ„#S#Cs"√c„sìÉ3"√3„3"√#Ç„R√ÉB√„r√3S„√í„Cìssí√ì3"„@£##R”í”B££√CR„ìÉ#r√„SScC3B√Sb„ì3cì"√c„Éì3cÇ√3„3"√#í„B√sÇ√2„Ç√Ccb„√Cr„CsCcC√ìc„ £##R”í”B££√c„Cì#S#B√„cccb√Sb„ìsC3#Ç√c„s#SÉb√3„B√#í„Ç√sb√B„í√c2„√c"„ìB√ìs„Ä£##R”í”B#££√cb„sscsí√„CCsr√Sb„S#sì"√c„s#3"√3„ìb√3„R√s2√2„√sí„√cÇ„#sÉÉc"√ìs„P£##R”í”B3££√cb„3S#CSB√„CC#S#R√Sb„sS#b√c„cÉsìb√3„ìb√3„"√sB√B„√s3B„√cr„sìCìsÉìììììììÇ√ìì„ £##R”í”BC££√Cí„Éc#í√„33s3B√SR„É#Éb√c„ÉsSsb√3„ìb√3„√sb√2„b√cÉÇ„√S„CsìC2√ììR„`£##R”í”BS££√B„csÉ√„C2√s2„ì##C"√s„CcÉÇ√3„í√#í„í√sÇ√B„√c3„√R„c#√B„`£##R”í”Bc££√É„C##Sr√„Cì#CS2√#3B„ccÉcs"√ì„#Cìb√3r„s2√#í„R√É"√2„"√Sr„√É„ìCs√3r„ê£##R”í”Bs££√C2„ì#Ç√„#CÉ3cí√#s„#ìS3"√#B„#sìSCB√3„í√#í„"√É√„B√3s"„√C2„C3ìSsr√s„p£##R”í”BÉ££√í„#CsSÇ√„CcC√33"„ì√#2„scSì"√3Ç„R√#Ç„b√É√Ç„í√#2„√í„#ì3c#√sí„p£##R”í”Bì££√"„ì3sR√„#S3B√3C2„Sì3b√#2„C##Ç√3Ç„R√#r„B√ì"√b„"√C"„√"„ì#Ssí√sB„ê£##R”í”B#££√"„É#Ss"√„CS3Ç√3CR„SÉÉ√#2„scÉs"√3Ç„R√#r„√ìR√Ç„2√„√"„ÉcSÉí√#Ç„P£##R”í”B#££√"„cSSB√„#É#B√33„ìs#csb√#2„c#SsCB√3„3"√#b„í√ìb√í„r√„√"„ì3sCB√ìc"„ £##R”í”B##££√„Cs33Sb√„3ÉÉb√33"„c3ì#Éb√#2„cSÉ33b√3„r√#r„2√ì√„√„√„SCC"√ì„Ä£##R”í”B#3££√„ì#B√„#B√33"„CìS##b√#Ç„CÉÉSì"√#r„#B√#r„"√ÉÇ√„√„√„ìCÇ√É3R„Ä£##R”í”R££√„C3"√„√3#2„ÉcÉ3#Ç√#Cb„SCSÉÇ√3Ç„B√#b„B√ì2√r„b√„√„C3"√scr„ £##R”í”R££√„3"√„√#S2„ìCÉÉB√#Sr„ììcìb√ì„Sb√#b„2√ì2√B„R√„√„3"√sR„`£##R”í”R#££√„3b√„√#Cí„3#ì√#Sí„cSÉ33b√ì„R√#R„Ç√ìB√R„B√„√„3b√cÉR„£##R”í”R3££√„3sb√„√#Cí„sCÉB√#Sí„c333b√ì„R√#R„R√ìB√2„Ç√„√„3sb√cc„ £##R”í”RC££√„B√„√#3„s3ÉÇ√#S„3sb√ì„R√#R„B√ì√"„Ç√„√„B√cSB„ £##R”í”RS££√„SÉR√„#C√ìí„#cSSCB√#2„ssÉ"√#„R√#R„R√Éí√R„R√„√„SC#b√ccÇ„Ä£##R”í”Rc££√"„SssSR√„√ì"„sc3í√#2„S#R√#„R√#R„B√Ér√B„b√„√"„SssSR√sí„0£##R”í”Rs££√3r„#sìcb√„√ì"„##Sr√#2„Sc#cB√#"„#Ç√#b„√ÉR√b„√#í„√3r„#sìcb√sÉ2„`£##R”í”RÉ££√ìR„ìCSc√„3b√ì"„sCSC"√#2„CÉ#Ç√3„SB√#Ç„√É√b„B√É2„√ìR„ìCÉcc√Écb„Ä£##R”í”Rì££√32„SC3Éb√„Ç√ìr„ììSb√#2„SSìb√3„2√#í„√sr√r„√3Éb„√32„SSCcSìììììììÇ√ì3Ç„ £##R”í”R££√S2„sìcì32√„s"√C2„S##Sìb√#2„S3ìì"√3„"√3„√sB√r„√S#b„√S2„ÉcÉì32√ìsr„ £##R”í”R££√S„É#sscB√„#cCí√SÇ„SSS3b√#2„SÉcb√3„√#í„R√sr√r„R√cc"„√S"„ìss2√ììB„£##R”í”R#££√3Ç„ÉÉ#Éí√„#ìÉs√SÇ„s#cÉc"√#2„S#sb√3R„s"√#í„r√sr√Ç„"√sSR„√3Ç„3Ér√r„Ä£##R”í”R3££√ìí„ÉÉB√„3ìcÇ√s„ìSsÉÇ√#R„SCCìsb√3í„#Ç√#í„√É√í„R√sí„√ìí„3#S"√3b„p£##R”í”RC££√sb„C3scSr√„S3Éì√Ér„c#cÉcb√#B„3ì"√3í„3Ç√#Ç„"√É√„√SsÇ„√sb„ìscSSÇ√3„Ä£##R”í”RS££√É"„scsccB√„3ì√#cr„s#scB√#2„s3Cssb√3í„#b√#í„2√É√b„í√SR„√É"„ÉììSsB√2„P£##R”í”Rc££√cB„#csÉ√„3S"√3#b„3#SÉB√#2„ÉÉCB√3í„#Ç√#í„R√sí√R„b√3CR„√cB„3sS#ì2√#"„ £##R”í”Rs££√#í„s#cB√„#scB√3#R„33CÉC"√#2„scSCÇ√3„#B√#í„2√É√R„2√3#R„√#í„ììc#B√Sr„0£##R”í”RÉ££√r„CCSR√„Csccb√3C„ìÉ#Sb√#2„sSCS"√3Ç„3Ç√#Ç„r√É"√2„í√Sí„√r„ì#Scb√S2„0£##R”í”Rì££√2„#3B√„S3C3Ç√3CB„#SSìb√#2„c##b√3r„3Ç√#r„R√ì2√„B√3b„√2„SSsS"√SR„P£##R”í”R#££√"„cì3S"√„SCCìÉÇ√33„#csÇ√Ér„ì3"√3„2√#b„í√ì2√„Ç√„√2„#3c3B√2„0£##R”í”R#££√„S#ìB√„3ÉìcsR√#ìí„scsssb√c„ÉÉìÉìb√3„3b√#b„√ìR√„í√„√„Éì#Ssí√ìS2„P£##R”í”R##££√„3#í√„sÉsÉS2√##í„cs3Sr√c„É##ìsb√3„SB√#b„"√ì2√„b√„√„ìsS2√Éì2„ £##R”í”R#3££√„C#B√„SSS#ìr√Sr„cc3ìb√c„ìÉB√#b„c"√#R„Ç√ì2√"„2√„√„SSSs#√É3"„£##R”í”b££√„Cb√„33Sb√Ç„SÉÉ#ÉÇ√c„ÉìcsÉB√3„Ç√#R„R√ì2√"„√„√„3ss"√scb„P£##R”í”b££√„3sb√„sSìsr√cb„33#cs"√c„ÉSCs"√ìÇ„Ér√#R„B√ì"√"„√„√„sc3S#ìììììììììí√sb„p£##R”í”b#££√„3ì"√„ÉSCì√cÇ„3CcB√c„sssÉB√ì„É√#R„R√ì√„í√„√„ÉSÉÉ2√cÉ„@£##R”í”b3££√„CCÇ√„3Ss√cÇ„Éìb√c„É3ìì"√ì„É√#R„√ì√„í√„√„3cCí√cSR„ê£##R”í”bC££√„CÇ√„3CB√cÇ„sìccB√c„scS"√ì„É√#R„√ì√"„√„√„3SS"√cCr„ê£##R”í”bS££√„Cs3r√„CCb√cÇ„#3ìcÇ√c„É##ÉcB√ì„É√#R„√Éí√„R√„√„cÉ2√cSí„@£##R”í”bc££√"„ÉìC"√„√cÇ„C#B√c„Éscìb√ì„É√#R„√ÉÇ√„R√„√"„ÉìC"√cÉ2„0£##R”í”bs££√3„cCììcr√„s#2√cr„ììÉÉìb√c„ÉììÇ√ì„ìR√#b„√ÉR√"„√#r„√3„cScí√s#2„P£##R”í”bÉ££√cB„#c3SÇ√„ÉR√sÇ„#CSb√c„cc#ìb√#R„√#Ç„√ì2√„√sb„√cB„#sCs2√sì2„p£##R”í”bì££√#R„3SìSr√„Ç√#Ç„s3Cs"√c„ÉCÉs3b√3B„ìb√#í„2√É√„R√3c2„√#R„3s3r√ÉC2„`£##R”í”b££√SÇ„ÉcÉìR√„SÉÇ√SB„3CsÇ√c„ìssb√3„c"√3„b√s√„√SS2„√SÇ„ì#ssCìììììììÇ√ÉÉ2„ê£##R”í”b££√ì„ìs3#ìR√„ììs2√C2„cCC3cÇ√c"„s#S3B√3B„í√3„r√s2√R„b√cCr„√ì„cS#cÇ√Éì2„0£##R”í”b#££√sB„CCssÇ√„#ìCsC2√C2„3CcsìÇ√c"„s3sì"√3B„s"√3„"√sí√B„"√sÇ„√sB„cììS#√ì#B„@£##R”í”b3££√SB„C3ì#3b√„scsr√c„#ì3ìS"√c"„C3"√3B„s"√3„b√sÇ√b„√sCR„√SB„SSìC2√ìC„ £##R”í”bC££√C2„Cì#3R√„c"√c„ÉcìcìB√c„ì#s#B√32„3í√3„√cí√2„√s#"„√C2„SSC3R√ìCR„0£##R”í”bS££√#„S3Csì"√„#ì3í√sB„Éì"√c„sìc#Ç√#í„cr√3„√cÇ√R„b√c3Ç„√#„ccC√ìCÇ„0£##R”í”bc££√ì„Éc##ìb√„3ÉS2√#CB„ÉcSscÇ√c„sCsSCB√C„ì"√3„Ç√cÇ√B„b√SÇ„√ì„ÉscCí√ìÉr„P£##R”í”bs££√CR„s3Éí√„√3#R„sS33Ç√c„sSscÇ√3í„É"√3„r√cí√"„r√33í„√CR„s3Éí√#"„P£##R”í”bÉ££√Ç„ssS3"√„√33R„sScB√c„sc#cB√C„"√3„√s2√í„Ç√ì„√Ç„ssS3"√3í„p£##R”í”bì££√"„ìccS#b√„scÉ"√33Ç„c#ìB√c„sSsB√C„"√#Ç„Ç√sí√í„Ç√3r„√"„ìsC#Ç√3Ç„Ä£##R”í”b#££√"„ÉSCS"√„ScC√33b„ÉccsÇ√c„sCCÉB√3R„B√#Ç„√É2√„√„√"„ÉSsì2√„ £##R”í”b#££√"„sSC3"√„SB√#c„##s"√c„ÉCS3sb√3r„#í√#r„R√ÉR√"„√„√"„ÉÉ3"√ìCr„ £##R”í”b##££√„33ÉCÇ√„Ésí√##Ç„cS2√c„ÉììÉB√#r„s"√#r„B√Ér√„í√„√„Sì#r√ÉìB„0£##R”í”b#3££√„CÇ√„√Sr„cc3cb√c„É#S#s"√#2„ìí√#r„b√Ér√„2√„√„CÇ√É3R„£##R”í”r££√„CÇ√„ì##√#R„cìÉB√c„ÉS#C3"√3„3Ç√#r„r√Éb√„2√„√„ìc#Éìììììììììí√scí„£##R”í”r££√„3CB√„ì#Ç√cb„S3ScÇ√c„ÉC33b√sb„b√#r„R√Ér√„R√„√„##s"√s#„Ä£##R”í”r#££√„C#B√„ìcB√cr„cÉ#B√c„É##Ç√sB„cB√#r„B√Ér√„r√„√„3ÉÇ√cÉÇ„0£##R”í”r3££√„3cÇ√„SìB√cr„3cSì"√c„É3sB√sB„sÇ√#r„b√Ér√„√„√„SìscÇ√ccR„Ä£##R”í”rC££√„3ÉB√„SSÇ√cr„ìÉìb√c„Éc3CÇ√sB„S√#r„b√Éb√"„2√„√„SCC"√cSí„Ä£##R”í”rS££√„SsÇ√„Ç√cr„SsB√c„ÉCCCÇ√s2„ì"√#r„B√Ér√"„√„√„sSÇ√cs„ £##R”í”rc££√2„c3sìÉí√„√cr„#3Éì"√c„sì#b√s2„ì"√#r„2√Ér√2„B√„√2„c3sìÉí√cì„ £##R”í”rs££√3„CÉC"√„√cr„#sCÉb√c„sc#ÉÉÇ√s2„ì"√#r„r√Éb√„R√í„√3„CÉC"√s#r„0£##R”í”rÉ££√s„CCS3SÇ√„3b√cr„#CÉÇ√c„sCCì"√sB„s2√#Ç„b√ÉB√2„Ç√#"„√s„CCÉìSÇ√ss"„ê£##R”í”rì££√r„#ììb√„3CÉ2√cb„ì#3ÉB√c„sìs"√3b„ì2√#í„B√sÇ√b„2√3R„√r„#C3ìí√ÉB„P£##R”í”r££√S"„333#Ç√„É3cí√cb„ìS3b√c„ÉSì"√ìB„2√#í„Ç√É√R„2√3S"„√S"„CScCí√ÉcB„£##R”í”r££√c2„3ìì2√„sìsb√cR„É#Cìsb√c„sìc#Ç√3r„í√3„√s2√b„√S3"„√cB„##ìcí√ÉÉr„ê£##R”í”r#££√c"„ÉcìC"√„3SsB√cR„s33CB√c„sÉcsCB√3Ç„Éí√3„í√cÇ√b„Ç√scR„√cB„#ÉìCb√ìB„P£##R”í”r3££√cí„3#s#b√„CcS"√s„SCb√c„ÉCcÇ√3Ç„Éí√3„R√cí√í„Ç√s3„√cí„sì##Ç√ì2„ê£##R”í”rC££√SÇ„C3SìB√„#sS"√B„#ìÉs"√c„sccì"√3Ç„Éí√3„"√cr√Ç„Ç√Sì"„√SÇ„c#ìb√ì3„ £##R”í”rS££√í„S3#C2√„Ésìì√Cb„ìsÇ√c2„ìCCSb√3Ç„Éí√3„√s√í„r√c2„√„C#33√ìcÇ„`£##R”í”rc££√CÇ„c3ì3"√B„ììí√#b„csSs"√#„ì#ÉcB√3Ç„Éí√3„2√s2√í„√SB„√S2„SS##b√ìì„0£##R”í”rs££√3„SÉsCR√"„CcCìÇ√3#b„SS3Ç√c„ìC#3"√3Ç„Éí√3„√sb√b„2√3Cí„√3"„c33ìCÉB√ìì„ £##R”í”rÉ££√R„#ì#3Ç√„#SS√3sr„C#sÉ3B√c„ÉCì#Ç√3Ç„Éí√#r„í√Ér√b„R√cR„√R„Scs3í√#"„ê£##R”í”rì££√"„sì"√„√Cí„ìCSÉCÇ√c„sì3ÉB√3Ç„Éí√#r„B√Éí√„√#b„√"„sì"√#„ £##R”í”r#££√"„S3c#B√„√C#b„S##ÉÇ√c„ÉÉÉ3#Ç√3Ç„Éí√#r„b√Éb√Ç„√„√"„S3c#B√ìÉR„p£##R”í”r#££√„css#Ç√„√Cr„Éc"√c„ÉìSìCB√3Ç„Éí√#r„b√ÉR√R„í√„√„css#Ç√ì3B„@£##R”í”r##££√„##ìÇ√„√3Sí„cì33CÇ√c„É3cìsb√3b„ì2√#r„B√ÉR√Ç„í√„√„##ìÇ√Ésr„p£##R”í”r#3££√„3b√„√32„ìSB√c„É3sìÉB√ì2„SB√#r„B√É"√„r√„√„3b√É„P£##R”í”Ç££√„Cb√„√#Ç„É#ÉSSB√c„ÉS#3sb√s„b√#r„B√É√„b√„√„Cb√sCÇ„Ä£##R”í”Ç££√„CÇ√„√CB„cs#Ç√c„ÉcÉìS"√s„#Ç√#r„B√É√„b√„√„CÇ√s„Ä£##R”í”Ç#££√„CCÇ√„√CR„ìÉÉ#"√c„Éì#B√s„3√#r„B√É"√„√„√„CCÇ√cs"„ £##R”í”Ç3££√„3ÉB√„√CR„ÉScsB√c„ì#ÉÉÇ√s„#Ç√#r„√Éb√„b√„√„3ÉB√cS2„ £##R”í”ÇC££√„B√„√CR„É#R√c„ÉÉC3"√s„#Ç√#b„í√ì√„√„√„B√cCí„ £##R”í”ÇS££√„ÉSr√„√CR„ì#CÉB√c„ÉìS"√s„#Ç√#r„√Éí√Ç„b√„√„ÉSr√ccB„`£##R”í”Çc££√2„3sr√„√CR„ÉÉscB√c„ìcssb√s„b√#b„b√ì"√Ç„R√„√2„3sr√s„@£##R”í”Çs££√3B„S#Ss2√„√Sí„SSÉCí√c„ì3Écb√#2„cÇ√#b„2√ì2√r„í√B„√3B„S#Ss2√ssR„ £##R”í”ÇÉ££√É„#S3C√„√Sr„ì#R√c„Éì#3B√#í„SR√#r„"√ì√r„√ì„√É„#S3C√Ésr„ £##R”í”Çì££√ì"„CSCC#2√„í√Sr„3Éb√c„ÉscÉÇ√32„2√#r„Ç√ÉB√R„b√#cí„√ì"„Cc3C#2√ìcR„0£##R”í”Ç££√ìB„3sììCR√„sì3í√Sr„ìCb√c„sÉì#Ç√32„2√#í„√ÉR√2„2√#Ér„√ìB„3ÉsÉÉB√2„ê£##R”í”Ç££√Éí„#ìÉì"√„c√Sr„Écììb√c„ìCCSb√32„2√#í„√Ér√b„√C3"„√Éí„3C#2√r„`£##R”í”Ç#££√B„C3C2√„CÉ"√SÇ„csCb√c„Éì#Ç√3"„3R√#í„b√É"√"„"√CÉr„√B„ÉC#R√ìì„`£##R”í”Ç3££√#B„CScR√„í√ìr„CsÉì"√c„ìss#Ç√3"„3R√#í„í√É"√b„√csr„√#B„CìScR√ììí„£##R”í”ÇC££√b„#Scc√„Ç√#32„Éc#2√c„ìSScìb√3"„3R√#Ç„"√ÉB√B„"√SC„√b„#sCc√í„ £##R”í”ÇS££√ÉB„SsÉÇ√„s3Ç√#É„ìSC#sB√c„ÉCsSb√CR„Ér√#í„Ç√É√2„√Sr„√ÉB„SÉcÇ√R„`£##R”í”Çc££√sr„#ìcR√„3ì#Cb√3#R„#CsSB√c„ÉSì"√C„í√#í„√Ér√B„√Sb„√sr„#C#√b„P£##R”í”Çs££√3í„3sÉCCR√„√3#„ìCCB√c„sì#"√3r„ÉB√#Ç„2√ì"√„√3Ç„√3í„3sÉCCR√CB„ £##R”í”ÇÉ££√B„ìcsr√„#C√3C„c33b√c„ìcÉSb√C„Sr√#Ç„√ì"√„2√sB„√B„ìcCÇ√Sr„£##R”í”Çì££√"„ìcÉ3r√„##ì2√3C"„ìCÉ#C"√c„É33cÇ√C„Sr√#r„√ìB√„r√#Ç„√"„ì#ì2√Sr„£##R”í”Ç#££√"„cS2√„CCÉÉr√3#r„ììs3Ç√c„ìCcìB√3Ç„Ç√#b„b√ìR√"„B√„√"„#Ér√ìÉb„ £##R”í”Ç#££√„3ìs#b√„CÉìSB√3r„c#c"√c„ìÉcÇ√3Ç„Ç√#b„2√ìÇ√„"√„√„Écs√ì3í„£##R”í”Ç##££√„#ÉSb√„c#sB√#3B„3Ç√c„ÉsÇ√32„2√#b„√ìb√2„Ç√„√„c#CSr√ÉÉB„ £##R”í”Ç#3££√„Cs"√„#ScCÇ√sr„CCìC"√c„ì#Ss3b√#2„cÇ√#R„í√ìR√„í√„√„#Sììììììììììí√ÉÇ„`£##R”í”í££√„Cìb√„É#3Sb√c„s33Ç√c„ÉÉs#cB√ì2„Cí√#R„Ç√ì√„b√„√„É#ÉS"√ss"„ £##R”í”í££√„3ì"√„C#ìR√Cb„sìS"√c„ÉCSÉÇ√sR„Sr√#R„Ç√ÉÇ√„R√„√„C#SÉr√cìÇ„£##R”í”í#££√„3sb√„SC#b√Cb„3cb√c„sÉSìB√sR„#"√#b„√Éb√„R√„√„SCSì"√ccí„ £##R”í”í3££√„33b√„SSsC2√Cb„#CìSÇ√c„sSCCÉÇ√sR„Sr√#R„√ì"√2„í√„√„Scsí√cS„ £##R”í”íC££√„3ÉB√„#c3"√CR„ìSÉ3SÇ√c„ssCì#Ç√sB„ì√#R„"√ìb√„2√„√„3b√cC2„P£##R”í”íS££√„sSsb√„√CR„És#SS"√c„É#s"√sB„ì√#R„√ìR√„B√„√„sSsb√cc2„0£##R”í”íc££√2„ÉÉSs#Ç√„SB√Sí„ÉcìÉÇ√c„ÉÉcCB√ì"„3b√#R„√ì2√"„R√„√2„Éì#Ç√s„@£##R”í”ís££√#Ç„ÉcììÉÇ√„Cì#"√c„ìì33Ç√c"„3CcB√#R„#√#R„í√ì"√B„√#2„√#í„ì√ssí„ £##R”í”íÉ££√cr„#cCSR√„CCìcr√Sr„ìÉìÉsB√c„Éc3ÉB√3„Ç√#b„B√ìR√r„R√3B„√cr„ccìCs"√ÉSb„£##R”í”íì££√É„SCCìb√„cìÉs"√s„b√c„ì3ìs3b√3í„ì2√#b„2√ìr√r„√#B„√É"„#3ì#b√ì#2„£##R”í”í££√Éí„ÉSì3Ç√„Sì##í√É"„3ìCss"√c„ÉCscÇ√3í„ì2√#Ç„B√Éb√„2√CsR„√ì„CSSÉí√ìSR„p£##R”í”í££√ì„ÉCcC2√"„CScsR√#r„#3#CB√c„ì3Ssb√3r„cr√#r„í√É√b„Ç√3cÇ„√ì2„#ì3Ç√ìcb„Ä£##R”í”í#££√s„SSb√2„ssc#sÇ√#C2„3Ésb√c„ìC#3"√3r„cr√#r„√Ér√r„"√Cb„√s2„ÉÉcÉ3C√ìÉ„£##R”í”í3££√S"„s##ÉSR√2„3CìC√#Cr„ìSì√c„ìì3S"√3r„cr√#Ç„"√Ér√„√CÉr„√Sb„s##cb√ìÉr„ £##R”í”íC££√3R„cì3√2„s#3#R√#Cr„Sì###b√c„ÉÉs3sb√3"„#"√#B„Ç√ìí√r„Ç√3Sr„√3Ç„sì##Sb√ìsb„£##R”í”íS££√3í„ÉC3#3Ç√"„sìììB√#cR„ÉìC#SÇ√c„ÉScsCB√3"„#"√#R„r√ì√r„Ç√3í„√C"„#3#3"√ìS2„P£##R”í”íc££√"„ÉS3ìÉí√"„ÉÉS#r√3#„C#É3cb√c„ÉSÉì#Ç√3Ç„Cb√#b„√ì√B„r√É"„√R„s3ììb√ìc„ £##R”í”ís££√"„ÉSScÇ√„sÉÉì"√33í„sS#r√c„ÉÉ#SB√3Ç„Cb√#R„í√ì√B„b√„√B„cC3É√ìc2„£##R”í”íÉ££√B„3Éìí√„3SÉCìr√3#b„#ìC"√c„ìSìÉìb√3"„cB√#b„R√ì√r„í√3b„√R„csccìb√ìSr„@£##R”í”íì££√„ììCcS"√„ScÉ#"√33"„Écs#c"√c„ìc33"√3"„ÉÇ√#b„B√ì"√2„√„√2„Sc#ÉSB√ìSí„Ä£##R”í”í#££√„cs#Sb√„CìCÉsB√#É„CC3c3"√c„sSì3b√3í„Cb√#b„√ìB√„r√„√„Sc#2√ì#2„ £##R”í”í#££√„3ì"√„333Sb√##r„CCìsB√c„ìCsb√32„b√#b„2√ì2√„√„√„333ìS"√És„0£##R”í”í##££√„3b√„C#b√c„Éìb√c„ÉS3#s"√3"„√#R„Ç√ì"√í„2√„√„sÉb√É#2„ê£##R”í”í#3££√„3sb√„√3"„É#√c„ÉÉ#b√#2„#b√#R„Ç√ì√"„2√„√„3sb√ss"„P£##R”í”££√„3ÉB√„C#b√cí„#É3C#B√c„ì#SÇ√#„Cí√#R„B√ì2√2„"√„√„CSÉììììììììììí√s„Ä£##R”í”££√„3sb√„s3B√cí„ÉSb√c„ìcSÉ3"√sB„sb√#B„í√ìb√Ç„√„√„ssb√ccí„@£##R”í”#££√„3ÉB√„#É3Ç√cÇ„ì3ÉcÉÇ√c„sCs"√sB„B√#B„Ç√ìR√"„B√„√„#ÉscB√c3B„@£##R”í”3££√„CÇ√„ssÉìÉÇ√cÇ„ìS33b√c„sÉB√sB„B√#B„r√ìb√"„r√„√„ssì3ìb√cR„ £##R”í”C££√„3ì"√„csÉ3SR√cÇ„ìcS3CB√c„ì3ÉÉB√sB„B√#B„R√ìb√b„Ç√„√„csÉsCr√c2„£##R”í”S££√„3sÇ√„É#SìÉr√cÇ„ìÉSsb√c„ÉÉìÉB√sB„B√#B„√ìB√"„b√„√„É#ìcR√c#Ç„£##R”í”c££√„s#ì2√"„sscb√cí„SCSìS"√c„ÉcÉs"√ì„cb√#B„"√ì2√„√„√2„CìÉí√ccb„ £##R”í”s££√„ÉÉC3√„ÉÉSìb√sB„#ìì3s"√c„É#ìcìb√#„Cí√#B„2√ìÇ√R„r√2„√"„scì##r√sCB„P£##R”í”É££√3„sS3sS2√„ì3Sr√Éí„Ss32√c„s3#CÇ√#"„CB√#B„r√ìb√„R√cB„√3"„cÉÉÉb√É#r„ £##R”í”ì££√3b„3c3#B√„ìSS#√Cr„sÉb√c„ÉSs3b√#í„ÉÇ√#R„√ìB√2„Ç√#R„√3r„#cCCR√Ésí„P£##R”í”££√cí„s#cs√„c3cc√#b„ÉCÉSb√c„ÉsSsÉB√#í„cí√#R„"√ìÇ√2„√33b„√cí„s333"√ÉÉb„0£##R”í”££√Éí„É#B√„CCCCb√##Ç„3#ì33"√c„ì#ìS"√#í„c2√#R„B√ì"√2„í√332„√Éí„C3#Cr√ÉÉ"„p£##R”í”#££√"„3ÉsCÇ√„#c#CÉB√##í„Sì#cB√c„ìC#ÉÇ√#í„CR√#R„Ç√Ér√"„Ç√3CÇ„√"„cCìS3"√ÉcÇ„ê£##R”í”3££√32„cs#3Éb√„SCSí√##í„Cs#cr√c„É#s"√#í„32√#b„R√É"√B„R√CCr„√32„s#cìsSìììììììÇ√ÉcR„ê£##R”í”C££√3„33"√„cÉsB√##R„ÉìsÉÉ"√c„ìÉìb√#í„32√#b„b√É2√B„"√3ìÇ„√3„CìÉsb√Ésr„@£##R”í”S££√"„#É#3cr√„##CÉSR√#3í„CSssÇ√c„sÉÉcCÇ√#í„32√#b„Ç√É"√2„Ç√3ìR„√"„Ss##"√Éì"„ £##R”í”c££√sR„Sìcs√„33#ìc"√#sí„cìCB√c„sscs"√#í„É"√#b„B√ÉB√2„b√#c„√sR„ì#ìcs2√ìb„ £##R”í”s££√3r„CS"√„SÉ33R√3#R„Cì#Ç√c„s#c#Ç√#í„ÉR√#b„"√ÉR√„Ç√##R„√3r„33SR√ì32„ê£##R”í”É££√R„CC#32√„CcS#2√33"„SScSb√c„sccÉÇ√3„ì√#R„r√Ér√„√sb„√R„CÉssSb√ìCr„ £##R”í”ì££√"„cìSB√„3CCr√33B„3sìÉÇ√c„sÉcÉB√3„ì√#B„Ç√ì2√„√R„√"„cS3S#B√ìS2„£##R”í”#££√„ìCsìsb√„#sccb√33R„CC#Ér√c„É#cSb√3„"√#B„b√ìb√„r√„√"„##CC"√ìB„`£##R”í”#££√„S3ccB√„CcsÉÇ√3"„##ccb√c„ìcSb√3„2√#B„b√ìb√"„"√„√„ìcCCS"√Éc"„Ä£##R”í”##££√„3Éb√„s#cSsR√s2„##sÉ#B√c„ÉÉCS"√#2„ìr√#B„b√ìb√„B√„√„#É3ì√ÉR„Ä£##R”í”#3££√„Cb√„ì3Cs#Ç√c"„É3sìsb√c„Éc##B√ì2„cí√#B„R√ìB√"„Ç√„√„ì3SCB√scR„`£##R”í”££√„3ì"√„3#Éì"√r„CÉ##ÉÇ√c„ÉCS"√ì2„cr√#B„r√ì"√b„B√„√„33#ÉB√sr„ê£##R”í”££√„3ì"√„Cììsc"√sÇ„CCSR√c„É3C3"√sR„c√#B„B√ì"√B„r√„√„SSB√cc2„ê£##R”í”#££√„C#B√"„SCc2√sr„sìSìr√c„sÉììì"√sB„í√#B„r√Éí√B„√„√"„SÉÉs2√c32„@£##R”í”3££√„CÇ√"„3S33b√sr„sììsR√c„É3scÇ√sB„í√#B„Ç√ÉÇ√B„Ç√„√"„3SsCC2√cR„@£##R”í”C££√„3ì"√„cc3R√sr„É3É3í√c„sc3cs"√sB„í√#R„2√ÉR√r„√„√„cc3Éì"√c„ £##R”í”S££√„c#2√„s#B√sr„ÉsìB√c„É##3B√sB„í√#R„√ÉR√r„2√„√„ss#c2√c#r„ê£##R”í”c££√"„ìì3C√„CSÉSS2√sr„É#Ssí√c„ÉC3"√sb„ìÇ√#R„√Éb√Ç„"√„√2„SSsÉìB√ccR„@£##R”í”s££√#R„sSS#32√„ÉÉìÉr√ì"„ccssR√c„s##cB√#R„3"√#R„√ÉÇ√í„√b„√#r„c3c#"√s#R„£##R”í”É££√s"„ì3ScR√„ìCSSS√ì"„ss#SB√c„ÉC#S"√#r„#r√#R„b√ÉR√#„r√Ér„√sB„ÉÉSSìììììììí√sÉB„0£##R”í”ì££√R„c##2√"„#3CÉb√ì"„sSr√c„É#3cÇ√#r„#r√#R„í√ÉB√#"„"√#r„√r„cC3sb√É#2„`£##R”í”££√Cí„S33cb√"„Ssr√ì"„#cs#Ç√c„sS#cB√3"„CÇ√#b„r√É2√#„2√CÇ„√S„cì3b√ÉC"„Ä£##R”í”££√Sb„#cs3#R√"„SCCScB√ì"„#ÉSb√c„sÉs3b√#R„3"√#b„r√É√#2„√CCB„√SÇ„ÉÉÉí√ÉS"„ê£##R”í”#££√C"„ì#sCí√"„É3#CìR√ì"„#CScR√c„sÉ3cÇ√#R„3"√#b„√É2√#„r√C#Ç„√CR„sSìcC3ìììììììÇ√ÉcÇ„P£##R”í”3££√#b„scÉCC"√2„SìcìSí√ìr„#cìcí√c„csÉÉÇ√3B„b√#r„√Éb√#"„R√Sì"„√3„3cSC√Éì"„@£##R”í”C££√„ÉÉ3b√B„#2√b„ì3ÉB√c„sSCSCB√32„ìÇ√#r„√É2√#B„r√csb„√B„3ìÉ3#í√ì"„Ä£##R”í”S££√ÉÇ„cssí√R„SìcCR√cR„c#ÉÉ"√c„ÉSìS"√3B„b√#b„√ÉR√#B„Ç√C#2„√ìB„ìsÉ#B√ì2„ê£##R”í”c££√c„sÉ#c"√R„É3CSÉb√ÉB„ìcCÇ√c„ìCcìb√#r„#Ç√#b„2√Ér√#"„B√#É"„√cr„cs#b√ì#r„p£##R”í”s££√#„ìc#b√R„c3##s2√#C„ìb√c„ÉSC33b√3B„#Ç√#b„√Éb√#B„B√#3„√#b„SìC#Éí√ìSr„ £##R”í”É££√B„sììSb√R„#Cì#b√#cR„cS###b√c„É#Cì3b√3B„S"√#b„√Ér√#B„r√í„√í„#ìCÉÉ"√ìSí„p£##R”í”ì££√"„s#cì2√R„SC3√#cb„sì3√c„sÉsìsb√3B„s√#R„B√ÉÇ√#2„B√r„√r„ÉÉ#B√ìcR„ £##R”í”#££√„ìScs3b√R„c#Cb√#cr„S#s"√c„s#cÉÇ√3B„Éí√#R„B√ì√#"„√„√r„cìÉ"√ì3„p£##R”í”#££√„C#3#ÉB√R„Ésc32√ì„scìÉS"√c„És#C#B√#r„#r√#R„"√ì√#2„"√„√b„Sìr√ÉsÇ„ê£##R”í”##££√„3Sì#ìb√R„33sr√sÇ„3S#b√c„ÉÉìb√#R„3"√#R„í√ÉÇ√#B„√„√R„3c#cs2√É3„Ä£##R”í”#3££√„C"√R„#cCB√#"„cCsSÉÇ√c„ÉÉ3c#B√R„S2√#R„B√Éí√#B„√„√R„3#CB√ssÇ„p£##R”í”"££√„S3b√R„ìÉ#3Ç√ì2„3c3b√c„ÉÉcìÉB√ì"„B√#b„√ÉÇ√#"„R√„√R„ìÉssC√s#„ê£##R”í”"££√„CÇ√R„ì3ìCÇ√sÇ„3#É√c„ì#ììb√sB„Cí√#b„√Ér√#"„b√„√R„ìC3Sb√csr„p£##R”í”"#££√„CcB√R„C#ìÉ2√sr„ÉcCcB√c„És#3"√sB„Cí√#R„r√ÉÇ√#„√„√R„C3CCsR√cCR„£##R”í”"3££√„3ÉB√B„É3S#R√sr„É3É2√c„ÉC3CB√sB„Cí√#R„r√ì√#„b√„√B„É3SSÉì√c#Ç„0£##R”í”"C££√„SS"√2„ìÉÉR√sr„ÉìC√c„sc##s"√sB„Cí√#R„R√ì√#„r√„√2„ìÉc3r√cÇ„p£##R”í”"S££√„#sìÇ√„SCc#3√sr„É#b√c„sìÉìS"√sB„Cí√#R„B√ì√#„R√„√„SCì#í√c3"„0£##R”í”"c££√„3scCì2√„ÉìC"√sr„ÉCSsB√c„ì3SB√sR„"√#R„√ìB√Ç„B√„√„#sc2√cc„ £##R”í”"s££√2„sSì√„ìcssÇ√ìB„És#ìÇ√c„ìCSì"√#b„"√#R„R√ì√R„r√„√B„c#ìcí√s3„P£##R”í”"É££√Sb„c3#cB√"„ììÉì#B√3R„SSÉr√c„ì#B√#b„"√#b„"√ì√"„b√ÉÇ„√Sí„c#ÉÇ√sì„£##R”í”"ì££√#b„cÉC3Ç√2„sSÉ√3"„3Sc#3Ç√c„ÉsÇ√32„sí√#r„2√ÉÇ√2„r√#sÇ„√3„3ìì3í√É3b„ £##R”í”"££√c„sìcCÉí√„CsÇ√cÇ„#SSCÉÇ√c„É#sìb√32„s2√#Ç„B√ÉB√"„R√C3í„√c2„ìÉ#cí√Ésb„0£##R”í”"££√Éb„s3#3É"√„#S2√sí„csSÇ√c„É3#Ç√32„SR√3„√sr√R„"√SC2„√Ér„sS#ÉìR√ÉÉ„ê£##R”í”"#££√Éb„sìÉSb√„SìssR√2„cÉc#s"√c„ÉCcccB√32„SR√3„2√cÇ√„√sr„√ÉÇ„3ì#É√ìB„@£##R”í”"3££√S2„Cìì2√„#ìCR√3„#ììB√c„sÉ3b√32„3r√3„r√s2√b„√cs2„√SB„SCì3#Ç√ì3b„ê£##R”í”"C££√C2„sS333√„scScs√C„SìCs"√c„s3S"√C„S√3„R√s2√Ç„"√cCÇ„√CB„Sì"√ìC2„Ä£##R”í”"S££√"„#3sCSÇ√„ssììcÇ√SÇ„ìSÉìÇ√c„sSSssb√SB„cÇ√#í„í√sÇ√b„í√S3„√2„sC#b√ìc"„Ä£##R”í”"c££√sR„CSS#√„SìÉí√#R„É#CÇ√c„É33"√C2„cR√#í„r√É√2„b√S„√sb„Cc#ìÉìììììììí√ìÉ2„@£##R”í”"s££√3B„ìS33B√„cÉÇ√#3"„É#3Éì"√c„ìÉSb√32„sí√#í„"√É√R„B√3R„√3R„#s#"√Ç„Ä£##R”í”"É££√R„SS#Sb√„c3ì√#Cr„ÉÉ2√c„ì#cìb√32„sí√#Ç„r√É"√2„Ç√3Ç„√R„scCr√R„ê£##R”í”"ì££√"„ììsCR√„√#c„Éìc"√c„ÉB√32„ìr√#r„2√ì√„R√#„√"„ììsCR√„P£##R”í”"#££√"„s3ì"√„#ì2√#sÇ„SssÉ"√c„Éss3S"√3B„í√#r„√ì√"„"√„√"„ì#3S2√ìSÇ„@£##R”í”"#££√„C3ìsb√„#3#B√##2„ì#3Cb√c„scÉìì"√3„SB√#b„b√ì√2„√„√"„C#sÇ√ì„p£##R”í”"##££√„cscÇ√„#csSÇ√cb„csSSb√c„sìCÉÇ√#b„"√#r„√Éí√B„b√„√„#sCC3Ç√ÉS„Ä£##R”í”"#3££√„3ì"√"„ÉcCÇ√2„ìcc#ìb√c„cÉs"√#B„Ç√#r„√ÉÇ√2„Ç√„√"„ÉcÇ√sìÇ„P£##R”í”2££√„3sb√„#S#É√ì"„#Ccb√c„csÉccB√ì„Éí√#r„√ÉÇ√B„√„√„#ScSr√sC„£##R”í”2££√„3cÇ√„3#c2√sÇ„C#C#í√c„s3sÉSb√sB„SB√#r„√Éb√B„2√„√„3c3ìììììììììÇ√cìb„0£##R”í”2#££√„3cÇ√„cs#C√sr„ss#Ér√c„ssSÉ#B√s„c2√#r„"√ÉB√Ç„2√„√„cs#ssí√ccb„Ä£##R”í”23££√„3cÇ√„ìs#ì#í√sr„sì#í√c„sÉ3#b√s„c2√#r„"√É"√„√„√„ìs3#ìr√cCR„`£##R”í”2C££√„3ì"√„ì#sÉsr√sr„ÉÉ3ìb√c„sìCcìb√s„c2√#r„2√É2√2„√„√„ì#É#cí√cC2„0£##R”í”2S££√„33s2√"„Cì#√sr„ÉC#Ç√c„É33sb√s„c2√#r„√ÉB√R„B√„√"„S#CìB√cSb„Ä£##R”í”2c££√„É#É√„SScÉb√É„ÉCC3B√c„É3Sì"√s„c2√#r„B√ÉB√b„í√„√"„Éscscr√cÉ2„ £##R”í”2s££√í„SCC3í√„#CcÉcÇ√3„sS3"√c„Éc3ì"√s„c2√#r„2√Éb√Ç„√R„√í„sÉs3r√s#b„£##R”í”2É££√S„S3s2√„##Cs3b√CR„Éc#í√c„ìÉÇ√sr„Ç√#r„"√ÉÇ√#„√#í„√S„3sÉC3í√sÉÇ„P£##R”í”2ì££√c„ì#s"√„3sÉR√s„ccì3ìB√c„É3#cÇ√3r„Sí√#r„√Éí√#„R√ÉR„√c„#É#Ér√ÉcÇ„£##R”í”2££√SÇ„scCsÉr√„É#3r√s"„sìB√c„ÉÉssb√3í„√#r„b√Éí√#B„Ç√3Ç„√Sí„SÉcSr√ìí„ £##R”í”2££√CÇ„ìÉs#ÉÇ√„s3scB√s"„#SSsb√c„ÉCscb√c2„C"√#Ç„√Éí√#2„"√#CR„√Cí„cS"√ì3„ £##R”í”2#££√CB„cc32√„sS33ì√Sí„É#cb√c„ÉìCB√"„É"√#r„í√Ér√#2„Ç√33Ç„√CR„Cccì√ì#"„ £##R”í”23££√c„SÉ3cs"√"„#C33sR√s„Ccc"√c„sì3ì"√3r„ìb√#Ç„r√ÉR√#„B√3sB„√c"„É#sCr√Éì„P£##R”í”2C££√É„#cÉCb√„ìS#É√s„cccìÇ√c„scS#ìb√3í„√#í„b√sí√#B„√CSÇ„√É"„#ìcÉr√ÉÉÇ„ê£##R”í”2S££√É2„#3ScCr√„Scì√Éb„ssCCB√c„ÉsC3ÉB√3í„√#í„í√sÇ√í„R√CÉÇ„√É2„3ìs3Ç√Éìr„Ä£##R”í”2c££√sb„c##CìÇ√„cÉìÉ√#3r„ccìÉ√c„ÉS#CÇ√3í„√3„2√sb√r„í√CSR„√sr„#CCsí√ì#R„p£##R”í”2s££√3"„sì#c3B√„ìs#í√#É„ììCìCB√c„sÉCSb√3í„√#í„í√sr√R„B√32„√32„ìÉC3c2√ìSÇ„ £##R”í”2É££√r„#ììSB√„#ìÉcÇ√3#í„cÉ##b√c„sÉCs#Ç√3í„√#í„√É√B„"√Sb„√Ç„SÉìSc"√ìs2„£##R”í”2ì££√"„#sìs√„ÉÉSc"√3C2„ììSc3Ç√c„É#SB√3í„√#Ç„√ÉB√R„"√#„√2„332√ìcí„£##R”í”2#££√„#cÉ#Ç√„CScì√3CB„ìSC#Ç√c„sc3"√3í„√#r„b√Ér√b„b√„√„s#C#í√ì3B„ £##R”í”2#££√„SS"√„Scs3É√3„3Csb√c„É3sì#Ç√#R„cí√#r„"√Éí√r„Ç√„√„Scsì32√ÉÉ"„Ä£##R”í”2##££√„SCB√„#sÉÉÇ√#3„scsS"√c„É3É#Ç√Éí„Ér√#r„√ÉÇ√r„b√„√„#ÉC3"√É32„P£##R”í”2#3££√„C3"√„ScÉS#R√ìb„cSìb√c„ÉCSCÉÇ√ÉB„#2√#r„√Ér√r„B√„√„ScÉìScìììììììììí√ssí„Ä£##R”í”B££√„3sb√„cc#3R√3"„sS##Sb√c„ÉÉcsb√sr„#2√#b„í√Éb√r„b√„√„ccc√s#„ £##R”í”B££√„3S"√"„#cSs2√ÉÇ„3ìB√c„ìcs"√sR„cÇ√#b„Ç√Éb√r„B√„√"„#cì#R√csB„`£##R”í”B#££√„B√„C3C√s„#CCcÇ√c„ììssb√s„Éb√#b„R√Ér√B„r√„√„CsC√cCr„p£##R”í”B3££√„B√„3ìÉr√s„3SìcÇ√c„Éì3És"√s„sb√#b„√ì√2„"√„√„33Ér√c#Ç„ £##R”í”BC££√„Cb√„##b√s„S#scÇ√c„ÉSÉC#B√s„sb√#b„2√Éí√„R√„√„#csb√c#„P£##R”í”BS££√„#ìcr√„ì#2√s„cSsb√c„É3sCÇ√s„sb√#b„√ì√r„√„√„ìSr√c3„`£##R”í”Bc££√„C3sb√„ÉÉÉ#B√s2„ìÉC3B√c„É3CÉÇ√s„Éb√#R„2√ìB√„√„√„SÉí√cS„ê£##R”í”Bs££√r„ì##S√„CÉr√Ér„3cs#"√c„sSSssb√s„Éb√#b„√ì√„í√„√r„ì3ccÉ"√csr„£##R”í”BÉ££√s"„ÉcSììí√„3cb√3R„ìÉSì"√c„sCss"√s„sb√#b„b√ì√B„Ç√3„√s"„ÉcìcR√cìr„@£##R”í”Bì££√3í„#ÉÉ#B√„scB√CB„ìsÉí√c„scCÉÇ√ì2„Sí√#r„√ÉÇ√B„2√#sb„√3í„#ììÉÉÇ√s#í„P£##R”í”B££√SÇ„#Sc33√„#b√CB„ì3C#s"√c„ÉsìcÇ√„B√#Ç„"√ÉB√B„R√CS„√SÇ„#cÉì3ìììììììÇ√ssR„Ä£##R”í”B££√Sb„c#3#"√„c"√CB„ììììB√c„s3ìsb√„"√#Ç„í√ÉB√b„í√cC2„√Sb„c3cS#"√ÉÇ„£##R”í”B#££√C"„33cS#√„#ÉB√SB„ìsS"√c„s#cb√„"√#Ç„Ç√ÉR√í„í√sc„√C"„3cCcc√É3"„0£##R”í”B3££√„SR√„S32√É„É#3b√c„sìÉSb√„"√#Ç„B√Ér√R„í√sB„√„#Cc2√Éc"„£##R”í”BC££√sB„ìCS3r√„#ìs3r√#3b„3É"√c„ss#Ssb√„√#r„Ç√ì2√2„2√cìb„√sR„#ÉCB√ÉcR„`£##R”í”BS££√SÇ„É3ss#√„CsìCí√#c„Éì#ìB√c„ssÉ3CB√„"√#Ç„√Éí√B„√Cs2„√SÇ„ìÉScr√És"„ê£##R”í”Bc££√3b„##C#C"√„ì3C3R√#ìr„CÉ3b√c„É#ssì"√„2√#R„Ç√ì2√2„Ç√3#„√3b„3scsr√ì"„`£##R”í”Bs££√í„cCÉsB√„#Éí√3#B„sS#Ésb√c„ÉC3ì"√„B√#r„√ÉR√2„b√#Sb„√í„ssc2√ì3„@£##R”í”BÉ££√„cìÉSí√„33s2√33B„ÉC"√c„ÉCcÉÇ√„R√#b„Ç√ÉÇ√"„√B„√„s#ÉC3"√ìCí„ê£##R”í”Bì££√"„#ìCCí√„SsÉR√3S"„CsÉb√c„ÉScc3"√„R√#b„√ì2√„Ç√Ç„√"„3#sR√ìCB„@£##R”í”B#££√"„#sCÉÇ√„√3S2„3S#ìSÇ√c„sìCcB√„É"√#b„√ì2√„b√„√"„#sCÉÇ√ìr„ê£##R”í”B#££√„ìcì3Ç√„√3#r„cÉÇ√c„É3s"√ìb„Ç√#R„r√ìR√„í√„√„ìcì3Ç√ÉS2„ê£##R”í”B##££√„CSìS"√„√#Éb„ìc#Éb√c„É3b√ì2„í√#b„√ìB√r„√„√„CSìS"√sìr„`£##R”í”B#3££√„sCÉÇ√„#ìC3r√ìÇ„CcsÉ#"√c„ÉS"√ÉR„S√#b„√ì"√„"√„√„#É3S#R√sC2„£##R”í”R££√„CSsb√„ì3És2√CR„s#√c„É#sÉCÇ√s„Ç√#b„√ì√„B√„√„ìSìCí√cÉí„P£##R”í”R££√„Cìb√„Cc3Ér√CR„sS3C#b√c„ÉìCs"√s„3"√#R„R√ìB√2„R√„√„CcÉÉ2√cCí„@£##R”í”R#££√„S#Ç√„3ìsÉb√CR„Sì#CcÇ√c„ÉÉSCs"√s„3"√#R„2√ìR√"„í√„√„3ìÉ3CB√c#"„ê£##R”í”R3££√„S3b√„ìC√CR„s33sìÇ√c„sìCCÇ√s„3"√#B„Ç√ìb√2„√„√„ìì3r√cb„ £##R”í”RC££√„SCB√„√CR„É33ìÉ"√c„ssÉcB√s„3"√#R„√ìr√2„"√„√„SCB√cB„ £##R”í”RS££√„S√„√CR„ÉÉScìÇ√c„Éì##CÇ√s„3"√#R„B√ì"√B„√„√„S√c#„ £##R”í”Rc££√"„ÉSS"√„ì#Ç√CR„Éìcb√c„ÉCÉcB√s"„Ç√#R„√ì√„b√„√"„ÉsCB√cSí„`£##R”í”Rs££√32„CÉC332√„#ÉCÉR√c„#sÉ3"√c„É##Ç√#r„í√#R„r√ÉÇ√„Ç√#„√32„c#ÉÇ√s3„p£##R”í”RÉ££√Éí„SÉ#3C"√„3Ér√Sí„ìs33S"√c„sìsSS"√#r„í√#b„í√ìR√2„√C„√Éí„s3C#Éìììììììí√ÉÇ„£##R”í”Rì££√3r„3sCÉSÇ√„3C3cí√s„3ìs3Ç√c„ÉC#sCB√3r„B√#r„Ç√ÉÇ√b„b√3C„√3r„Sì##cìììììììÇ√Ésr„0£##R”í”R££√CÇ„ììcsÇ√„cS#ìr√s„CC#ìCB√c„sSs"√3r„B√#í„√É2√b„R√S3„√Cí„c#Cìììììììr√ì#"„@£##R”í”R££√B„ì#3ssR√„C3cSS2√cÇ„ÉcÉ#S"√c„s33CÉÇ√3r„R√#r„í√ÉR√2„r√S#"„√R„3c3#Ç√ìSr„p£##R”í”R#££√2„cCsììí√„C#ÉSÉ"√cb„#ÉÉ#"√c„sCÉ#B√3b„sí√#r„R√ì"√r„Ç√c„√B„scSÉ√ì#„0£##R”í”R3££√CR„És#3B√„3c#r√cb„ÉsÉ"√c„ÉsCÇ√3b„sí√#r„√ìR√„R√C#„√CR„ì3ìcr√ì2„P£##R”í”RC££√c"„ScScr√„Ç√sB„3CcsB√c„É#Sì"√3b„sí√#Ç„b√Ér√R„√SSÇ„√c"„Ss3ccìììììììÇ√ìr„@£##R”í”RS££√#"„333ì#R√„í√#í„sCcSÇ√c„ÉÉì"√3b„sí√#Ç„"√ì"√b„Ç√cc„√#"„3C#ì#R√ìS2„P£##R”í”Rc££√sr„ìSsìR√„Ç√#S2„cS3b√c„ÉCìc3"√3b„sí√#Ç„√ìB√„R√3É2„√sr„ìSìsR√ìÉí„£##R”í”Rs££√32„SS#Ç√„√#sí„c#s√s„#Sìb√3b„sí√#Ç„2√ì"√2„r√#sB„√32„SS#Ç√#„0£##R”í”RÉ££√R„CÉs#B√„√3SR„sììSb√Ér„S3c#b√3r„sí√#r„í√ì√2„Ç√S2„√R„CÉs#B√#R„ê£##R”í”Rì££√"„ìì3r√„√3sÇ„#SÉsb√cb„sCìCcB√3r„B√#b„Ç√ìb√„√Ç„√"„ìì3r√#2„@£##R”í”R#££√"„cÉìCB√„Ss"√CÇ„3cìsÇ√c2„sìCB√3r„B√#b„B√ìb√„R√„√"„cìscCb√ìÉ„@£##R”í”R#££√„sS33b√„cìC2√CÇ„sC33Ç√c„ÉCScÇ√3„c2√#R„í√ìr√"„√„√„É3ìsí√ìB„p£##R”í”R##££√„S3ÉcB√„ÉìcB√3cí„33É#b√c„É#CÇ√#r„í√#b„√ì"√„R√„√„s#É#Ç√ÉSR„ £##R”í”R#3££√„3ì"√„cÉSC"√3"„#CÉc"√c„É#Cìì"√ì"„b√#b„√ì√"„2√„√„cÉì3B√sì"„p£##R”í”b££√„CÇ√„C##"√#ì2„33ììSb√c„ÉCS3"√#2„ì√#b„√Éí√"„r√„√„Cc2√s#í„£##R”í”b££√„3ì"√„√ì„ìsCÇ√c„ÉììÇ√s2„s√#R„Ç√Éí√2„√„√„3ì"√cÉB„£##R”í”b#££√„CÇ√„√S2„ì#ssB√c2„#C3S"√s2„s√#R„b√ÉÇ√"„í√„√„CÇ√cS2„£##R”í”b3££√„3#Ç√„√Cb„c3ìÉR√c„Éì3CÇ√s2„s√#R„R√Ér√2„√„√„3#Ç√c32„0£##R”í”bC££√„3ì"√„√Cb„S3SÉÇ√c„És#cCÇ√s2„s√#R„B√ÉÇ√2„R√„√„3ì"√c#í„£##R”í”bS££√„C#3R√„√Cb„CÉ#2√c„É3sCB√s2„s√#R„R√Ér√B„2√„√„C#3R√cC"„£##R”í”bc££√„SscCí√„√c„ÉCCS"√c„ÉcCCs"√ì„É√#R„R√Ér√2„√„√„SscCí√cÉ"„P£##R”í”bs££√3"„cìsS"√„√c„SÉCsÇ√c„É33Sb√ì"„sB√#b„"√ÉR√2„√r„√3"„cìsS"√sS"„ £##R”í”bÉ££√ì„S#sccí√„Ç√Sí„#Sì√c„scsì#Ç√#R„Éb√#Ç„2√ÉR√"„"√c"„√ì„S#ìCcí√É3"„ £##R”í”bì££√3í„CcR√„í√cí„3C3í√c„ÉcCCÇ√3í„S"√#í„"√É√„b√3Sí„√3í„CìcR√ÉÉÇ„ £##R”í”b££√cr„ÉìS3b√„CB√"„CC"√c„ÉSsìsb√3í„R√3„2√s2√"„r√SCB„√cr„ììsb√ì#R„ £##R”í”b££√s„s#3cB√„Ç√ì„Cc2√c„ÉC#Ç√32„"√3„í√cí√b„√ccí„√s„sCcB√ìCr„ê£##R”í”b#££√cB„ÉÉsSÉí√„Ç√ì„sÉSs2√c„sÉCÇ√32„"√3„b√sB√b„√s3„√cB„ÉìÉ3ÉÉìììììììÇ√ìc„0£##R”í”b3££√CB„3ì3#R√„3b√ìB„sÉ3B√c„sc3Sb√32„"√3„Ç√sR√Ç„Ç√sSR„√CB„3#ì#R√ììB„p£##R”í”bC££√#Ç„C3CcCB√„s"√Cb„#ì#sc"√c„ss3SÉB√C„3R√3„B√sr√í„√cì2„√#Ç„CCÉCB√r„`£##R”í”bS££√"„ì3cSC√„3b√#í„Cì#B√c„sìSb√C„"√3„r√s2√í„r√c#R„√"„ìCC√r„ £##R”í”bc££√sÇ„#C3ì2√„√#S"„3ÉC"√c„ssc#s"√C„"√3„2√sR√r„B√SB„√sÇ„#C3ì2√3Ç„p£##R”í”bs££√3"„ìSÉc2√„√#ìÇ„3#ìR√c"„ìSÉS"√3Ç„É√3„√s2√r„"√3#Ç„√3"„ìSÉc2√cr„ê£##R”í”bÉ££√R„3cCR√„#R√3C„#ìC#sb√c"„cCc"√3í„√#í„2√É√2„r√Sr„√R„3c#3Cìììììììììí√cr„P£##R”í”bì££√"„ì3#csr√„3cR√3cr„ìÉsìÉB√c"„ssCB√3í„√#r„B√Éí√"„b√Ç„√"„ìC3C"√SÇ„P£##R”í”b#££√"„sìSsb√„√3s"„ìCcS"√c„ÉCs#Ç√3í„√#b„b√ì√„r√„√"„sìSsb√"„£##R”í”b#££√„ÉSC"√„√3s2„CSsb√c„Écì#3"√3í„√#b„B√ì√"„í√„√„ÉSC"√ìCÇ„ £##R”í”b##££√„Cc#ìb√„√3sR„cS"√c„ÉÉ#B√3í„√#r„b√Ér√b„B√„√„Cc#ìb√ÉÉR„£##R”í”b#3££√„√„√3cÇ„cìcc3b√c„ssSC3"√3í„√#r„2√ÉÇ√b„í√„√„√Ér„Ä£##R”í”r££√„√„É##í√#r„Cc3cÇ√c„ÉScÉSb√ì2„Cí√#r„"√ÉÇ√r„B√„√„É##í√sCR„£##R”í”r££√„√„ì##ÉR√Ç„C#scÇ√c„É#ccb√sR„√#r„√ÉÇ√r„Ç√„√„ì##ÉR√cìr„`£##R”í”r#££√„√„#s#32√cÇ„CcsÉB√c„ÉS3B√sB„ì"√#b„í√ÉÇ√b„b√„√„#s#32√ccb„P£##R”í”r3££√„√„ÉCÇ√cí„cÉÉcB√c„Éss#ìb√sR„SÇ√#b„r√Éí√b„2√„√„ÉCÇ√cC"„`£##R”í”rC££√„√„SR√cí„ìCsb√c„ÉsÉÇ√sB„ì"√#b„í√ÉÇ√Ç„í√„√„SR√c3í„ £##R”í”rS££√„3sR√„3É3í√cí„ÉSCc#B√c„É#Sb√sR„SÇ√#r„√Ér√í„2√„√„3C3ìììììììììí√cSr„ê£##R”í”rc££√„ìÉ3#B√„sìS3b√cí„Cì33"√c„É#CÇ√ì„sB√#b„í√Éb√í„r√„√„#ssÉb√cìr„ê£##R”í”rs££√#b„ÉsSr√„#CÉí√cí„3S3sb√c„É#SCìb√#2„Ér√#r„2√Éb√í„Ç√r„√#b„ÉìScSí√ssB„@£##R”í”rÉ££√ìR„#SCb√„Ç√É„cÉì"√c„ìsÉÉ#B√32„cÇ√#Ç„b√É"√Ç„√CB„√ìR„#s#b√ÉS„£##R”í”rì££√32„ìS3Ér√„í√„#ScSB√c„É3cCb√c2„É2√#í„Ç√sr√Ç„√3„√32„C3ÉcìììììììR√ì#„Ä£##R”í”r££√sB„#ìCÉSR√„c"√Sb„cÉììÉÇ√c„É3ì#s"√C"„3R√3„2√s2√b„r√CS„√sB„3SR√ì3í„ £##R”í”r££√ì"„#Ssí√„CB√c„3cSÉ3B√c„Écs3b√3r„í√3„√cr√Ç„í√cR„√ì"„#sCí√ìS2„0£##R”í”r#££√ìí„C#CìÉÇ√„ÉÉC3Ç√c„Cs#Ç√c„sìÉsÉB√3r„í√3„R√c2√#2„√s2„√#„3SC#b√ìSr„P£##R”í”r3££√sR„S#É√"„C#SR√c„CCÉs3b√c„ÉC3ì"√3r„í√3„√cÇ√#B„√sCÇ„√sr„ìCc3√ìì2„ê£##R”í”rC££√#b„ìcSsÇ√2„#Écb√c„S#SsÇ√c„É3ccB√3r„í√#í„r√s√#B„b√csÇ„√3„s3ssB√ìì„`£##R”í”rS££√#r„CÉ"√„ì#Éc3r√ìb„cÉ#s"√c„sS#3B√C2„s√#Ç„b√É√#"„√C3"„√#Ç„CÉc3í√ìcí„ê£##R”í”rc££√ÉR„sÉÉr√„3##cb√#sb„sìsS"√c„ìs3"√3r„í√#í„√É√#„R√3c„√Éb„ÉC3b√#„£##R”í”rs££√3"„cÉ#√„SSsb√3#2„ÉììSc"√c„ìC#sb√3r„í√#í„√sí√í„√#3í„√3"„3#3ìr√Sr„ £##R”í”rÉ££√B„ÉscsS2√„Éìb√33„cìCB√c„Éì3cCÇ√3r„3b√#Ç„Ç√É√b„Ç√"„√B„ÉÉCìCí√cÇ„£##R”í”rì££√"„ì332√„SSr√3#í„É#3b√c„ÉÉcSì"√3r„sR√#Ç„√É2√R„R√„√"„ìCÉr√cR„P£##R”í”r#££√"„sÉÉ3b√„333b√33„CSs"√c„sìÉSB√3r„sR√#r„"√Éí√b„B√„√"„ÉCìb√í„p£##R”í”r#££√„SSCS"√„3É33r√33„cSCB√c„ì3B√#í„c√#b„Ç√ì2√r„r√„√„És#CÉí√ìC„£##R”í”r##££√„33ÉÉÇ√„SscsB√3„3ì3"√c„É3ÉSCB√#R„É2√#R„Ç√Ér√„Ç√„√„cSSc"√És„P£##R”í”r#3££√„√„ìcsS2√#„CsÉs"√c„ÉÉ3sì"√ì2„ÉB√#R„b√ì"√„Ç√„√„ìcsS2√ÉR„ £##R”í”Ç££√„√„SSSì2√2„CìSÉB√c„ì3ccSb√sb„sr√#R„2√ìb√„2√„√„SSSì2√s3b„P£##R”í”Ç££√„√„3ssB√s„SccÉÇ√c„ì3ìS"√s2„sB√#R„2√ìR√b„b√„√„3ssB√cÉb„0£##R”í”Ç#££√„√„C3#b√s„s3CcB√c„ÉScìb√s„S"√#R„"√ì2√í„Ç√„√„C3#b√cSB„P£##R”í”Ç3££√„#SÉì"√„sSÉìR√s„ì#CCCÇ√c„É3#3"√s„S"√#B„r√ìR√„í√„√„#sÉr√c3„ £##R”í”ÇC££√„sccÇ√"„ì#Cí√s„ÉSÇ√c„ÉCÇ√s„S"√#B„B√ìb√„í√„√"„cì#r√cí„`£##R”í”ÇS££√„CsìR√B„cCsì"√s„sSS3#Ç√c„É33s#Ç√s„S"√#B„√ìB√„√„√B„cS#sr√c3b„ê£##R”í”Çc££√„CSscí√B„É#CSC"√s„ÉsÉÇ√c„É3sÉs"√sB„#r√#2„r√ìÇ√í„b√„√R„#C3√csB„ £##R”í”Çs££√#Ç„sSììÇ√2„cì3r√s„É33s#Ç√c„É#ì3B√ì2„ì2√#2„Ç√ìb√B„Ç√„√3„sÉS3cÇ√s#b„0£##R”í”ÇÉ££√ÉR„ÉÉs#Ç√„cSCc2√s„C#SÉ#B√c„sS#Cs"√#"„ìB√#2„í√ì2√B„√sR„√Éb„ìS#cÉ√ssÇ„p£##R”í”Çì££√3Ç„ìì#Ç√„S#cÇ√cí„sC#sb√c„sCCSsb√#í„Ç√#B„2√ÉR√„"√##í„√3í„Cì3#Éb√É"„@£##R”í”Ç££√É"„cc3r√„Ss#3#í√cí„cC#s"√c„ÉcB√#í„c"√#R„b√sb√Ç„í√S2„√É2„sÉ3cb√Ér„`£##R”í”Ç££√#r„#SÉì√„S#3s2√cí„sSìÉs"√3B„#sì3sb√ì2„sB√#R„√sr√r„Ç√##"„√#r„sÉ#cB√ÉÇ„ £##R”í”Ç#££√#„3Éc3Ç√„cì##b√cí„CcÉCCÇ√b„ìcss#Ç√#í„Sb√#b„√s2√í„Ç√c„√#„ììS3cB√É„£##R”í”Ç3££√#í„ssCCì2√„SSÉcb√cí„3c3S"√R„ì#b√#í„Sb√#b„2√s√Ç„√cìR„√#„333í√É#„Ä£##R”í”ÇC££√s„ìCCSì2√„CìsÉb√É„É#3"√c„C3ÉÇ√#í„Sb√#b„b√cR√Ç„b√scr„√s"„CCcsí√ÉC2„ê£##R”í”ÇS££√3„S#ì#r√„CCs3B√#b„c#CÉc"√c„cÉìcÇ√#í„Sb√#b„2√cr√í„í√cc"„√3„cCscc√ÉcB„P£##R”í”Çc££√É2„cÉÉcb√„ÉcìB√#2„SCSìCÇ√c„ìÉsì"√#í„c"√#R„Ç√cí√í„√C„√É2„scì#ìììììììììí√Éì2„@£##R”í”Çs££√3R„Éscr√„ìsÉC"√3Ç„SÉCB√c„ÉÉÉÇ√#í„Ç√#R„2√s2√Ç„r√#R„√3R„ìCìí√ì#B„p£##R”í”ÇÉ££√R„#ì#c3"√„SSìB√33„ìSssB√c„ÉÉÉ3ÉB√#í„ì"√#R„√sB√2„R√sí„√R„CCÉSs"√ì3b„£##R”í”Çì££√"„cS3S2√"„3SB√3C„3Sì3ìb√c„ÉsS#Ç√#í„ì"√#B„r√sb√"„b√í„√R„CS#r√ì3í„ê£##R”í”Ç#££√"„ScsS"√B„#3#Ç√3C„C#SSÉÇ√c„sCscÇ√3„CR√#B„r√É√„B√„√b„sì#ìr√ìÇ„ £##R”í”Ç#££√"„ccÉìb√B„ìÉìSìR√33í„C#33b√c„É#sc#B√#2„√#B„√ì"√„R√„√r„ScCìììììììììí√ÉSÇ„ê£##R”í”Ç##££√„3ìSb√b„ìsìR√#SR„ìCìs"√c„ÉsCB√#2„√#B„R√Ér√R„r√„√b„CCÉSR√Éb„@£##R”í”Ç#3££√„CcÇ√b„#C3í√ÉB„C3ì#"√c„sìCÇ√2„b√#B„√Éí√"„2√„√b„#ÉsÉììììììììí√scB„`£##R”í”í££√„√R„S##sc2√CÇ„cSccb√c„É3Csb√sÇ„Ç√#B„"√Éí√"„R√„√R„S##sc2√s"„P£##R”í”í££√„√R„ÉcR√CÇ„Scì"√c„ÉCìS"√sB„B√#B„√Éí√„Ç√„√R„ÉcR√cc„ £##R”í”í#££√„√2„ìSCc√CÇ„3#É3Ç√c„É#É#B√sB„B√#B„2√Ér√"„r√„√2„ìSCc√c#Ç„@£##R”í”í3££√„√2„S#s#Ç√Cr„ìscr√c„É3s#Sb√sB„B√#B„"√Ér√"„"√„√2„S#s#Ç√c„Ä£##R”í”íC££√„√B„3SC2√CÇ„cÉs3"√c„É#cs#Ç√sB„B√#2„Ç√Éí√„í√„√B„3SC2√cB„ £##R”í”íS££√„3#cB√B„ììcCì√Cr„ìCCÉsB√c„ÉcÉÇ√sB„B√#B„√Éí√B„2√„√B„ìììsSR√c#„ £##R”í”íc££√„cÉ3"√R„Écsí√ÉÇ„ìC#3#"√c„É3C"√ì„ìr√#B„√Éí√Ç„2√„√R„scììí√cSÇ„@£##R”í”ís££√í„##É2√R„cÉ3"√s„ÉÉsB√c„É3ìb√r„c2√#B„√ÉÇ√Ç„b√Ç„√B„#É#R√s#b„Ä£##R”í”íÉ££√3„Écscì√R„cCcsÇ√cí„ìÉ3cCÇ√c„sììS"√#„C2√#B„R√Ér√í„√s„√3b„ì3#3cí√sì„@£##R”í”íì££√ìR„SÉb√B„É3#ìÉÇ√sB„#ì√c„ÉsssCB√3„Éí√#B„Ç√ÉB√í„Ç√c„√„3CSÉÇ√Ér„ê£##R”í”í££√3"„S#CSÉb√R„3ìcsr√sÇ„ììCí√c„s3sb√3„#2√#b„√É√#B„B√3B„√3r„ScC#c2√É#í„0£##R”í”í££√ìR„#c32√R„3S#c2√cB„cCsÇ√c„s#scÇ√3„S"√#r„√sB√#B„Ç√Sì„√„cS#sb√ÉcR„@£##R”í”í#££√3R„3ÉìsÇ√R„S#ìC#2√ì„3#ìB√c„ÉìCB√3„"√#r„R√s"√#2„b√ccB„√C„ìì#2√ÉSb„P£##R”í”í3££√#r„#cìcB√R„ÉCÉ#ìB√ì„33B√c„ÉÉCS"√#Ç„#B√#r„R√s√#"„í√S3R„√32„sCSÇ√És"„p£##R”í”íC££√2„sS#r√B„Éìc#R√"„ssCÇ√c„ÉÉÉcB√c"„s"√#Ç„"√cÇ√#„Ç√S#Ç„√Ç„sCSr√Éìr„Ä£##R”í”íS££√ì„#3#√2„c3scì√"„CìÉí√c„ì3É3ì"√3Ç„Cb√#Ç„B√cr√r„B√S"„√ìB„sSÉ"√ì"„`£##R”í”íc££√SB„3ìCì3Ç√2„És3S√S„#Éí√c„ÉìsìB√3Ç„Cb√#Ç„R√cÇ√2„2√3ÉR„√Sr„CÉ##Éí√ì#2„p£##R”í”ís££√#"„És3É"√"„SÉ#3C"√#Cr„s#3#cb√c„ì3Ssb√#R„ìÇ√#r„R√sR√"„2√#C„√#B„scìs#B√ì3r„£##R”í”íÉ££√B„S#ìÉì"√"„#ìSÉ√#SÇ„ìcÉÇ√c„ÉcÉÉÇ√#R„ìÇ√#b„í√sí√í„B√B„√b„É#Ss3√ì3í„@£##R”í”íì££√"„33ìCCR√"„3#ì#Ç√#c„csCÇ√c„sSÇ√#R„ìÇ√#R„r√ÉB√b„√„√B„ccÉcc3R√ìC"„@£##R”í”í#££√"„3##s"√"„c33√#c„C#S2√c„É#SccB√#„C2√#R„√ÉR√R„B√„√B„#ìSC2√ì„Ä£##R”í”í#££√„cÉÉSCB√„CcììsR√#Cr„s3CsB√c„sSìCs"√í„S"√#B„í√É2√R„2√„√2„SÉSí√Éc„P£##R”í”í##££√„3#ÉSìb√„C#sSB√Éí„És#ÉÉb√c„ssìcÉÇ√í„S"√#R„b√ÉB√R„√„√„sSScS"√É#„`£##R”í”í#3££√„#3B√2„c33ìB√Sí„33#Cb√c„ÉÉb√r„SÇ√#R„2√ÉR√R„R√„√2„cSs3B√ss„ £##R”í”#££√„√B„Éss3B√sÇ„C3SÇ√c„cìì#b√sr„3√#R„B√ÉR√R„√„√B„Éss3B√sR„£##R”í”#££√„√"„ìsS##R√sr„És3√c„ÉCr√sB„#í√#R„b√ÉR√R„√„√"„ìsS##R√ccí„Ä£##R”í”##££√„√„3#ssR√sr„sììsR√c„ÉìSssb√sB„#í√#b„"√É2√r„b√„√„3#ssR√cC"„@£##R”í”#3££√„√"„3sìr√sr„ÉSìí√c„ÉÉÉCìb√sB„#í√#b„"√É2√Ç„B√„√"„3sìr√c#Ç„£##R”í”#C££√„√„#É3B√sr„ÉCÉr√c„ÉÉìCB√sB„#í√#b„Ç√É"√"„2√„√„#É3B√c#b„0£##R”í”#S££√„#SR√„s3cÉr√sr„É##r√c„cìCS"√sB„#í√#b„r√É"√í„R√„√„sc#"√cC2„Ä£##R”í”#c££√„3ìCr√„cc3cR√sr„ÉCs#√c„sÉ"√sB„#í√#b„2√ÉR√#2„í√„√„scsSc"√ccb„ê£##R”í”#s££√B„ÉCÉì#Ç√„ìCCÉÇ√sr„É3B√c„sC3sb√sB„#í√#R„B√ì√#r„Ç√"„√R„sì3b√s2„£##R”í”#É££√R„3sìÉR√"„CìSSb√sÇ„SSB√c„s##cB√sB„#í√#R„B√Éí√3„B√Ç„√r„s#sSC√ssb„`£##R”í”#ì££√#í„#S#É3Ç√"„3cSsìR√ìr„Éccb√c"„SSCÇ√#„ìR√#B„í√ìB√3„B√ì„√3„cÉc32√ÉÇ„P£##R”í”#££√cí„c#3#í√2„3C#3sr√b„ìscìÉb√sR„ìÉ3cìb√#„ìR√#B„b√ìb√r„b√#2„√s"„SCsb√É„@£##R”í”#££√r„ìÉì2√B„ìcsÉ√3B„#33s3b√sr„ÉsìS"√c2„É"√#R„B√ÉÇ√b„√CS„√#„#ccsB√sì„ £##R”í”##££√r„#CSsí√2„#SC#3R√3Ç„#3Ç√c„c3CÉÇ√C„C"√#R„b√ÉB√Ç„Ç√Sc„√„CìììSB√sìB„ £##R”í”#3££√3r„33ì2√2„cSì#Ç√ìB„cSsB√S„ÉcS3b√s„c2√#R„B√É2√Ç„√Cì"„√C„ììÉ3√sC2„£##R”í”#C££√3b„CsSìb√2„cì#B√s2„ìcí√CB„sSÉ3sb√s„c2√#R„b√É√Ç„√c#í„√3í„3cs"√ss„£##R”í”#S££√„ÉSì#"√2„3ScCSb√Éb„#ììÇ√c„sìCìsb√sB„#í√#R„2√sí√Ç„b√cB„√B„SC#3sÇ√ss2„P£##R”í”#c££√c2„c##sìí√B„ì3Éì"√r„3CìÉí√c„s#s"√sB„#í√#R„√sÇ√Ç„r√CCÇ„√cr„sccì√É"„@£##R”í”#s££√#B„sìSìB√B„##ìÉÉr√SB„sSí√c„Ésc#3"√sB„c"√#2„b√Éb√í„b√#B„√#í„#SÉ√É#2„0£##R”í”#É££√2„s3ìsìí√B„S3C#r√ì„ì#í√c„sSsÇ√„CB√#2„"√ì√r„B√„√r„Éì3##b√ÉC„`£##R”í”#ì££√"„s#3"√B„ÉS"√ì"„Éì#3R√c„s3s#B√„C2√#"„í√Éb√B„í√í„√b„#s3ìÉB√É3Ç„`£##R”í”##££√„CÉsìb√2„c#sC"√SB„ÉìsÉí√c„scSsb√ÉR„cb√#2„√sí√„í√„√R„É#Ç√É„Ä£##R”í”##££√„S#ì#B√"„ScScÇ√ìB„ìÉ"√c„sSÉ#B√ÉR„cb√#"„B√sr√Ç„Ç√„√2„ìCÉSÉ2√ss„@£##R”í”###££√„Éb√"„sì"√ìB„#Scí√c„sSÉsCB√ÉR„cb√#"„r√ì√2„√„√"„sÉ#Ç√s3R„£##R”í”##3££√„√„3c#S3"√ìR„#C#3R√c„ÉÉSÉB√ÉR„cb√#"„b√Éb√í„r√„√„3c#S3"√cì2„p£##R”í”#££√„√„ÉsìSCR√sÇ„SìÉB√c„cÉs#3"√sB„b√#„í√É√„"√„√„ÉsìSCR√cC"„ £##R”í”#££√„√„ÉSsìcÇ√sr„É#ÉS"√c„csCìb√s„2√#"„√sb√Ç„r√„√„ÉSsìcÇ√cB„Ä£##R”í”##££√„√„ì#s#B√sr„É#Sb√c„s#ccSb√s„#B√#„r√ì√„Ç√„√„ì#s#B√Ssr„Ä£##R”í”#3££√„√„ÉìcsR√sr„ÉcÉí√c„sCcÇ√s„#B√#„í√ì√í„B√„√„ÉìcsR√Sc2„p£##R”í”#C££√„√„SscCÉ"√sr„Éc2√c„ÉS3ì"√s„#B√#"„2√ì√í„"√„√„SscCÉ"√Sc„@£##R”í”#S££√„ScR√"„ìÉB√sr„É#b√c„ÉsCB√s„2√#"„R√ÉÇ√Ç„2√„√"„3ScR√Ss"„ê£##R”í”#c££√"„c#3C√„SSScÉ√sr„ÉCc3r√c„És"√s„2√#"„2√Ér√„√„√2„sÉ#"√SìB„ £##R”í”#s££√3B„Css2√„ì3#B√SÇ„sc3B√c„sSCìì"√s„2√#"„√ÉÇ√Ç„Ç√B„√3R„s3ì2√SìÇ„Ä£##R”í”#É££√ìB„R√„sÉÉ2√„√c„s33scÇ√cí„s2√#"„B√ÉÇ√Ç„r√3B„√ìR„ÉìÉÇ√cB„0£##R”í”#ì££√#Ç„#sR√„ìccì3"√„√c„sìÇ√cr„c2√#2„B√É"√„2√3CB„√#í„cÉs"√c3"„ £##R”í”#££√SB„CCÉ3"√„SSSÉí√„√CÇ„##ì#Sb√í„C√#B„"√s"√2„√CcB„√SB„cs##"√cC„ê£##R”í”#££√SB„CÉ#ìCb√„CccCr√„√Cí„ìÉCcÉÇ√í„C√#B„b√cí√2„B√c#„√SB„ìCì3S2√cSr„p£##R”í”##££√s"„ScC33í√„É3Ccr√„√C"„3CB√ì2„sr√#B„r√cí√2„R√cSr„√s2„3csÉb√cS2„p£##R”í”#3££√SB„SsCìcB√„É3csÇ√„√SÇ„3É#s"√r„CR√#R„"√cb√2„"√cÉb„√SR„CsCB√cs„£##R”í”#C££√C„sÉìCÉr√„3#ÉìÉí√„√c„cS##B√r„CR√#R„b√cB√r„√s32„√C2„ÉCsc"√cs"„ £##R”í”#S££√"„ì#ss#2√"„CÉcÉìÇ√„SÉ#í√c„ccsS"√r„CR√#B„b√s√í„b√SCB„√R„CCc#√cìÇ„ê£##R”í”#c££√s„#3cSCr√2„s#SÇ√s„3ìC3√c„csScB√ì2„É2√#B„Ç√cí√Ç„b√C3Ç„√sB„3ì#r√s3r„ £##R”í”#s££√#í„sCcìí√2„CÉscB√ì2„sCìB√c„csìSb√R„Éí√#B„B√s√Ç„2√#Cb„√32„ìÉc2√scÇ„0£##R”í”#É££√B„#3CCb√B„sCÉs2√S„s##b√c„s#ì3b√R„ì√#2„Ç√sb√Ç„√r„√Ç„scS3í√É„Ä£##R”í”#ì££√"„3scÉsr√R„3ssc#Ç√sr„3ììí√c„ÉC3ì"√R„Ér√#2„Ç√sR√Ç„Ç√Ç„√r„sSCSR√Ér„£##R”í”##££√„ì3cB√R„ScR√c"„ìS#CB√c„Éì3cÇ√r„CR√#B„√s"√#„"√„√r„CS#í√sÉ2„ £##R”í”##££√„ÉcB√R„s#CSs2√ì2„ììB√c„sìCCÇ√ì2„ÉB√#2„Ç√sR√#„R√„√b„SÉCìs3√sCr„ £##R”í”###££√„C3"√R„sCsìS"√ìB„#cÇ√c„sìÉ#Ç√ì2„B√#2„√É"√b„B√„√R„sìs"√sb„`£##R”í”##3££√„√b„cSì#Ç√"„SÉ33Ç√c„ÉCs"√ÉB„Éí√#2„B√É"√í„R√„√b„cSì#Ç√csr„£##R”í”#"££√„√R„sSS#r√ì„cìscÉB√c„ÉS3ìCB√sR„sr√#"„í√Ér√#"„"√„√R„sSS#r√c3"„@£##R”í”#"££√„√R„ÉSc√C"„SCCcSb√c„ÉcCSb√s„cÇ√#"„R√ÉÇ√#2„√„√R„ÉSc√SìÇ„P£##R”í”#"#££√„√R„S3#C2√C"„c3ìCÇ√c„sS#ÉÇ√s„cÇ√#"„"√ÉÇ√#„√„√R„S3#C2√Ss„Ä£##R”í”#"3££√„√R„Cs3#Ç√C"„sc#3#Ç√c„s#Éìb√s„cÇ√#"„2√ÉÇ√#„√„√R„Cs3#Ç√SSí„@£##R”í”#"C££√„√R„3Éc2√C"„ÉìcÇ√c„sì3CcB√s„cÇ√#"„b√Ér√#"„√„√R„3Éc2√SSb„Ä£##R”í”#"S££√„CÉ"√R„Cì#sÇ√C"„ì##ìb√c„ss33b√s„cÇ√#"„Ç√ÉR√#"„r√„√R„Cìcì√Ss2„Ä£##R”í”#"c££√„É#sSr√R„CS3í√C"„És#Éb√c„sÉsB√s„ì"√#"„r√Éb√#"„í√„√r„##Ésb√c„ £##R”í”#"s££√#Ç„CCSS"√R„Sìì"√C"„s3ÉÉÇ√c„cS3S"√sR„sí√#"„í√Éb√#2„"√í„√32„sC3cs#B√cSí„ £##R”í”#"É££√sR„3ìCcÇ√R„ìÉScs√C"„SÉìsb√c„É##ì"√#„cR√#2„B√ÉR√#R„B√É„√É„#S3Éìììììììí√sí„@£##R”í”#"ì££√r„#ÉìÉR√b„Écìb√3b„s3"√c„ÉcC3b√#„SR√#2„r√ÉB√#Ç„2√#"„√#2„3ìÉS√s3"„Ä£##R”í”#"££√CR„É3CCb√b„3#CcCí√„√c„ÉCb√3"„3Ç√#B„Ç√sb√3„Ç√C#2„√S"„3ÉìR√sCí„Ä£##R”í”#"££√sr„3csr√b„Cì3Ér√„√3r„c#3b√#„cR√#R„Ç√s√#í„b√SÉÇ„√É2„CB√s3Ç„ £##R”í”#"#££√É„cccSB√b„##C√„√r„CÉ3b√#b„Sí√#b„"√cí√#Ç„"√cr„√Ér„ÉÉ#cìR√sC„`£##R”í”#"3££√s„Ccì##b√b„#cC32√b„sc3CSb√r„c3c3"√3„b√#b„í√cr√#r„í√sCÇ„√sr„s33#Sí√scb„0£##R”í”#"C££√CÇ„Cc#b√b„CS#CìR√„ÉÉsS"√Sb„ìÉÉÇ√#„cR√#r„√cB√#b„B√cR„√SB„ì#s√sÉ"„p£##R”í”#"S££√2„ÉsÉc"√b„3CìÉ√C„sSìcÇ√c„cCÉCB√#B„í√#b„í√c"√#B„R√SR„√#„#3ÉC2√sìí„ê£##R”í”#"c££√cr„3c#ìb√b„cC#É√Ér„ccSÉs"√c„s#ÉB√#„cR√#b„r√c2√#2„2√3ìR„√s2„ssìb√É3„P£##R”í”#"s££√#b„sìÉ3S√b„ì#cÇ√Sb„sÉCC3"√c„cSSC#B√#"„c√#b„"√cÇ√#„Ç√#c„√3"„ìììcí√ÉSB„ £##R”í”#"É££√2„c#CÇ√b„#sCCí√ì„ì#cSb√c„sSs"√#b„2√#R„R√s"√#„r√B„√í„É3ÉÉcr√Éc„@£##R”í”#"ì££√"„3SS##R√b„#s#c32√É"„3sÉB√c„É#ìcB√#b„2√#B„í√s"√#"„b√í„√Ç„c#sÉSÇ√ÉSí„`£##R”í”#"#££√"„sc3B√b„#ìÉB√É„sCì3b√c„sC#Sb√#b„2√#B„Ç√s2√#2„"√„√Ç„3ÉcÇ√É#í„p£##R”í”#"#££√„scìcìb√b„S33Ss2√C"„Éì#Ç√c„ÉC#B√#„cR√#B„R√sR√#2„"√„√Ç„33#cí√sÉ"„p£##R”í”#"##££√„3CÉsB√b„ìCcB√cÇ„3C#S"√c„ÉìcCÇ√Ç„r√#B„√sÇ√#R„"√„√r„#S33Ç√sCB„P£##R”í”#"#3££√„SS3b√b„s#sS√s„c#s"√c„É33sb√ì"„s√#2„í√É√#2„b√„√b„sÉ#Ér√s„ê£##R”í”#2££√„CB√b„CS#ìcb√s„É#3"√c„ÉCCSì"√sÇ„C√#B„√sí√#2„√„√b„CS3Cb√cCÇ„@£##R”í”#2££√„CSb√b„ì#3R√s„Sìì"√c„ÉScÉSb√sR„2√#B„√sÇ√#2„"√„√b„ì#ss√cb„`£##R”í”#2#££√„C3"√R„ìsì#c√s„É#3"√c„É3#ÉÉÇ√s„Sr√#2„2√ÉR√#2„B√„√R„ìsìcì2√Ssí„ê£##R”í”#23££√„CÇ√R„ìÉcììb√s„c3s#Ç√c„sÉCb√s„Sr√#2„r√É2√#"„2√„√R„ìÉsCC√ScR„ê£##R”í”#2C££√„C#B√R„SìScC√s„CÉ3S"√c„sCìSB√s„Sr√#2„B√Éb√#2„"√„√R„SìccCììììììììí√Sc2„ £##R”í”#2S££√„CC#R√R„ìÉ33R√s„Ccsb√c„cììCB√s„Sr√#2„B√Éb√#2„b√„√R„##scR√Ssí„Ä£##R”í”#2c££√„ScSB√B„sc32√s„#3ÉCCÇ√c„s#3ÉB√sr„cÇ√#2„2√Éb√#2„"√„√R„s#sÉs√cR„ £##R”í”#2s££√#„3C3s#R√B„ìCÉìCR√cí„ìCÉs"√c„scÉ#Ç√ì„sB√#2„R√Éb√#2„B√„√#R„#ì#cr√ccr„@£##R”í”#2É££√SB„CÉCìB√R„3sc#Ér√cí„Ccb√c„s3É3b√#2„√#2„r√Ér√#R„R√sÇ„√Sí„sìCsÉ√s#r„ê£##R”í”#2ì££√ì„#Sì3B√R„cì333b√cí„cb√c„sÉ3B√#R„R√#B„2√ÉB√#b„√#2„√ìR„Éì#r√sc„Ä£##R”í”#2££√2„#sÇ√R„cìCcR√cí„Écì"√c„sÉ"√#Ç„ìb√#B„R√É"√#B„Ç√#c2„√Ç„s#s#2√scí„£##R”í”#2££√3„3cÇ√b„cÉsS"√cí„ì#cB√c„sscCìb√#R„R√#B„B√ÉB√#R„2√#cÇ„√3r„sscr√ss"„ £##R”í”#2#££√3b„Cìs32√b„cÉcsR√cí„3sì"√c„s33b√#R„R√#R„√É√#b„r√CSÇ„√C"„s3cCCÇ√ss„`£##R”í”#23££√#2„3ÉSCb√b„#ìSR√cí„B√c„s#cs"√3"„cr√#R„b√É√#r„B√Ccb„√#í„cÉìb√sìí„@£##R”í”#2C££√í„ìcR√R„ìSCCsB√cÇ„cC33CB√c„s#C3b√3"„cr√#R„R√É√#r„R√3sb„√B„ìc3c3í√ÉÇ„0£##R”í”#2S££√Ér„ÉS3CÉ"√R„sc3#í√sb„cC"√c„sCSS#Ç√3"„cr√#b„√É√#R„√C#2„√ì2„SSìÉ√É#2„p£##R”í”#2c££√SR„S#s3R√R„3Éììí√b„SìÉB√c„ss3ÉcB√32„3√#R„r√É2√#b„"√3É2„√c„ìì3B√ÉCR„0£##R”í”#2s££√í„Cì#S#2√b„Sc2√S"„SÉììB√c„É3És"√32„b√#R„r√ÉR√#"„√C„√#R„SC3#b√ÉcÇ„Ä£##R”í”#2É££√2„33#Ç√b„ìS#É2√ìr„c3ìC#Ç√c„cc3scÇ√#b„SB√#R„B√Éí√#„r√s„√í„##É3√ÉÉ„p£##R”í”#2ì££√"„Cs"√b„3#32√##„ìSÉCsÇ√c„sC3"√3R„3B√#R„2√ì√b„2√B„√Ç„sC#3√Ésí„@£##R”í”#2#££√"„3cÉS"√R„ìÉcCs√##B„cScsÉ"√c„sÉsCs"√#R„R√#R„2√ì√B„R√„√Ç„#33#2√ÉCí„0£##R”í”#2#££√„CÉC3B√R„CS3c#B√#„CììSb√c„s#CÉcB√#2„√#R„"√ì√„√„√b„ì3sì#sììììììììí√Éí„£##R”í”#2##££√„3C#R√B„sÉìcÇ√3í„#S#B√c„sCSì"√#2„√#R„√ìB√B„Ç√„√R„SCcÇ√ss2„`£##R”í”#2#3££√„ScÇ√"„cÉ#SÇ√3í„cìcCÇ√c„s3ccB√#"„ì√#R„√ìB√2„R√„√"„cÉÉÉÇ√s#R„ £##R”í”#B££√„CÉÇ√2„33c3sR√#„sCSsì"√c„s#Ç√Éí„í√#R„√ì2√"„b√„√2„33cÉc2√ccí„`£##R”í”#B££√„3sb√"„#sCr√cÇ„##sB√c„scSCÇ√sb„3"√#R„√ì"√"„√„√"„#sC3ì32√c3„0£##R”í”#B#££√„3ÉB√"„3c#s3r√cí„cCs"√c„sìS3cÇ√sb„3"√#R„B√ì√í„b√„√"„3c3#√c„ £##R”í”#B3££√„3ÉB√„3s#cìR√cí„c3sCSb√c„sì##B√sb„sb√#R„B√Éí√Ç„√„√„3s3sí√SÉR„0£##R”í”#BC££√„CÇ√„ìS#CÇ√cí„S#s#CÇ√c„sì3s"√sb„sb√#R„B√ÉÇ√r„√„√„ìS#É#b√SÉ2„ £##R”í”#BS££√„333í√„ÉsScCB√cí„CSì3sb√c„sc3cÇ√sb„3"√#B„í√Éí√R„Ç√„√„ÉsÉìÉ2√c„@£##R”í”#Bc££√„SìÉ√„#Ccs2√cí„C#CscÇ√c„s3ÉÉÇ√sb„C√#B„í√ÉÇ√b„√„√"„3SscSB√c3r„p£##R”í”#Bs££√í„sÉ32√„#ìCìB√cí„#ÉìSÉB√c„sCs"√ì"„É√#R„2√ÉÇ√B„í√„√#„#cr√sR„p£##R”í”#BÉ££√Sb„CSì"√„ì##3Ç√cí„#ìSìcÇ√c„s#CÉcB√„í√#r„√ÉR√2„í√#"„√Sr„3s32√sÉ„`£##R”í”#Bì££√b„Ccc"√„#ìCÇ√cí„#ÉcB√c„É#cB√sR„SB√#Ç„√ÉB√2„"√#CÇ„√r„CìCr√É#í„0£##R”í”#B££√CÇ„CìcÇ√„#ìS#ìR√cÇ„scCS#Ç√c„sSSÉ3"√3„C"√#í„"√ÉR√B„b√CÇ„√CÇ„sCì2√ÉC"„£##R”í”#B££√SR„sìÉC#R√„ì##Sb√cÇ„#sÉsÉB√c„sC3B√3„CR√#í„B√É2√„r√c#2„√Sb„s#ìÉR√ÉcB„ £##R”í”#B#££√É2„s3SÉR√„sCSÇ√cÇ„ììÉB√c„sSÉ#B√„ÉR√#í„r√É2√B„2√c3"„√É2„Éì3ÉR√Éc"„Ä£##R”í”#B3££√s"„ÉSìS2√„ccÉCb√cÇ„É3#Ç√c„sCìS"√„ÉR√#í„B√Éb√2„b√c#„√s2„CÉCC3"√ì2„0£##R”í”#BC££√SR„sìSììB√„3ì3s"√cr„sìì3"√c„cììssb√3„3B√#í„B√ÉÇ√2„r√cs2„√Sb„ÉìsB√ìb„ê£##R”í”#BS££√#"„sS3√„Éì"√sR„ì3s32√c„sSsScÇ√CB„S"√#í„2√ì√B„b√cR„√#"„#ìCS√ì3Ç„@£##R”í”#Bc££√sr„##Cr√„sì"√B„#É3Ç√c„sÉC##B√#„sÇ√#Ç„í√ì√B„2√C„√sr„#ÉìCCr√ìSb„0£##R”í”#Bs££√#R„ì3sÇ√„C3"√ìB„ccÉCB√c2„3ì3cÇ√„ÉR√#Ç„2√ÉÇ√„B√ìb„√#R„ìCcìÇ√ìÉr„ £##R”í”#BÉ££√"„cs#CìB√„SB√##í„#3CR√sB„#3CÉÇ√C„cb√#r„b√ì2√„B√Sí„√"„cssÉìB√ìì„ê£##R”í”#Bì££√"„3ss#í√„#b√##r„#3ìb√ÉÇ„csCÉÇ√3í„cB√#b„r√ì√2„√B„√"„3ì#3#í√ìÉ„Ä£##R”í”#B#££√"„#3SÉÇ√„3CcÇ√#3„ììCsB√Éí„ìcSb√3„B√#b„B√ì"√2„"√„√"„#sCÉÇ√ì3í„ê£##R”í”#B#££√„cSs2√„SB√#3"„s3Ç√Éí„ìSÉB√#R„sb√#b„"√ì√2„R√„√„s2√ÉÉ„p£##R”í”#B##££√„cC3ì"√„CB√#"„ìcì#B√s„3sCSb√ìb„#Ç√#R„R√ì√„r√„√„#Ssì"√É3„ £##R”í”#B#3££√„3sb√„##cB√3í„sCÉÉìb√c„sSsì"√ì"„Éb√#R„√ì2√"„√„√„###b√ss„ £##R”í”#R££√„3ÉB√„CCcb√„c#ìcb√c„scc3b√b„R√#B„Ç√ì2√"„B√„√„CSC3ìììììììììí√sr„ê£##R”í”#R££√„3ÉB√„#cÇ√cr„ScÉÇ√c„sCCÇ√b„R√#B„Ç√ì√„√„√„##c3ìììììììììí√ccb„£##R”í”#R#££√„3ÉB√„3sì"√cÇ„ìsCÇ√c„ssìCÇ√b„R√#B„R√ì"√"„í√„√„3É3B√c3r„ê£##R”í”#R3££√„C#B√„ìÉs"√cÇ„ìssccB√c„ÉCìÉSb√b„R√#B„2√ì√"„b√„√„ììCB√cr„p£##R”í”#RC££√„#Ç√„##"√cÇ„ìcSCSb√c„Éìsì"√b„#B√#B„"√Éí√„Ç√„√„#R√c„`£##R”í”#RS££√„3#r√„3sssb√cÇ„ìsÉ33b√c„É3sSì"√b„#B√#B„√Éí√„í√„√„3É2√c#í„p£##R”í”#Rc££√„s3Ç√„csÇ√cí„CÉCÇ√c„É##S#Ç√b„#B√#B„√Éí√"„R√„√„sìsÉsìììììììììí√cs„ £##R”í”#Rs££√"„ÉÉsCÉR√„CB√cÇ„ì3cÉìb√cR„CC#3"√b„#B√#R„"√Éb√"„r√B„√"„ìÉÉR√sCB„ £##R”í”#RÉ££√Sr„Cì#ÉìÇ√„s#"√sB„C3#b√s„sÉCÇ√b„R√#r„√ÉÇ√2„B√3B„√Sr„ScCsìììììììí√É„Ä£##R”í”#Rì££√„sìcR√„3S"√„É3#Ç√c„É#SCB√C„"√#r„b√ÉÇ√2„√##b„√„#cÉR√És„`£##R”í”#R££√3R„3S33sr√„#b√3r„#SìÉÇ√c„sSS3ÉB√sR„3Ç√#í„"√É√"„í√Cìb„√3R„3sCìsr√ìr„`£##R”í”#R££√í„3cÉ3#B√„#S3Ç√3r„ÉCÉ3"√c„scìCÇ√r„ì"√#í„2√É√2„Ç√cB„√í„c###B√ì3"„@£##R”í”#R#££√3„ìs3cB√„3sÉs"√C„c3#R√c„ss3S#Ç√R„sÇ√#í„√É√B„"√SÉ"„√3„3SÉÉ3ìììììììÇ√ì#"„p£##R”í”#R3££√r„SCC"√„#sc2√c„ÉìSÉÇ√s„cÉC3"√r„Cí√#r„b√ÉB√r„√SÇ„√r„Éss"√ìc"„P£##R”í”#RC££√cÇ„Éìì3r√„CÉc"√#„##S"√c2„3#S"√r„SB√#b„B√ÉÇ√B„√C#"„√s„3sììí√ìS"„£##R”í”#RS££√C„c3É#Sb√„Ssìs"√#C"„Éìcìc"√c„ÉcC3b√3r„3Ç√#R„Ç√ì√b„"√SB„√C„#sìsb√ìC2„£##R”í”#Rc££√3r„csì3B√„Éí√#3„ÉCSÇ√c„ìSs#Ç√#B„Cb√#b„2√ì√r„R√S„√3r„ÉcÉ3B√ì#b„£##R”í”#Rs££√í„#3CSí√„cÉB√#3„ìs#SÉÇ√s2„CÉsccB√3Ç„S"√#b„R√Éí√Ç„√É„√í„3#ìí√ì3í„0£##R”í”#RÉ££√"„cÉÉ#√„√#3„C3ìr√Ér„3SÉ3b√3í„3R√#b„b√Éí√b„í√3r„√"„cÉÉ#√ìS"„£##R”í”#Rì££√„É3ÉsÉR√„ssr√#3„ìÉSÉ"√Éí„CÉc3b√3Ç„sR√#b„√ì√2„B√2„√„ìcCÉR√ìCÇ„ £##R”í”#R#££√„#ìÇ√„s3Ç√#3"„CSÇ√É2„SCsb√#b„Sb√#R„r√ì2√"„R√„√„#ÉÇ√ì„Ä£##R”í”#R#££√„#CÉ3b√„3b√#3"„CÉ3#2√c„É3CS"√Ç„32√#R„√ì"√"„"√„√„3sì#ìSìììììììììí√Éc„Ä£##R”í”#R##££√„#sssb√„Ç√#3„##í√c„É3sb√3R„S2√#R„B√ì√2„í√„√„3Sssb√É"„ £##R”í”#R#3££√„ì#B√„#3b√S"„Sìs#b√c„sìs#Ç√sí„#"√#R„"√ì"√"„r√„√„#CÉB√sc„`£##R”í”#b££√„3ì"√„SCs"√#r„#SSÉB√c„scìCÇ√sÇ„b√#R„B√Éb√2„R√„√„SSìììììììììí√s"„p£##R”í”#b££√„3S"√„c3sB√s"„C#s3sb√c„sSSB√s2„√#R„√É"√„B√„√„cCì"√cSí„Ä£##R”í”#b#££√„ìÉB√„É#R√cí„ìssB√c„sscÇ√s2„√#R„R√É√„r√„√„SÉB√c3„0£##R”í”#b3££√„ssÇ√„s3Ç√cí„ìs"√c„ss33B√s2„√#R„b√É√„2√„√„ìSÇ√c"„ £##R”í”#bC££√„ìÉCÉB√„3#B√cí„ì#s"√c„sÉìÉ#B√s„S"√#R„B√É√„√„√„3ÉÉB√cr„£##R”í”#bS££√„#cí√„s"√cí„ìSÉ"√c„É3#Ç√s"„c√#R„√É2√„í√„√„#É#cí√c#b„p£##R”í”#bc££√„#ììsB√„#É"√cí„ÉS3ìS"√c„ÉC3ÉÇ√sR„É"√#R„√Éb√„Ç√„√„3#S3B√ccB„0£##R”í”#bs££√„#ÉB√„scB√cí„CÇ√c„Éc3#Ç√ì2„CB√#B„b√ì"√2„√r„√„3ìCSB√sCB„`£##R”í”#bÉ££√Sr„#cìÉsÇ√„CÇ√É„ssSsì"√Ér„#ÉCÇ√#Ç„SÇ√#R„R√ì"√B„"√ìr„√Sr„3csÇ√É2„`£##R”í”#bì££√ì„É3#ì3B√„Ç√32„S#ÉÉì"√c„sìSCB√#Ç„b√#b„√ì√B„2√Cí„√ì„ÉSì3B√ÉSÇ„ £##R”í”#b££√sí„CSSr√„√cB„ÉÉSSb√c„ÉìÉìb√#Ç„B√#b„b√ìR√B„2√3ì2„√sí„CSSr√ì„`£##R”í”#b££√3r„SC"√„Ç√#Ç„SìÉí√c„É#ÉSb√#r„Éb√#b„Ç√ì√Ç„√CR„√3r„SSì"√ì3R„ê£##R”í”#b#££√32„sccí√„#b√#3„C3Sì"√c„ÉìcÇ√#r„Ç√#R„Ç√ì√r„2√3„√32„Éì#í√ì#b„ê£##R”í”#b3££√Ç„#CcÉcb√„#b√##í„ÉÉS#3b√c„ÉcCB√#r„c"√#b„Ç√ì√R„Ç√Cb„√Ç„#SìCcb√ìC2„@£##R”í”#bC££√#"„SìScS√„√##í„ìcB√cí„CS#Ç√#r„c"√#R„b√ì2√2„√ìb„√#"„SìScS√ìr„@£##R”í”#bS££√cB„cSsCÉí√„√#3„C3S#SB√Éb„3SSÉB√#r„c"√#R„B√ìR√2„B√Éí„√cB„cSsCÉí√ÉsÇ„Ä£##R”í”#bc££√SÇ„#cììcÇ√„í√#3„ìcì#B√Éí„ÉÉsS"√#r„Ç√#R„r√ìB√"„í√Sr„√SÇ„#sÉìcÇ√ÉìB„P£##R”í”#bs££√R„Cìcr√„√#3„Écìì"√Éí„ìcccB√#r„Éb√#R„B√ìb√B„R√3í„√R„Cìcr√ì#„Ä£##R”í”#bÉ££√"„cssR√„ÉB√#3„ÉìÉr√Éí„É32√#„32√#R„R√ìB√„í√Sb„√"„cSSsR√ì3„p£##R”í”#bì££√„cÉ33r√„√#3"„3Sìcb√ÉB„SCìB√#„32√#B„b√ìR√„B√R„√„cÉ33r√ì#r„p£##R”í”#b#££√„#Ésb√„√#32„C#C"√c„sCc3"√3í„s√#B„"√ìb√„B√„√„#Ésb√Éì2„p£##R”í”#b#££√„cB√„√#32„3#Ssb√c„ÉC33B√Ç„#R√#B„√ìb√„B√„√„cB√ÉCb„ £##R”í”#b##££√„3sb√„Ç√sí„SCcÉsÇ√c„ÉCìSsb√„R√#B„√ìí√„í√„√„3sb√É2„ £##R”í”#b#3££√„CÇ√„s"√S"„SÉìì"√c„ÉÉssb√ì"„sB√#2„R√√"„r√„√„scÇ√sSb„`£##R”í”#r££√„3ì"√„√sÇ„3CcìÉ"√c„ÉCcB√sr„#R√#2„b√ìí√2„2√„√„3ì"√s„£##R”í”#r££√„B√„√sr„És"√c„ss3#CÇ√s„ì"√#2„"√ìÇ√"„"√„√„B√cSR„`£##R”í”#r#££√„3b√„√sr„scsÉ2√c„sscÉÉÇ√s„c2√#2„2√ìr√"„√„√„3b√c#R„`£##R”í”#r3££√„3sb√„É#Ç√sr„ÉCS3"√c„s#ìS"√s„c2√#2„R√ìr√B„"√„√„É3sb√cR„ê£##R”í”#rC££√„3sb√„ÉCìÇ√sr„ssc"√c„s#sB√s„c2√#2„√ìÇ√2„í√„√„ÉS3Sb√c„`£##R”í”#rS££√„#C2√„CsìÉ"√sr„Écìr√c„sCC#Ç√s„c2√#"„b√ìí√R„Ç√„√„CÉ###2√c2„`£##R”í”#rc££√„cc√„#3Ç√sr„É3ì"√c„sCcCB√s„ì"√#"„B√ìí√2„b√„√„#C#ÉC√c3Ç„£##R”í”#rs££√„#3sC3Ç√„ÉìCcb√sr„ÉSì"√c„ssÉ#ÉÇ√sB„ìí√#"„R√ìí√2„b√2„√"„3#ìÇ√csí„`£##R”í”#rÉ££√2„S3C#ìí√"„CsìR√sr„É#3b√c„sCs3"√s„c2√#2„√ìí√B„B√3Ç„√b„3sìí√sC„P£##R”í”#rì££√#„cÉsss√2„sÉ2√ì"„ssS"√c„ssCsB√#„ìÇ√#2„2√ìÇ√R„R√s2„√#B„sccs√sÉR„£##R”í”#r££√C„ìc#Sr√2„#3ÉsB√ìb„C3ì#S"√c„É#ì#Ç√ì2„í√#R„B√ì√2„í√#3„√CB„CCììr√ÉÇ„ £##R”í”#r££√C"„C3C√"„scCcÇ√#b„s#3B√c„sÉÉb√ì2„2√#R„√ÉÇ√#„í√##í„√CR„ìÉsí√sìí„ £##R”í”#r#££√c2„ìÉs3#R√„Ssc#b√c"„3CìsÇ√c„sCìcs"√ì"„Éb√#R„B√ÉB√Ç„í√#c„√cR„Sc3SÉR√ssí„p£##R”í”#r3££√cb„3S33r√„sSììb√c"„33#CR√c„sìcB√#„ìÇ√#b„"√É√r„í√33b„√cr„cS#ìr√sì"„`£##R”í”#rC££√Cb„sccr√„3CcÉb√c"„CCìB√c„ÉsCcB√#2„ì2√#b„Ç√sr√Ç„"√CcÇ„√Cr„CsS#r√sì„p£##R”í”#rS££√Cr„ìc3sc√„ìsb√c"„cSìcÇ√c„É#S"√#b„ì2√#R„r√É√b„b√#„√CÇ„cì#√sÉr„ £##R”í”#rc££√#B„CscSb√„CsÉ"√s„ìScììb√c„ÉCìb√#2„ì2√#R„R√É2√B„B√É„√#B„ìSCsb√ÉB„P£##R”í”#rs££√„c3ì3#í√„És3b√sí„3S#SCB√c„ì#ÉsB√#2„√#R„2√ÉB√B„Ç√Cí„√„S#3Éí√É#b„ £##R”í”#rÉ££√„ÉsÉcCB√„CSÇ√#2„sC#B√c„ÉÉCb√„ìí√#R„√ÉB√"„2√Sr„√"„#ìCCCB√ÉS"„P£##R”í”#rì££√"„S##b√„#sSb√#b„ÉSÉssÇ√c„sScSb√3í„cr√#B„r√Éb√„B√"„√"„sssÉb√ÉS"„ £##R”í”#r#££√„Sìs"√„S#É"√#r„CÉ#É"√c„sÉC##B√2„"√#B„r√Éb√„R√„√„ccÉììììììììììí√É#B„£##R”í”#r#££√„S3b√„C#cÉB√#„cÉSss"√c„scSsCB√ì2„Ç√#B„b√Éb√„√„√„C#É3sb√sÉR„£##R”í”#r##££√„CÉÇ√„S#CSÇ√cB„S##cb√c„sScÉB√ì"„É2√#B„R√ÉB√„√„√„S#ScÉ√sCÇ„ê£##R”í”#r#3££√„S"√„SSsB√cB„SsÉìb√c„s#ÉSb√É2„#b√#B„√Ér√r„í√„√„Sc#Sìììììììììí√s„0£##R”í”#Ç££√„S"√„sc"√b„#S"√c„ssSB√s"„R√#B„2√Éb√B„r√„√„scs"√cc2„ £##R”í”#Ç££√„B√„ssSB√sr„É3Cc√c„sÉSÉCÇ√s„cR√#B„√Éí√2„√„√„ssSSB√c#B„@£##R”í”#Ç#££√„CCÇ√„ÉcÉsB√sr„Écr√c„sì3Ç√s„cR√#2„Ç√ìB√2„√„√„ÉcìÉÇ√Sìr„P£##R”í”#Ç3££√„S"√„3ÉSc"√sr„É#s#b√c„s3#CB√s„cR√#2„b√ìB√"„r√„√„3ÉcB√SÉÇ„0£##R”í”#ÇC££√„Cìb√„3C3B√sr„ss#CR√c„ccìÉÇ√s„cR√#2„b√ìB√"„2√„√„3C3c3b√SÉÇ„@£##R”í”#ÇS££√„#ìì2√„SsSB√sr„ÉCsÉB√c„É3ÉÇ√s„cR√#2„B√ìb√2„√„√„SS32√Sìí„P£##R”í”#Çc££√„3CcB√„S##Ç√sr„É3ssb√c„ìÉÇ√s„cR√#2„2√ìR√„Ç√„√„SScsÉB√cR„`£##R”í”#Çs££√r„CCSSCí√„CCìS"√sr„É3É"√c„ÉSCìS"√s„cR√#2„r√ì2√2„r√r„√r„ÉìScÉììììììììí√cC„`£##R”í”#ÇÉ££√CR„#sc#C√„#scÇ√sr„É3c"√c„sSccÇ√s„cR√#R„"√ì√b„R√„√CR„SCsì#√cc"„P£##R”í”#Çì££√sí„CSSí√„#C#B√sr„ÉCìs2√c„É#ì3b√sb„r√#b„√ÉR√2„√#Cr„√sí„#ÉsSSí√sR„Ä£##R”í”#Ç££√R„Sì3ÉÉr√„c#ì"√c2„SS√c„ÉSìsb√#Ç„C2√#b„"√ÉÇ√#„√3b„√b„sScÉr√s#„p£##R”í”#Ç££√S2„3C3#Ç√„É#s2√„√c„ssì#Ç√#Ç„C2√#b„R√ÉR√#"„√Cc"„√SR„Cc#Ç√sR„p£##R”í”#Ç#££√S"„É33r√„sÇ√„√c„s3Ç√#Ç„C2√#b„r√ÉB√#„R√SR„√SB„SC3ìr√s3b„Ä£##R”í”#Ç3££√#B„ÉSCsB√„3#CÉb√„√c„s#s#b√3„3Ç√#r„b√É"√#„√SsÇ„√#b„C33B√scb„ê£##R”í”#ÇC££√ìÇ„3ÉsC3r√"„cìS3Ç√í„CCcs"√c„sscs"√ìb„c"√#r„√ÉB√#2„√cr„√„É#Ér√sÉ"„P£##R”í”#ÇS££√sb„3Cìs#r√"„Ésìb√s„ÉCÉìÇ√c„sCss"√ìR„c2√#b„í√É2√#„2√CìB„√sí„cscÉr√ÉB„p£##R”í”#Çc££√S"„#3ìSb√„CCsÉb√2„cc#B√c„sSÉB√sÇ„#R√#b„R√ÉB√#„"√3"„√S2„cÉcìb√É#Ç„£##R”í”#Çs££√R„Cc##ìí√„É3#3"√S"„CcsB√c„s3ì"√ìR„ìr√#b„√Éb√#„Ç√##r„√b„#ìCcí√Éc2„P£##R”í”#ÇÉ££√2„SSB√„SsSÇ√c"„ÉìcS3Ç√c„sCC3S"√ìR„ìB√#R„b√ÉÇ√#„B√sB„√B„##SÉB√ÉÉÇ„ê£##R”í”#Çì££√"„Ccscí√„c3Cb√c2„s3#Ç√c„sCSCb√ìb„Ç√#B„Ç√ì√#„√B„√2„c3c#í√ÉÉB„`£##R”í”#Ç#££√"„S#sSb√„S3ÉÉÇ√c2„#cÉìb√c„É3#s"√ì„b√#B„Ç√ì√í„í√„√2„Sìc3c2√ÉS"„Ä£##R”í”#Ç#££√„Éì#B√„É3ÉSÇ√32„CcìììB√c„ssìs"√ì„b√#B„2√ìR√í„"√„√"„cSSB√ÉB„p£##R”í”#Ç##££√„#csÉÇ√„SCs√s„Sì3b√c„s3#sb√ì„b√#B„b√ì"√r„"√„√„sc3ÉÉÇ√sSÇ„P£##R”í”#Ç#3££√„ìÇ√„ScìCÇ√cÇ„ìÉÇ√c„s#C3b√É„sB√#2„í√ìr√"„√„√„SsÉSb√sr„0£##R”í”#í££√„C3"√„3cScb√cÇ„Éìsì"√c„s3#Sì"√s"„3í√#2„2√ìr√"„í√„√„3ccì"√cS2„`£##R”í”#í££√„CÇ√„ìSÇ√cÇ„ì3sb√c„sSì"√cí„ÉB√#"„í√ìR√„√„√„ììÉÇ√c2„p£##R”í”#í#££√„C#B√„É#"√cÇ„ìcÉÇ√c„s3É#CÇ√cí„#"√#"„r√ìB√í„√„√„É#c#B√SÉr„`£##R”í”#í3££√„3CB√„sS"√cÇ„ìSÉÇ√c„sSC3sb√cí„ÉB√#"„R√ì2√í„"√„√„sS3cB√Ss„p£##R”í”#íC££√„3b√„ìcsB√cÇ„ìsCÇ√c„sÉCB√cí„"√#"„√ì2√Ç„√„√„ìc#√Ss„@£##R”í”#íS££√„CcS2√„sS3ìb√cÇ„ììÉs"√c„scÉcSb√cí„ÉB√#„í√ì2√Ç„í√„√„sSÉc2√SÉb„ê£##R”í”#íc££√„S#ccr√„s#3Ç√cÇ„Éììì3b√c„ssÉ"√s"„s√#„í√ì√Ç„r√„√"„#CsSCr√c#B„ £##R”í”#ís££√#í„c33#√„ssSSb√cÇ„ììS"√c„ÉB√sÇ„É"√#"„"√ì√b„"√r„√#í„É3ÉÉÉ√csR„p£##R”í”#íÉ££√C„3ìsb√„sC33B√cÇ„ìSìÉB√c„sC3sì"√sÇ„É"√#"„R√ÉÇ√„"√B„√C„3SScb√sCR„£##R”í”#íì££√#"„ì3ssC2√„c3cí√Sr„scS"√c„sssb√#b„ÉÇ√#2„√ÉR√„í√#CR„√#2„SsCcC2√s3B„ê£##R”í”#í££√S"„cCcÉ#B√„SscÇ√„"√c„cììì"√#b„ÉÇ√#2„Ç√É√„√#É„√S2„##3B√sSR„ê£##R”í”#í££√sB„#CÉsb√„cSCìb√„√c„s#3ÉB√s"„s√#B„R√sr√„Ç√Sc„√sB„ssìÉ3b√sC"„p£##R”í”#í#££√s2„É#cSB√„SsCí√„√c„sCs3"√s"„s√#B„r√sB√2„"√csr„√sB„3ìscc2√sCÇ„@£##R”í”#í3££√S„3#Éc√„ÉìÉb√„√c„sSS#s"√s"„s√#B„b√sB√"„R√cSR„√S„3ÉCÉCr√ss"„p£##R”í”#íC££√SR„#ìÉCr√„#sÉÇ√r„sc#Cìb√c„s#ÉcÇ√Éb„s"√#B„"√sR√„√Cì„√Sb„Sì#SÉ"√sSÇ„0£##R”í”#íS££√ì"„s2√„cCì3b√s2„##ì3ìB√c„s3cÇ√ì„S"√#B„"√s2√"„Ç√SCB„√ì2„cCì#3b√É2„ £##R”í”#íc££√3"„s33É√„Éìc#√#B„S3sc"√c„s3S#Ç√ì„#í√#2„R√sR√„√#cB„√3B„c3"√É3„@£##R”í”#ís££√í„s3c3r√"„3S#í√ìí„ssÉ3"√c„ì#c#Ç√#b„Ér√#2„√sÇ√í„Ç√ìb„√"„Scb√É3B„p£##R”í”#íÉ££√"„33S3S√„sSÉ3ìR√#2„ì#É"√c„ÉsScb√3í„r√#"„b√É√„"√Sr„√B„ì3sCb√ÉC„`£##R”í”#íì££√"„c#Cì#í√„CcìB√sÇ„S3CÉCb√c„É3É#B√3í„r√#"„B√sr√r„R√„√B„Éc#2√É32„P£##R”í”#í#££√"„3CsÉSb√„sìcs#√cb„cìCSr√c„s#CÇ√#í„CR√#„Ç√É√R„í√„√B„CCSsr√É„£##R”í”#í#££√„S3s3b√„ÉSsc2√3R„c3sb√c„ÉCìcÇ√#í„CR√#„í√ÉR√B„b√„√2„Éìí√sc„0£##R”í”#í##££√„#cÉìÉÇ√„cì3ìR√cÇ„ÉScÉb√c„s3#3"√ÉÇ„SR√#„B√É√b„í√„√„33É3É2√s#B„`£##R”í”#í#3££√„ìs"√„SCìS3í√cÇ„É#cCÇ√c„scc3b√ÉÇ„SR√#„b√ÉR√B„r√„√„SSÉc√cÉ„p£##R”í”3££√„C3"√„S3Éì"√cÇ„É#cÇ√c„ss#3S"√sr„3"√#„√Éb√B„B√„√„S33#B√c3"„`£##R”í”3££√„Cb√„S#ìB√cÇ„É33ìcÇ√c„sÉcc3"√sb„R√#„√Éb√B„r√„√„S33"√Sìb„£##R”í”3#££√„S"√„C#ÉÉ#r√cÇ„É#ÉsB√c„s#b√sR„Cí√#„√Éb√B„B√„√„C#ì33í√Scí„p£##R”í”33££√„B√„CCìcí√cÇ„É#s3b√c„sC"√sB„sr√í„Ç√Éb√2„b√„√„CSí√SSR„Ä£##R”í”3C££√„3CB√„C#CìC2√cÇ„ÉCCcB√c„sSsb√sR„B√#„B√ÉR√B„B√„√„C#S#Ér√SS2„ £##R”í”3S££√„C3Ç√„3SìÇ√cÇ„É#3ssb√c„s3CÇ√sR„Cí√#„√É2√B„r√„√„3SìSìììììììììí√Scr„`£##R”í”3c££√„SìCR√„3S3cí√cÇ„É#3ÉÉÇ√c„s#C3b√sR„ìb√#„b√ÉR√B„2√„√„ìCCB√c„ê£##R”í”3s££√3„ÉÉì3b√„ScCìR√cÇ„É3#s3b√c„csÉ3"√sb„R√#„Ç√Éb√"„b√r„√3"„CSS3B√c3í„£##R”í”3É££√s2„sC32√„3ìÉS"√cí„ìCì"√c„É#3S"√ì„S"√#"„"√sr√B„"√í„√s2„sS#ÉR√cÉí„`£##R”í”3ì££√sr„É###c"√„CcÉ#√cí„ScsÇ√c„s3ÉSb√ì2„B√#"„r√sR√R„B√#CB„√sr„ÉcìÉ#ìììììììí√s3r„ £##R”í”3££√ì"„ÉÉÉCí√„#Ç√cí„C##3B√c„ccÉsS"√C„Cb√#2„í√s"√r„√C#2„√ì"„ì3cr√sCí„£##R”í”3££√„C3SsB√„ìSÉsí√cí„3Sccs"√c„s#ÉcÇ√ì2„3r√#B„"√s√r„√S3Ç„√„#3ìCS2√s3b„Ä£##R”í”3#££√#b„S#ì2√„#sCcB√cí„SÉì"√c„s##ìB√ì"„Éí√#2„b√s√R„Ç√#3B„√#b„sìSSC2√s#b„0£##R”í”33££√ìí„sìCcr√„#SCb√cÇ„s3ì#Ç√c„sÉÇ√ì2„3r√#2„R√s√R„"√É„√„32√sSB„Ä£##R”í”3C££√„c3Ésb√„3ÉSc"√sb„ìC3S"√c„É3ìÉ3"√ì2„3b√#2„b√cí√b„r√##r„√"„C3Ç√s3í„Ä£##R”í”3S££√sÇ„ìsì2√„Sìc3R√R„#SìììB√c„ì#CsÉB√ì"„sÇ√#2„B√s√r„r√#„√sÇ„sC#Ç√scR„P£##R”í”3c££√3r„sÉ3SR√„#cÉCcr√s"„cSÉcìb√c„ÉìsÉCÇ√Ç„#√#2„2√s√b„√ì2„√3Ç„CÉÉ#"√sÉR„P£##R”í”3s££√R„3ccb√„#CÉÇ√#R„csSSb√c„ÉsCCÇ√ì2„3Ç√#2„B√cÇ√B„√#ÉB„√R„#3#SB√sìí„p£##R”í”3É££√"„ì#C2√„##cÉ3r√#r„É3cs√c„ÉCCCB√#í„SÇ√#"„√sr√2„√"„√2„Sìcr√Éb„@£##R”í”3ì££√"„3s3sB√„CcCr√#Ç„ÉìsÇ√c„ÉCÉÉÇ√#í„SÇ√#„Ç√sÇ√B„√2„√"„CÉss#√É"„£##R”í”3#££√„#Ç√„#c#r√#3í„s#33b√c„s#3b√#í„SÇ√#„√s2√„2√„√„Cs3#R√ssÇ„`£##R”í”3#££√„CìCCb√„3C3#cb√É2„ìsÉCB√c„É#ìsS"√ìb„CB√#„í√s"√„í√„√„É3ss#b√s3b„P£##R”í”3##££√„ÉìCìb√„C3C3"√Cí„s33c"√c„ss##ìb√ìb„CB√#„í√sB√"„2√„√„c#3Ésìììììììììí√cs„p£##R”í”3#3££√„CÇ√„3ÉÉcR√32„É#CCsB√c„csSÉcB√ì"„C"√#„R√sb√2„√„√„3É##s2√c3"„Ä£##R””££√„CcB√„SsììB√ìb„S3ìS"√c„ÉsS#Ç√ìÇ„c2√#„R√sb√"„Ç√„√„SÉCSÇ√c2„ê£##R””££√„SB√„3É#É2√sÇ„ÉìCí√c„Éccìb√s2„#Ç√#„√sr√2„"√„√„3É33r√Ssr„0£##R””#££√„S#Ç√„#ì33R√sÇ„3sC2√c„ÉCcÉ3"√s„cB√í„í√sr√"„2√„√„#ì3ÉC#ìììììììììí√SSB„`£##R””3££√„S"√„##ìÉb√sÇ„3ì3"√c„É#É#ìb√s„É"√í„Ç√sr√"„√„√„#333Sìììììììììí√SC„ê£##R””C££√„S#Ç√„#s#Cí√sÇ„Csì2√c„ÉcÉb√cí„#b√í„"√É√2„r√„√„#s#Sscìììììììììí√S3í„p£##R””S££√„S3b√„3333Ç√sÇ„3Écí√c„sSscB√s„cB√í„√É√2„2√„√„333cs3ìììììììììí√SSR„`£##R””c££√„3sì#B√„CcìC#b√ìR„3cc√c„ÉcÇ√sb„cR√Ç„r√É"√2„Ç√„√„ÉCÉccb√Sì„@£##R””s££√3„CsSÉÉí√„CÉ3ìC√ìb„33Ç√c„ss#3S"√ì„B√í„√ÉB√2„í√„√3„ìSìÉ2√c#2„`£##R””É££√ìr„33sR√„CÉ3CÇ√cB„ììs3√c„sc33ì"√ì„B√#„b√É√R„b√Cb„√ìr„É#CìR√cS„ £##R””ì££√Sí„ìSÉSr√„C3cì2√„√c„ccsÉB√B„ì"√#2„2√s√B„í√3S2„√c„33cSR√ccB„0£##R””££√#B„3ìcCcÇ√„c3ìsí√„√c„c3sSb√B„ì"√#2„Ç√cí√r„√S3B„√#R„CCr√ccB„ê£##R””££√##r„#c3ss√„ìsìB√„√c„É3cSb√B„ì√#B„√cb√Ç„√cÉB„√##Ç„#3CcsR√cSí„0£##R””#££√#3r„#ìSccr√„3ì#SÇ√„√c„scCCSb√ì„√#B„√c2√r„R√ssí„√#3Ç„33Cì#R√cCÇ„0£##R””3££√##Ç„ìÉÉí√„CS#SÉr√„√c„cì3ìS"√2„s√#B„"√Sr√b„r√Éí„√#3„3sCsr√cs„`£##R””C££√#2„Sì#B√„3S3ìÇ√„√c„É#Ss"√2„r√#B„B√SR√b„B√ss„√#B„És###"√cìB„Ä£##R””S££√Cb„Ésc#R√„S#Cb√2„ScsS3b√c„ÉcÉs"√r„Sr√#B„r√Cr√b„í√cc2„√Cr„ìì3s"√s3"„£##R””c££√sÇ„3c32√„Éc3ìsr√Cí„ì##í√c„ÉCÇ√3„R√#B„2√S√r„b√Sr„√sí„##sÇ√ss„`£##R””s££√#í„ss3S"√„sS#ÉR√C2„S3sr√c„ÉsB√b„#√#2„2√Sí√R„r√#„√3„CÉÉC3r√sìÇ„£##R””É££√"„ÉsSs#Ç√„C#3SR√#2„ssÇ√c„sìì#ÉÇ√3b„2√#„r√sb√2„2√ìÇ„√2„#ìcÉ2√Éb„ £##R””ì££√"„cSScs"√„#Cc√#SR„sìì"√c„sCCÉÇ√3Ç„√#„R√s√„R√"„√"„ÉìSs32√É„p£##R””#££√"„S##3"√„3cìÉÇ√#C"„#Éccb√c„scc3b√r„r√#„2√cÇ√„2√„√"„É#ì"√sÉB„@£##R””#££√„ìì##Ç√„SC33b√#C„C3ÉSB√c„scsC#B√2„B√#„"√s√„í√„√"„S3ScB√sCR„0£##R””##££√„SÉ33"√„cCìÉCR√sí„3É3CÇ√c„sÉS3b√2„"√#"„√s"√2„"√„√„#3#Ésr√s2„p£##R””#3££√„SB√„SÉ#ììÇ√cr„SSC#É"√c„ÉcCÇ√ìb„ì√#„r√sí√2„R√„√„SìCS3Ç√csB„p£##R””"££√„3sb√„ì3ÉS√„cSSCb√c„sìc#cB√sB„Ç√#„Ç√É√„√„√„ìC##r√c#r„`£##R””"££√„CÇ√„í√ÉR„33ìr√c„s3sb√s2„ìb√í„Ç√ÉB√"„2√„√„ìCsììììììììììí√SÉÇ„p£##R””"#££√„B√„#r√ÉR„3#cR√c„s#c3sb√s2„ìb√#„√sí√„√„√„#sB√ScR„P£##R””"3££√„C3"√„SìB√ÉR„33ìÇ√c„sÉs#B√s2„ìb√#„"√cr√„B√„√„SìÉ3"√SS„p£##R””"C££√„Cìb√„ìÇ√ÉR„3csìB√c„ssccÇ√s2„ìb√#„2√s√„B√„√„#ìSìììììììììí√SCí„ê£##R””"S££√„S3b√„CB√ÉR„3SS3B√c„ÉCÉcÇ√s2„ìb√#„b√cr√„r√„√„Cì3b√ScB„P£##R””"c££√„33CS"√„SìB√ÉR„33#CR√c„ìSssb√s2„ìb√#„√cB√„b√„√„3c#ÉS"√SìR„@£##R””"s££√í„#3Ç√„ÉS#S2√ìR„s#√c„ìÉsÉB√ì„R√#"„√cb√„b√Ç„√í„ìS32√c3b„`£##R””"É££√É"„3SÉC"√„#r√ìB„És√c„ì#ìsb√Ç„2√#2„√sr√„r√S„√É"„c#ÉC"√cSr„0£##R””"ì££√S2„c#S#sR√„√C„sc#2√c"„cC3ì"√í„s"√#B„í√Cr√"„2√3#b„√S2„c#S#sR√csí„ £##R””"££√ÉÇ„3CÉÉCr√„√„√c"„CSìcÇ√#B„"√#R„R√CÇ√B„"√C#B„√ÉÇ„3CÉÉCr√cì„0£##R””"££√#2„3s3B√„SB√„√c"„sccSb√#b„s"√#b„√S√Ç„√SSí„√#2„C#sB√cìí„£##R””"#££√ìB„ììsB√„CsìSí√„√c"„3scB√#B„"√#R„r√c√„r√cì2„√ìB„3Éì32√sB„@£##R””"3££√c„ìc#ìCí√„S#cSìr√„√c„Éc#ScÇ√#b„R√#R„r√c√"„√sb„√c„CÉìSCc"√sC„£##R””"C££√3„Cìì#r√„S#ìc√b„c33b√c„sÉs#CÇ√#B„"√#R„B√c√2„b√SS„√3„##3√sS„Ä£##R””"S££√r„ìÉÉsìr√„SC3b√s"„ÉcìSìB√c„sSscB√s"„#Ç√#B„b√cb√R„í√3ì"„√Ç„S3ì2√sSí„ê£##R””"c££√CÇ„s#SSB√„SÉÉìsB√sB„C##CB√c„cì3##B√#„Ér√#B„r√cÇ√B„√#cÇ„√CÇ„ccS#Ç√sÉr„ £##R””"s££√"„3CìÉìB√„ÉSc"√ìb„#CCÉ"√c„Éc#s3b√Ç„3í√#B„B√s√B„2√3R„√2„#Cìb√Éb„0£##R””"É££√"„ÉÉ"√"„ÉS##b√C„#csSsB√c„É3C#ÉÇ√í„s"√#2„Ç√sB√B„R√c2„√B„#s3#Cb√Éb„P£##R””"ì££√"„Sìc#CB√2„É#c√c2„#3Écr√c„É3S"√r„SÇ√#2„2√sB√R„2√„√R„sssSR√É„ê£##R””"#££√"„3csSì"√"„sc#í√c2„c#3sb√c„sCCì"√í„s"√#2„√sB√Ç„"√„√R„É3c#√sìr„Ä£##R””"#££√„3ÉcÇ√"„c#É#Ç√SB„ìcc"√c„scÉÉÇ√ì„ìR√#2„"√É√r„í√„√2„ììCSÇ√scB„@£##R””"##££√„#SCì"√B„ss##cr√ìB„#ìSCb√c„s3ì"√ì„sÇ√#"„b√Ér√"„"√„√R„#ssí√s#Ç„£##R””"#3££√„ss"√b„#Éìsì"√ìR„#CCb√c„s#ÉÇ√R„ìR√#"„B√Éí√B„B√„√b„#ìcÉcB√cÉr„ £##R””2££√„3S"√b„CccÉ#b√cB„3C√c„scìCB√"„#√#"„b√ÉÇ√í„√„√b„CcssÉR√c3b„0£##R””2££√„3#Ç√R„s333CB√„√c„ssìsb√ì„Cb√#"„2√ÉÇ√Ç„í√„√R„s33csììììììììí√Sìí„£##R””2#££√„B√b„S#3S"√„√c„s3ìsB√sB„ìr√#"„√ÉÇ√R„R√„√b„S#sS"√Ss„ £##R””23££√„CB√R„sS##SÇ√„√c„s3CÉÉÇ√s2„S√#„2√ì√"„2√„√R„sS#cìÉR√SS2„ £##R””2C££√„CB√r„ìSS3√„√c„sìSCB√s2„S√#„"√ì√b„"√„√r„ìSìsR√SCí„`£##R””2S££√„C3"√r„sÉSc2√„√c„sSscÇ√s2„ìR√#„r√ì√r„√„√r„sÉììR√Sc„Ä£##R””2c££√„#É#B√Ç„3Csí√„√c„s33S"√ì„2√#"„√ì√R„√„√Ç„3s2√SÉB„@£##R””2s££√„3CÉìr√r„SìsS√„√c„s#ì3b√ì„ì√#"„R√ì√r„Ç√„√r„c3#CÇ√c3„Ä£##R””2É££√„ÉccÉÇ√r„3ìC#R√„ìÉ√c„csìsÉB√R„R√#2„√ì√R„í√B„√r„SÉÉì2√cÉí„@£##R””2ì££√„ÉìSS"√R„ììCSB√C„É#R√c„sìsb√Ç„3r√#2„B√ì"√Ç„R√"„√r„ìb√sCr„ £##R””2££√"„Ss##b√B„3É#S"√Éí„ÉsÉ3"√cr„S3C3"√Ç„3r√#B„"√ì√r„í√3B„√b„ÉìÉCsÇ√sÉb„@£##R””2££√R„CC3ì√„ìSsS3b√ì2„3s3sr√c„s3#"√Ç„3r√#R„"√ì√2„r√s2„√b„ì#r√sÉr„P£##R””2#££√3Ç„CSCs√„33b√ì"„É3ììR√c„sÉSìB√R„R√#R„2√ìB√B„í√sr„√3Ç„3sss√scí„@£##R””23££√3B„CÉsìcR√„3ìÉ3#í√ìí„ìCSR√c„É##sS"√R„R√#r„√Éí√r„B√#„√3B„ÉÉc#ìB√sÉ2„`£##R””2C££√3„SÉs#2√„SSccB√„Ccb√c„s3#ì#Ç√R„R√#r„r√ÉR√„í√#É„√3„sC#sÉr√sÉí„`£##R””2S££√R„ÉSCC"√„#Éì#sí√#„#sS#√c„cs3CSb√„í√#b„√ì√B„b√cí„√b„C3cÉ√ÉR„£##R””2c££√r„cìÉsSr√„ÉÉìs"√cÇ„3#ìr√c„sSÉ#B√„í√#b„√ì√B„R√ì2„√Ç„SÉÉCsr√ÉR„P£##R””2s££√R„#cs#R√„3c3b√Éb„#3B√c„ÉS3CÇ√R„R√#R„r√ì√B„b√3B„√R„3ì3#R√É#í„p£##R””2É££√„sSC3SR√„3ìsÇ√Éí„ìC#b√c„ÉÉì"√R„R√#R„"√ì√B„2√r„√„S#SR√ÉSí„£##R””2ì££√„CÉB√„C#2√Éí„ììC3R√c„sìCìsb√R„R√#B„r√ì2√b„r√„√„ì3B√Éc„P£##R””2#££√„3SìS"√„3ìC"√Éí„ìc32√c„s3#Éb√R„R√#R„R√Éí√#„B√„√„C3S"√ÉC„ £##R””2#££√„CCÇ√„#3#"√ì"„ìS3Cb√c„sÉc#ìb√R„R√#R„b√ìB√#„í√„√„#3#cCÇ√É"„ê£##R””2##££√„CSb√„3s#3í√ì„ÉSr√c„ÉSÉ"√R„R√#R„Ç√ì√r„"√„√„3s#scR√scb„£##R””2#3££√„C3"√„ìSC√Éí„ì#ssÇ√c„É3cCÇ√„C√#R„í√ì√í„b√„√„ìSÉC2√sÇ„@£##R””B££√„C#B√„csÉì2√c"„sc#í√c„sC3#ÉÇ√s2„#Ç√#R„r√ì"√Ç„√„√„csì33r√ccb„ £##R””B££√„C#B√"„ÉCsCc"√Sí„S3SÇ√c„cìSCÇ√s"„ì"√#R„r√ì2√#„2√„√"„ÉCsÉÉcB√c#2„ £##R””B#££√„3b√"„#sÉCB√SÇ„É3sì√c„ss#CÇ√s"„S√#R„r√Éí√#„2√„√"„#sÉscB√SìB„ê£##R””B3££√„3cÇ√"„#ì#sc"√SR„Éc3"√c„ÉSCÉB√s„cí√#R„2√Éb√#Ç„B√„√"„#ì32√Ssb„ £##R””BC££√„CCÇ√"„#sS#Ç√SR„ÉìÉSB√c„ÉsB√s„3b√#R„2√É√#2„"√„√"„#sSSsb√Ss"„@£##R””BS££√„C#B√"„s#Ç√SÇ„s3s√c„sCsC3"√s"„S√#R„√É2√#B„√„√"„#S"√SÉB„£##R””Bc££√„SS#Ç√"„É#É#í√ìÇ„É#b√c„ìCsCÇ√s"„ì"√#R„√Ér√#"„Ç√„√"„ìÉ3Sr√cÇ„p£##R””Bs££√„3#c#"√"„#ìs3cB√sr„Ésìsb√c„É3Sb√s"„S√#B„í√ÉÇ√#2„R√b„√"„cììÉb√cC„ £##R””BÉ££√C„##s3r√"„É3ìs"√sr„ì##2√c„É##Ç√s"„S√#R„B√Éb√#B„2√É"„√CB„ccí√cs2„P£##R””Bì££√cí„3B√„ìììssÇ√sr„És#C√c„sSCÇ√cÇ„cí√#R„2√ÉÇ√í„b√#3í„√s„É#√s2„p£##R””B££√Ç„#CÉÉSí√2„CÉìc#√ì2„É#sb√c"„s3S"√3í„í√#b„B√É√#„B√3Éb„√„s3ÉCÇ√sB„ £##R””B££√CÇ„ìcìCSB√B„#s3sÇ√cr„CÉB√3B„3sb√32„Cb√#b„b√sí√#B„í√Sí„√S2„ìcÉ3"√cì2„`£##R””B#££√c2„ÉCsÉí√B„33ìC2√Sb„É#ÉìB√r„S#c#B√cÇ„cí√#b„R√É√#"„√S"„√cÇ„ÉcÉc"√s2„`£##R””B3££√#Ç„sìcCb√2„csCÉr√s2„ìS33í√C"„Ccb√cÇ„cí√#b„b√É√#„2√Ssr„√3"„Csìc#ìììììììÇ√s3Ç„ê£##R””BC££√#"„S3Éí√„#cscìb√sr„ÉcìcÇ√c"„SS3#b√cÇ„cí√#b„b√É√#„r√Ssb„√#2„sssÉR√s3Ç„@£##R””BS££√Éí„CÇ√„#S#Ç√ÉR„3S3cB√c„ìCÉcB√s„Ér√#R„R√ÉB√b„√S„√ì„3ccÉÇ√sS„0£##R””Bc££√cb„ÉìC#SR√„Cc3B√Ér„ììcÉCb√c„ssÉB√s"„ì"√#R„√Éb√b„√3cr„√cÇ„3SscSR√scÇ„ê£##R””Bs££√í„c##C√„3csb√#Ç„c33Ç√c„sìCì"√s"„ì"√#B„2√Ér√R„√ìR„√#„sSÉì√É„ £##R””BÉ££√"„#CsR√„C3sìb√Cr„S#3ÉÇ√c„s3S"√s"„ì"√#2„r√ì"√"„í√s"„√2„cC#ccR√É#b„`£##R””Bì££√"„SÉ3ì#Ç√„ì#ì3B√Cr„c#cCs"√c„s#c#cB√s2„É"√#2„2√ì2√"„√„√2„S3#cÇ√É#R„ £##R””B#££√"„3ìCS"√„cÇ√Cr„ÉcÉÇ√c„sCCÉSb√s2„É"√#2„"√ì"√„r√„√"„ì##S"√É2„ £##R””B#££√„ììsS3"√„cì3í√CÇ„CÉ"√c„s#ìs3b√s2„É"√#2„2√ì2√b„√„√„cìC3ìììììììììÇ√ss„@£##R””B##££√„#C#B√„ìCcB√CÇ„#sì√c„sSS"√s2„É"√#2„√ì2√b„r√„√„SSÉCB√s3R„ê£##R””B#3££√„CSb√„csCB√CÇ„SCÉÇ√c„sCìs#Ç√s2„É"√#"„í√ìB√r„2√„√„csCCìb√cì„@£##R””R££√„Cs"√„S3b√#r„ìSÇ√c„cìÉÉ#B√s"„3"√#2„√ì2√Ç„B√„√„S3c3#√c3Ç„p£##R””R££√„C3"√„C#"√s„cCìb√c„cs3ÉCÇ√s„cí√#2„√ì2√„Ç√„√„C#SS"√Sìí„£##R””R#££√„CB√„cS#"√s„c#S#Ç√c„s#Ç√s„cí√#2„√ì√"„√„√„cS#cB√Ss"„ £##R””R3££√„3#Ç√„C#scÇ√s„c##Sb√c„s#sb√cí„Ç√#2„2√Éí√2„R√„√„C#ÉÇ√SSÇ„Ä£##R””RC££√„C3"√„#Cí√s„cÉB√c„cì#3ÉB√cí„Ç√#2„2√Ér√"„b√„√„#C33"√SS2„p£##R””RS££√„Cs"√„3SC#B√s„ìCÉCÇ√c„s33b√s„í√#2„2√Éb√"„√„√„3SCsìììììììììí√Sc2„P£##R””Rc££√„ÉÉccÇ√„CÉCB√s„3Éb√c„s#s"√s„cí√#2„2√Éb√„√„√„#3sÇ√SÉ"„Ä£##R””Rs££√#b„ìSccB√„3#Cìb√s„s##B√c„cìSs"√cí„Ç√#2„"√Éb√„√b„√#r„#É#B√SìB„P£##R””RÉ££√ÉÇ„sSì#SB√„S#cB√#R„CìC##B√c„sc#Ç√cr„r√#2„Ç√ÉB√„R√ìR„√Éí„#sÉìB√SìÇ„0£##R””Rì££√CR„ÉSs#S2√„CScb√„√c„sCs#cB√cr„r√#B„í√É√Ç„í√#S„√Cb„#c#ì2√c2„£##R””R££√Ér„SSC#cí√„S3sb√„√c„ccCCìb√cr„r√#R„B√sr√„Ç√CCr„√ÉÇ„ìÉcí√cb„ê£##R””R££√#b„s#C#b√„c#ssÇ√„√c„csssb√cr„r√#R„b√sb√„B√S2„√#b„É#b√c#b„P£##R””R#££√#"„#SS3√„cssB√„√c„cS#b√cb„#2√#b„√sR√„"√Ssb„√#"„É#3#s√c3B„p£##R””R3££√Éí„CcB√„c#C"√„√c„cC#ìb√cr„r√#b„√sR√„r√c#Ç„√Éí„ss3B√cSb„p£##R””RC££√Sr„3CsSs√„CsS3Ç√„√c„cÉSb√cr„r√#b„"√sR√„b√cc„√Sr„É##ìS√cÉB„ £##R””RS££√R„#CSs#"√„SCCÇ√b„ìCC3cÇ√c„cscÇ√cr„r√#R„b√sB√„B√Sì"„√R„sÉc#"√sb„£##R””Rc££√s2„ss3S"√„C#cCÇ√ìb„ÉSì#3Ç√c„cssSCB√cí„Ç√#R„"√sb√„R√C3"„√sB„ìììì"√sC2„Ä£##R””Rs££√#2„##ìS√„#B√c"„SSÉs3"√c„ccìcÇ√s„sÇ√#B„r√sr√í„√#c„√#2„CcìS√sÉR„£##R””RÉ££√"„SÉCÉcí√„3#C"√Éí„SSs#Sb√c„ì3ìB√s„sÇ√#B„√É√r„√sr„√"„ss#Éí√É„£##R””Rì££√"„c#3Cì"√„#ìs"√##„sCSB√c„cc3b√sB„2√#2„B√ÉB√b„√„√"„ÉC3##2√Ér„ £##R””R#££√"„CSCìS"√„#3ìÉ"√##"„É3C#c"√c„sììcÇ√sB„2√#2„"√É2√R„B√„√"„cìCss"√sì„p£##R””R#££√„ìÉÉÇ√„33ÉB√##"„ÉSÉCb√c„cìCìB√sB„2√#2„"√ÉR√B„"√„√"„3cCÇ√sSB„ê£##R””R##££√„S#scÇ√„3sS"√##"„sìÉcb√c„cì3"√sB„2√#2„√Éb√B„B√„√„ÉìSÉÉÇ√s#„£##R””R#3££√„É"√„CSSB√##"„ÉCSìÇ√c„cCc#Ç√sB„2√#"„R√ì√B„√„√„C3cb√cs2„ê£##R””b££√„C3"√„C#ÉB√Sr„s#ÉC3Ç√c„cSsb√cí„í√#"„"√ì√"„í√„√„C#ÉCsìììììììììí√c#"„@£##R””b££√„Cb√„CÉ"√CÇ„ÉSC#s"√c„c3cÉÉÇ√cr„#b√#"„2√ì√B„"√„√„CÉC3b√SÉ2„ £##R””b#££√„3ì"√„SCì2√Cí„S#c3Ç√c„c3sb√cr„"√#"„B√ÉÇ√B„r√„√„SCìcì"√SSr„ê£##R””b3££√„3ÉB√„SÉ3"√Cí„3ì#b√c„c#S3b√cr„"√#"„2√Éí√2„B√„√„SÉ3SÉC√SC"„@£##R””bC££√„3"√„CcsÉ"√CÇ„Sì3√c„c#sS"√cr„"√#„Ç√ì"√B„√„√„CcÉB√S3r„ê£##R””bS££√„3B√„#ì#B√CÇ„c#S"√c„csss"√cr„c2√#„í√ì2√"„2√„√„#ìSCB√SS„ £##R””bc££√„É#ÉÉcb√„ìs"√CÇ„CCÇ√c„cÉ#sS"√cí„Ç√#„í√ì2√„B√„√„ì#ccb√Ssí„ê£##R””bs££√#r„#3ScCr√„3#B√CÇ„SC##B√c„c#3SB√cí„Ç√#„í√ì"√„2√r„√#r„#cÉCr√Sì"„£##R””bÉ££√Éí„#ÉC2√„Ç√#"„ì#ìcb√c„SÉSCÇ√cb„ì"√#2„Ç√ì√„√í„√Éí„#É#ìC2√Sì„`£##R””bì££√C2„sc32√„√í„CcìS"√c„sSc33b√cb„s2√#R„í√sÇ√„í√3R„√C2„sc32√SÉÇ„£##R””b££√s2„cSÉÉR√„√„√c„sC3ÉCÇ√cr„"√#b„r√sÇ√r„b√CìÇ„√s2„cSÉÉR√SÉB„`£##R””b££√Éí„csSìs2√„√„√c„ÉSS"√cr„"√#b„b√É"√r„√c32„√Éí„csSìs2√SÉr„Ä£##R””b#££√ÉR„Scsb√„√„√c„sÉc#B√cr„"√#b„í√sí√b„√cÉ"„√ÉR„Scsb√c"„ £##R””b3££√sb„##s2√„√„√c„sCCÇ√cr„"√#r„√sí√Ç„B√sB„√sb„##s2√c#„p£##R””bC££√S2„3Scí√„√„√c„c3sSb√cb„Sí√#r„√sí√Ç„√csB„√S2„3Scí√cCR„£##R””bS££√"„#ÉìCR√„√R„ì3Cb√c„ccccÇ√cr„"√#r„√É"√„B√SCí„√"„#ÉìCR√cÉí„Ä£##R””bc££√S„3ssR√„√Ç„#3Éí√c„ÉcSìÉB√cr„"√#b„2√É2√„b√3ìR„√S„3ssR√s#"„Ä£##R””bs££√b„CCssS2√„√CR„ìÉc#ÉÇ√c„ÉcSB√cí„Ç√#R„b√ÉB√Ç„R√##2„√b„CCssS2√sSÇ„@£##R””bÉ££√"„#cS#√„3B√Cb„ìcssb√c„sìÉìb√cí„Ç√#R„2√ÉR√B„2√Sb„√"„##ìcc√sì"„ê£##R””bì££√"„c3SsCÇ√„ìSB√Cr„ÉìÉÉ"√c„ccìÉb√sB„2√#B„r√ì√„B√„√"„cCS#ÉÇ√sì"„ê£##R””b#££√"„SSìsb√„3ìÇ√Cr„#s#ìs"√c„É33Sb√sB„2√#B„í√Éí√„2√„√"„SììSb√sÉ2„`£##R””b#££√"„cs3"√„3ìb√Cr„3ììsSb√c„sìÉÉÇ√sB„2√#R„√Éí√„R√„√"„Cc33"√sc„0£##R””b##££√„3ÉssB√„ììÇ√#r„cS#sb√c„sSssb√sB„2√#B„B√ì√"„√„√„SÉsSB√s3„P£##R””b#3££√„ÉÇ√„C#Éb√cí„cc#ÉÇ√c„ÉCccÇ√sB„2√#B„B√ì√B„"√„√„SìB√cÉr„£##R””r££√„CB√„És2√cí„csÉB√c„ÉCÉSb√cí„3√#B„√Éí√2„B√„√„ÉssB√c3r„ £##R””r££√„3S"√„33CÇ√cí„SSÉSb√c„ÉScs"√cÇ„í√#2„í√Éb√2„2√„√„33SS"√Sìr„ £##R””r#££√„3ì"√„3C#s"√cí„CCSB√c„É#s3b√cr„cB√#B„"√ÉB√B„B√„√„3C3"√Ss2„`£##R””r3££√„3B√„#sC3Ç√cí„ScSCB√c„sì3#Ç√cr„3b√#B„b√ÉR√Ç„B√„√„#sCcÉB√SSí„@£##R””rC££√„CB√„És"√cí„Scs"√c„sCÉB√cr„3b√#B„Ç√ì√"„í√„√„ÉscB√SSr„Ä£##R””rS££√„CSb√„#ÉCSÇ√cí„Sì#C3"√c„csììS"√cr„3b√#R„2√ì"√r„R√„√„#ÉS3b√Ss„P£##R””rc££√„cC2√„r√cí„S#3"√c„sSÉSsb√cr„cB√#R„2√ì"√r„b√„√„#É2√Sìb„0£##R””rs££√2„3ìcÉ"√„ÉCb√cí„ScsCB√c„ss##B√cr„3b√#B„b√ìb√B„Ç√2„√2„##C#É"√c#Ç„`£##R””rÉ££√3í„ÉsS3r√„ìc"√cí„C3Éìì"√c„s#s#s"√cR„Sb√#R„√ìb√R„√S2„√3í„ì3cSr√ccR„P£##R””rì££√Sí„CìCs"√„sSSS"√c„C3É#B√c„ÉìS3b√cb„sB√#R„Ç√ì"√Ç„"√ÉB„√c„#S#B√cìí„`£##R””r££√sb„ÉS3r√„s3c"√„Sssì"√c„cÉÉ#ìb√cr„3b√#R„Ç√ì√Ç„b√3s„√sr„SCSr√s#„@£##R””r££√ìR„##2√„cìs3"√„√c„s3cìB√cr„3b√#R„Ç√ÉÇ√Ç„í√CìÇ„√ìR„ÉÉSR√sR„0£##R””r#££√Sr„cCÉR√„ss#3"√„√c„sSScÇ√cr„#b√#b„"√sí√Ç„Ç√S3b„√SÇ„C3SR√ccB„Ä£##R””r3££√Cí„csÉìcb√„csSB√„√c„sScìS"√cb„SR√#R„2√É"√Ç„√S3"„√S„#ìcSb√csí„`£##R””rC££√3„#ÉcìR√"„3sC3Ç√„√c„s#cs"√cB„ì2√#R„√É2√b„"√SCí„√3"„C3sR√cÉí„ £##R””rS££√ì2„sS3Ç√"„s##3Ç√b„CCìSS"√c„sìcÉ#B√cR„CB√#R„√É"√B„"√CCB„√ìb„Cs#sb√s"„Ä£##R””rc££√Sr„ì3cC√"„s3cb√É„SCSí√c„ì#3SS"√cr„3b√#B„√Ér√r„2√3cÇ„√Sí„ì#C3√s#r„ £##R””rs££√B„ÉÉcÉ3b√"„c##sÇ√í„3sB√c"„3ì3b√s"„R√#2„2√Ér√b„Ç√ìr„√r„Sìcb√sc„0£##R””rÉ££√"„3ìR√"„ÉÉ"√Cr„3ÉÉ"√c„ìSsCB√s"„R√#"„2√ì2√R„√Cí„√B„ì##R√sÉÇ„ê£##R””rì££√"„Cs#B√"„ÉCCs"√Sb„#sC"√c„ÉS#É#B√sR„í√#"„2√ì"√2„"√„√R„#cìb√sÉÇ„p£##R””r#££√„#sÉCÇ√"„Éì3R√Éí„S#3r√c„sSÉ#ìb√sR„í√#"„2√ì√2„√„√B„3CÇ√scr„ê£##R””r#££√„sss#B√"„cÉB√s„#cìCB√c„ÉCSÉÇ√sR„í√#"„"√ì√2„"√„√"„sÉÉScB√sC"„ £##R””r##££√„SB√"„Éc√s„#3#c#B√c„ÉÉCs"√sR„í√#"„√ì√"„√„√"„ÉccB√sr„0£##R””r#3££√„CÉÇ√"„ìCc#B√s„#ìB√c„sSÉCÇ√sR„í√#"„√ì√„b√„√"„ìCcs#Ç√cc2„ê£##R””Ç££√„Cìb√"„sÉcB√s„#SS"√c„sCsscÇ√cr„3√#"„√ì√"„√„√"„sÉcÉìb√cí„£##R””Ç££√„S"√"„S2√s„##3ÉB√c„ÉcB√cr„3√#„Ç√ì√„"√„√"„SÉ"√Ssí„£##R””Ç#££√„CB√„ìs3B√s„##ÉSì"√c„ìs#ìCB√cr„3√#„r√ì"√Ç„Ç√„√„ìs3CÇ√SSB„p£##R””Ç3££√„CÇ√"„CSC3b√s„##cB√c„ì3#c#B√cr„3√#„Ç√ìÇ√b„b√„√"„CSCÉB√S3í„ê£##R””ÇC££√„S3b√"„##c3b√s„#33ÉSb√c„ÉìÉB√cr„3√#„í√ìÇ√„R√„√"„##cÉìb√S3Ç„ £##R””ÇS££√„S#Ç√„ìS3b√s„#33b√c„ììs"√cr„3√#„í√ìí√B„b√„√„ìSÉÉÇ√SS„0£##R””Çc££√„##sCÉ√„Éì"√s„#CSb√c„ÉScSsb√cr„3√#"„√ìÇ√B„Ç√„√"„CccÉ√Ss2„0£##R””Çs££√"„S#ÉR√„CSì"√s„#É#Ç√c„sCÉCB√cr„3√#"„√ìr√"„r√2„√2„CSÉR√SìÇ„P£##R””ÇÉ££√S„3CCCí√„ScsÇ√s„#3ÉÇ√c„ÉsSsb√cr„3√#"„2√ìB√"„B√cÇ„√S„3ìs##í√c#„@£##R””Çì££√Ér„3ìsSb√„SscSB√cí„ì#"√c„s#ÉB√cR„r√#"„√ìR√í„Ç√#„√Ér„ìs3cìSìììììììí√cC"„ £##R””Ç££√B„ÉÉC3"√„ScScÇ√cí„SìCÉìb√#"„3Cì"√cb„b√#"„í√Éí√„2√3„√R„3sC"√cS2„ £##R””Ç££√3Ç„#ì3R√„c3SÉ"√cí„3cÉìb√b„ss3S"√cR„ìr√#2„2√Éb√„r√3ìR„√3Ç„scCìSR√cSÇ„ £##R””Ç#££√Cb„3#ììÉ2√„ÉCÉ#"√c„SS#Ç√R„cscÇ√„√#2„2√ÉÇ√„í√Cs2„√Cr„sÉ#2√cSb„ £##R””Ç3££√C2„3#sìÇ√„ccCÇ√„sÉB√R„ìS#Ç√cr„3√#2„r√Éb√í„r√S"„√C2„ììÉìÉ"√cs"„0£##R””ÇC££√32„SsC#Ç√„CS2√R„3c#sr√c„c#Csb√cb„r√#2„í√Éb√í„√C3r„√32„Sc#s#É"√cs„£##R””ÇS££√ìr„#ss#cR√„33cSB√R„sSCC√c„sÇ√cr„3√#B„√ÉR√„2√3ì„√ìr„c3ÉR√cìÇ„0£##R””Çc££√Cí„#3É#2√„3#ì#Ç√s„ìs#ìB√c„sCsìb√cr„3√#2„r√Éí√2„2√#s2„√Cí„SC32√s3R„ê£##R””Çs££√„cÉSR√„S#R√S„ÉS√c„ì3SìÉB√3R„ÉB√#2„r√ì√R„2√C2„√„#SÉSR√ss2„ê£##R””ÇÉ££√"„#s#√„s#CCB√sÇ„ÉsCb√c„ÉCS#Ç√3b„S"√#2„í√ì√b„r√3„√"„s3sc√É2„ £##R””Çì££√"„SC3b√„3ccB√sí„sSì"√c„sSSb√C„É2√#2„b√ì√r„Ç√„√2„csìsSb√sìí„P£##R””Ç#££√"„Ccì3"√"„#sìb√cB„ì#Sì3b√c„ÉSsS#Ç√É„C"√#2„R√ì√r„í√„√B„S3CÉìììììììììí√ssí„ £##R””Ç#££√„C3CC3b√"„3ìB√32„s#CsÇ√c„É3ì3b√É„C"√#2„R√ì"√r„í√„√2„C3É3sb√sCB„Ä£##R””Ç##££√„3#sÉìb√„ÉssÉ"√s„#CscÇ√c„É#CscÇ√É„C"√#2„b√ì"√Ç„√„√"„#Ssb√sí„ê£##R””Ç#3££√„CB√"„#ìÉÇ√Sí„#3sS"√c„É3És"√É„C"√#2„R√ì"√r„b√„√"„3##"√ccí„Ä£##R””í££√„CcB√„c3cÉb√„3ì"√c„ÉCsSb√cí„2√#2„2√ìB√Ç„"√„√„c3s3#B√c#2„Ä£##R””í££√„CSb√„ScCìÇ√„√c„Éì33"√cí„2√#2„√ìB√í„í√„√„ScSC3b√SÉb„P£##R””í#££√„CcB√„sìì#Ç√„√c„É3S"√cÇ„Ç√#2„√ì2√#„r√„√„sììsCB√Sc„@£##R””í3££√„SB√„ìsB√„√c„ÉSCb√cr„B√#2„√ì√#„"√„√„ìsSCB√SCR„ £##R””íC££√„3#Ç√„cS"√„√c„sìS3"√cÇ„Ç√#2„"√ì√í„√„√„cSS#Ç√SC„p£##R””íS££√„3"√„CsSB√„√c„ÉìCB√cí„2√#2„√ì√í„b√„√„CsÉS"√SSR„£##R””íc££√„Cc3Sí√„c3S"√„√c„sìÉÉB√cí„2√#2„√ì√#„√„√"„ìÉsí√SsB„ £##R””ís££√í„cScí√„ìs#"√„√c„Éìcb√cí„2√#2„B√Éb√#"„√B„√#„SsS3Éí√Sìb„ê£##R””íÉ££√cí„sCÉì"√„ÉCs3B√„√c„sìSìÉB√cR„Sí√#2„R√ÉR√#"„B√É„√s„ì###3#√cr„`£##R””íì££√í„s#cCcÇ√„ìCcS"√„√c„ÉsÉ#CÇ√cR„Sí√#2„Ç√Éb√#B„í√#b„√„cs#ìÉÇ√c3r„£##R””í££√3„CcSÉR√"„#sCcb√„√c„ÉcÉìS"√s„sB√#B„2√ÉB√#B„2√C"„√32„cÉ#CS"√cSí„`£##R””í££√3b„Sììsr√"„S3"√„√c„É3ìÉ3"√c"„ìB√#B„Ç√sÇ√#b„√S"„√3Ç„cS3r√ccR„£##R””í#££√S"„ccR√"„sSì3B√„√c„É##Ç√b„cB√#R„√sr√#b„√cb„√SR„3sCR√cc2„P£##R””í3££√3R„cSCÉÇ√2„#cÉ"√„√c„ÉcccSb√3b„s2√#R„"√sR√#b„2√cR„√3Ç„#s#3sìììììììÇ√cÉ"„0£##R””íC££√í„cÉCs√2„##É"√b„S3b√c„É#sb√s„sR√#R„√sR√#b„√SSB„√#"„ì##ì√cÉb„p£##R””íS££√ì"„SÉ3#R√2„#3ìr√r„Ssc3Ç√c„scìCìb√3B„c√#B„r√sr√#R„Ç√CSR„√ìR„sSÉ#R√s„ê£##R””íc££√S"„s##3b√2„#ì√3í„ìC#Cb√c„ssc3#Ç√ì"„Éb√#B„2√sr√#r„2√33„√SR„ì3Cb√s3„ £##R””ís££√b„3cs"√2„3ccÇ√2„CÉc"√c„É#3CÇ√ì2„√#2„Ç√sR√#R„√cÇ„√í„S3cì"√scÇ„P£##R””íÉ££√"„cB√"„ì#ì#b√c"„sCìC#b√c„É3CÇ√ì"„ì"√#2„2√sb√#B„B√c„√R„ì#sC√sì"„p£##R””íì££√"„c3C#S"√"„ìSc3Ç√c2„É#cR√c„É3s3"√ì2„"√#2„√sR√#B„r√„√R„Sìc3ììììììììí√sÉÇ„£##R””í#££√"„C##Ésb√"„cÉ#b√c2„ÉÉSCÇ√c„ì3ìCSb√ì2„2√#2„√sR√#B„r√„√R„33b√sc2„ £##R””í#££√„c3SSÉB√"„CÉcB√CÇ„ì3#"√c„ÉìCC3"√ì"„Ér√#"„Ç√sR√#r„b√„√B„c##B√s3„`£##R””í##££√„ìcsb√"„cìCb√ìB„3s#B√c„ÉSCÇ√ì"„b√#"„b√sR√#b„2√„√"„É3b√cìÇ„p£##R””í#3££√„Cs"√"„cÉcÉb√ì„És3ì2√c„ì3sccB√sÇ„SB√#"„b√sR√#2„r√„√"„cÉs33"√cSÇ„Ä£##R””££√„3ÉB√"„CìSr√ìR„#ssC"√c„ìSì"√"„C√#"„B√sr√#"„"√„√"„CìcÉB√c2„ £##R””££√„Cs"√"„3cS"√sí„É3b√c„Écs3#Ç√cí„ìb√#"„"√sí√#„r√„√"„3cìì"√Ssb„Ä£##R””#££√„CCÇ√"„#Sc"√sÇ„sCÇ√c„ÉCss#Ç√cÇ„CR√#"„√É√#„2√„√"„#ScScÇ√SS2„£##R””3££√„CCÇ√"„CÉ#cÇ√sÇ„C#R√c„scÉ#cB√cÇ„CR√#"„B√sí√#2„√„√"„CÉ3#Ç√S3í„ £##R””C££√„Cìb√"„33ìb√sÇ„s##í√c„sCÉ3ÉB√cÇ„#b√#"„B√sí√#„b√„√"„33ìcSb√S3b„0£##R””S££√„CÉÇ√„ìÉsCB√sÇ„3cÇ√c„scÉC3"√cÇ„CR√#"„2√É√#„"√„√„ìÉsì#Ç√SS"„0£##R””c££√„Cs33s"√„c3CSÇ√ìR„#É32√c„sÉìs"√ì„r√#"„"√É√Ç„B√„√"„sìS"√SÉ"„`£##R””s££√#„cS3##B√„SÉS3"√ìb„Cb√c„sSÉB√ì„Cí√#"„2√É√r„√R„√#2„#3ÉSCB√cB„ £##R””É££√É"„SC3√„ScSB√ì"„Éc#ÉB√c„s#scÇ√Ç„Ç√#2„B√sí√r„2√ìr„√ÉB„CsÉR√cC"„ £##R””ì££√3R„Sì3c"√„33ì"√í„ÉcÉb√c„É3Sì"√R„#R√#B„"√s2√Ç„B√#sr„√3b„ì#CS#"√cs„£##R””££√s"„s3C#b√„CsÉB√„√c„ssìb√Ç„"√#R„2√cí√r„2√Cc„√sB„C#Sb√csí„p£##R””££√ìÇ„ìSSs#R√„C#ìB√„√c„sÉÉ#Sb√R„#R√#b„√cr√Ç„2√c„√#„3cÉccR√cÉ„ê£##R””#££√#b„s#c"√„cSB√„√c„sC#cs"√B„s√#b„2√cÇ√Ç„r√cì"„√#r„ÉC#Sb√cÉb„£##R””3££√ì„S##csr√„3S3#B√„√c„sscs"√r„c√#b„R√cb√í„"√s3„√ì„ÉsSìr√s"„ê£##R””C££√S2„#S#R√„#SÉÇ√„ìSSSS"√c„ìsCB√R„#R√#b„B√cÇ√í„b√cÉR„√SB„SÉ32√s3í„ £##R””S££√B„##"√„sìb√É2„c3ìscb√c„ì3ìScÇ√b„Ç√#R„R√sB√í„b√Ssr„√R„3Ç√sc„@£##R””c££√cB„cìì3r√„ìcc3b√B„ìcr√c„É3Éìì"√R„#R√#R„"√sR√Ç„"√Cb„√cR„ccSCìcìììììììí√sìR„P£##R””s££√b„SÉCCr√„s#S#Ç√Sí„#ÉCCB√ì2„Cc3sB√r„c√#B„r√sR√b„√#C"„√b„sÉ3s#s2√É#Ç„p£##R””É££√"„SCì√„sÉccb√Éb„SSÉ3B√#"„33S#Ç√#í„"√#2„r√sí√b„"√cr„√"„ìCSr√ÉC„`£##R””ì££√"„c3ìÉÇ√„ì3Cc"√ìí„3scSí√Ér„3cCÉSb√#í„"√#2„√É√B„"√„√2„Ss3sÇ√É3"„@£##R””#££√"„S#cìb√„Éc#Ç√ìí„sÉSB√cR„#3ìsb√#í„"√#"„í√É√2„√„√2„3És#B√ÉB„@£##R””#££√„ì3"√„É#ì#b√#3R„SsÉ#cb√c"„#Sc#CÇ√#Ç„É"√#"„í√ÉR√2„í√„√"„s3#3Ç√scB„P£##R””##££√„CCÉ#cB√„ìc2√sb„ì#Scs"√c„ì3cì3b√2„√#"„r√ÉR√"„√„√„CÉScB√s3„ £##R””#3££√„sCB√„ì3#B√cB„ÉCCsb√c„Éì3"√"„c2√#"„B√Éb√"„"√„√„ì3s3ÉB√cÉÇ„0£##R””££√„CSb√„ÉSÇ√cb„#Éc"√c„ÉììsS"√ìB„ì√#"„B√ÉR√2„R√„√„Éc#Sb√cC„ £##R””££√„CÇ√„ssCb√#Ç„sS#í√c„ìcS#Ç√s„ì2√#"„2√ÉR√„Ç√„√„ssSsìììììììììí√c„Ä£##R””#££√„#s"√„c##"√s„Sssì"√c„ÉCÉB√s„3R√#"„"√ÉR√"„√„√„c##Cs"√SsB„P£##R””3££√„#cB√„s#sCB√s„sÉs"√c„Éìccs"√s„C2√#"„B√ÉÇ√R„b√„√„s#ssB√SSí„ £##R””C££√„C3"√„c#b√s„ÉìsCSb√c„É#SÉÉÇ√s„3R√#"„B√ÉÇ√B„√„√„c33"√SS2„`£##R””S££√„CB√„#sììb√s„ìc3cÇ√c„ÉÉ#B√ì"„r√#„r√ÉÇ√„√„√„#ÉB√Scb„@£##R””c££√„SCsS"√„ScSB√s„3ÉsB√c„s3CCìb√ì"„3í√#„"√ÉR√Ç„Ç√„√„s3Sì"√SÉr„ £##R””s££√#R„Éscb√„sCcB√s„ccSÉB√c„sÉÉSì"√ì"„#2√#„2√sí√r„"√R„√#R„Éì#2√c"„`£##R””É££√ì„SìSSÉR√„c##"√c„ìsCCÇ√c„ÉsÉ#B√cí„#Ç√#2„R√sí√r„r√"„√ì„cSsÉR√cr„£##R””ì££√Cí„3#3ÉSb√„C3B√„#ì"√c„sCCB√ì"„É2√#b„√s√2„Ç√3„√Cí„C#Éìb√cC„Ä£##R””££√Éb„SS3b√„#Ésb√„√c„sc#ssb√ì2„í√#b„r√sB√R„R√CÉ2„√Éb„cC#ìb√cc„P£##R””££√#b„3csc"√„#3ìB√„√c„sì#B√ì2„í√#r„√sÇ√r„r√c#2„√#b„Sìs"√csR„ê£##R””#££√#„#Éc√„#Sì"√„√c„scsCÇ√„√#r„R√É√í„√sb„√#„S3s3√cÉR„0£##R””3££√Ér„Écsìs√„SÉ#Ç√„√c„ssSÉ#B√ì"„B√#r„√É2√í„r√s3„√ÉÇ„#c#S√sr„ £##R””C££√3Ç„cÉÉ3Cb√„ìr√„#C#cB√c„ÉCÇ√ì2„Ç√#b„Ç√ÉR√r„í√csÇ„√3Ç„ÉÉCb√sC„ê£##R””S££√„ìÉìssí√„Ç√sí„c#Ç√c„ÉsS"√ì2„í√#b„2√Éí√í„√Sc„√"„sssí√sSb„ê£##R””c££√SR„Cìc32√„√CÇ„scB√c„Ésc#3"√ì2„í√#R„Ç√ì√í„"√3ìÇ„√SR„Cìc32√sìb„P£##R””s££√B„sC#Ésr√„í√##R„#3SsÇ√c"„3#ì"√r„s2√#R„√ì√b„√##B„√B„sSÉsr√É#r„ £##R””É££√"„ÉCr√„SB√#3Ç„SsSìsB√c„ì3ìS"√r„cb√#B„√ìR√„R√Sb„√"„3SCr√ÉCr„P£##R””ì££√"„c3c#b√„CR√#3í„CìSSÇ√c„ÉÉSb√r„SÇ√#2„R√ìB√„Ç√„√"„cÉ#b√É3r„Ä£##R””#££√"„SÉScB√„#33#Ç√#„#CCÉcb√c„É##ì"√ì2„C2√#"„í√ì√„"√„√"„sCÉCB√ÉR„ £##R””#££√„ìsì#Sb√„#sC"√CB„s#cSb√c„ìcb√ì2„√#2„√ÉÇ√"„B√„√"„Éccsb√sc2„ê£##R””##££√„C√„B√CB„s3#Sb√c„ÉÉ3cB√ì2„2√#"„b√Éb√2„√„√„S#B√s3„£##R””#3££√„ÉS"√„#33SÇ√CB„s3cÉb√c„É##Cs"√ì"„#2√#"„B√ÉÇ√B„2√„√„#Cs3"√cÉÇ„P£##R””"££√„CSb√„C#sB√C„s3S"√c„ÉSSScÇ√s"„ìí√#"„b√ì"√R„"√„√„C##ìb√cC„0£##R””"££√„CÇ√„S3ìCb√ì"„##scÇ√c„ì3Ç√s„ìí√#"„r√ì"√b„√„√„S3ììC√c2„£##R””"#££√„CÇ√„S33b√s„CCÉÉìb√c„É#ÉCÇ√cí„Ç√#"„b√ì"√R„í√„√„S33cB√SsÇ„@£##R””"3££√„CSb√„SsÉ#"√s„#3#Ç√c„ÉÉCB√cÇ„c√#"„Ç√Ér√Ç„√„√„SsÉcsb√Sc„ê£##R””"C££√„3CB√„sS3b√s„#CSsb√c„É3sÉs"√cÇ„c√#"„r√ì√r„√„√„sS3ìCC√SSb„ê£##R””"S££√„33b√„ÉCSB√s„#sÉscÇ√c„ÉccÉÇ√cÇ„c√#"„R√ìR√b„√„√„ÉCÉsb√Scí„ £##R””"c££√„CìCcÉ√„ìsìì"√s„3scìì"√c„sÉSCSb√s„3B√#„í√ìb√B„Ç√„√„CsCc√SÉb„£##R””"s££√#R„33R√„sÉ"√s„ììcìb√c„s3#ìb√cÇ„c√#"„√ìb√B„R√R„√#b„CÉ3R√Sì„p£##R””"É££√Éb„sS3c3í√„sS32√C„3ìB√c„ÉÉs#cB√cÇ„√#2„í√ì√R„R√í„√Ér„Scì3í√c„P£##R””"ì££√C„csìcS√„CcB√„√c„ì3ìcÇ√cr„cí√#B„b√ì"√2„√#s„√C"„ìScì"√c#„0£##R””"££√ÉÇ„S3sìb√„3s#Ç√„√c„ÉCcs"√cr„cí√#R„2√ÉÇ√R„í√3sÇ„√ÉÇ„ÉSSÉb√c32„ê£##R””"££√#í„SCì#sÇ√„#É#b√„√c„ÉÉB√cr„cí√#R„Ç√É2√R„B√S#R„√#í„É333Ç√cCB„Ä£##R””"#££√ìí„cìCÇ√„CcR√„√c„sìÉ3ì"√cr„cí√#b„R√É√r„B√csB„√#„SìÇ√ccí„ £##R””"3££√cÇ„csìÇ√„3ì#B√„√c„É3cCs"√cr„cí√#b„R√É"√b„b√cÉí„√cí„c33Ç√s„`£##R””"C££√3B„s#b√„3scB√Ç„CSCÉ√c„ÉcÉÉB√cÇ„√#b„r√É√r„R√c„√3R„É3cSc"√s#2„P£##R””"S££√ìí„ccS3R√„3É3B√SB„C#sÉ"√c„É3b√cÇ„c√#b„√É"√b„"√SC2„√ìí„CCìì3R√sCÇ„£##R””"c££√Sí„333Ç√„#sì"√C2„c"√c„É#Cb√ì"„ìR√#R„Ç√É2√b„"√CB„√Sí„SÉCìSÇ√ssr„P£##R””"s££√R„scìí√„sb√c2„C3CsÇ√cb„3C3ÉB√ì2„2√#R„B√É"√B„b√#r„√R„ÉCcí√ÉÇ„@£##R””"É££√"„ccssb√„sÉÉb√cb„cScb√cR„ìS#cB√ì2„r√#B„R√Ér√2„R√SB„√"„#CSc3b√ÉCb„ £##R””"ì££√"„c33b√„S#r√s„C#SB√cR„sSÉscÇ√ì2„B√#B„√ì√R„B√„√"„sÉ3b√É3R„£##R””"#££√"„Cs#S"√„332√c2„3C3cÇ√c"„B√ì2„B√#2„b√ìb√R„R√„√"„SSCS"√Éb„£##R””"#££√„ìccCÇ√„√c2„ìÉsB√c„ÉcsSS"√ì2„B√#B„R√Éí√„√„√„ìccCÇ√sc"„0£##R””"##££√„CsÉ3b√„cC"√c2„ÉÉS"√c„ÉcÇ√ì2„í√#2„Ç√ì"√"„√„√„CsÉ#SSìììììììììí√s#r„£##R””"#3££√„ÉCB√„√cB„SS2√c„sÉc#ìb√ì„S√#2„√ìÇ√„r√„√„ÉCB√cÉR„@£##R””2££√„CÇ√„√ìÇ„ScCÉb√c„Écìsì"√cÇ„s√#"„B√√„R√„√„CÇ√c3r„P£##R””2££√„CcB√„√cí„É3C3"√c„ÉsC#s"√cÇ„√#"„"√ìí√„Ç√„√„CcB√c"„ £##R””2#££√„3ÉB√„√cí„ìSB√c„ÉÉÉÇ√cÇ„√#"„Ç√ìr√„√„√„3ÉB√SsÇ„@£##R””23££√„CcB√„√s„É3ssb√c„És#3"√cÇ„√#2„b√ìb√"„2√„√„CcB√Sc2„0£##R””2C££√„Cìb√„sc"√s„scCÇ√c„ÉÉì3ì"√cÇ„√#2„b√ìÇ√R„"√„√„Éb√Sc"„Ä£##R””2S££√„SB√„SB√cí„sìÉs3b√c„ìC3C3"√cÇ„√#2„R√ìÇ√B„"√„√„SìB√SÉ„ £##R””2c££√„3#cCB√„#b√cí„C3ÉÉÇ√c„ìSS#CÇ√s„ìr√#2„R√ìÇ√R„√„√„33ìB√cB„P£##R””2s££√Ç„ìSC3#R√„s"√cí„#c#Sb√c„ìC#B√í„cí√#2„b√ìr√r„"√„√Ç„ìcS#R√ccÇ„£##R””2É££√s"„#SÇ√„√cí„3#Ç√c„É#És"√#b„cí√#B„R√ì2√b„√SÇ„√s"„#SÇ√sR„p£##R””2ì££√í„##CìR√„s"√cÇ„ìcc#B√c„ÉCcCÇ√C„Sr√#R„r√ÉR√2„2√#í„√í„#33ìR√ss„ £##R””2££√3r„#s3#√„#sÇ√cÇ„ccÉ3"√c„Éì#B√3B„3í√#r„√sÇ√b„√CC"„√3r„3ìì#√sÉb„0£##R””2££√s„3sc3Sb√„#3SÇ√cÇ„CCÉCcB√c„É3Sb√Cr„CB√#b„í√ÉB√Ç„√S32„√s„cC3b√sÉB„ê£##R””2#££√#„3Sì√„3#s3b√cÇ„3ì##B√c„Éc#c#B√#b„Cb√#r„2√ÉB√Ç„√cÇ„√#„Cc3#r√ss„p£##R””23££√ìR„S3#3r√„C3SÇ√cÇ„S"√c„ÉC#s"√#b„Cb√#r„√ÉÇ√í„í√cÉí„√ìR„ìc3ìR√É"„Ä£##R””2C££√Sí„3C3ìì√„sìcc"√cr„ììÉSb√c„ÉcCÇ√#b„Cb√#r„√Éb√„√c„√c„CcìììììììÇ√É#B„p£##R””2S££√R„ì#cS32√„3S3B√sR„ìCÉ#"√c„ÉCìcÉÇ√S"„cí√#Ç„2√sB√r„r√SS2„√b„#scÉs2√ÉCR„ê£##R””2c££√S"„ìsÉsB√„Sì#R√r„ÉìSÉSÇ√c„ì"√#B„sB√#Ç„2√c√"„Ç√CÇ„√S2„SscsB√ÉÉ2„Ä£##R””2s££√„3C#"√„3É3b√ì2„S#C#"√cr„3É#s"√#b„Cb√#r„2√cÇ√„í√##í„√„s#33s"√ì"„0£##R””2É££√"„#ÉC"√„CCb√#Cr„#s"√cí„ScccB√3B„3í√#R„í√sB√„í√Sr„√"„cSCC"√ì„Ä£##R””2ì££√"„c3c#ÉÇ√„#ÉÇ√#C2„Éìs#B√c"„CcCsì"√32„Sr√#B„Ç√sí√„√„√"„ccSÉÇ√Éìr„Ä£##R””2#££√"„S3b√„s"√#C„É#ì"√c„ì#b√32„Sr√#B„"√É√b„"√„√"„SÉSb√ÉSí„£##R””2#££√„ìÉìCB√„sÉ"√#C„S3ÉcSB√c„ÉÉb√#Ç„ìí√#B„Ç√Éb√r„r√„√"„S#scB√É"„@£##R””2##££√„CSCCÇ√„#ìb√#3Ç„CcCcÇ√c„ìÉscÇ√Ç„c√#2„r√ì√"„"√„√„sCS#Ç√scr„p£##R””2#3££√„ìCÇ√„3cÇ√É„c#CcB√c„ì#b√ì„ìr√#2„Ç√ìR√b„√„√„CSÉCÇ√s#„Ä£##R””B££√„3ÉB√„S3ÉB√SR„cSìí√c„ÉÉB√ìb„√#2„Ç√ì"√B„"√„√„SC##B√ccí„`£##R””B££√„Cb√„Ccb√ÉR„sssÇ√c„ÉÉìb√s2„ìb√#2„b√ì√"„r√„√„Ssb√c3„Ä£##R””B#££√„CSb√„Csb√ÉR„333Ç√c„ÉsS#Ç√s2„ìb√#2„2√ì√B„b√„√„CÉSb√c"„ê£##R””B3££√„CcB√„cSb√ÉR„3S#B√c„ÉÉC3"√s2„ìb√#B„2√Éí√í„b√„√„cccB√SÉí„ £##R””BC££√„CÉÇ√„3cÇ√ÉR„33C3B√c„ÉCC#Sb√s2„ìb√#2„R√ì2√Ç„í√„√„3s#ÉÇ√SÉÇ„ê£##R””BS££√„CÇ√„CìCb√ìR„sC#sÇ√c„É33Sb√ì„√#2„r√ì"√"„√„√„CììB√cR„ £##R””Bc££√„CìB√„c#s3b√ìb„3CB√c„És#Sì"√"„ìb√#2„b√ì√Ç„√„√„cCSSC√cC„@£##R””Bs££√R„33ÉsB√„#ìSb√ìb„C3B√c„ì33ì"√"„í√#2„B√ì"√R„í√"„√b„CcÉ#sB√s„@£##R””BÉ££√3Ç„#3SÇ√„ÉSì3Ç√ìB„É#cí√c„sìsB√#"„#b√#2„r√ì2√"„√É„√3í„ÉììcR√sSB„£##R””Bì££√sB„ìÉ3b√„ì3ÉìB√r„S#cs"√c„ì#sÉcB√c„r√#"„í√ìÇ√„"√#Ç„√sR„ì#"√sÉí„ £##R””B££√B„c3ìcìí√„É#ÉÇ√r„É3Csí√c„ÉÉsC3"√3r„S"√#"„í√ìr√"„√##Ç„√R„CcSsí√sÉ2„ £##R””B££√Ç„CS33B√„ì3S#"√ì"„sÉSr√c„ÉÉS3b√#"„B√#2„Ç√ì√"„B√33Ç„√í„3ÉÉ#SB√sì„0£##R””B#££√C„ÉcS#S2√„SB√ì"„CC#"√c„ÉCcÉ3"√#„É√#B„2√ÉR√„b√Cc"„√C"„3sccS2√sS"„£##R””B3££√Cb„3#SR√„CÉ#Ç√ì"„C#2√c„ÉScB√#„ì√#B„b√É√"„R√Cc„√Cr„sC3#ìS"√sÉ2„P£##R””BC££√É2„c3s2√„3CCb√í„ììC3b√c„É#S3b√3r„CÇ√#B„B√É2√"„√SSB„√ÉB„3ScÉ32√Ér„Ä£##R””BS££√C2„c#sCìB√„cÉí√cr„ÉìsSc"√c„sSc#Ç√s"„ìí√#2„"√Éí√b„√CìÇ„√CB„3ì3ìB√Ér„£##R””Bc££√#B„SCsÉr√„SCí√##í„ìsS3"√c„ìÉs#Ç√32„ÉR√#"„Ç√ì√r„b√sÇ„√#R„ìcÉr√É#„£##R””Bs££√b„##ìí√„CÉsB√#Cí„CÉcÉb√c„ÉSC3ì"√32„ÉR√#"„í√ÉÇ√r„b√R„√b„S33í√É3B„`£##R””BÉ££√„ìCCsr√„3C3R√#3Ç„CCcB√s2„ì#csB√#"„3"√#"„2√Éí√b„r√32„√"„#ÉÉ#r√ÉCÇ„0£##R””Bì££√"„Cìscì"√„3sSÇ√#3r„Éì3c"√ìR„ìc3C3"√#"„3"√#"„√Éí√R„√„√"„Écì#s"√É3í„`£##R””B#££√"„#ÉCÇ√„cCr√#3Ç„CsC3"√s„3Sìcs"√#"„32√#"„"√Ér√B„2√„√"„#ì#sCÇ√Éí„£##R””B#££√„#cSb√„CC"√ÉR„ì3ìì#"√c„ìc3#Ç√"„í√#"„R√ì√R„√„√„#Cì3b√scR„@£##R””B##££√„#cCB√„ÉìB√CB„#CSb√c„ì##3sb√í„Ér√#"„Ç√Ér√b„R√„√„#SÉB√s3„p£##R””B#3££√„Cs"√„c2√"„SC#sS"√c„ìC#ÉÇ√r„b√#2„√Ér√b„2√„√„c3Cs"√cì„ £##R””R££√„CB√„3ìb√cÇ„3ÉÉìì"√c„ÉsSSb√b„b√#2„√Éb√R„"√„√„CB√cC"„0£##R””R££√„33b√„CcsB√SR„SCS"√c„ÉCÉCSb√ì„cí√#2„2√ÉR√B„R√„√„Cssb√c"„Ä£##R””R#££√„Cb√„S#3ìcb√„CSì"√c„É3CS"√ì„Sr√#2„B√Éb√B„√„√„S#C3É"√SsB„Ä£##R””R3££√„CSb√„cìSCsí√„√c„É3ì3b√É2„s2√#2„√ì√„√„√„cìSì3R√ScB„£##R””RC££√„Cs"√„3ì#SB√„√c„É3ìÉB√É2„s2√#2„"√ì√„í√„√„3ì3"√Sc2„ £##R””RS££√„CSb√„3S"√„Sc2√c„ÉCc3ÉB√ì„Éí√#2„"√ì√r„2√„√„3SSsb√SÉ„ £##R””Rc££√„s3sB√„É#ÉÇ√C"„33ìb√c„ÉcSìÉB√í„ìb√#"„b√ìR√R„√„√„É3SCSB√cÇ„£##R””Rs££√2„É#É3r√"„ìSSB√ÉB„Éc√c„ÉÉìs#Ç√í„#b√#"„R√ìB√B„√"„√R„ÉCsSì√cÉ"„0£##R””RÉ££√Ç„ÉìÉC#2√"„cCSìB√ìR„sÉcsìb√c„sìSìÉB√r„#B√#2„B√ì√B„b√SÇ„√#„SCC3c2√sCÇ„`£##R””Rì££√SB„#C3S2√"„3ccb√#R„ÉS##s"√c„Éìc3"√í„"√#2„B√ìR√Ç„r√#b„√Sb„SÉS2√ssr„ £##R””R££√Éb„#Cccr√"„ÉSìb√cR„s#scB√c"„ìsSb√3Ç„í√#B„"√ì√r„√sB„√ÉÇ„#ìc#r√sÉr„Ä£##R””R££√r„cì"√"„Cc"√Cr„ìSÉ"√c"„s3c33b√#2„b√#R„√Éb√2„"√#Sb„√í„3S#"√sì„ê£##R””R#££√r„√„SCÉí√Cr„sìSB√c"„cc3ì#Ç√í„B√#b„√É2√"„R√Ccr„√Ç„SS√sì„ £##R””R3££√Éí„#s2√"„É3S"√s"„ìs#√c„ÉSÇ√CR„Cr√#b„√ÉB√í„"√S3R„√ì„3ÉS#32√É#"„p£##R””RC££√sr„ì#CSì2√„ììCB√c„ìsÉ#s"√c„É##B√#2„R√#B„í√Éí√b„"√#ìÇ„√sí„ìÉc32√É#"„Ä£##R””RS££√Cb„ìcÉr√„ìCCb√c„ìSCSìÇ√c„É#ì#Ç√#2„R√#R„2√É"√#2„B√3ìr„√CÇ„cCr√É3Ç„@£##R””Rc££√3„3#cc3"√"„#sC"√sB„É2√c„É#3sb√3b„É"√#R„B√É√í„Ç√3#Ç„√3"„csS"√ÉCR„Ä£##R””Rs££√Ç„#ìÉCÇ√"„#És"√c„SCìSSb√c„É3B√Ç„3R√#R„"√É√B„√cB„√„SÉSR√ÉcB„0£##R””RÉ££√„ììÉ3b√"„C#C"√s„ìÉ3b√c„ÉCcssb√#í„sR√#B„2√ÉR√í„B√C"„√B„3C#Sb√Ésb„P£##R””Rì££√"„c#C#B√"„CÉb√cÇ„cSc#"√c„ÉCcssb√#í„3R√#2„Ç√Ér√b„R√„√B„ss##cB√Écr„0£##R””R#££√"„#3ìCB√„ìsìì"√cÇ„Sìììr√c„ÉScìcÇ√#í„r√#2„B√ÉÇ√2„R√„√2„#ì3#B√É3R„P£##R””R#££√„cì3"√„3cC"√c2„S#SÇ√c„ìsìb√R„s√#B„√ì√2„R√„√„Ss#"√sÉí„£##R””R##££√„#r√„S3Sc"√b„3#s3CB√c„És3S"√í„#b√#2„b√ì√2„2√„√„Sc#c"√sS„ £##R””R#3££√„3b√„ÉCS#"√ì„ÉÉsÇ√c„ìì#s"√ì„3r√#2„r√ÉÇ√2„B√„√„ÉCSSÇ√sR„£##R””b££√„3b√„SScR√í„cC#B√c„ì#CsÉB√"„C√#2„b√ÉÇ√2„b√„√„SSC#CìììììììììÇ√cSR„p£##R””b££√„3sb√„sCS3í√„√c„ÉìS3#Ç√ì"„ÉR√#B„"√Éb√r„√„√„sCScìR√cB„P£##R””b#££√„3ì"√„CCSr√„√c„ìcSÉB√ì"„ÉR√#B„B√Éb√"„R√„√„CCìí√Sì2„ £##R””b3££√„3ÉB√„Ésc#Ç√„√c„ìCì"√ì"„ìR√#R„"√Éb√b„"√„√„ÉscSì"√Ssb„Ä£##R””bC££√„B√„#ScÇ√„√c„ììSìB√ì"„ÉR√#R„√É2√#„Ç√„√„#ScCÇ√SÉ„@£##R””bS££√„CÇ√„#3SÉ2√„√c"„ìsb√ì"„ÉR√#B„R√ÉR√#r„Ç√„√„#3SSì√SìÇ„ê£##R””bc££√„sÉb√"„cCSsí√3r„ìÉscÇ√c„ìÉ#CÇ√"„Ç√#2„r√ì"√#b„R√„√"„cSsSsb√c3Ç„0£##R””bs££√B„ìcÉÉ2√2„##ìsì√cÇ„CìCs"√c„ìCìB√2„c"√#2„r√ìB√#b„B√„√Ç„3ccsB√s"„P£##R””bÉ££√í„SScC2√„ì#ìCìÇ√sí„ÉCCcÉÇ√cr„S#cÇ√b„s"√#2„2√ìb√Ç„√b„√#„ÉSC√ssb„@£##R””bì££√#Ç„##ìSR√„SÉ#CÉR√#2„sì3S"√sB„ÉCÉ#ìb√CR„√#2„Ç√ìR√B„B√c„√#Ç„cSCB√É#B„ £##R””b££√Sr„s#CÉsÇ√„CCcr√C2„#S"√c"„#cscb√CB„ìí√#2„√ìÇ√"„√SR„√SÇ„sììR√É#R„@£##R””b££√É„c3"√„3#Cí√CÇ„#sìcb√c„ÉcC3b√Ç„c√#2„b√ìB√„"√Ç„√É"„#ìS#cí√É#„P£##R””b#££√ìÇ„SÉCs2√"„##3##í√c2„SS3B√c„Ésb√r„"√#2„Ç√ì"√"„√##Ç„√„És3"√Éí„@£##R””b3££√Sí„SCÉìB√„É3ìCìí√#í„C3Ss3B√c„É#ìCÇ√#r„√#2„R√ì"√„r√#Cb„√c„3É3ì2√É„Ä£##R””bC££√Cr„ccCÉb√„ssì#"√#Sb„ììC3b√c„ìCì"√#r„√#2„√ì"√„R√Sr„√Cí„CCCÇ√sìí„p£##R””bS££√Cb„3csB√„#3sr√#cR„CCsìÇ√c„3ÉcScÇ√c"„"√#"„í√ì2√í„√sb„√Cr„S3sS√É„ê£##R””bc££√#r„ìscS"√„ÉÉCìB√#sí„ìÉScsÇ√c„sCCb√#Ç„"√#2„√ì√„R√s"„√#Ç„cCc2√É„0£##R””bs££√Ç„cÉÉÉCÇ√„c#cìSR√#É"„cìSsSb√c"„ÉSb√#Ç„"√#"„í√Éí√Ç„Ç√ÉR„√í„3SÉ2√É#R„ £##R””bÉ££√„ÉS3SÇ√„CCS3Ç√#SR„SìSÉÉb√c„ìCcB√#Ç„#b√#"„B√ì"√b„í√#í„√"„#ìÉÉìÇ√É3b„p£##R””bì££√"„#C#3CÇ√„ÉCì"√#3Ç„3SÉB√c„ìÉìb√Ç„r√#"„"√ì2√b„r√„√"„C#s#cÇ√É#2„`£##R””b#££√„CÉCCìb√„#cCs"√#3Ç„3s#ìb√c„ÉcS3cÇ√r„í√#"„B√ì√Ç„√„√„sCì#b√sìÇ„0£##R””b#££√„ÉCSb√„3s3"√#í„cSC#C"√c„É3CÉCÇ√2„c"√#"„R√ì√„2√„√„SSs#Sb√sc„ £##R””b##££√„3S"√„3ÉSÉÇ√CR„##B√c„ÉSsS#Ç√2„c"√#"„R√Éí√B„R√„√„3Éc#3"√s#"„`£##R””b#3££√„CCÇ√„sìsSB√#r„CCÉÇ√c„ìC33sb√r„b√#"„b√ÉÇ√R„r√„√„sìsìÉÇ√cÉr„p£##R””r££√„C#B√"„Cììb√cÇ„sC3cìb√c„ìcìcÇ√r„R√#2„√ì√í„√„√"„S3ÉB√c3r„ê£##R””r££√„3ì"√„cCcSÇ√s„sc3ÉB√c„És#C#B√ÉB„Sb√#2„"√ì"√#„R√„√„cCcìs"√c„0£##R””r#££√„C#B√„33SsÇ√s„ìCìb√c„sÉ3ccB√s2„R√#2„B√ì√#„2√„√„33c#B√SsB„£##R””r3££√„CCÇ√„#SìÉ"√s„#ì3#Ç√c„É3ì#b√s2„R√#2„√ì√#"„"√„√„#c#cÇ√SSr„P£##R””rC££√„CcB√„3cÉCÇ√s„#3ìS"√c„ÉC#3"√s2„R√#2„√Éí√#"„√„√„3cÉìCB√SSR„ £##R””rS££√„CÉÇ√"„s##"√cí„cì3cÇ√c„É3scCÇ√ì„"√#"„í√Éí√#„B√„√"„s#sÇ√SsB„Ä£##R””rc££√„#CSÉr√2„ÉÇ√cí„S#3"√c„ÉSÉ3"√"„32√#"„í√ÉÇ√í„2√„√2„#SscÉr√cí„0£##R””rs££√"„ScsCr√2„3#ìB√cí„C#B√c„É3ÉÇ√B„3"√#2„√ÉÇ√Ç„í√"„√R„ÉìcCCr√ccB„ê£##R””rÉ££√C„3É√2„#C"√cí„###3ÉB√c„ÉsCcB√r„#B√#2„√ÉÇ√#„r√3í„√CB„#3s#√sB„0£##R””rì££√s„#ììÉí√"„ÉìCb√s„É##Ç√c„ìC3scÇ√r„B√#2„B√ÉR√#Ç„√#„√s2„ÉSCí√sC"„@£##R””r££√b„ccì#Sb√"„ìsÉ3Ç√s„CCÇ√c„ì#sì"√#R„s"√#B„"√É√#Ç„r√#Sr„√í„SÉsìB√sCí„ £##R””r££√„Css##√2„ì#s3sÇ√s„3Cs"√c„ÉCsÉB√#„Cr√#R„√sB√#r„2√3sí„√R„CCSìí√sSí„Ä£##R””r#££√3„ìÉsí√B„ììí√s„3É3B√SÇ„C##ÉÇ√B„sB√#R„R√s"√#R„B√3ìí„√3R„s#cÇ√s3B„ê£##R””r3££√"„#CÉb√R„#S3ÉR√s„#ss"√c2„CCb√#„Cb√#R„í√s√#"„Ç√3C2„√r„3sS#ì√sÉ„£##R””rC££√c2„ìÉcSÇ√B„s#C"√s"„3C3"√#2„ÉCSS"√#„Cb√#b„b√cÇ√#„√Cs"„√cÇ„cÉ3r√sìR„@£##R””rS££√SÇ„##ìC2√B„S#S32√É„ss"√c„ìS#cB√3R„ÉÇ√#R„B√sB√#"„B√3B„√c"„SCÉsb√sìR„ £##R””rc££√Ç„#sc#S2√B„Cì#í√#B„3##b√c„scì#Ç√3R„ÉÇ√#R„"√sB√í„B√#í„√#"„3#SCs"√É„@£##R””rs££√"„csC#s2√"„sC##S√Sr„cÉì"√c„sS#3B√#"„SÇ√#R„√sR√2„í√#2„√R„CcS#B√É#„P£##R””rÉ££√"„#Scí√„3scSR√cb„SsSSB√c„csìcb√#Ç„C"√#B„B√sí√„r√#í„√2„3sìí√É3„ £##R””rì££√"„Sc#CcÇ√„ssCCsÇ√cb„sìSÉb√s2„3#cSS"√#Ç„C√#B„√É√„2√„√2„33cìCb√Éí„0£##R””r#££√"„#3ÉÉÇ√„ìSCCB√cí„cÉCÉ2√ìb„3É#S3b√#í„c√#B„√É√b„r√„√2„cS33"√sì2„0£##R””r#££√„ìssÉÇ√„ÉìSSí√s„ìS32√cí„#Cs#ÉÇ√3R„Cí√#2„2√ì√„í√„√"„c3Cr√sSR„ê£##R””r##££√„#cb√„ÉÉÉì2√SB„ccs"√c„ssB√#Ç„√#2„√ì√r„B√„√„É3SCì#ìììììììììí√s3„`£##R””r#3££√„Cb√„ìSc3R√ì2„S3SÇ√c„ÉCcCÇ√#r„ìR√#"„Ç√Éí√B„b√„√„ìcS√cìÇ„ £##R””Ç££√„CCÇ√„CìÉSR√c"„cÉcÉí√c„É#cB√ì"„3√#"„R√Éí√2„Ç√„√„C#32√cCb„Ä£##R””Ç££√„C#B√„ÉCì3"√„√c„sìÇ√Ér„Ç√#"„í√Ér√B„"√„√„ÉS3Sb√cR„0£##R””Ç#££√„C#B√„#S#CÉí√„√c„É#c33b√s"„#"√#2„í√ì√2„R√„√„#S#ì2√SÉ„@£##R””Ç3££√„CÇ√„ìÉìÇ√„√c„sìììb√s"„"√#2„Ç√ÉÇ√b„√„√„ì3b√Scb„ £##R””ÇC££√„CÇ√„#sÉCì2√„√c„s3sì"√s"„#R√#2„r√Éb√Ç„"√„√„#sÉì√Sc2„0£##R””ÇS££√„3ì"√"„33ìcÇ√„√c„sÉC#B√s"„#Ç√#2„r√Éb√í„√„√"„333b√SsB„0£##R””Çc££√„cÉÉ3í√"„3c3##B√Ç„3ìsR√c„sÉCÇ√s"„#Ç√#2„R√ÉÇ√í„√„√"„C3#c32√c"„`£##R””Çs££√r„#scR√"„s#√s2„#3c"√c„cs#b√ÉR„R√#2„B√ì√í„√"„√í„É#Cssb√c#Ç„ £##R””ÇÉ££√í„ì#sr√"„3#s#c2√ì2„cS#cR√c„ccs#B√ì„SR√#2„R√ì√#„B√sB„√#„SììÇ√cs„P£##R””Çì££√Cb„#ìSì"√2„S#ììSr√cí„#s3í√c„sCSS"√3„SR√#"„r√ìR√R„2√#„√Cí„sCìSCí√cìR„ £##R””Ç££√"„cc#ssB√B„sSR√„√c„ssSb√3„C√#"„R√ìB√Ç„"√sb„√b„É33#sí√cì2„`£##R””Ç££√Ç„#3S2√R„Sì3C3r√„√c„sCcCÇ√#"„s√#„Ç√ìB√R„2√sb„√2„sìcSí√s"„`£##R””Ç#££√ÉB„3#3Scr√R„ÉsÉCSr√„√c„sìS"√ì2„C2√#„B√ìB√B„r√SB„√ì„###B√sr„£##R””Ç3££√c2„ÉCsí√R„É3CcB√B„33#Cìb√c„scÇ√ì"„í√#„"√ì√2„b√#Ç„√cí„cc3cB√sÇ„@£##R””ÇC££√3B„SS#33í√2„s3c"√SR„Cc3c3"√c„csccB√ì2„C2√#„2√ìb√2„√sr„√3Ç„#ÉÉ3Sb√sí„Ä£##R””ÇS££√Ç„3cCR√2„#ìÉsr√s„3CÉcSb√c„cScb√SÇ„sí√#„b√ìR√„R√ì„√#„cSìÉS"√s#"„Ä£##R””Çc££√"„#ì3Ssr√2„C3#R√s„CÉCB√c„cc#Sì"√ì2„C2√#„R√ìB√„í√s"„√R„33Cì"√s#„`£##R””Çs££√2„SìÉÉ"√2„3cs"√s„És#ìb√c„ÉìÇ√3„sr√#„2√ìB√„R√SB„√b„c#sc"√sC„ £##R””ÇÉ££√„scìCb√"„sìsì#2√s„Écì#3"√c„ÉsSÉB√3„ìR√#„√ì2√„B√#2„√B„SCÉcí√sS"„ £##R””Çì££√"„33"√"„csÉ"√s„S"√c„ssSscÇ√ì2„C2√í„r√ì"√„r√„√B„ìÉÉCB√sCr„Ä£##R””Ç#££√„#CìÉ"√„#ìì#C2√s„ìÉ3CB√c„É#É#Ç√ì"„#2√í„R√ì√í„2√„√„SCìSCìììììììììÇ√s#2„ £##R””Ç#££√„CÉÇ√„#cCS#R√s„ÉìcB√c„É3ìB√ì"„í√í„2√Éí√b„r√„√„#cS2√cìR„@£##R””Ç##££√„S"√„sìc3#r√s„#ÉÇ√c„És3#cB√ì"„2√í„R√Éí√r„Ç√„√„sìcÉ3í√cÉ„@£##R””Ç#3££√„Cb√„SÉìì2√c„sScìb√c„Ésì"√ì„B√í„b√ì√Ç„r√„√„SìCí√cS„@£##R””í££√„CCÇ√„3#É#√„ìB√c„sSÇ√s"„c√í„í√Éí√r„B√„√„3#ÉcSí√cr„0£##R””í££√„3"√„s#3r√„√c„s#3Ç√s„#Ç√#„B√ì√Ç„b√„√„sSCí√Ss„p£##R””í#££√„CB√„És3S2√„√c„cCì"√cÇ„ìr√#„Ç√ì√2„√„√„Éssì2√SCr„0£##R””í3££√„CÇ√B„sC#Ss√„√c„cCÉÉb√cÇ„"√#„"√Éí√Ç„2√„√B„sC#ìsí√S3„ £##R””íC££√„Cb√b„#ÉC3√„√c„cÉÉb√cÇ„"√#„b√ÉÇ√b„2√„√b„#ÉÉCsR√S#r„P£##R””íS££√„3ÉB√b„ìssì3r√„√c„s3ìSì"√cÇ„ìr√#„"√ì"√í„√„√b„ìsÉ3#√SC"„@£##R””íc££√„#Cc3#r√r„#3CÉR√„√c„ssCCÇ√cí„sB√#„√ìB√#„"√„√r„CscÉ"√ScR„ê£##R””ís££√B„#SÉ3R√r„c3CCÇ√3b„É3"√c„sSsìb√cí„r√#„√ì"√í„√„√„ÉcsìÇ√Sì„ £##R””íÉ££√R„SìsÉb√r„ìÉ3Ér√s„#ìccB√c„sCs3sb√cb„ìr√#„2√ì"√Ç„R√#"„√#2„Sss2√c#r„ £##R””íì££√3„33É√Ç„3ScR√cí„ÉC3sb√c„sccÉÇ√ì„ìÇ√#„"√ìB√#R„√s„√3í„cS3sR√cS„ £##R””í££√3B„CcsR√Ç„#CsS"√cí„sCìb√c„sìc3"√ì„ìÇ√#„√ìR√#r„"√Sr„√C"„3CcC#r√csÇ„p£##R””í££√S2„É3scCí√Ç„ÉcCR√cí„CCs"√c„cs3cB√ì„ìÇ√#„b√ìb√#b„r√Éb„√c„ÉCc#ìB√cc2„ê£##R””í#££√SÇ„Éì√r„SSììÇ√cí„CSìS"√c„sSc"√ì„ìÇ√#„√ìR√#R„B√cr„√cR„cCìí√cc„P£##R””í3££√SR„#s3s"√b„c#ÉcS2√cí„#SÉcs"√c„ÉÉsS"√ì„ìÇ√#„í√ìb√#2„í√sr„√c„ÉCc#R√ccí„ £##R””íC££√3„SCC2√R„ìS3#Ç√cí„Cc3cÇ√c„sì#sb√ì„ìÇ√#„í√ìb√#2„B√#í„√3r„sS3√cÉ2„p£##R””íS££√r„cÉÉSCÇ√B„ÉCSììr√cí„s3ÉcB√c„s3Cb√ì„cb√#„√ì2√#„√„√#"„S3CSCR√cÉr„`£##R””íc££√r„sìc3r√B„CCccR√cí„cÉÉì"√c„cssscÇ√ì„Ç√#„b√ì2√#„r√CÇ„√„c#c#C"√s„ £##R””ís££√„#SÉS"√R„ÉÉ33r√s„cScCÇ√c„ssì#B√ì"„R√#„√ìR√#„B√c„√b„3CcCÉí√sr„p£##R””íÉ££√„3ìSC"√B„3#sC2√s„ÉsÉì"√c„ssÉCÇ√ì"„R√#„√ìR√#2„√„√R„cCcSÉR√s3í„Ä£##R””íì££√„Cs#Sb√"„ììí√s„SÉ3B√c„sS#SÉB√ì"„R√í„Ç√ìb√#„B√„√"„Sì#Cb√s3"„ £##R””í#££√„CB√"„CSìr√s„#CsÇ√c„s3#ìÉB√ì"„R√í„Ç√ì√Ç„√„√"„C#3r√s„ê£##R””í#££√„3S"√"„sCccsí√s„s#sB√c„sSÇ√ì„ìÇ√í„b√Ér√2„B√„√"„sCs3√cÉR„Ä£##R””í##££√„CÇ√2„cc32√s„ÉS3#cB√C2„3S"√ì„SR√í„"√Éí√R„"√„√2„ccs#√cc"„ £##R””í#3££√„3ì"√2„3c3É√s„ìC"√"„#S##CÇ√sr„É2√Ç„Ç√Éí√b„í√„√2„3css2√c#B„P£##R””#££√„CÇ√B„3sìb√s"„ìSÉB√"„ìc3b√s„Éí√Ç„B√sÇ√b„B√„√B„3#B√SsÇ„@£##R””#££√„3sb√B„CS3cÉí√s"„#SSÉB√"„#3#S3b√cÇ„#r√Ç„√s√r„Ç√„√B„CSCcR√SCB„ê£##R””##££√„CcB√2„Éc#B√s"„ì3ÉB√"„#C#"√cr„#2√r„Ç√cÇ√r„Ç√„√2„Éc#CcÇ√S#2„ £##R””#3££√„CcB√2„CS3#cí√s"„#ì"√"„#É3CB√cr„#2√r„R√cR√R„Ç√„√2„CS3s32√S„@£##R””#C££√„CÇ√B„3ìsC2√s"„#ì"√"„#CCc3"√cr„#2√b„b√s√R„b√„√B„3###2√SÇ„Ä£##R””#S££√„Cs"√B„c3ì#R√s"„#cìb√"„sìCCÇ√cÇ„#r√b„√sÇ√R„r√„√B„c33ìs√S#R„`£##R””#c££√„ìÉcS"√B„ìsì3b√s"„És3b√"„#É#CÉÇ√sB„s2√R„r√É"√R„R√„√R„ssìcÇ√Sc„ê£##R””#s££√í„ìC#32√B„#cc3Ç√s"„ì3ÉB√"„#CSb√ìr„#b√R„R√É√B„b√"„√B„#3ss√cí„ £##R””#É££√s2„33ìscb√2„CsSÉcb√s"„#ìÉÇ√ìí„3cìsb√C2„3R√R„Ç√sr√2„2√Ér„√sb„ÉSc3"√cr„ £##R””#ì££√C"„CscÉÉÇ√"„ì#Ss2√s"„ì3c3"√cí„3#s#Ç√#R„sÇ√b„Ç√sr√"„R√#3„√CR„C#cÇ√cí„0£##R””#££√Ér„É3ìCr√"„ccìR√s"„s3SÉB√cÇ„CccB√#R„S2√b„Ç√sb√B„Ç√CC"„√Éí„ÉìÉC"√c"„ £##R””#££√#„C3ssÇ√"„33#2√s"„3SSb√cÇ„CC3sb√Ç„Ér√r„√s√B„r√SsÇ„√#2„scìs#√SìR„ê£##R””##££√##"„3É"√„SÉ#Sb√s"„ììcÇ√cÇ„Cc#cÉÇ√„sB√r„"√cb√2„b√csR„√##2„ìc3#SÇ√Scí„£##R””#3££√ìí„ì3É"√„scsr√s"„c3cÇ√cÇ„CCSÉB√Ç„ÉÇ√r„R√c"√"„"√cìB„√#„cSí√SìB„ £##R””#C££√cR„csCSR√„ìSÉsÉ"√sr„sSì"√sb„sÉSsb√Ç„Ér√r„2√c"√„b√3É„√cr„c3#É3s"√c„£##R””#S££√„3SC33r√„SCìsìÇ√Ér„SCc##Ç√í„csCSsb√Ç„ÉÇ√Ç„"√S"√„í√CsÇ„√„ìC3R√cCí„0£##R””#c££√c"„ìsc3S2√„ìÉc√3"„3#ìc#B√C"„ÉsSB√Ç„É"√r„í√Sb√„Ç√3sB„√c2„ìScCB√cÉ2„@£##R””#s££√„3cs3C√„Cì"√#Ç„C#CB√CR„#3C#cB√Ç„Ér√r„R√c√„r√sr„√„3s##c√s2„ê£##R””#É££√"„sììCB√„3#CsÉr√#CÇ„ìCC3"√C2„É3ScÇ√C„S"√b„í√cb√„"√3r„√2„CCs3√s3R„P£##R””#ì££√"„C3scB√„S##sB√#CÇ„Éscs#b√C„ssÉìS"√#í„3r√b„r√cí√„B√„√2„ìS3ì3Ç√s#R„ £##R””##££√"„#CSÉb√„És√#CÇ„ÉsSìB√ì2„3#3CÇ√Ç„É√b„Ç√s"√„b√„√2„3SCS#b√sB„£##R””##££√„SÉcCcB√„ssS##Ç√#Cí„ÉsÉ"√É2„SìSì"√Ç„#B√b„R√É√„√„√2„3ccì"√cìí„@£##R””###££√„3#3ìì"√„cÉSB√#Cí„ÉcCCB√É2„c#ìì"√#í„r√b„b√É√"„2√„√"„CCìb√cSÇ„£##R””##3££√„Ssb√„#s3#B√#C"„ScÉC3Ç√É2„cC3ÉB√"„R√r„2√sr√2„R√„√„#scB√c#"„ £##R””#££√„Cb√"„S3#É3Ç√cÇ„sCcCÇ√É2„s#33B√„c√b„í√É2√2„√„√"„S33#SB√SÉ2„0£##R””#££√„C3"√"„sCS3r√Cr„ÉSS"√É2„cÉ#CÇ√É2„s"√r„√ì√B„í√„√"„sCSÉ"√SCí„Ä£##R””##££√„CCÇ√"„ìCì#√C„ÉsÉÇ√É2„cìÉCB√É"„Cr√r„2√ì2√b„R√„√"„ìCìcSí√S#Ç„P£##R””#3££√„CB√"„ì#sSb√#"„s33ÉB√É2„cÉÇ√É"„c√r„R√ÉR√B„í√„√"„ì#ìb√SR„0£##R””#C££√„CSb√2„Scs#cB√s„ìÉ##B√É2„ssì#Ç√ÉB„CB√r„2√ì√r„2√„√2„Scss"√Sb„P£##R””#S££√„CB√2„3cC#SÇ√sR„SÉCÇ√É2„c3C#cB√ì„C√r„"√ì√í„B√„√2„3cCcìÇ√S3"„P£##R””#c££√„SSí√B„CS3#í√sR„CÉ3s"√É2„SÉC3"√ìr„3√r„√ì√Ç„2√„√B„S3ÉÇ√Scr„0£##R””#s££√„ScsÉí√B„c#CR√sR„ÉSC#B√É2„csìsì"√ìr„cb√r„√ì√r„√„√R„c#ì3S√c#b„ê£##R””#É££√#„CÉ##sÇ√"„ÉcSS√sR„3ÉCÇ√É2„C#ÉÇ√#b„Sr√r„√ì√b„Ç√#2„√#2„3CssÉí√ccr„@£##R””#ì££√3„c##√2„CCì#B√Éb„S#ÉCr√É2„csCB√"„s2√r„√ì"√r„í√C„√32„#SCR√s"„@£##R””#££√S2„3ÉCÇ√"„Csìììí√#"„3##CÇ√É2„ssS#b√"„c√r„2√ÉÇ√í„B√CB„√SR„sìÉCr√cÉb„p£##R””#££√ì"„S#ììCB√"„c3Écb√c"„cCì"√É2„cìSsS"√"„3r√r„√ì"√b„r√Cb„√ìB„Sì3É√cc2„p£##R””##££√sB„cÉ#2√"„#ccss√s"„scì"√É2„cCCcÇ√"„#Ç√r„2√Ér√R„Ç√C„√sb„ÉssSìB√cs„ £##R””#3££√Cr„Cì#ÉR√„ìÉìr√s"„3S#í√É2„c33#Sb√"„#B√r„2√É"√R„√cB„√Cí„CÉ#SR√cìÇ„P£##R””#C££√C2„cCcsR√"„Éì3Ç√s"„ì#ÉsB√É2„s#É3CB√"„#B√r„B√sÇ√Ç„"√Cr„√CR„s3SsS2√cì2„`£##R””#S££√Ç„CCS√"„CSSCr√s"„sc3c"√É2„sCìB√"„#B√r„R√sí√b„√ìB„√#„SììSCÇ√s„£##R””#c££√b„ìSc3R√"„ìSs32√sí„Éc3ÉÇ√É2„c3ScÇ√3„"√r„"√É"√r„√S"„√í„ìsìcR√sb„p£##R””#s££√„csC2√"„CSCìSb√#B„ÉSì2√É2„ccì3sb√Ç„3"√b„Ç√ÉB√R„Ç√#r„√B„s#ìí√s3R„£##R””#É££√„cCSC2√"„cÉCÉb√#3í„Sc"√É2„ccSÉCÇ√#b„B√b„Ç√É2√"„í√b„√B„3#ìÉSí√sCR„ £##R””#ì££√„C#ì#Ç√"„#ì#"√#Cí„sÉSB√É2„cSìB√#b„sr√b„Ç√É"√2„b√„√2„s33√s3b„P£##R””##££√„3sCCB√"„#ìsÉ"√#S„ÉCb√É2„CcSb√Ç„3"√b„í√sí√2„í√„√"„33S#Sb√sí„£##R””##££√„CB√„s3cCÉB√#C2„ìsSb√É2„sSÉcB√ìÇ„S√b„í√sÇ√"„r√„√„s3cì#B√cÉÇ„p£##R””###££√„3"√„É#c3B√#C2„sìSÉ"√É2„Sc#3b√ìÇ„CÇ√r„√sí√"„r√„√„É#ìSB√ccR„p£##R””##3££√„33b√„ì3cí√ì„s##"√É2„Sì##cB√ìÇ„SÇ√r„√É√2„"√„√„ì3CR√c3„p£##R””#"££√„3ì"√„3ss#Sb√sR„cScB√É2„S3cCÉÇ√b„cb√r„√É2√2„Ç√„√„3sscCÇ√SÉb„£##R””#"££√„B√„ì#c#b√sb„3S3B√É2„SÉ#cÉÇ√Éí„s"√b„í√ÉR√B„"√„√„ì#cS#b√SS„ê£##R””#"#££√„3b√"„SCSÉÇ√SR„É###B√É2„cCS"√Éí„sb√r„√ÉR√B„b√„√"„SCSSCÇ√S#Ç„ £##R””#"3££√„B√"„ÉCs332√SB„cì#b√É2„c3ScÇ√Éí„sÇ√r„B√É"√R„"√„√"„ÉCss32√SÇ„ £##R””#"C££√„C#B√"„ÉcÉcB√SB„##ìÉb√É2„cÉìsb√Éí„cr√r„2√ÉB√b„í√„√"„És#ÉÇ√S#„@£##R””#"S££√„C#B√"„Ésr√SB„3c3í√É2„c##ÉB√R„í√b„Ç√Éí√b„Ç√„√"„ÉsSìCB√S3B„p£##R””#"c££√„3#ÉSB√2„cccc"√SB„#sÇ√É2„SÉsÉìb√ìr„2√b„í√ì2√Ç„√„√2„cì3Sb√Ss„Ä£##R””#"s££√„cSSì2√B„cìcb√Ér„SsìÉB√É2„SCC3ÉB√3B„í√r„"√ì"√í„B√„√R„scsí√cb„ £##R””#"É££√Sí„ìcc√R„cÉr√s2„sC#3Ç√É2„Ccs#s"√#„Sb√r„2√ìB√í„R√3í„√cB„#cS3√c3b„0£##R””#"ì££√Ç„#S#ìí√b„#scÉcb√r„SÉìsìB√É2„sCSCÇ√#„SR√Ç„2√Ér√#„"√b„√B„3#cR√c3b„ £##R””#"££√CÇ„3#SìR√R„3cÉ#R√s2„ìcCB√É2„SÉsÉìb√#„SR√í„√ÉB√#"„b√332„√S2„cCì"√c#í„0£##R””#"££√cB„cÉì3b√R„cÉ3ÉB√s2„SsSì3b√É2„cSìÇ√Ç„S2√í„Ç√sr√#"„b√3ÉR„√cí„sS##"√c#"„P£##R””#"#££√c"„#É#ìCr√B„ì3ÉÉ"√s2„3b√É2„SìÉÇ√Ç„S2√#„"√sR√#2„"√S„√cr„##scr√cb„£##R””#"3££√cr„cCcR√B„csSC√s"„ìCcs"√É2„SCCs"√Ç„S2√#„√sÇ√#"„í√S#Ç„√s„É3Sì√cR„@£##R””#"C££√CÇ„Éì#c√2„cs#É√s2„ììcÇ√É2„cS3Ç√Ç„S2√#„R√sB√#„R√CÉí„√S"„Sc#ÉììììììììÇ√c#Ç„ £##R””#"S££√Ç„SCì3R√2„sìììB√sr„CÉb√É2„cÉccÇ√Ç„S2√#„b√cí√#„√3ì"„√„ìSCÉ3í√cSr„0£##R””#"c££√S„SC3CÉí√R„#ìScr√ì„#3ÉcSÇ√É2„SC#B√Ç„S2√#„B√cí√#„√#cí„√SR„É3SSb√s2„0£##R””#"s££√Ç„ìCìÉÉÇ√R„c#B√CR„SÉcÇ√É2„CcSb√Ç„S2√#„"√cí√í„r√C"„√B„ScìÉì"√s32„p£##R””#"É££√"„#CÉCb√r„33#ìR√##"„#ìSÉì"√É2„CsÉÇ√Ç„S"√Ç„2√ÉR√Ç„í√3„√í„3SSC√sCb„Ä£##R””#"ì££√"„ìì3cSb√b„ÉsS#í√#C„Sì#b√É2„CcS#Sb√Ç„S√Ç„B√ÉR√Ç„√„√í„ÉcÉcÉR√sSB„@£##R””#"#££√"„ÉsÉìÇ√b„S##sB√#CB„ÉCS3#Ç√É2„S3cÇ√B„√Ç„B√ÉB√#„B√„√í„CìÉ"√s3b„Ä£##R””#"#££√„s#Sì"√b„ììsÉcÇ√##í„SC33r√É2„ScÉs"√„CB√í„√Éb√#"„B√„√Ç„sÉCb√sR„ £##R””#"##££√„3c##B√r„CC3É3Ç√cÇ„S#cCB√É2„s3ssS"√„c√í„"√É2√#„í√„√r„scc"√cs2„Ä£##R””#"#3££√„CsSb√r„3c33√cí„ì#ssÇ√É2„SS3c#B√r„cR√í„√É2√#„√„√r„CÉr√c3í„`£##R””#2££√„Cb√R„ìcì3ìr√3Ç„S3SR√É2„SsÉÇ√R„sr√í„√É"√#„√„√R„ìcìÉ2√SÉí„p£##R””#2££√„CÇ√b„sCÉ#2√s2„#sìcÇ√É2„ScC#Ç√Éí„É2√Ç„b√ÉR√#„2√„√b„sS#3R√SSR„£##R””#2#££√„3ÉB√R„sSCs#Ç√s„3S#Ç√É2„Sc3sB√sB„ìB√Ç„"√Éí√í„2√„√R„sSS"√S32„p£##R””#23££√„CcB√R„ÉSSsc"√s„##ÉÇ√É2„Scc3ì"√s"„#b√Ç„Ç√ÉR√#"„b√„√R„ÉSc##b√SÇ„£##R””#2C££√„CÇ√b„sìSìR√s„#scb√É2„SìC"√s"„ìB√Ç„í√ÉB√#"„b√„√b„ÉsR√SÇ„@£##R””#2S££√„SB√R„sC332√s2„C33ÉÇ√É2„CìÉcÉÇ√2„Ç√Ç„í√É2√#"„B√„√R„sC3É3Cb√S3r„ £##R””#2c££√„#cC#R√R„S#CR√s2„s3cb√É2„ccs"√2„3B√Ç„Ç√É"√#„b√„√R„c3scr√SsB„`£##R””#2s££√b„SìScR√R„#3ÉSB√s2„3#ìb√É2„S#3ÉÉÇ√„É√Ç„2√É2√#„2√„√#„#ìCí√cb„Ä£##R””#2É££√cB„CsÉ#Ç√B„ì3ss32√s"„Ccì"√É2„CcÉCCÇ√r„S√Ç„2√ÉR√#„í√SÇ„√cí„CSÉcìììììììí√c3í„ £##R””#2ì££√#„3CsÉ2√B„c##r√s„CC3Ç√É"„SÉCì3b√r„B√í„2√sí√í„í√c2„√#R„ì#R√c#b„ £##R””#2££√c„ìÉC3#R√B„3#csR√s„ÉcCsS"√É2„c##cs"√r„r√#„R√cí√#„"√3É"„√cb„3C"√c#R„0£##R””#2££√s2„SÇ√B„S3√s„cs#33b√É2„cCCÇ√r„b√#„√cb√#"„"√Cì„√sÇ„Cí√c#2„`£##R””#2#££√cí„SÉsR√B„ÉcÉss√s„#ì#ìb√É2„Ss33b√2„ìb√#„√cb√#„Ç√SCR„√s2„ì#cìCc"√c2„p£##R””#23££√c2„É3sb√B„ÉÉc#b√s„sìS3b√É2„S33c3"√b„É2√#„r√s"√#"„√Ssí„√cÇ„cSc##b√c#R„p£##R””#2C££√Cb„32√B„#ììCí√sR„3S3ìcB√É2„Sc#B√b„É2√#„2√s2√#„r√C3"„√S„3Csí√cC„p£##R””#2S££√R„SììÉ#Ç√2„33C#ìr√ìR„CSCìSB√Ér„S33ìì"√b„É2√#„r√cB√í„R√3ìÇ„√Ç„ì3C#R√cSr„Ä£##R””#2c££√SÇ„cssC#2√2„##SB√CÇ„3CCSb√r„sìCCÇ√2„ìb√#„b√c√Ç„B√#sÇ„√c„ssìcsr√cìÇ„£##R””#2s££√„É333R√"„3ÉCB√cr„3S#Cb√í„3ìcÇ√b„√#„√cR√r„R√É"„√2„#Ss3R√s32„p£##R””#2É££√"„S3B√„ÉcssB√cÇ„CcSB√3R„É#ÉB√#R„"√í„B√cR√b„2√3B„√2„ì#sÇ√sCÇ„0£##R””#2ì££√2„cb√„Cì3b√cÇ„ìs3"√C"„ì#ìCs"√#R„b√í„b√cB√b„"√„√B„Cììcb√s3R„0£##R””#2#££√"„Éìc##Ç√„C3CSÉB√3í„CcììÇ√C2„És#Ç√#R„B√í„2√cR√b„√„√B„33É"√sb„P£##R””#2#££√„sìc3"√„sCccB√s2„C#Cc#B√C2„ÉcScÇ√2„ìb√Ç„Ç√s√b„B√„√2„S3É#3b√cìR„`£##R””#2##££√„33"√"„ìs3É"√s2„SÉ#Sb√C„ì#ìC3"√2„ìb√r„í√ÉR√R„í√„√2„sCs#2√csb„ £##R””#2#3££√„3ì"√"„ÉcìC"√s2„ScìCB√b„ìSS#B√í„cb√r„í√Éb√b„√„√"„És33B√c3R„p£##R””#B££√„3sb√"„ì3É2√s2„C3#Ssb√„3ìCÇ√í„2√Ç„√Éb√B„√„√"„ìCÉí√SìB„`£##R””#B££√„CSb√"„3ìcb√s„3CscCÇ√„3cCìÉB√s„S"√r„í√Éb√"„r√„√"„3#s"√SSÇ„@£##R””#B#££√„3sb√„Ésc#ÉB√s„#CCcB√„C#CÉCÇ√s„CR√r„b√Éí√"„2√„√„Ésccb√S3Ç„£##R””#B3££√„CÇ√„S3#S√s„#3cscÇ√„3S##b√cÇ„ì"√r„b√Éí√2„í√„√„S3#CSí√S#2„£##R””#BC££√„CÇ√"„#É#C2√s„#CÉ3B√„3cÉsb√cí„cÇ√r„R√Éí√2„b√„√"„#ÉcS√S#"„P£##R””#BS££√„3ì"√"„#CÉ#CB√s2„3#Éìsb√„3#cìb√ì„√r„í√Éb√2„"√„√"„#CÉc3c2√SC"„ £##R””#Bc££√„csr√"„CCSÉ"√s2„3##ÉÇ√„3sc#Ç√"„cr√r„í√ÉR√R„"√„√"„c#3S"√SsÇ„@£##R””#Bs££√Ç„ì#CCÇ√"„cS3sÇ√s"„ÉsìÉB√„3C3Sì"√b„SÇ√r„Ç√ÉB√B„í√„√#„S#ìsìb√cB„ £##R””#BÉ££√sí„ìssÉb√"„Sc#r√s"„#S#ìì"√„3scìb√í„2√Ç„R√É"√B„R√sR„√É"„3CÉc√cí„£##R””#Bì££√3„3#ss"√„sscÉÉr√s„CS#cB√„C#Éb√í„2√í„B√s"√b„Ç√#CR„√3"„CSìÉìììììììÇ√c#b„`£##R””#B££√s„SsCc"√„3##b√s„ì#cÉÇ√„3És#b√í„2√#„√cí√b„R√3ìí„√s"„ÉìCÉÇ√cR„ê£##R””#B££√ìR„ì3#c3í√„##Ccí√s„sc##s"√ìR„ssSÉB√í„2√#„R√cr√r„√SC2„√ìr„3SÇ√SìÇ„£##R””#B#££√#r„#c#sÉr√„sc3cÇ√s„C#s#Ç√cr„C333S"√í„2√#„í√cB√b„Ç√cR„√#Ç„33ìSR√SÉ„@£##R””#B3££√ìR„ssCcb√„#ìÉS"√s„CcSb√sÇ„ìÉCÉcB√í„2√#„√c2√b„√c#„√ìb„s3s3Ç√cb„p£##R””#BC££√cr„ìÉc√„Sì3b√sí„ÉSs#Ç√„#s#ÉÇ√í„2√#„í√cR√R„R√Sì„√cÇ„ìssìs√c#Ç„P£##R””#BS££√b„ÉcsÉ√„sS3C"√#Ç„S3SsÇ√„3#c3"√í„2√#„b√cR√R„2√CSB„√r„c##2√cS"„Ä£##R””#Bc££√Sr„ssÉSS√„cS3#2√ìR„ì3sSsB√„3CcSb√b„C2√#„"√cb√B„R√3#2„√SÇ„C3sÉ√cìÇ„P£##R””#Bs££√í„#É#ìÇ√„c#s#S2√#3Ç„ì3sr√„3É3ìcÇ√r„s"√í„Ç√cr√2„b√Sb„√í„ìs√s3B„p£##R””#BÉ££√"„CìcìB√„ScS3cB√#C2„cìí√„CCcÉÇ√r„É2√Ç„Ç√s2√„Ç√3„√"„cSSÉ2√sS„0£##R””#Bì££√2„SSSb√„C#sb√#C2„sS3Éb√„C33ìsb√B„S√Ç„R√s√Ç„í√„√2„CSÉ3"√sC„ê£##R””#B#££√"„ÉìsìB√„3CÉb√#CB„Éc3cB√„C3sb√B„S√Ç„"√cí√Ç„√„√2„#CcSB√s#„ £##R””#B#££√„ìÉÉÇ√„C3sb√#CB„É##SsÇ√„CÉS"√"„3b√Ç„2√s"√Ç„"√„√"„C#ScÇ√cÉí„P£##R””#B##££√„#Csb√„CSìÇ√#32„cìcCC"√„Cscsb√"„3b√Ç„í√s√2„"√„√„#ì#ììb√ccÇ„@£##R””#B#3££√„ìcÇ√„ìScB√S2„c3ìcb√„CSScCÇ√Ç„b√Ç„"√sr√„√„√„ìscÇ√c3í„£##R””#R££√„CÇ√„sÉS#"√CÇ„#SSì"√„Ss3B√ì„2√r„r√É√r„R√„√„sÉSc#Ç√SìB„ê£##R””#R££√„3cÇ√„É3Ç√CÇ„33É#ÉÇ√„ScS"√ì„3R√r„R√ÉB√r„r√„√„É3SCÇ√Sc"„0£##R””#R#££√„3B√„ìSS"√C„És3b√„S3SCCÇ√sB„3"√r„√Ér√r„"√„√„ìSS3#B√S3Ç„p£##R””#R3££√„3"√„#ÉÉB√C„s33S"√„CìÉscÇ√s2„2√r„√ÉÇ√r„Ç√„√„#ÉÉCc"√S#r„Ä£##R””#RC££√„3b√„c#cCÇ√C„sCc3cÇ√„CCCs"√s2„2√b„Ç√Éí√R„í√„√„c#cÉ3ììììììììììÇ√S#B„ê£##R””#RS££√„CÇ√„sCsSÇ√C„ccìcCÇ√„3ìS"√s2„í√b„r√ì√R„b√„√„sC#3Ç√S3Ç„ê£##R””#Rc££√„É3ìB√„3CÉ3√CÇ„#3ÉB√„Cìcb√ì„3√b„R√ì2√B„b√„√„CS##R√Sc2„ £##R””#Rs££√B„S##sb√„#ÉS2√Cr„ì#3SS"√„3S3cs"√í„#b√b„í√ìB√r„2√„√R„s3sSí√SÉ„`£##R””#RÉ££√cB„ìÉ#ì2√„C3Ssì√#í„Sìs"√„#c#"√ì„√r„R√ìR√Ç„B√C"„√cb„CÉcì3ìììììììí√SÉb„P£##R””#Rì££√Ç„CÉcìB√„Sì#B√s„3sÉsÉB√„3#CÉ3"√b„3√Ç„"√Ér√í„B√#Ç„√í„3sÉÇ√Sì"„0£##R””#R££√#í„ssÇ√„sÉ3b√s„SsÉìsb√„#Éìssb√Ç„CR√Ç„B√Éb√2„√3„√#í„ÉsÉìSB√Sì2„ £##R””#R££√SR„SSC2√„s#ssÇ√s„ìb√„ìÉCìb√Ç„CR√Ç„2√Éb√"„Ç√3Cb„√Sb„##ì#S√SÉ"„Ä£##R””#R#££√C"„Cìs2√„SccsR√s„Écìsb√„ìÉB√Ç„CR√Ç„r√ÉB√"„√CCB„√C"„ccccCÇ√SÉÇ„ê£##R””#R3££√S"„ÉcC3r√„c33SCb√s„cìSb√„#SÉ3b√Ç„CR√í„√sí√„b√S#Ç„√S2„CìsSÉ2√SÉ2„`£##R””#RC££√B„c##ìr√„sCs3cr√s„ìssÉs"√„3##CÇ√b„3√í„√sÇ√„b√CCí„√R„3cìCcB√Sìb„p£##R””#RS££√sr„ÉSSs#2√„Écì2√sÇ„c#ìí√„#sSìCB√b„3√í„√sR√í„Ç√CÇ„√sÇ„ìsCCSìììììììí√c#„ê£##R””#Rc££√C„É#CB√„3s"√„33Cc"√„#ssì"√í„Ér√Ç„r√sr√„r√#B„√C"„ÉS#b√cS„0£##R””#Rs££√R„sì#3sR√„33R√#B„s#Éìb√„sììb√B„Cb√Ç„2√sí√„í√3B„√b„ì#SCÇ√cìÇ„ £##R””#RÉ££√"„33c#b√„ÉCScsr√#C2„Cì#3"√„#c3"√b„3√r„R√ÉB√Ç„2√#R„√"„Ésì32√sÇ„ê£##R””#Rì££√"„ìS3b√„Ccs#Éb√#C2„3ÉsÉÉb√„##SC3"√b„3√r„2√Ér√r„√„√2„C#C"√s„£##R””#R#££√"„CcSCSb√„SÉSÇ√#C2„É3ìsÇ√„#ììCB√b„3√r„"√Ér√b„b√„√"„ìÉC3b√cìR„ £##R””#R#££√„#sÉÇ√„cS3sb√#C2„Éììb√„3ÉÉs"√b„3√r„R√ÉR√r„√„√„cScSCÇ√csB„ £##R””#R##££√„ìC3#Ç√„C#CÇ√#C2„ì#ìÉÉ"√„33cìÉB√b„3√r„B√É2√í„r√„√„cÉCÉ√cSb„`£##R””#R#3££√„c3b√„33Ér√#b„ì#Csì"√„3CsB√„R√r„√ÉB√Ç„B√„√„3C33b√c#b„ £##R””#b££√„3S"√„C3CÉ"√cr„3S#c"√„3√sr„"√b„í√ÉB√b„í√„√„C3Ss"√SÉR„ £##R””#b££√„3ÉB√„SÉB√S2„#ccs3b√„3sCs"√s2„CB√b„í√É√í„r√„√„SÉC#B√SS„ £##R””#b#££√„3b√„33#"√b„#SS3B√„CC3CB√s„C"√b„R√sí√"„Ç√„√„33SsììììììììììÇ√S#Ç„0£##R””#b3££√„3cÇ√"„ÉÉÇ√sÇ„33B√„C3ìCcB√cÇ„3R√b„R√É√2„"√„√"„É##CÇ√Sr„£##R””#bC££√„3cÇ√"„s"√sÇ„#ìCR√„3ÉìCB√cÇ„R√b„b√s"√Ç„b√„√"„ÉÇ√SR„P£##R””#bS££√„3b√"„##í√sÇ„ì#í√„CSCìb√cí„"√b„"√cb√í„í√„√"„#3#b√S#r„`£##R””#bc££√„Ésb√"„s3ìsÉb√sÇ„CÉsr√„Cssì3b√s"„c2√b„2√c2√r„Ç√„√"„sCÉCì"√SCB„P£##R””#bs££√B„Scì2√"„c332√É"„S#Cb√„3ìÉSÉB√s2„CB√b„√c"√R„√„√b„cÉì##2√Scr„ £##R””#bÉ££√R„3ìí√"„##S3sR√sÇ„#É"√„CcCB√s„s√b„2√c"√B„√CR„√r„cc#sR√SìB„£##R””#bì££√3B„ÉÉ3Cb√„#Sscb√sÇ„cÉR√„CÉCSCB√cr„#r√R„í√c√B„b√ì2„√3R„3Ccb√cr„£##R””#b££√ìB„sCÉÉ2√„CìsScB√cr„Éììs"√ì2„#CC3cÇ√cr„#r√R„í√c"√í„r√C„√ìR„##CCr√SSí„P£##R””#b££√ÉB„3s#cí√„3CcÉí√s„CC3R√ÉR„3S3#ìb√cr„#r√b„"√c√Ç„2√#C"„√ÉR„sÉssí√S„£##R””#b#££√#B„sssr√"„sÉ2√SÇ„ìcR√cr„3Sì3"√c2„"√r„2√SB√B„R√CìR„√#b„s#CÉí√CÉR„ê£##R””#b3££√#R„ì#CsR√2„Éì#CB√Sr„c#3r√cR„ìÉÉcB√cR„C√r„r√S2√r„√c#„√#í„ÉsSR√CìR„P£##R””#bC££√3Ç„s#Cìì2√B„s3ìsb√s"„3Sí√ÉR„sÉ3S"√cR„Cí√r„í√Sb√Ç„Ç√SR„√C2„CcCsí√Sc„@£##R””#bS££√„3#ÉÇ√B„cC3ìB√B„ìÉ3"√„333ScÇ√ì„sÇ√r„b√c√Ç„√#ìí„√B„ìSS##Ç√Ss2„ £##R””#bc££√CÇ„c##S#"√B„ì#33b√c2„33#"√„3SìÉB√ì„sÇ√r„í√Sí√#„√#"„√S2„SCSÉÉ"√c#R„P£##R””#bs££√r„ì3sìÇ√R„s#sÇ√cb„CÉ2√„3cÉS"√ì2„í√b„r√s√#„í√„√"„ÉSSsÇ√csÇ„@£##R””#bÉ££√"„#Sì3R√R„s3ìb√cr„És"√„3É3CÇ√ì2„í√b„√sB√r„b√#„√r„ìì3√s"„p£##R””#bì££√"„sÉÉ#B√R„33b√s„cSÉÉ"√„3ì3S"√ì2„í√b„√sb√r„í√„√Ç„ÉCìÉB√cìÇ„ê£##R””#b#££√"„3C33sb√R„ì33b√s„ì3sÇ√„3s#ÉÇ√ì2„í√R„r√É"√R„r√„√r„S3ccì"√cÉR„@£##R””#b#££√„S#ììB√B„s#c"√s„És#CìÇ√„C#SsCB√ì2„Cb√b„R√s2√r„R√„√b„#SS#B√cSí„0£##R””#b##££√„ÉìcB√B„CssÇ√s„ì#SÇ√„C#C#3"√ì„sÇ√b„B√s2√r„√„√B„SìcCB√cC„0£##R””#b#3££√„#cB√B„És3B√s„ìÉsSì"√„C3cs"√Éí„ÉÇ√b„2√sR√R„b√„√B„ÉsScsììììììììí√cb„ £##R””#r££√„3S"√B„ssÉÉB√32„S#cÇ√„C#scÇ√sR„Cr√b„√sr√B„í√„√B„sÉ#3b√Scb„ £##R””#r££√„3#Ç√B„3SCCí√s„3#ì#Ç√„C3#CÇ√s2„í√R„í√É2√Ç„√„√B„3Sssr√S3R„ê£##R””#r#££√„#B√B„Cs3B√s„33b√„Cìc#B√s2„í√R„r√ÉB√b„Ç√„√B„CsSCB√SR„Ä£##R””#r3££√„#Sb√B„ÉÉSí√s„#ì#SCB√„SCìÉìb√s2„í√R„"√ì"√2„R√„√B„ÉÉÉCb√SB„`£##R””#rC££√„#cB√b„É#"√s„3Sb√„CCcCÇ√s2„í√B„B√ì"√2„r√„√b„ÉCÉ3ììììììììí√Sr„ £##R””#rS££√„#Ç√b„Ss"√s„3sB√„CcÉÉÇ√s2„í√B„r√É"√Ç„í√„√b„b√S#R„@£##R””#rc££√„sS2√R„s#sb√sB„C#ìCB√„CscCÇ√"„3√B„Ç√É2√í„Ç√„√R„sìÉ2√Sc„Ä£##R””#rs££√R„sSCì"√R„SÉ3b√sB„SS33b√„Cs#Sb√R„#í√B„r√É√#„b√„√#„#c3##Ç√Sìb„£##R””#rÉ££√s„Éì##"√R„ìÉìÇ√sB„SCCÇ√„S##B√3"„sR√B„í√sb√í„R√Cr„√sR„ìì#"√cB„ £##R””#rì££√3r„ì3#b√R„3#b√sB„CS#Ç√ìR„C##ìb√#B„#√R„2√cí√í„√##Ç„√C2„#CC3"√Sì„ê£##R””#r££√s2„sC33cR√R„#Cì#B√sB„S#cCB√cr„SCC#3"√#R„cb√R„b√cÇ√í„í√Cb„√sÇ„ìÉC#Éì"√Sì„@£##R””#r££√#r„ÉÉ√R„sCS3b√sB„SCÉ3"√cr„3S3s"√#B„cR√R„R√cr√#„Ç√S#r„√#"„ÉScìr√ScR„p£##R””#r#££√#2„ìCCìB√B„s#sr√sB„S33sb√cr„3C#s"√"„3b√R„√cB√#"„R√c„√#Ç„cssìB√SSR„@£##R””#r3££√Éí„sÉ#3"√B„3c3#B√sB„SCSc3"√cí„sc#cb√b„"√B„Ç√cB√#„í√c3í„√ìB„CSSb√SÉ"„Ä£##R””#rC££√cB„3#c3b√B„cÉìb√sB„SSìB√„ìCì"√"„3b√B„R√c"√#„√SCí„√cÇ„ìì##3c"√cr„ £##R””#rS££√#„3É3SÉb√B„ÉC3B√ÉB„#scÉcB√„Cc3C3"√b„"√R„2√S√#„√3#í„√#R„ÉsÉí√c#í„p£##R””#rc££√Sí„s##2√B„sÉ√#„ÉìÉ3cB√„ìs3ÉB√Ç„ìb√B„b√S2√#„2√3R„√c2„s#S3#2√ccí„ £##R””#rs££√r„És#2√B„És#sb√c„sSCb√C„ÉÉscÇ√#Ç„r√B„B√S2√í„í√SR„√"„c#C3ìí√s#"„0£##R””#rÉ££√"„C33í√B„ÉÉìB√sb„3SCCÇ√Cr„ÉcSS3b√3B„SB√2„b√Sí√#„r√#R„√b„ì3#S3í√s3R„p£##R””#rì££√2„#ÉC3"√B„CcSCÇ√sb„CcSsCB√CÇ„CScSB√3B„SB√2„r√SR√Ç„b√„√r„CÉÉìÇ√s32„0£##R””#r#££√"„ÉSÉí√2„ììÉÉSr√sb„CS#Cb√S"„c#S#Sb√3B„SB√2„r√Sb√r„í√„√b„ÉSssSr√s„0£##R””#r#££√"„CcsS"√B„CÉ3CcÇ√sb„C#b√S"„sSSc#B√3B„SB√B„2√Cb√Ç„B√„√b„S3#"√cÉ„£##R””#r##££√„33SÉcB√B„c#b√sb„CìsSb√C2„CSìs3b√#R„ì2√B„"√S"√r„b√„√B„3C#Ç√cc„£##R””#r#3££√„c#Ç√2„s3cìb√CÇ„ìsÉí√"„#3Ç√#b„Cb√B„√SR√r„R√„√2„sC#Csb√c#R„@£##R””#Ç££√„3sb√2„É#"√„33√"„csc3"√R„ìÇ√B„2√Sb√r„B√„√2„ÉSìb√Ssí„Ä£##R””#Ç££√„3ÉB√2„C#c"√„ìì"√"„sÉs"√Éí„ì"√B„"√c√r„Ç√„√2„C#cSB√SCR„£##R””#Ç#££√„3ÉB√2„SCC"√„csí√"„ìCsb√ì„√B„"√c"√R„B√„√2„SCÉB√S#2„`£##R””#Ç3££√„3sb√2„Ssìb√„3Cí√"„cÉ3B√Éí„cí√B„√c"√r„B√„√2„SÉ33c2√SB„ £##R””#ÇC££√„B√"„sìCR√„sR√"„3cCÇ√Éí„ìí√2„B√cR√r„R√„√"„sìCí√Sb„ £##R””#ÇS££√„3ÉB√"„#ccÇ√„#Éc2√"„CS#3"√ìr„"√2„√cÇ√R„í√„√"„#scB√S3r„£##R””#Çc££√„csCr√"„Cc#3Ç√„#C√"„cSs#Ç√í„s2√2„"√c2√r„Ç√„√"„3sìÉR√Ss"„ £##R””#Çs££√Ç„C3cSÇ√"„s###B√„3í√"„#c3S"√#„r√2„√Sí√b„R√„√#„#SsÉ"√cR„0£##R””#ÇÉ££√sr„33#2√"„3sSsÉí√„cb√"„#Sb√#„í√2„"√Sr√R„r√S"„√sí„cÉìí√cr„0£##R””#Çì££√CB„ÉSSCSr√„É3ìCR√ìí„c#C2√"„CsCb√#„3r√2„2√Sr√Ç„√cí„√Cb„cìCc"√SìÇ„£##R””#Ç££√ì"„#Cc"√„CCCìsB√sÇ„sSS#R√"„ìÉ#B√#b„s"√2„Ç√SB√Ç„√33r„√ì2„CSsC3b√Scí„Ä£##R””#Ç££√##2„S#cì"√„c3sì"√Sb„sÉ√s„ÉÉìb√"„r√B„b√Cí√b„r√S"„√##R„SSìB√SCr„@£##R””#Ç#££√#3B„cÉr√„Cb√Sb„CcC"√cí„CCcÉ3"√"„b√R„"√Cr√í„√c"„√#3b„#Ésr√S#Ç„0£##R””#Ç3££√##Ç„cÉÉC#B√„ìÉÉsÇ√c2„#SC√sr„C3cCÇ√"„b√B„Ç√S"√r„√c3R„√##í„sÉs3"√SC"„Ä£##R””#ÇC££√ìÇ„sÉccr√„3S33R√sÇ„3Cì√"„ÉCÉ"√Ç„ìb√B„r√S2√2„R√c#"„√ìí„É#ìC"√Sc2„£##R””#ÇS££√Cb„3sCS2√„ÉScCb√#2„scìSí√"„ScCSb√#„2√B„B√SB√„"√S#r„√Cr„##Ccìì"√c"„£##R””#Çc££√s„SS2√„c3ÉÉÉ2√É„3#CÉÇ√"„#Sìì"√3„SR√B„2√S"√„B√3sr„√s„cCìC3c√cc„Ä£##R””#Çs££√Ç„sSc3B√„CCssc√#Cb„sCcc"√"„ìSCÇ√3B„cR√2„Ç√CÇ√í„√Ér„√í„ìì3ìR√sr„ê£##R””#ÇÉ££√"„CS3B√„C3SS#√#s2„S3ÉCcÇ√"„##ÉÉB√3B„í√"„b√SR√Ç„"√#Ç„√"„CssSR√sCR„P£##R””#Çì££√2„#sÉ3"√„33ÉcÉÇ√#ìR„#cCìb√"„Cc#Ç√#„R√"„r√SB√í„r√„√2„3ccS"√s3r„ê£##R””#Ç#££√"„ì#cÉB√„##ììC2√#ìÇ„SÉÉìB√"„#C3ÉB√r„ÉR√"„Ç√S2√„b√„√2„ScsCr√s#„P£##R””#Ç#££√"„#c#Ç√„Sì3b√#ì"„S#r√"„##s3ÉB√"„r√"„"√SB√r„Ç√„√"„3cììÉÇ√cì„P£##R””#Ç##££√„33Ésb√„#ÉÉìb√#CB„sÉìR√"„#C##B√ìí„ì2√"„2√SB√r„B√„√„c#s3Sìììììììììí√ccí„ £##R””#Ç#3££√„c3sb√„#C#3B√#SR„s3Cb√"„#Sìì"√r„#2√"„√Sb√b„r√„√„#CÉsb√c3R„ £##R””#í££√„3"√„ìCb√#3"„scCsSb√"„#sc#b√r„#√„Ç√SR√b„r√„√„ìCCÇ√SÉí„£##R””#í££√„3#Ç√„#3sÇ√sR„É3SS"√"„#SS"√ì„2√"„2√S2√í„√„√„#CÇ√SS2„Ä£##R””#í#££√„3ì"√„3ssB√sb„c#ÉsÇ√"„Ésb√Éí„sí√"„B√SB√í„b√„√„3s3"√S3"„ £##R””#í3££√„C3"√„É3B√sB„ììììÇ√"„sì#Ç√É2„í√2„√SR√"„√„√„É3Cs"√SÇ„ê£##R””#íC££√„Cb√„s#B√s2„#ìì3sÇ√"„#ÉScÇ√Éí„cr√2„2√Sr√2„í√„√„scSb√Sí„ £##R””#íS££√„Cb√„s#sB√s2„#ìCcÇ√"„csCÇ√ì„Ç√2„2√SÇ√B„r√„√„s#sSSb√SC„`£##R””#íc££√„ìSSÉr√„SC3"√sR„ÉìÉb√"„Cììb√„Ç√2„2√c√b„"√„√„Cììr√SsB„@£##R””#ís££√r„SS33#√„#33sÇ√sR„sÉS#ÉÇ√"„SìScÇ√„Ç√2„"√c2√r„B√„√Ç„sÉs√cB„p£##R””#íÉ££√Éí„cÉ#33R√„#ccí√#"„#SÉCs"√"„Sì3CB√í„c2√2„í√cR√Ç„R√sr„√ì„ìCì#3R√Sì2„P£##R””#íì££√Sb„ìì3Csí√„SR√ìr„cÉ#í√"„#3SSb√#R„3√R„√SÇ√#„R√#SR„√SÇ„S3ìsì"√Ssb„p£##R””#í££√ìr„S3sìB√„ììÇ√ìr„Sìì3í√"„csì"√#„sí√R„Ç√SÇ√#„"√CCB„√ìr„ìs3SìB√Sc„0£##R””#í££√#B„ÉC3ì3"√„É32√ìÇ„Sìc#b√"„#ì3b√"„R√b„R√SÇ√í„R√SÉ"„√#R„cSs#3"√SCí„Ä£##R””#í#££√#b„SÉÇ√„ìcÇ√ìr„c3S2√"„3sCCÇ√„ìr√r„√Sr√r„Ç√cs„√#r„CÉ3CÇ√S3í„p£##R””#í3££√ìB„cì2√„cscB√ìr„cÉR√"„#ÉSCB√„É√r„b√SB√b„R√cÉR„√ìR„sCSC2√Scí„@£##R””#íC££√c„#ììÉsí√„sSSB√ìr„SììÉ√"„C3#s"√r„2√r„í√S2√R„R√c#„√c"„SCí√SÉR„@£##R””#íS££√í„Scc#B√„sìcÉb√3b„SÉS"√"„cìS3b√r„2√r„2√c√b„2√Cì2„√#„3c3sB√cí„Ä£##R””#íc££√c„sìÉSb√„ssR√ìR„sì3B√"„ÉSÉ3"√3"„sÇ√b„í√c√R„r√#ìR„√c„3Ss3Sb√cs„`£##R””#ís££√r„R√„S#ÉÇ√##2„CCcÇ√„ìÉìS"√3"„sÇ√b„R√c"√"„Ç√sR„√Ç„S3ÉÉCììììììììí√s#"„£##R””#íÉ££√"„3ssÉb√„Cs#b√#C„ìSÉ#b√r„s3B√3B„í√R„b√cR√í„R√#b„√2„ÉSCb√sCb„ £##R””#íì££√2„#ÉB√„ìCc3Ç√#Sb„ÉC#3Ç√2„cÉÉ3"√3B„#R√R„√cb√í„√„√2„ìsC3ÉB√sC„@£##R””#í#££√"„ì#3Sì"√„sCC3b√#cÇ„33s3C"√"„sS#CÇ√3B„#R√R„R√cb√"„2√„√2„ccsìS"√s#"„Ä£##R””#í#££√"„#3ÉÇ√„ss3#"√#cb„#3c3b√"„##sSS"√3B„#R√R„í√c√B„2√„√2„#"√cì2„P£##R””#í##££√„33SsSb√„s##2√##„CÉÉìÇ√b„cCCCìb√í„Éb√b„2√Sí√"„2√„√"„SÉSb√cs„ £##R””#í#3££√„cìb√„3SsCB√#B„ccS3Ç√"„É#ÉÇ√r„r√b„2√cB√B„B√„√„3c3c3b√cC„ê£##R””3££√„CB√„33sB√sb„CsCì#Ç√"„#3#b√3„sí√b„B√cB√"„Ç√„√„33sCÇ√Sì"„Ä£##R””3££√„3b√„c3c"√sr„ìì"√"„#CìÉB√3„sí√R„Ç√cB√Ç„R√„√„c3c3Ç√SSÇ„ £##R””3#££√„CÇ√„sìCÇ√sR„sÉìÉ#B√"„#cÇ√Éí„s"√R„"√cb√„"√„√„sìÉÉÇ√S3r„£##R””33££√„Cb√„sìÉcÇ√sR„sÉ3SìB√"„#SS"√Éí„s"√b„B√s√R„√„√„sìììb√S#R„@£##R””3C££√„33b√„ìs3B√sb„##cb√"„#3SSB√Éí„c"√b„b√cr√„√„√„ìscsb√S#2„@£##R””3S££√„#ÉÇ√„cCìB√sr„#cSb√"„cÉ3b√2„ÉB√b„2√cb√„B√„√„cCìcÉÇ√SC„`£##R””3c££√„SS#Cì√„3ìÉìb√sr„SCs3"√"„Éììsb√Ç„r√b„b√c2√„R√„√„ìSCS√Ssí„0£##R””3s££√2„sC#csr√„C#cÇ√sb„CìSCÇ√"„ÉìB√32„cr√b„R√cr√R„√„√B„sÉS3Sr√cb„`£##R””3É££√s„CSB√„cìCc"√sR„C3r√"„#ÉÇ√#R„Ç√b„í√sR√B„B√cR„√s„É3CssB√c2„ê£##R””3ì££√#"„ìcÇ√„sCÉc"√#„cC#Cb√"„#3#"√#2„sr√r„r√cÇ√r„í√sr„√#"„É3ÉsÉÇ√cR„`£##R””3££√#í„#CSSìr√„3CìB√2„É#c3√"„C3É3"√3„É"√Ç„b√c√Ç„√3sb„√3„#ÉS3r√c„ £##R””3££√#„33Ér√„s##S"√ìb„3Éì3r√"„3cB√#2„C2√Ç„Ç√Sb√í„√Cí„√#"„S33í√SSR„p£##R””3#££√SÇ„3SSÇ√„cìSSÇ√ìb„ssb√"„3ìb√#„#"√í„B√SR√r„R√S2„√Sí„SSìÇ√SìR„P£##R””33££√b„#S3"√„SSsB√ìb„Cs2√"„cs#Ç√#"„3r√í„2√SR√B„2√3S„√b„SÉ#s"√c#í„p£##R””3C££√cR„cÉ#Ç√„Sc3B√2„cSÉÇ√"„ìs3cÇ√#"„3r√í„R√SR√í„í√#CR„√cb„scÇ√cc„ £##R””3S££√C"„SC#C3Ç√„C#R√É2„3SìÉCÇ√"„#cB√#2„3"√Ç„2√cÇ√„r√s"„√C"„ìSCì3Ç√csb„`£##R””3c££√B„Cc#SCB√„ScìÉÇ√#B„3#cìcb√"„3#Sb√#2„√Ç„√cí√"„√3"„√R„3#C#B√s"„P£##R””3s££√"„C32√„S#S"√#SR„sr√"„#sÇ√#2„#Ç√r„Ç√s√í„R√3í„√"„ì3SC#2√s32„Ä£##R””3É££√„ìcC#c√„SCCR√#sr„ÉììCb√"„###CSb√3B„CB√r„R√s2√b„í√r„√"„SÉsc√sCr„`£##R””3ì££√"„cÉcCb√„ÉSÉsÇ√#ì„CsÉ3B√"„ÉcÉìb√3B„S√r„"√sb√r„b√„√2„SCS#B√s3Ç„£##R””3#££√„ì2√„cc"√#ìR„ccB√"„C#B√3B„cB√r„"√sR√Ç„Ç√„√"„ììc"√sí„P£##R””3#££√„csSscÇ√„ccì2√#cr„cìÉ2√"„c3s"√32„c√r„√ì√"„R√„√„3CScÇ√cÉí„0£##R””3##££√„3sÉB√„CSR√#CÇ„ÉCÉCsB√"„cb√32„c√b„í√ì√„Ç√„√„CcS#ÉB√ccr„ê£##R””3#3££√„3#Ç√„SCB√#CÇ„ì3ìb√"„#ÉB√2„sr√r„√ÉÇ√„Ç√„√„SCCcÇ√c3R„p£##R””3££√„3CB√„Éc3b√#B„s#s√"„SsB√b„s"√r„√ÉR√„í√„√„ÉcsB√Sì"„ê£##R””3££√„3ì"√„s#sÇ√CÇ„#SÉscÇ√"„S#Ç√Éí„sr√r„√ÉB√„B√„√„s#sCsìììììììììí√Sc„@£##R””3#££√„3B√„c3C"√CÇ„#cSì3b√"„C3#s"√ì„í√r„"√É2√"„√„√„c3s#3ìììììììììí√S3í„£##R””33££√„B√„c3ÉB√CÇ„3CSCSb√"„#SB√Éí„cí√b„R√Éí√2„"√„√„c3Ésìììììììììììí√S#B„P£##R””3C££√„3ì"√„3É##b√CÇ„3#CÉÇ√"„ìì"√Éí„Sb√b„B√ì"√„√„√„3É#cS"√S#R„0£##R””3S££√„3ÉB√„3#É#b√CÇ„ÉS#ìb√"„#cS#Ç√R„Sr√b„r√Ér√Ç„Ç√„√„3#ÉcCB√SC"„`£##R””3c££√„cCÇ√„Scb√CÇ„#CÉ#B√"„SCì"√r„#"√b„√ÉÇ√B„b√„√„cÉ#Csìììììììììí√SÉ„`£##R””3s££√B„ì3Ér√„SÇ√CÇ„#SÉscÇ√"„Ss3"√#2„cr√b„2√ÉR√b„í√„√B„ìÉ3cr√c#R„£##R””3É££√#Ç„ì3cìSB√„#Cs"√Cb„cÉccB√"„sì#cB√#r„#"√b„í√É2√b„Ç√3Ç„√#í„É3ìsB√cS„£##R””3ì££√ì"„C3sí√„S#Cb√Cr„sÉ#3"√"„CSÇ√#r„√Ç„√É2√í„b√##R„√ì"„SS3É3í√c3b„ê£##R””3££√2„ì3#ìÇ√„ScsÇ√Cr„#SSÉÇ√"„CÉb√#b„ÉÇ√í„√sÇ√Ç„"√3B„√B„CsCsÇ√cCÇ„0£##R””3££√C„c3b√„3s3ì"√ì2„C#ìcÇ√"„C#ÉÇ√#b„Sí√í„R√sB√b„R√C32„√C"„3ì#b√cb„@£##R””3#££√C"„ìÉc#í√„##ÉÇ√s„CCsB√"„#c3B√#2„cr√í„b√s√Ç„Ç√CcB„√C2„#C#í√c„Ä£##R””33££√#"„ìCÉìB√„Cs#B√s„cìS#Ç√"„#Sb√#b„SB√í„B√s√„Ç√CìB„√#2„3ccCB√c#b„0£##R””3C££√í„CcÉ√„sS3b√sR„É3ìÉí√"„3CC#B√#2„cr√í„√cí√„b√Cr„√#„##s√cR„£##R””3S££√„33Sb√„#sìcÇ√ìB„c3C#sB√"„#C3"√#2„cr√í„√cb√2„b√3Éí„√"„Sì3ìb√c#„ £##R””3c££√Sí„SSSÉ32√„S#sSB√CB„s33Ç√"„#ìSb√#2„cr√Ç„2√Sb√B„2√3#„√c„É33s2√cc„0£##R””3s££√b„ÉsÉÇ√"„3cCcb√Éb„s3ÉCb√"„#sÉÇ√#b„ÉÇ√r„"√Sb√2„√c"„√í„É#SB√sr„`£##R””3É££√"„33c32√"„S#í√#„#ìc3Ç√"„#É#SCB√3Ç„3b√b„√cR√„í√#2„√B„S3cS32√s#B„0£##R””3ì££√2„CC#B√2„#SÉsÇ√##„3#Ç√"„3Cc3"√3Ç„Cí√b„√cb√„r√„√b„#c3#B√sÇ„ê£##R””3#££√"„S33B√2„√#r„3ssÉB√"„3s##B√#2„cr√b„"√cí√„R√„√R„SCCCììììììììììí√s„p£##R””3#££√„##Csb√2„3C#"√sR„3ìscB√"„ì#SS"√#2„cr√b„B√c√2„√„√B„33ccìb√cÉ„`£##R””3##££√„CcsÇ√"„cCCCB√sB„3sCb√"„ÉÉSb√#"„ìÇ√b„Ç√cB√R„2√„√"„sì#"√ccR„0£##R””3#3££√„3b√"„ÉSCì"√sB„#É3#B√"„scs"√r„#"√b„B√cí√#„2√„√"„ÉSS#Ç√c3R„ £##R””££√„3ÉB√B„cììB√í„3csb√"„33ì"√Ç„#R√R„r√Ér√Ç„B√„√B„s3#C√Sì"„`£##R””££√„3ÉB√R„C2√ìí„cCÉí√"„C#ÉÇ√b„b√B„í√ÉÇ√#„√„√R„CcÉB√SSí„ £##R””#££√„C3"√R„#3√ìí„cÉÉÇ√"„Cc#ìb√„3R√b„√sÇ√#"„√„√R„#3S3"√S3R„@£##R””3££√„CÇ√R„s#3cB√ìí„Sìc√"„3"√„3R√b„"√s2√#í„2√„√R„s#Cìììììììììí√S#B„p£##R””C££√„Cs"√b„33"√ìí„cSÇ√"„#cÉ3"√„3R√b„√É√#í„√„√b„3sì#R√S#B„P£##R””S££√„CcB√b„#É3B√ìí„SÉ3Cr√"„sS#CÇ√„3R√R„í√sÇ√#Ç„r√„√b„#ÉÉB√S3r„Ä£##R””c££√„Cìr√R„ÉC#B√ìí„cìÇ√"„#SÉ#B√„sB√R„"√sb√#b„√„√R„ÉÉ##√Sc2„@£##R””s££√R„ÉsìCÉr√R„CcS#b√ìB„3sÉR√"„#cC#B√„í√R„√sB√#B„B√„√#„3C2√SsB„`£##R””É££√É„cìsr√r„#c3ìr√Sb„CÉsR√sí„É#SÉÇ√„í√R„í√cb√#b„√c„√Ér„C#SÉÉB√SS2„ £##R””ì££√C„É##b√r„#ìÉ33B√Sb„3ÉR√cí„3#3ì"√„ì2√b„r√CÇ√#B„B√#3b„√Cr„CÉSC"√SCb„`£##R””££√sB„#cc√b„É3ììÉr√SR„ìSSb√cí„#SÉ##B√R„CR√r„"√SR√#B„√C32„√É„ScSìr√S32„ £##R””££√ì"„ss3SSb√b„É#ssìR√SR„ìsS√cí„ÉCìsb√„√r„b√Sí√#2„R√Ss„√ìí„c3S√S#R„@£##R””#££√ìB„sS3c3Ç√b„ì3ÉCsR√SR„ÉÉÉìÇ√cí„Éssb√„√r„í√c√#R„í√cC„√#„cì#2√SR„ £##R””3££√sÇ„Csìì√r„#ìÉs√SR„ÉSí√cí„sÉÉs"√B„2√r„Ç√c"√#b„í√SìÇ„√ÉR„3SsÉc"√S#í„@£##R””C££√CR„sÉCsÇ√r„SsSCR√SR„É3s3"√cí„#3sb√"„3"√r„B√c2√#r„R√CìÇ„√S2„#3c#3"√SCb„P£##R””S££√ìr„s###sÇ√r„3ÉSS√cí„#C#ì#"√É2„#cB√b„#Ç√r„2√SB√#b„r√3cí„√R„#É#í√SÉR„0£##R””c££√C„cÉcÉ3B√r„33#sSr√b„cS33"√"„cCcC3"√B„í√r„R√S"√#R„R√3#"„√Cí„ìSì√c3"„`£##R””s££√R„3É#3√b„ìÉsb√s"„cC3CsÇ√"„3ÉS"√b„R√r„b√S√#b„√C2„√„ìScìì√cÉR„p£##R””É££√"„Éììb√b„SÉ3c2√sB„SB√"„sCS"√R„r√r„"√S2√#R„b√í„√Ç„cs3Sí√s"„ £##R””ì££√"„ìÉsR√B„ìCcB√sR„cìCc√"„#c3b√B„"√b„R√Sr√#"„B√„√r„ì#ÉB√sb„p£##R””#££√"„c33s"√B„c##ìB√sb„#scB√"„ì3Sb√B„"√b„2√SÇ√#„"√„√b„scSccb√cì"„p£##R””#££√„#3cÉB√2„3CìÉí√sb„##ìb√"„#cìcÇ√B„#√R„R√c√r„r√„√B„SsÉsì2√ccí„p£##R””##££√„ìÇ√2„cCcssb√sb„cc3SÇ√"„#ScSb√Ç„#R√R„b√c"√r„R√„√2„É3cÉÉB√cS2„Ä£##R””#3££√„CcB√B„3#√c„SSC3b√"„c3s"√Ç„#R√R„Ç√c"√r„r√„√B„3#SsR√c#R„ê£##R””"££√„Cb√2„sì##S"√ìÇ„CCC√"„ììCB√í„r√b„√c2√Ç„Ç√„√2„sì#ccÇ√SÉB„ê£##R””"££√„3#Ç√"„3sCcìB√ìí„SìS"√"„cìcÇ√2„√b„B√c√í„Ç√„√"„3sS#"√SS2„ £##R””"#££√„3ÉB√"„sÉb√ìí„SìCÉ√"„#3"√2„√b„b√Sr√í„R√„√"„sÉCí√S3„ £##R””"3££√„B√2„sCSÉc√ìí„Sìcr√"„3B√"„ìb√b„R√S2√#„B√„√2„sCc#c√SÇ„P£##R””"C££√„CÇ√2„33ìc"√ìí„SìCb√"„ìcsì"√2„√b„b√Sb√#„R√„√2„33#3r√S#2„ £##R””"S££√„C#B√„css#r√ìí„Sìs32√"„#cs"√2„b√b„r√Sí√#2„√„√„cs#S√S3R„`£##R””"c££√„C3R√„ìsssr√ìí„ccÉb√"„SS3"√2„ìí√b„r√c"√#"„2√„√„ìì#ÉR√SSB„ê£##R””"s££√R„3csC#b√2„ìsc#É√ìí„SìCÇ√"„#cC#3"√b„Éb√b„í√c"√#"„b√„√í„3C3sr√ScÇ„P£##R””"É££√3B„SCìÉsB√R„C#Éìs√ìí„Sì#B√"„É33b√b„Éí√r„R√Sí√#„í√SB„√3í„ìsÉÉCR√SsB„Ä£##R””"ì££√sÇ„#ìSÉí√R„ìc#r√ìÇ„c#ìÇ√"„#C#3ì"√2„r√Ç„"√S"√#B„√#Ç„√É2„CìÉCb√SSí„@£##R””"££√c„Sscc#"√R„sSí√s2„csR√ìR„CCs"√í„b√Ç„"√S√#2„Ç√C2„√cb„SÉ3sÉ√SB„@£##R””"££√#r„ììCÇ√R„cccìr√SR„ÉsS32√cí„#s#cB√„√Ç„√Cí√#2„b√Sc2„√##2„ccR√CÉ„ £##R””"#££√ì„#cÉìs√b„Css#Ç√SR„scsÇ√cí„CÉCÇ√„√Ç„√CB√#b„B√cS„√ìb„sCcìí√S„ £##R””"3££√É„#ÉÉ#"√r„ìS3Ç√SR„ÉSb√cí„3ìSB√2„√r„Ç√CÇ√3„"√cs2„√Éí„ì3S3Ç√SÇ„@£##R””"C££√#í„3Éìb√Ç„#s#ìR√sr„cScìR√sr„ÉìCSb√"„Éb√b„b√Sb√3„√Sr„√3r„cS3"√S3í„P£##R””"S££√ìR„ÉCcì#"√Ç„C33sí√É„ìÉCÉB√"„3scsì"√„B√R„R√cR√3„√#ÉB„√B„#És"√Ss„£##R””"c££√3b„ìì3B√Ç„##ììB√"„s##É"√2„3S"√í„b√B„Ç√SÇ√#í„r√32„√CR„##33B√c#R„0£##R””"s££√B„ccSÉb√r„SìSì"√CÇ„s#Sìb√"„ìÉ#CÇ√2„r√2„í√cR√#Ç„2√c„√„sc#CìÇ√csí„ £##R””"É££√"„ììS"√r„Ssì#S√CÇ„C##"√2„S3b√#r„ÉB√"„í√cÇ√#b„√b„√í„SÉì#2√sb„£##R””"ì££√"„ìÉs3ì"√b„ì3ìB√CÇ„CCÉÉB√2„#Cì3b√#r„ÉB√2„B√c√#b„2√„√í„ì#c3ìb√s2„Ä£##R””"#££√"„cì#cÇ√r„#CÉì3R√CÇ„3ìÉCsB√"„ìs3CB√2„3Ç√2„√cB√#b„r√„√í„ìCSC2√cì„Ä£##R””"#££√„S3ÉCcB√r„CcìsÇ√3b„CCC"√2„csS"√2„3Ç√"„"√c"√#B„"√„√í„És"√ccb„0£##R””"##££√„s#sÉB√r„CìsSí√É"„ss3b√"„Éìs3cÇ√2„CB√"„2√c2√#B„2√„√r„cs32√cCí„ £##R””"#3££√„CÇ√R„#scì"√É„CsÉs"√"„ìsc#B√„sr√"„R√c"√#B„"√„√R„#É√c#„p£##R””2££√„CÇ√B„Sscc"√sÇ„#SÉÇ√2„ì3sB√ÉR„Cr√"„r√c"√#R„√„√B„Sss#Ç√SsÇ„£##R””2££√„3ì"√R„3É#R√sÇ„S3b√2„s3#cB√s"„Cr√"„2√cR√#2„B√„√R„3ÉCcììììììììí√SCb„ £##R””2#££√„C3"√B„ìCìb√sÇ„#cí√2„CcÉ3"√s"„Cr√„í√cí√#2„Ç√„√B„ìCìSì"√S#r„0£##R””23££√„CB√B„cScb√sB„SCC32√ìR„cScc#B√s"„Cr√„B√c√#"„Ç√„√B„cScR√Sb„`£##R””2C££√„CcB√2„É#sB√SÇ„ìcR√ÉB„SÉÉB√s"„Cr√„r√c√#„√„√2„É##B√S#„ £##R””2S££√„Cs"√2„CSScB√sÇ„S#2√2„3CÇ√s"„Cr√„b√cr√#„"√„√2„CSc"√S3Ç„ £##R””2c££√„C3ÉsB√2„Éìs"√É"„3#R√"„ÉC#B√Éí„sB√„Ç√s√Ç„Ç√„√2„#33SìB√Ssb„@£##R””2s££√B„sCScÉÇ√"„SÉsì√„SìR√"„scSb√B„r√„B√s√B„R√„√r„33#Ésí√c„p£##R””2É££√ÉR„ìÉSCB√"„ÉscsÉ"√2„sì#Ç√"„S#ssb√#"„#í√„2√s√B„í√Cb„√ÉÇ„Écì#c√c"„ê£##R””2ì££√Sí„SCÇ√„ì#cC"√ÉÇ„3Csc2√"„cS3B√B„3"√„√c2√2„√#Ç„√c„ss#í√Ssí„0£##R””2££√#Ç„SìcÉìR√„3SssSR√sÇ„C##b√2„3És"√b„2√„2√c√2„r√C3"„√#í„ìSCcR√SSÇ„ê£##R””2££√#3B„cÉ#r√„ÉSSS2√sÇ„#sSb√"„ìì##3"√Ç„ÉR√„Ç√SÇ√"„√Ssb„√#3R„S3s##2√S3r„ £##R””2#££√#3„Éc##r√„Scb√sÇ„3É#r√2„É3b√Ç„í√"„"√SB√„í√ccB„√#3„C##É#r√S#í„`£##R””23££√#Ç„3É#CÉR√„CCsb√sÇ„CCR√2„CÇ√Ç„3í√"„R√SR√í„b√cÉ2„√#Ç„É3ÉR√SCr„@£##R””2C££√ÉB„#SìÉÉb√„3cScB√Éb„ÉSì3b√"„cccÉs"√Ç„c√2„√Sb√„B√cí„√ÉB„c#SS#b√Ss2„0£##R””2S££√3B„3#3sìí√„#3ìÉ"√2„cCìR√"„##CÇ√„sB√2„√Sí√í„í√Cìí„√3B„Sc3cì"√cí„ê£##R””2c££√S2„3sSÇ√„#Cc"√3„É#c3sB√"„Éc3ìì"√Ç„r√2„2√c√„b√#ì"„√S2„S#S3sÇ√cs"„@£##R””2s££√R„s#Ér√„3sSÇ√ìR„CÉcS#"√#í„ììì3b√Ç„sb√2„√c"√„√3B„√R„ÉSsccr√s#Ç„£##R””2É££√"„SÉ3b√„s#s"√#SR„S33É"√32„Cc#Sb√Ç„sr√"„B√cr√Ç„b√r„√"„sÉSSb√sS„Ä£##R””2ì££√2„#cÉB√„√#Éí„s#sc"√2„ÉcsB√#2„#í√„Ç√sB√B„B√„√2„#cÉB√sCb„ £##R””2#££√"„ììCÇ√„SSÇ√#ìr„sCcì3"√„CSs"√#2„#í√„B√s2√"„Ç√„√"„ìcS#Ç√s3„£##R””2#££√"„##C#b√„SB√3r„sìB√#B„S3ìcÉÇ√#2„C√„Ç√s"√"„í√„√"„#sÉ#b√s"„`£##R””2##££√„3S3cB√„3b√3Ç„#Ss#ìb√3„CS#ÉÇ√#2„C√„Ç√sb√"„B√„√„3SCìcB√cÉ"„ £##R””2#3££√„Sììb√„CCb√3Ç„ìì3sb√3„ÉCìcÇ√#"„3R√„√sÇ√"„√„√„CsCSb√cS„ £##R””B££√„33b√„cSsb√3Ç„cÉC#ì"√3„SCcb√#"„2√„b√sr√"„b√„√„ccìb√c"„ê£##R””B££√„Cb√„SC"√33„#c3ì"√32„SC3ì"√ì"„ÉÇ√"„√sí√„b√„√„SÉ3b√ScR„ £##R””B#££√„Cb√„b√##2„c#s33B√B„3ÉCSb√ì"„ÉÇ√2„"√sÇ√„í√„√„Ssb√SC"„0£##R””B3££√„#Sb√„ÉÉsb√Éí„S3CS3B√„Cs#Ç√ì"„ÉÇ√2„b√É√„í√„√„Éìb√S#R„Ä£##R””BC££√„#CÇ√„CSìsB√sb„cCÉB√2„Scsb√ì"„ÉÇ√2„√Éb√2„"√„√„CSììS"√S#R„p£##R””BS££√„#CÇ√„cÉ#cìR√s„ÉCì2√2„ììcÇ√ì"„ÉÇ√2„R√Éí√2„2√„√„cÉ#ìC3√SC"„ê£##R””Bc££√„cb√„csìSR√É„CSsCSÇ√„#s3"√ìB„R√2„í√Éí√R„2√„√„cìSs√SÉ"„ £##R””Bs££√b„sS#R√„CCCcr√ÉR„Cì"√2„3c3b√2„r√2„b√ì√B„R√„√r„ìCì#√c#Ç„@£##R””BÉ££√3Ç„ÉsCsS2√„CcsCCB√sB„3sCCB√"„ìììcÇ√2„√B„í√Éí√R„r√3"„√3í„3C#ìr√cS„£##R””Bì££√É„3ccìsb√„CìC#SÇ√S„ìc2√2„ìsCB√r„R√R„R√Ér√R„2√„√É„Éc#3B√cS„ê£##R””B££√b„sì#CB√„SCssÇ√Ç„ìCs2√"„ÉìS#Ç√Ç„cÇ√b„b√É"√r„R√#32„√b„SìC#"√c3R„`£##R””B££√#„ìcSs"√„Éì#r√ìb„SsìÉB√"„scì#Ç√Ç„"√r„2√sí√b„Ç√3„√#„ÉÉcÉí√c3b„Ä£##R””B#££√"„S3cÉr√„ÉS#3R√ìb„SÉsB√"„cb√R„SR√Ç„√sR√Ç„√3s„√2„3ÉsR√c3"„Ä£##R””B3££√Éí„CSììS"√„sìc33í√ìb„cì2√"„SììB√Ç„#2√Ç„"√sB√í„r√C„√ì„#Sc#ì√cSR„`£##R””BC££√SÇ„É3CìB√„S3c2√„#ì3ìÇ√"„Éc#Ç√Ç„#Ç√Ç„B√s2√í„R√3#Ç„√Sí„3C3cSr√ccí„ £##R””BS££√CÇ„SS#b√„Ccì#B√C„ÉsSsb√"„É3Sì"√R„sR√r„R√sb√b„Ç√#í„√Cí„#3√cs„£##R””Bc££√#B„sC#SB√„3ì#S#B√#R„#Écsì"√"„s3sb√Ç„#2√r„B√sr√Ç„√#R„√#R„cssÇ√cì"„Ä£##R””Bs££√R„##SSR√„#ScCcR√#Sr„c##ÉCÇ√"„C3ìcÇ√Ç„3√r„"√sÇ√b„√SR„√R„CÉìsR√s3B„Ä£##R””BÉ££√„ìccìCÇ√„#c3"√#ì2„sììS"√"„#Ss"√#"„R√b„R√É2√2„2√r„√"„ì#ìÇ√sSr„@£##R””Bì££√"„Ss##Ç√„É√#ìí„ìs#CÇ√"„#sÉÇ√#"„c"√r„√sÇ√R„2√„√"„cS3#Ç√sCb„p£##R””B#££√„SÉScB√„s"√#ì"„SsÉb√"„#ìSS"√#"„c"√b„R√sí√R„Ç√„√„SÉÉscB√s#í„£##R””B#££√„s"√„√#S"„ìcÉÉr√"„c3#cB√#"„c"√r„√sR√í„√„√„s"√s„ £##R””B##££√„B√„Éb√#S"„ì3SSR√"„#3sb√r„s2√r„√sR√Ç„í√„√„#b√csí„£##R””B#3££√„#ÉÇ√„SCR√#S2„3cc2√"„cCSÉÇ√2„S√b„B√sb√Ç„2√„√„SCC2√cCR„p£##R””R££√„B√„SSí√#S"„ì#cí√"„ì3Sb√b„2√R„Ç√sÇ√Ç„√„√„SCSí√Sìí„ê£##R””R££√„3sb√„SÉÉcCB√Éb„###sR√2„Ssìì"√ÉÇ„3B√R„b√sb√r„B√„√„SÉì"√Scb„`£##R””R#££√„CCÇ√„s#c3C√sB„#cCB√"„S3ì"√ÉB„2√R„r√sR√Ç„í√„√„s#csÉí√SC"„ê£##R””R3££√„3ì"√„scSsR√sB„cÉ#ÉÇ√"„CÉB√É"„"√R„Ç√s2√í„2√„√„scSCccìììììììììí√S#í„`£##R””RC££√„B√„#CsÇ√sR„3CcsÇ√"„2√É2„#r√b„B√s"√2„√„√„#ÉsÇ√S#í„`£##R””RS££√„3ÉB√„#cÇ√sR„###3"√"„3ÉÉCÇ√ÉÇ„S√b„B√s"√B„B√„√„#CS"√SCÇ„Ä£##R””Rc££√„3C3b√„#cs#sb√sR„sscsb√"„3ÉÉÉ3"√r„í√b„2√s√R„Ç√„√„#És"√SÉr„£##R””Rs££√b„#3ìcb√„ì3sC"√sR„ìC3ìcB√"„333b√r„3Ç√b„2√s"√r„√„√r„cì3cÇ√c3„0£##R””RÉ££√cÇ„3cSìÇ√„ìì3SR√c"„3SCÉB√"„ìcÉÇ√í„Ç√b„r√s2√Ç„√Sr„√cí„3SìS2√c#"„`£##R””Rì££√3B„ÉS3SÇ√„3332√ì2„#ìì√"„CB√r„ìr√r„Ç√cR√í„√#„√3b„Scì2√cb„£##R””R££√sb„ìì3sCr√„3ì#s2√sÇ„ìb√"„3CìcÉÇ√2„CÇ√Ç„r√c√Ç„Ç√3Éí„√sÇ„3ÉS#R√Sì„£##R””R££√ìR„SÉÉÉr√„C#SÉ√Sr„C33Ç√s„SìSÉÉÇ√r„c"√í„2√Sí√Ç„√Sr„√ìb„c3CS√Ss"„P£##R””R#££√ìí„csC√„C#c3Éí√Sb„#ìr√cí„##ÉÇ√r„3í√í„b√Sr√r„í√Sc„√#„ìcS2√SSb„`£##R””R3££√ì2„#r√„Cccr√Sb„CCB√cí„cSÉ#B√r„Ç√í„R√c√Ç„2√c„√ìB„SÉÉcr√SsB„`£##R””RC££√Sr„ÉÉÉ#2√„3#C3"√sÇ„cScSÇ√Ér„SC3B√Ç„Ç√í„R√c"√b„R√SÉ„√Sí„ìSSS"√Sìb„£##R””RS££√R„ss3SsB√„SÉs√cÇ„#s3SB√"„ìÉSì"√b„R√í„√cb√r„b√Cì„√r„#ÉSCCR√cB„@£##R””Rc££√CB„cSì3í√„3SìSB√#"„SSCìs"√"„#ScSb√R„sr√Ç„B√s√Ç„2√332„√CR„ìsSì2√csb„ê£##R””Rs££√R„##cc"√„#CììB√#C„É#Cì"√"„S3ì"√3r„cb√r„b√sb√r„"√S"„√b„Cc#Scb√s3„@£##R””RÉ££√„ìS#ìb√„#SsCR√#s2„Sìì3"√"„3CSì"√b„sr√b„b√É√R„b√r„√2„##ìC√sCí„ê£##R””Rì££√"„ìsÉcÇ√„Écscí√#ì„cC3ss"√r„CSs3b√R„sÇ√b„b√É"√R„B√„√B„É33c3r√s3r„p£##R””R#££√"„ìssCB√„ÉS3c2√#sb„Ésc#"√#b„cìCÇ√í„r√b„r√É√R„√„√B„sÉss√s#"„ £##R””R#££√"„#SÉÇ√„C3SS√#R„#ìÉ"√3"„cìÉÉÇ√í„cR√r„2√sR√r„"√„√2„cC#3í√cìÇ„ £##R””R##££√„#CcÉìb√„CsS3cÇ√s2„SÉCSB√"„É#ÉÉB√í„R√r„"√sr√b„2√„√„s###cB√csb„@£##R””R#3££√„3B√„S#3S2√s„3CSb√"„Cb√Ç„í√r„√sí√B„í√„√„S#cSr√cCR„ £##R””b££√„3ì"√„É3#ÉsB√s„scC#"√"„ìSS"√Ç„cb√b„í√sÇ√B„Ç√„√„É33#cb√Sìí„Ä£##R””b££√„3ì"√„CSc332√3r„#ÉìÇ√"„É3És"√É"„ÉR√b„Ç√sÇ√R„√„√„CScs#R√Scr„ £##R””b#££√„3ì"√„3ss#Sb√s"„#3#s"√"„ìsC#B√sB„√b„Ç√É√B„"√„√„3sscCÇ√SC2„`£##R””b3££√„3ì"√„ÉÉ32√s"„#ÉìCB√"„#SscÇ√s"„Cr√b„í√sí√R„2√„√„ÉÉ3CR√S3„Ä£##R””bC££√„CÇ√„ÉÉcÇ√s"„#3SÉSb√"„#S3"√s"„Cr√b„í√sí√B„b√„√„É##sb√S3„Ä£##R””bS££√„Cb√„#CcsÉ"√sB„CSCSsb√"„#33b√ÉÇ„CR√b„r√É√2„R√„√„#CsìÇ√SCr„0£##R””bc££√„#És2√„s#ìR√Éí„É3scR√R„3SÉB√Ç„#í√b„R√É√B„"√„√„#sÇ√SÉí„`£##R””bs££√„csÉììB√„ì#S2√3„sccìB√B„sScB√B„√b„B√sí√B„√„√"„SììS#B√c#2„P£##R””bÉ££√cr„cì#ì3r√„#ÉCC2√SÇ„#CSsÇ√"„#cÇ√í„3r√b„Ç√sÇ√R„R√Cí„√cÇ„ìss3cr√c#„ê£##R””bì££√3Ç„sCÉìb√„3Ccìb√ìr„ssc"√"„SÉ##B√í„R√Ç„"√cí√R„Ç√#b„√3í„ÉCìSì"√Sìr„@£##R””b££√ÉÇ„ìÉìR√„#SSSí√ìb„c#CR√"„3cÉ3"√b„b√Ç„í√c2√R„B√Cr„√ì„csSB√Ssí„@£##R””b££√#b„sÉcCí√„ì#ÉC3r√Éí„3ÉÉÉ√"„CSb√Ç„cÇ√í„2√Sí√R„√SCb„√#r„c3sÉb√Sc„@£##R””b#££√##"„ìcSS3r√„ìCì32√sÇ„SSr√"„ìÉs3b√r„ìB√í„R√SÇ√2„B√c3"„√##2„ìcCr√SCB„`£##R””b3££√#„3sSSìí√„É3Ss2√sÇ„ss32√"„ìÉCB√Ç„cí√í„R√Sb√"„B√cS2„√#"„#cs"√Sc2„ £##R””bC££√sí„cÉ3ì3Ç√„Éc#3cí√Éb„sC3B√"„sCb√í„"√í„B√SR√2„"√cb„√É„SCc3r√SÉ2„ £##R””bS££√#„CÉ#2√„ÉìcÉìí√3r„Cì3ìSÇ√"„#s##ìb√B„sr√Ç„í√Sr√"„√Cìb„√#"„3Cì#"√c#r„0£##R””bc££√Cr„É3Éc#"√„É3cìB√#Cí„sìSÉB√"„#c3cÇ√Ç„Ç√Ç„B√c√2„√3C„√CÇ„cC#3b√cÉR„Ä£##R””bs££√2„ÉSS3b√„sììC2√#Ér„cÉìcB√"„##SCÇ√2„#"√r„R√cR√„√SR„√B„cSCsí√s3"„ £##R””bÉ££√„ìc#ì"√„cSCb√3„ìscÇ√"„#3SSB√#r„B√b„2√s√í„√b„√"„Ss#c3Ç√sCí„Ä£##R””bì££√2„3Cìb√„SìSC3í√3„ÉcSsÇ√"„#3R√#2„R√b„"√s√„"√„√2„SìÉì3R√sC„ £##R””b#££√"„ìscB√„cs3É3B√3„É#3s"√"„S3ìcÇ√#2„R√r„√cÇ√„√„√2„cCCììÇ√s#R„£##R””b#££√"„#3Éc#B√„ÉSÉÉìÇ√#ì2„É3#É"√"„##3sCB√#2„2√r„2√s"√B„B√„√2„ìsS#"√s„@£##R””b##££√„#cÉcS"√„c3Cìr√#S2„É3S#B√"„ìSì"√B„c√r„2√sR√"„2√„√„ÉììCí√csR„ê£##R””b#3££√„#CÇ√„CCs#í√#S2„cSB√"„ìcÉÇ√B„SÇ√r„√sr√„"√„√„CC#Ésr√cC„p£##R””r££√„Cb√„S33C2√##R„ÉCSC#B√"„##ìCB√ì„Ç√b„í√sÇ√„√„√„S3sSí√Sìí„ £##R””r££√„#ÉÇ√„ìssSS√s"„ìì"√"„Éss3b√ÉB„í√r„√sÇ√„2√„√„ìssÉ3í√Sc„ê£##R””r#££√„#ÉÇ√"„cC3s3"√s2„3s#É3b√"„sìb√ÉB„í√r„B√sí√2„r√„√"„cCC"√SC„p£##R””r3££√„3#Ç√„ìcSc3r√s„É#C3ÉÇ√"„CÉSb√s2„3R√r„í√sr√í„2√„√„ìcSìcR√S3„P£##R””rC££√„C3"√„Éì3cb√s„sìSR√"„É3CcB√s2„3R√r„í√sb√b„R√„√„ÉìsìÇ√S3„Ä£##R””rS££√„CSb√„3c#cb√s2„C#Ç√"„ÉSìÉB√ì„cR√Ç„√sR√R„r√„√„3cs#"√SCí„Ä£##R””rc££√„##c"√„cscR√s2„C"√"„C3sb√ì"„sR√Ç„√sR√b„Ç√„√„c3#c"√SÉb„P£##R””rs££√í„SssCc√„SsSì√s2„CssSb√"„Scb√B„ìí√r„Ç√sb√R„r√„√„S#SS"√c#B„P£##R””rÉ££√SÇ„ìCS3ìB√„cÉÉ√cb„Éscì3B√"„#ìSì"√Ç„3í√Ç„√sr√b„√CÇ„√c„c#cCsR√c#R„P£##R””rì££√Ç„ìcÉÉì√"„#ì3ì#2√B„ìSC3Cb√"„ÉsCìb√Ç„c"√í„B√s"√í„√sÇ„√„#c#ÉB√cr„Ä£##R””r££√SB„sÉSSS"√"„É##3"√ìb„CsÉr√"„SS"√Ç„Cí√#„√cÇ√í„B√#cR„√Sb„ìcssÉB√cB„p£##R””r££√É„sc#cCr√"„ÉcÉSCR√ìR„cÉC2√"„#cÉÇ√r„#√#„Ç√c2√í„R√Cr„√ÉB„c3ì"√Ssb„`£##R””r#££√cR„ìì3cr√"„#ìscc"√ìR„É#B√"„ìCCÇ√b„sB√#„R√c2√í„"√3c„√cÇ„#ìÉ#í√c„P£##R””r3££√ìB„ìSR√„SS#s2√ìR„3ÉÉ"√"„B√r„sR√#„√c√Ç„"√Ss"„√ìR„sC3#Ç√cSB„p£##R””rC££√"„#ÉÇ√„#ìS3ÉÇ√ìR„3ì2√"„S#CB√"„í√#„√c√b„í√SCr„√2„3cìb√c#B„ £##R””rS££√Éb„ìììC"√„3ìCì#Ç√#í„S3#ÉCB√"„#Ss"√CB„c√#„B√cB√r„√Ccí„√ÉÇ„3ìCr√cCB„`£##R””rc££√C2„CCSCsr√„Sc3s#R√É"„sì"√"„3c"√„Sb√í„Ç√cÇ√b„Ç√É„√CR„ì#"√cÉ"„ £##R””rs££√R„3ccÇ√„ìCì#Éí√#S„#ìSÇ√"„#SÉCcB√r„sÇ√í„√s√b„Ç√#„√r„c#ìSr√s#2„0£##R””rÉ££√„ìcÉÉ"√"„3c#Sr√#ÉB„CSSÉb√"„#ÉB√r„sÇ√Ç„√sB√R„R√2„√B„Ssr√s3Ç„0£##R””rì££√"„ìscsb√"„Ccc#√#ìR„cÉÉí√"„#É#3"√r„sÇ√r„í√sB√B„r√„√R„CC#3Éb√s3„p£##R””r#££√"„Sì3##Ç√"„#ÉÉ#√#sÇ„Éì#S"√"„C3b√r„sÇ√r„í√sB√B„í√„√B„s##Cí√s"„`£##R””r#££√„CSS"√"„c3s"√#Cr„ìCSÉÇ√"„S"√R„R√Ç„"√s"√#„√„√B„É3#B√cÉr„ê£##R””r##££√„CcB√2„c#SÉR√##b„SsCB√"„#c#ÉÇ√R„R√Ç„"√s"√í„R√„√2„cc###R√cs"„Ä£##R””r#3££√„C3"√B„ssÉ#r√cí„ì3scB√"„cÇ√R„√Ç„√s√Ç„í√„√B„ss##Sí√cC"„ê£##R””Ç££√„C#B√2„33ìSìB√c„c"√"„ÉÉCÇ√Éb„Cí√r„r√s"√Ç„R√„√2„3CÇ√c"„£##R””Ç££√„Cb√"„ÉÉSS#√ìí„cSC#B√"„ìSÉSb√É2„B√r„R√s"√r„√„√"„ÉÉSì3r√Sc„Ä£##R””Ç#££√„CCÇ√2„ìs3"√ìí„cS#sr√"„cCB√sr„sÇ√r„B√s√B„2√„√2„ìssb√SC„P£##R””Ç3££√„Cb√B„c#3Csb√ìí„cC#CÇ√"„ccB√sr„sÇ√r„B√s√R„r√„√B„c#3Éì#√S#r„0£##R””ÇC££√„B√2„É#sCr√ìí„c3R√"„É#B√sr„sÇ√r„"√s"√2„2√„√2„É#Cr√S#b„@£##R””ÇS££√„Cb√2„SìScÉb√ìí„c3#í√"„#cB√sr„sÇ√b„í√sB√„B√„√2„Sìc"√SC„£##R””Çc££√„#C#Ç√B„S##s#B√ìí„c#Éc"√"„3Csb√ÉB„R√r„r√s"√"„í√„√B„SCsB√Scb„`£##R””Çs££√R„3É3ìs"√2„3sCsÇ√ìí„cCCb√"„ì"√É2„3r√r„Ç√s"√"„"√„√Ç„sSSCR√SÉb„p£##R””ÇÉ££√B„3ÉìÉ32√2„#ìCìì"√#2„#Sìcìb√"„Cs"√sr„sÇ√Ç„R√s√"„b√#B„√r„cÉCÉ#R√cí„Ä£##R””Çì££√Ç„ì#Sìb√2„c3ìb√s„ìcB√"„s3ìB√Éb„"√Ç„b√sb√#„B√Sr„√"„sSsì"√cSR„0£##R””Ç££√r„ìÉ#É√"„C#í√s„ss3r√"„ìCB√ì„r√Ç„R√É√#„√sB„√#„3ìCÉ√ccr„ £##R””Ç££√C„ÉcC#cR√„scSSB√cí„s#scB√"„cÉ#ÉÇ√ì„r√Ç„Ç√sí√Ç„√Ç„√C2„SÉÉìR√cCí„ £##R””Ç#££√3„3SCì"√"„ccCÇ√cí„3csS"√"„ì#És"√ì„r√í„2√sb√b„í√S"„√32„S#cÇ√cSr„ £##R””Ç3££√#B„s3ÉÉc"√"„cÉÉ3r√cí„cc#ìí√"„#Cs3sb√R„ÉR√í„í√sR√R„√cí„√#r„Cìcìí√cc2„Ä£##R””ÇC££√"„ì#sc"√„c3cìB√cí„3S#sb√"„#3S#Ç√R„ÉR√í„"√ÉB√2„√ÉR„√B„SSì3B√cs2„Ä£##R””ÇS££√r„3Ccìì2√"„CccsCb√É„s3B√"„SssÉÇ√ì„r√Ç„Ç√ì√b„"√cB„√í„É3s3í√cs„ê£##R””Çc££√2„ìCcc√B„SÉìÉ√##R„Éìc"√3Ç„cÉ"√ì„b√Ç„R√ìb√r„r√3„√r„sÉ3sC"√cÉb„ £##R””Çs££√„3ScSS2√R„CSÉSB√#C„cc3#Ç√CB„#ìì#ÉÇ√ì„b√Ç„b√ìÇ√í„í√2„√R„ÉSì2√sr„ê£##R””ÇÉ££√„cCìÇ√b„ÉÉ2√#C2„SScSCB√C2„ì33"√Éí„3"√Ç„B√ìÇ√í„r√B„√b„sSs#c2√s#r„p£##R””Çì££√„3É3"√r„É3ì"√#C2„sÉSs√C2„scsìb√Éí„r√Ç„R√ìÇ√R„"√„√r„3C#B√sí„@£##R””Ç#££√„#cB√r„#3ì3R√ìR„#Sc"√CB„SÉS"√ì„2√Ç„r√ìÇ√R„B√„√r„#3ìc3ììììììììí√s„0£##R””Ç#££√„#cB√r„#3cC√SB„ÉìSCÇ√C2„ì3É3cÇ√Ér„Cí√í„√ìr√Ç„√„√r„#3ìCììììììììí√csR„0£##R””Ç##££√„#cB√b„É#s#Sb√ìÇ„cììí√C2„ìÉS"√Ér„#"√Ç„Ç√ìr√„b√„√b„É#sS"√cc2„@£##R””Ç#3££√„#s"√r„Ss3S"√ìr„3#ì2√C2„ìsCÇ√Ér„√Ç„b√ìÇ√„b√„√r„Ss3sì"√c3"„ £##R””í££√„#Ç√b„sCCSR√í„SCB√C2„ì#ÉÉCÇ√s"„S"√Ç„√ìr√B„r√„√b„sCCÉ2√SìB„P£##R””í££√„33b√B„cìcR√„√C2„ììÉsì"√s„r√r„B√ìb√2„í√„√B„c3√Sc„@£##R””í#££√„C3"√2„#C##sÇ√„√C2„ìC#3CB√cí„É√b„Ç√ìb√2„b√„√2„#C#s√S3í„@£##R””í3££√„3"√"„ìSSÉ2√„√C2„ì3sb√cÇ„3R√b„"√ìR√2„R√„√"„ìSS3ìR√S#R„Ä£##R””íC££√„#CÇ√"„#SììC√„√C2„ì#Ç√cÇ„3R√b„√ìR√„Ç√„√"„#cÉí√S#Ç„ £##R””íS££√„#Sb√„sìS3í√„√Cí„ÉsScÇ√s„SÇ√b„B√ìb√R„Ç√„√„sìsìS√SC„0£##R””íc££√„3ss"√„#CÉ√„√ÉB„ìs"√sb„É"√b„b√ìR√r„"√„√„#SsÉ2√Sc„£##R””ís££√„sS3b√B„Cìssí√„C3cSÇ√CB„c3ÉÇ√sb„É"√b„"√ì"√„√„√R„É#sìR√SsÇ„ £##R””íÉ££√#"„3Cscb√R„sscR√3B„ì#CÉí√C2„ì3Ccb√s„3B√b„√ì√„í√#„√#Ç„ÉCÉ3√SÉb„@£##R””íì££√B„CìSÇ√b„c3É"√c2„s#2√C2„ìssìb√cr„Sí√b„Ç√Ér√"„r√3í„√„SCí√SSB„ê£##R””í££√SR„#ìssÇ√R„SÉS3ìB√„CSr√C2„ì3ScÇ√sí„É2√r„2√É"√B„b√#SÇ„√c„ÉÉ3"√S#Ç„ê£##R””í££√É2„sCc3Cr√B„CìCR√„√#b„sCCÇ√cb„#r√r„r√sí√"„í√3Éb„√ÉÇ„cSsìr√S„0£##R””í#££√#R„sÉÉ3#r√2„ScÉì"√„√Ç„3s#CÇ√Sb„S"√Ç„"√sb√„"√SÇ„√#í„3Ss#Cr√Cìb„`£##R””í3££√ì„C3c√B„SC#cÇ√„√r„s#ÉSsb√cR„cR√Ç„B√sB√„R√cr„√ìR„ìs3ssí√S2„0£##R””íC££√#B„ìSssR√B„SÉ3√„√C2„3SÉ3sb√cr„Sí√Ç„B√s√B„r√ScR„√#í„SCsR√Scb„ê£##R””íS££√s„S3#ì"√B„sSsSÇ√„ì3S√C2„ìÉsB√cr„Sí√r„B√Ér√b„"√CSb„√sB„ìSCììììììììí√Sìr„Ä£##R””íc££√3B„ÉìÉ2√R„3Cì#ÉB√C„Sc√C2„ÉscS"√s„r√r„√Éí√r„R√ìí„√3í„3cÉ#cr√c32„£##R””ís££√"„ìC3s2√b„ìCCSr√Ér„ÉSc"√C2„ÉÉÉcB√sí„S√b„r√ÉR√b„√cí„√í„3sS2√cì„`£##R””íÉ££√„ìS#CÇ√b„Cssì√"„É#sìr√C2„ì#3ÉB√Éí„ì2√b„"√sÇ√B„√r„√Ç„#s√sí„£##R””íì££√"„ìccb√R„SC#ì"√"„ìCÉs"√C2„Éscs"√Éí„cr√R„R√sR√"„Ç√„√Ç„CìÉ√sB„£##R””í#££√"„ÉCsc"√R„ÉCÉR√ìÇ„cÉìì"√CB„S√Éí„cr√R„b√s2√2„r√„√Ç„3sCììììììììí√cì„0£##R””í#££√"„ÉìB√R„ìÉ#R√ìÇ„SÉÉì√C2„ìÉ3S"√É„í√R„í√S2√2„√„√r„#sìí√ccÇ„p£##R””í##££√„#sCcÇ√R„c33B√ìÇ„cìCsR√CB„É##B√É„í√R„í√S2√2„b√„√R„33SB√cS„`£##R””í#3££√„Sb√b„É3#s√ìb„É3S"√C2„ììCÇ√É„í√R„√c√"„r√„√b„ÉÉ3ÉsR√cr„p£##R””££√„CÇ√b„SÉS3R√í„ìÉ#ìr√C2„ìÉÉB√s"„CB√R„√cR√2„b√„√b„SÉSs2√Ssí„£##R””££√„C3"√R„ssCR√„√C2„ìCcb√s"„CB√B„Ç√s√b„B√„√R„ssSsr√SCb„@£##R””#££√„CÇ√r„3CSsR√„√C2„ììcSS"√s"„CB√B„r√s"√#„b√„√r„3CcìR√S#b„ £##R””3££√„CCÇ√r„ÉS#C"√„√C2„ìCÇ√s"„CB√R„"√Sí√#2„"√„√r„ÉS#CÉìììììììììí√Sb„ £##R””C££√„3ì"√R„#cC3B√„√C2„ÉsCCs"√s"„CB√R„R√c"√#R„√„√R„#cCs3"√S#„p£##R””S££√„B√R„Éb√„√C2„É3CÇ√s"„CB√B„Ç√c"√#„b√„√R„#b√S3r„`£##R””c££√„ìcb√R„CC3Ç√„√C2„ì#ìSsb√ì„ÉÇ√B„B√cB√#"„√„√R„C3ììb√Ssb„ê£##R””s££√Ç„cS3#√B„É3SSÇ√„√C2„ÉììcÇ√B„#R√2„í√cB√#„b√„√2„CSì√cr„`£##R””É££√cÇ„cS#CB√b„3cCÉÉb√„√C2„ÉcscÇ√#"„#í√2„r√c"√#„Ç√3R„√sB„S32√c„ £##R””ì££√Cb„ÉìSí√R„3c3Cí√„√C2„ììC#Sb√„S"√2„r√c√í„"√3"„√S"„#cSÇ√SÉ„ £##R””££√#„s3cÇ√2„É3Sììí√„√C2„3ScCÇ√„S"√2„B√SÇ√í„√3cB„√#R„S3ìcsí√SSí„ê£##R””££√#3„S3sSr√"„#S32√„√r„ÉSccCÇ√„b√2„b√Sb√R„R√S3„√#32„sC#És2√S3"„p£##R””#££√#C„#c"√„ìC3cr√„√r„#SìsCB√b„#í√2„Ç√Sr√„B√c#R„√#C"„Sìcí√SR„0£##R””3££√##r„csC3sB√"„ìSììÉ"√„√r„3SìcCÇ√Ç„2√2„í√Sb√í„"√cCr„√#3„c3C3Sb√S3í„P£##R””C££√ì2„ScÉB√2„ìÉ#Éí√„√C„ÉCÇ√B„Sí√2„Ç√SÇ√í„√Sì2„√ìr„3c3s2√ScR„£##R””S££√3B„cC#Scí√2„ììS"√R„S3#Ç√CB„cCSì"√b„#í√2„Ç√Sb√Ç„b√CÉÇ„√3r„É33S#"√cb„ £##R””c££√S2„SsÉ#2√2„CsC3R√SB„cìÉsb√CB„ÉS3cÇ√„b√2„í√Sb√„í√33"„√Sr„S#SS2√ccb„ê£##R””s££√B„#ìÉCìÇ√2„ìSSB√#R„cSb√CB„#s"√"„2√2„2√SÇ√"„Ç√Cb„√Ç„#S3Ç√s#„ £##R””É££√„ìc##3b√2„cCÉÉ√#b„33Éì2√C2„ÉìÉìCB√í„S"√"„√cB√2„√2„√R„cCr√sC„P£##R””ì££√"„ìì#cìb√2„sì#"√#C"„SììCc"√#b„ìÉÉ"√"„√„B√s2√„√„√b„sÉÇ√s3b„P£##R””#££√"„ìÉ#c#B√2„sìCs√#Sb„CÉ3s√"„#ÉcB√„ÉÇ√„r√sr√b„Ç√„√b„c#ìCììììììììí√sr„0£##R””#££√"„#3ìcCÇ√"„#S3ccí√ìr„#ÉsÉCb√"„ìsB√„ÉÇ√í„í√É"√B„R√„√B„Cì33cììììììììí√cì"„£##R””##££√„33c#s"√„3Sì3sr√sÇ„Cs3"√"„#CCÇ√„ÉÇ√í„R√É"√B„r√„√„cìScCí√cs2„0£##R””#3££√„c3"√„c#ììì√sÇ„S##cÇ√"„ssS"√B„#í√í„√É√B„r√„√„c3c#2√cC„`£##R””££√„C3"√„Sì#Écí√sÇ„3ÉR√"„ì3b√b„r√Ç„r√É√R„B√„√„Sì33√Sì2„`£##R””££√„#B√„ì##í√c„SìSìb√"„3ssÉB√ÉÇ„#R√Ç„b√É√R„b√„√„ì##cí√SSí„0£##R””#££√„#ìb√2„3#"√„3cí√"„Sìsì"√É2„#√Ç„R√É√R„b√„√2„3CìÇ√S3R„p£##R””3££√„#Ç√"„ÉÉ3ccí√„Cb√"„ìsìÉB√É2„#√„Ç√sb√Ç„R√„√"„ÉÉ3ìCí√S#r„P£##R””C££√„#Ç√"„cìSsc2√„Ccb√"„c3CÉÇ√É2„#√„B√É√r„b√„√"„cìcC2√S#b„@£##R””S££√„#Ç√2„É##S√ÉÇ„#3cb√"„ÉCC#Ç√ÉÇ„S√í„í√É√Ç„B√„√2„É#S3√SCR„ £##R””c££√„ÉsCR√"„s#32√r„Sì3r√"„SSÉb√Ç„ìí√„r√sR√í„"√„√"„s#ìSÇ√SÉr„P£##R””s££√2„Cc33R√„3sR√3Ç„cì"√"„c3#CÇ√b„#R√í„R√sí√r„B√„√B„scC√c#í„P£##R””É££√3„sSì3Ç√„CS#32√#B„sìc2√"„c#ÉÇ√í„sb√„Ç√s2√R„b√Cr„√3„S#És√cSB„ £##R””ì££√2„ìss√„Csìr√3b„#CìÉí√"„#cìcÇ√B„sB√"„b√c√b„b√C2„√R„3ÉcÉÇ√cb„`£##R””££√Cb„s#3sr√„ìcCsí√Ç„Sì#Éí√"„#SÉCÇ√#2„"√2„b√Sb√í„2√3ÉR„√Cr„3sìb√c"„ £##R””££√ÉB„S3#Cb√„cSÉccR√ìí„ììs3Ç√"„És3b√í„Cr√B„"√Sb√Ç„B√S#R„√ÉR„sì√ScR„p£##R””#££√#Ç„sÉSS"√„sSÇ√ìí„c3ìSB√"„SìÉCÇ√r„ìí√B„2√Sb√í„r√SR„√#Ç„ÉÉ3cr√S3B„ £##R””3££√#„c#SCR√„SÉB√ìí„cCìÉ2√"„Éb√í„C√B„b√S2√r„Ç√S2„√#„sÉ3ÉR√SCr„ £##R””C££√sB„3#ÉSí√„É#C#B√ìí„c3cÉ√"„SCB√í„cÇ√R„√CÇ√Ç„2√Ss„√sB„CìS#É2√Ss„ £##R””S££√#„SccÉ3Ç√„3cS2√"„s#Éì"√"„ÉS"√í„#2√B„Ç√S√b„√CsÇ„√#„És33C√cB„`£##R””c££√S„333ìÉ"√„3CsS2√CÇ„CCìcb√"„##ÉÉÇ√í„#B√B„B√Sb√r„R√3#„√S„c3És3R√cs„`£##R””s££√2„ììì##r√„#ìsìcB√#R„ÉÉìB√í„3ì#s"√#Ç„R√2„R√cb√b„í√C„√B„#ìsì√s#B„P£##R””É££√„ìc3#b√„Cc3#r√#Sí„cìcS"√"„É3És"√#Ç„#√"„B√sr√r„"√"„√"„3sìSC2√sC„P£##R””ì££√2„CS"√„Sì3Ç√3"„c#S3Ç√"„#Sc3ì"√í„sí√"„í√s√í„í√„√2„S#33c2√s3Ç„p£##R””#££√"„ìSCSb√„S3Éc3"√32„ÉC3Ç√"„##s3ÉB√í„sí√2„R√SÇ√"„b√„√2„CÉìÉÇ√s#"„@£##R””#££√"„É#Ç√„SCìÉR√3"„sÉ#ìSb√"„333"√í„sí√2„Ç√S√B„B√„√"„cÉc2√cìr„p£##R””##££√„#É3Cb√„ììB√3"„SsS#√"„#CSCs"√í„#í√B„√Cí√"„Ç√„√„CÉ#SSb√csB„`£##R””#3££√„S#Ç√„csSb√#c„CscB√"„#s3"√B„sÇ√B„2√S√2„Ç√„√„csSÉB√cC"„ £##R””"££√„CCÇ√„ì#b√#32„É#ìÉ"√"„SCcB√ì„3b√B„R√SB√R„√„√„ìsÇ√Sìb„p£##R””"££√„CÇ√„cÇ√sb„ì3ì"√"„#C#s"√É„3Ç√B„r√c√2„b√„√„cCÉÇ√Sc„0£##R””"#££√„Cs"√„#"√sb„ì##És"√"„#3C3#Ç√sÇ„ìr√R„√cR√"„r√„√„#Cì"√SC„`£##R””"3££√„CcB√„CìcìB√sr„#ìsìb√"„CCÉb√s2„3R√R„√s√í„b√„√„CìsCB√S3„ £##R””"C££√„#s"√„3sìb√c"„3ì3ÉcÇ√"„#sS"√sÇ„#√R„Ç√cÇ√Ç„Ç√„√„3sìC3"√S3„ê£##R””"S££√„#ÉÇ√„Ss3Ç√CR„cÉSìb√"„Sììb√ÉÇ„S"√R„B√cí√r„B√„√„Ss33cÇ√SS„Ä£##R””"c££√„sÉc√„cC3b√CÇ„sS3SÉB√b„C#3S"√í„í√R„B√s√r„b√„√„cCì##ìììììììììÇ√SÉ2„£##R””"s££√"„cÉìcì2√„S3"√ìr„3ìSìÇ√"„ìs"√„"√R„Ç√s√í„"√„√B„#2√c#í„`£##R””"É££√#„SC#3ì2√„cSB√CB„ccs#"√2„#É3b√2„Ç√R„r√sb√#"„√#r„√#"„cSÉì32√ccB„ê£##R””"ì££√SÇ„Éì##b√„És√ì"„cscÇ√B„CC3#CÇ√R„SR√b„√sR√#"„2√R„√c„sì3b√cc"„£##R””"££√s„Csì#√„ÉìÇ√Ç„C#ìb√"„#Ésì"√„r√b„r√s√#„R√É2„√s„3s3√ccÇ„ £##R””"££√S"„ÉC##"√„Cs3í√b„cccÇ√"„s#b√„√r„2√cR√r„√##"„√SB„3S#3√cÉ"„ê£##R””"#££√3„ì#33R√"„Cc3#í√b„ÉÉìcÇ√B„3ÉcìcÇ√b„C2√r„í√c√b„2√#cR„√32„csccB√cÉí„p£##R””"3££√3r„#S3SC2√„#3cSÉ"√#r„CCÉ"√"„S##cb√b„Ç√r„r√c"√r„2√#3R„√3Ç„Cì#R√cìB„0£##R””"C££√3"„#C3b√„c3sSí√Sr„ìì#r√"„#sCCB√Ç„C2√r„2√cR√b„Ç√sb„√3"„sc3cR√cìb„@£##R””"S££√#„3cR√„ScìsCí√#"„sìÉÇ√b„#ssÉìb√Ç„C"√b„2√s√B„2√r„√#„ì3Éìí√cìí„0£##R””"c££√r„C##ìr√„s3s#CR√##í„#ìSÇ√CR„Éc#3b√R„#í√b„√sB√2„"√#„√r„ssìSCììììììììí√s#„Ä£##R””"s££√„sCCì2√„cc3cs2√##R„#C##b√c2„3b√R„cb√R„B√sR√„R√3„√„CÉc#ìììììììììÇ√sCr„ê£##R””"É££√„cÉ#B√„3cSsCb√##"„cCÉÉCb√s„SììS"√í„cb√R„√sR√í„"√"„√„S33ÉcììììììììììÇ√sSB„ £##R””"ì££√„c33cCB√„Éì#√#3"„ÉcsCsB√s"„ssCSb√R„cb√R„√sb√í„√„√„É##ÉCR√sC2„Ä£##R””"#££√„#s"√„3SÉcB√#32„Ss3CB√É„ìCB√b„C2√R„"√sb√Ç„Ç√„√„3c3b√s#R„0£##R””"#££√„CcB√„c3ìÉb√#3R„SìSCSÇ√sí„sÉS3b√B„s2√R„√sb√r„√„√„cCCR√cìí„ £##R””"##££√„3#Ç√„cCÇ√#32„#ÉsSs"√s„sÉcÉìb√B„s2√R„√sR√r„Ç√„√„cS#sìììììììììí√csÇ„ £##R””"#3££√„3"√„ÉB√##r„ScìÉb√s„scs3S"√B„s2√B„Ç√s2√R„R√„√„És"√cCr„@£##R””2££√„3"√„SSÇ√sR„ÉScSB√SB„SsCÇ√ì„3b√B„b√s√R„√„√„Sc"√c„Ä£##R””2££√„#Ç√„CB√í„scC3B√C2„ì33B√sÇ„Éí√B„"√s2√B„√„√„CcÇ√Scr„0£##R””2#££√„3#Ç√„CÉs2√sb„3És3b√C2„ÉcCSb√sÇ„sÇ√B„√s2√B„√„√„C##√SCR„`£##R””23££√„Cb√„SÉcr√sb„#ìSs"√C2„ìs"√sÇ„sÇ√B„Ç√cÇ√„R√„√„c#É2√S3B„0£##R””2C££√„3cÇ√„sÉìr√sb„SÉscÇ√C2„ÉÉcB√sÇ„sÇ√2„b√sb√B„r√„√„s##cR√S3B„`£##R””2S££√„#Ç√„#ÉCS"√sb„Ss3SB√C2„ììcÇ√sÇ„sÇ√2„"√sr√B„R√„√„#ÉCC3"√SS2„p£##R””2c££√„cìì2√„c#Scí√É„#C#cs"√C2„É3#sS"√ìB„√2„√sR√"„"√„√„cìSc#√SÉÇ„@£##R””2s££√"„cSCsÉb√„s3Sì"√#B„ÉscÇ√C2„ÉìC3"√R„R√2„√s"√B„í√„√2„3Éc3sÇ√c#Ç„@£##R””2É££√#"„cCSS√„ìsÉb√Cr„cìsì"√C2„ÉC##b√S"„í√B„√cÇ√r„B√#„√#2„#sC33r√ccÇ„ £##R””2ì££√S„#cÉb√"„cììÉb√C„ì3cb√CB„3ìCCÇ√b„Éb√R„√c√Ç„r√Éí„√S"„C3É#R√ccr„`£##R””2££√Ç„ì#SS#√"„#ì3ì"√#"„SÉìSb√C2„ìc###B√b„s"√R„B√Sr√„b√#r„√#„#ìC#2√c#Ç„@£##R””2££√í„ìccR√„s#C#"√„√C2„ÉìCCcB√2„sí√b„"√S√í„2√CB„√#„É#É3R√c#2„ £##R””2#££√cí„S#sR√„ì3#Ç√„√C2„ì3c#B√B„√b„í√Cr√Ç„í√Scí„√s„CCSSR√SSR„0£##R””23££√#Ç„ccìb√„SsSR√„√C2„ìcSb√B„ì√r„√CR√r„Ç√Sìb„√##„cs3S√SC„`£##R””2C££√Ér„ì#c#í√"„sSs2√"„sSc2√C2„ìÉCCSb√„B√b„í√Cb√r„Ç√SìB„√Éí„ììsc"√Ss„P£##R””2S££√#í„Sc3B√„S#c3Éb√„3ìs#SB√C2„ÉìSÇ√Ç„C2√r„"√C√r„√CÉ„√3„Éccí√c"„ £##R””2c££√CÇ„#sìR√"„3ìcìB√ìÇ„É33"√CB„S3"√Ç„CB√b„"√c√r„r√3#2„√S„SssÉÉìììììììí√csr„ £##R””2s££√2„ÉCs#í√2„ìCCSÉ√Sí„sss2√CB„CS#Ç√Ç„C√R„"√sR√b„"√3í„√r„sSì3ìììììììììí√s#r„P£##R””2É££√„ìcCìb√B„###√sr„s#ÉSCB√CB„C3ì#Ç√B„Cb√B„√Éb√r„√„√b„sss√sCB„ £##R””2ì££√"„ììÉs#B√B„ì3cÉ"√C"„SccCB√C2„ìÉÉ3sb√B„Cr√B„b√Ér√í„Ç√„√r„ì3Cb√s3Ç„ £##R””2#££√"„ssS#ìb√R„Cs3í√í„ssscÇ√C2„ìCC#B√ì"„c"√B„í√Éb√"„√„√Ç„ì#33R√s#„p£##R””2#££√„c"√R„ìscí√í„sSÉCcB√C2„ÉsSì#Ç√ì„É"√R„√ÉR√„R√„√r„SsÉÉììììììììí√cìr„ê£##R””2##££√„#CCcÇ√b„Ss#É"√í„ssìs"√C2„ìCcB√ì"„#√B„Ç√É"√"„b√„√b„cCsR√csr„ £##R””2#3££√„3S"√b„s#3sìr√"„ìCscÇ√CB„#sì"√ìr„SB√B„2√sr√"„2√„√b„s#CCì√cCr„ £##R””B££√„3"√R„É#sCìB√sR„##Sì"√C2„ì##s"√ì2„b√2„r√sr√„í√„√R„É#sÉb√c„ £##R””B££√„#ìb√B„c3Sìb√Sí„CCÉÇ√C2„ì#ì"√s2„3í√2„√sí√í„R√„√B„c3Éìììììììììí√ScR„P£##R””B#££√„#Ç√R„3cÉCb√„√C2„ì3sb√s2„3í√"„Ç√ÉB√Ç„í√„√R„3sSB√SCR„£##R””B3££√„#B√b„Csb√„√C2„ÉÉS3ì"√s2„3í√"„2√sí√í„√„√b„CìCb√S32„Ä£##R””BC££√„#3"√b„cììr√„√C2„Éì#ÉB√s2„3í√"„R√sÇ√„r√„√b„cìC#í√S3B„ £##R””BS££√„3ì"√b„####"√„√C2„ì3ìS"√s2„3í√"„2√sí√"„√„√b„###SìB√SS„ £##R””Bc££√„sCSb√R„É3CìsÇ√„√C2„ìc#"√ì„ìÇ√"„√É√„"√„√R„ÉS#C3C√Sì„ £##R””Bs££√Ç„3s#Ér√R„ì3b√„√CB„C"√R„ì"√„b√É2√„2√„√B„3##Cr√c#b„ £##R””BÉ££√s„SìSs2√R„cÉì3#Ç√„√C2„sìcc3"√„É√"„2√É√„b√C„√sr„#Éì√cR„`£##R””Bì££√CÇ„És3cí√B„És##R√„√C2„ìÉSì"√„sí√2„b√cb√Ç„R√ìR„√S2„CSìB√SÉR„p£##R””B££√ìÇ„ìSss#2√B„SÉìí√„√C2„ÉCSCÇ√„CR√B„"√cb√„√3ÉÇ„√#2„CcSÉ#"√Sc"„p£##R””B££√##b„Éí√B„3ìc√„√C2„ÉCÉs"√Ç„Sí√B„R√cr√„√S#R„√#3„#r√S3Ç„0£##R””B#££√#32„3cc#√B„#CSC3í√„√#í„c#3CB√b„SÇ√B„b√cr√í„Ç√cÇ„√#3r„Sc#b√S#2„ê£##R””B3££√#í„3cSÇ√R„SS√„√3í„ì3c3ÉB√b„SÇ√B„r√cb√í„r√c#Ç„√##B„33#í√SCb„P£##R””BC££√ÉR„cCCSs√B„3ìCR√„√C2„ìC#B√b„SÇ√B„Ç√cb√„√SÉ„√Éí„ìS3ìsb√Scr„ê£##R””BS££√#b„S#3#cB√B„ÉSsì"√R„ÉÉìSS"√CB„3SCs"√Ç„Sí√R„2√s√„2√Cs2„√3„3Ésb√cB„P£##R””Bc££√Cr„s33Cí√R„ìB√sB„É#CÇ√C2„ìcsB√Ç„3b√B„Ç√s√2„B√3b„√S"„sCSS2√csB„ £##R””Bs££√2„sÉì√R„sCsC#B√2„#ì#s"√C2„ìÉ3CCÇ√b„SÇ√B„√cí√"„√3„√í„CSSSR√s#r„`£##R””BÉ££√„ìSSìb√R„#ccÉÉí√c„3cb√C2„ìSc3CB√b„SÇ√"„í√sr√í„r√„√r„##ìÉR√sC"„ê£##R””Bì££√"„ììSsb√B„3sì#r√sR„ì#c#b√C2„ìCs3#Ç√R„í√"„B√É√r„b√„√r„3cìsÉ2√s3„0£##R””B#££√"„ìs#SCÇ√2„s#ÉÉc√sb„3ìÉ3Ç√C2„ì3Sì"√R„ì√„2√ÉB√R„"√„√b„sCí√sr„0£##R””B#££√"„#3ìCCB√2„#CScb√ì„SC3Sb√C2„ìCìb√#R„cb√„√É"√B„√„√R„CÉCc√cìR„ £##R””B##££√„33ssì"√"„s#c#SB√sb„ScSSÇ√C2„ìcìÉB√R„Éí√„r√É"√2„b√„√2„cCCb√csr„p£##R””B#3££√„cC"√"„Ss#ÉB√ìB„ìÉìB√C2„ì#sì"√ìr„É√„2√É"√B„√„√"„SsÉSìb√cS2„p£##R””R££√„3#Ç√2„C#É√sB„sì##Sb√C2„ÉCCÇ√ì„SR√„"√É"√B„√„√2„C33Ç√cí„0£##R””R££√„#Sb√"„sc#R√sB„ssìì3b√C2„ÉcÉCÇ√Éí„Cb√í„Ç√ÉB√R„√„√"„sÉÉ√Ss„`£##R””R#££√„#3"√2„3#É√sB„É#33b√C2„ÉcCSb√Éí„B√í„Ç√É2√B„"√„√2„3#32√SCÇ„ £##R””R3££√„#CÇ√2„ìSCÇ√sB„sìS3ì"√C2„ÉÉÉ3B√É„sb√„√É2√2„√„√2„ìsìb√S32„`£##R””RC££√„#CÇ√2„3##C√sB„sÉ3S"√C2„ìÉc3"√ÉÇ„ìr√í„B√Éb√R„Ç√„√2„3##3Éí√S3R„@£##R””RS££√„#cB√"„ÉìsCr√sB„ssc3S"√C2„ì3Ccb√Éí„cí√í„2√Éb√R„"√„√"„É#√SS„Ä£##R””Rc££√„ScìÇ√"„#ÉsÇ√sB„sÉ#B√C2„ì3SÉCÇ√Éí„sí√í„√Éb√B„2√„√"„#3CCb√SÉ„@£##R””Rs££√r„s#Cì#"√„SÉc√sB„ÉSCs"√C2„ìÉc3b√Éí„sí√í„√ÉB√"„í√„√í„3cS32√Sìb„ê£##R””RÉ££√cÇ„csÉssb√„É3#c2√CR„ìÉCcB√C2„ÉÉìsb√ÉÇ„sr√„"√ÉB√B„"√3Ç„√cí„SCb√Ss„p£##R””Rì££√CR„scì#S√„c3É3#í√„√C2„ÉSCCB√cí„3b√2„"√s√R„Ç√#B„√Cb„CsSÇ√SC„ £##R””R££√ìB„Ésí√„C3sCÉb√„√C2„ÉsìÇ√cr„í√B„b√c√Ç„B√3ÉR„√ìB„c#Ccsb√SÇ„ê£##R””R££√#Ç„ÉÉCCcb√„#SC#É2√„√C2„ìcCB√cr„"√R„R√S2√„B√S#R„√#í„3ÉsCí√Cìr„ £##R””R#££√##„sC#ìí√„3R√„√CB„ScCÇ√„√b„2√S√„B√cí„√##„ÉScB√Cì„ £##R””R3££√#í„C#3b√„S32√„√CB„CÉ3S"√cb„b√b„Ç√S√„b√c#r„√#í„#CSS3í√S„P£##R””RC££√sb„CÉ3B√„#SSCB√B„ììc3"√C2„ìììì"√cr„í√r„R√S√„r√SsÇ„√sb„s3SssìììììììÇ√S#R„P£##R””RS££√#„3SÉÉ√„#CsSCÇ√s"„CsìCìÇ√C2„ÉC#ìCB√s„b√r„R√c"√„√Ccr„√#„SS3C#í√Scí„Ä£##R””Rc££√CR„ìÇ√„SìSC"√CR„ìcÉ"√C2„ì#cB√Éí„32√r„B√cR√„b√32„√CR„SSb√c3R„@£##R””Rs££√2„SCììí√„3cb√sr„cCìcb√cÇ„3ìì#Ç√ì„CÇ√b„√sB√í„"√#Ç„√2„SÉcS2√s„Ä£##R””RÉ££√"„#"√„√Éb„É3SS"√Éí„És3#cB√ì„#2√B„√É√R„b√„√"„#"√s#r„p£##R””Rì££√"„ìC3ÉB√„√#S„#sÉìs"√ì2„C3ìCB√ì„#2√2„√É√B„"√„√"„ìC3ÉB√s#"„@£##R””R#££√"„ììcìb√„√3"„3csSb√s„Sìb√ì„ÉR√"„B√É√2„R√„√"„ììcìb√s„`£##R””R#££√"„#CCb√„√#s„cC3"√s„ì#B√#2„sR√"„í√s2√B„B√„√"„#CCb√cÉí„ê£##R””R##££√„33s3B√„√ì2„sìsÉB√SB„#CcB√ì„#2√"„2√sR√2„í√„√„33s3B√cs2„ £##R””R#3££√„c#Ç√„√ì2„#sSC3"√C2„É3#Ç√ì„cb√"„√sB√2„B√„√„c#Ç√cCb„p£##R””b££√„3ÉB√„√ì"„ÉCcìb√C2„sÉ3ì"√Éí„Sb√"„"√s√"„√„√„3ÉB√cB„0£##R””b££√„3cÇ√„√ì"„É#S3B√CB„sS#Ç√É"„S"√"„B√cÇ√„2√„√„3cÇ√Ss„@£##R””b#££√„3ì"√„√sÇ„SCcS3b√C2„É333"√s„sB√"„b√cb√„b√„√„3ì"√SCí„£##R””b3££√„3ì"√„√Cí„s#CCÇ√C2„ì#3ÉÇ√sb„cí√"„2√cí√"„Ç√„√„3ì"√S3r„0£##R””bC££√„C#B√„√C„s#ìb√C2„É3sCSb√s„sB√„B√s2√2„"√„√„C#B√S3r„p£##R””bS££√„CB√„√Cí„s3s3ì"√C2„ÉcÉsB√ÉB„í√„R√s2√2„2√„√„CB√SS2„p£##R””bc££√„Sr√„√Cí„cc#cÉÇ√C2„ì3#CÉÇ√ÉR„ìÇ√„B√cÇ√"„R√„√„Sr√SsÇ„@£##R””bs££√Ç„scsCÉ"√„ìcì√Cí„s#ìccB√C2„ì#3#Ç√É„ìí√„R√cR√"„"√„√Ç„ssss2√SÉ2„Ä£##R””bÉ££√cB„33sCr√„#cR√b„3CCÉb√CB„3É#s"√cí„3Ç√2„√cb√2„√3í„√cB„Cc3ìr√SSÇ„0£##R””bì££√3„Cì#"√„scìÉr√#2„3ss#Ç√C2„ÉsS3cÇ√cr„Sí√b„2√cí√2„b√ìR„√3„ScÉìÉì"√S#b„p£##R””b££√c2„33Sc√„sCs#R√„√C2„ÉScccB√cr„Sí√r„R√cR√"„Ç√#ì„√c2„#É#Éb√Sr„ê£##R””b££√É2„S3Ss2√„ssÇ√„√C2„s3cìb√cR„cB√Ç„B√cr√B„b√3C„√É2„cS3C#√S„Ä£##R””b#££√ì"„#ÉSCÉ"√„3ì3ss√„√C2„É3b√„√í„r√cR√r„2√S3R„√ì"„csì#S2√CìÇ„ £##R””b3££√Éí„CCì3Sí√„3É#c√„√C2„ÉìCs"√cb„3B√#„"√c2√Ç„√Ss„√Éí„É3ìr√Sr„Ä£##R””bC££√Sb„#Éì#"√„#ÉÉÉb√„√C2„ÉììSb√cr„Sí√í„Ç√s√„√S#„√Sb„SssÉÉ"√S3b„@£##R””bS££√„c#ìb√„3C#c2√#b„ì#Sb√SB„CCc3"√cÇ„cÇ√Ç„í√sb√í„í√3ì2„√„c3c3Sí√SsÇ„ê£##R””bc££√3r„Éì3cì"√„Ç√sÇ„S3#CÉ"√sb„ìCccs"√É„b√Ç„√É√„√#sí„√3r„ÉìSCì"√c3b„£##R””bs££√2„c#ì√„√ìb„É3ììÉÇ√##í„3ìS"√ì„Cí√b„r√Ér√"„r√„√2„c#ì√cìr„ê£##R””bÉ££√„ìc2√„Ç√c„SSsÇ√#2„CS3S"√ì„Cí√R„R√Ér√„"√Ç„√„ìÉ√sÇ„ £##R””bì££√"„ì3SSsb√„CÉCCÇ√ìB„CsCììB√ìB„ìCÉìb√ì„Cí√R„r√ÉB√„Ç√„√2„CììÉCB√s2„`£##R””b#££√"„sÉìCsb√„Cc#ìR√ìB„ìC#2√ìB„ìÉ3b√ì„Cí√R„"√ÉR√B„√„√2„#S#3É√s"„Ä£##R””b#££√"„##ÉCB√„3SCí√ìR„cÉC3#Ç√#"„#sìb√ì„Cí√B„R√ÉÇ√"„r√„√"„S#É33B√cÉ„`£##R””b##££√„#3s"√„3É33r√Ç„3S3ÉCB√#2„Cs#ÉcB√ì„Cí√2„R√ì√2„"√„√„SÉcCÉí√cc"„£##R””b#3££√„#ÉÇ√„ì33ÉìÇ√sB„#sì#ìb√#2„3CsCB√ì„Cí√2„b√ì√2„í√„√„ì3CÉb√c#í„Ä£##R””r££√„#ìb√"„#3Éb√c2„CCì#Ç√#2„CS3ìì"√2„#B√2„2√ì√R„√„√"„#C"√SÉR„`£##R””r££√„#Ç√"„É3#S√„√#2„CS#b√s"„#í√2„R√ÉÇ√R„b√„√"„É3#sÉ√SSB„0£##R””r#££√„#Sb√"„cSCìC"√„√#2„ìs3Sb√s"„#í√B„B√Éb√r„"√„√"„cSSìÇ√S3R„p£##R””r3££√„3"√"„cSCc√„√#2„CCs"√s"„#í√B„√É2√r„R√„√"„cSss2√S#R„Ä£##R””rC££√„CÇ√2„ì3CScb√„√#2„3#B√s"„#í√B„2√É√„√„√2„ì3CìsB√S#"„@£##R””rS££√„3ì"√b„cCSÉ2√„√#2„CsB√s"„#í√B„"√Ér√r„B√„√b„cCìsR√SCB„`£##R””rc££√„Sìc"√R„Cìs#B√„√#2„C3ÉCÇ√ÉÇ„SR√2„í√É2√í„R√„√R„CìscÉb√SÉR„ê£##R””rs££√2„SSSb√B„cC3Cì"√„cSSr√#2„3c#ì3b√b„í√2„√É"√#„"√„√Ç„ìÉSìÇ√c32„ £##R””rÉ££√3„R√2„cScS3b√3"„3Ss√#2„33##CÇ√í„cR√"„B√sB√B„í√"„√32„sccSCB√ccb„P£##R””rì££√sÇ„ÉsC3√b„ScSs2√sÇ„ìCcSb√#"„ccCCCÇ√í„C2√2„√s"√B„B√ìB„√ÉB„#CCB√cC"„ê£##R””r££√S„CÉ3cC√b„Éc#cR√CR„#3√S„ÉS"√„ÉÇ√"„Ç√cí√Ç„b√3„√Sr„3CSsb√c#í„@£##R””r££√S2„ìssC√R„#ì3#√R„ìsì#ÉÇ√#É"„cÇ√„C√2„√cÇ√r„b√3B„√SÇ„Cìsc"√s„p£##R””r#££√#Ç„É#cc"√b„ìCr√#„sìCSb√#s2„Éì3"√í„cR√„í√s2√í„r√ìr„√3R„scsc3r√sÇ„ £##R””r3££√3„ScSs√b„scÉs"√SB„ìSìSsb√#Sb„#3#B√í„3R√„2√sR√í„√S„√3Ç„#ÉS#s2√s#B„@£##R””rC££√3"„S#SÉ#√R„ssCCìB√"„s3sS"√#R„cccs"√í„C√„2√s2√#„√#cÇ„√3Ç„33R√sÇ„ £##R””rS££√Ç„ÉCcí√R„#3ìÉcB√#2„c3ì3Ç√#R„cì#b√#B„S2√„R√sR√#2„"√SR„√#2„3CÉ332√s32„ £##R””rc££√r„ÉÉcS"√Ç„3#c#R√#R„CcB√#„ÉÉ3Éìb√í„cR√„r√s√#B„b√ìr„√R„3##ss"√sC"„@£##R””rs££√„É3ìS2√Ç„cs##Ç√C„3sS#Sb√#R„S#Cs"√í„b√í„í√s√#2„b√3R„√í„sScc√ss"„@£##R””rÉ££√„s#CSsb√Ç„CÉ#r√Cr„ì#sb√#R„#sÉcìb√Ç„b√í„r√s√#2„R√B„√„C#sÉ2√ssr„`£##R””rì££√„#sssB√r„É3ìcÉí√CÇ„sC3ÉÇ√#R„s##B√Ç„3R√í„B√sR√#B„2√„√í„s3ì2√ss„0£##R””r#££√„ScB√Ç„cCsìcÇ√„cÉ#ÉSB√#R„##S3b√#B„r√í„"√sB√#B„r√„√Ç„cS3cÇ√sCÇ„Ä£##R””r#££√„C3"√Ç„#ììB√É„3C3í√#R„cSÉB√b„b√„"√cB√#R„2√„√Ç„#C#b√sÇ„P£##R””r##££√„Cb√Ç„C3CB√sr„ÉÉc#r√#R„#ccìì"√b„b√í„r√cr√#B„R√„√Ç„C3CC#ìììììììììí√cìÇ„@£##R””r#3££√„#ìb√Ç„3Ésc√s„É2√#R„#cÉÇ√B„S"√í„B√cr√#B„B√„√Ç„3ìSr√cs"„ £##R””Ç££√„C#B√Ç„#sÉS"√B„Ccc2√#R„#ìÉì"√R„ìí√í„2√cb√#b„R√„√Ç„#sÉìCC√c#R„£##R””Ç££√„Cb√Ç„33R√„√#R„#ÉCìb√ÉÇ„3r√Ç„í√cb√#r„"√„√Ç„3CSììììììììí√SÉÇ„P£##R””Ç#££√„Cb√Ç„C3scsb√„√#R„#3#s"√ÉR„cR√Ç„Ç√cr√#b„B√„√Ç„C3Éì"√Sc"„Ä£##R””Ç3££√„3b√r„ììCìB√„√ìr„3c3S"√ÉR„cR√í„r√cb√#r„r√„√r„ììÉSB√SCí„ê£##R””ÇC££√„#Ç√Ç„#s"√„√É„sÉSÉB√ÉR„cR√í„R√s√#r„√„√Ç„#sCÇ√SS2„p£##R””ÇS££√„3ÉB√Ç„3CSÉB√„√Éb„#Ss3CB√ì„2√í„r√cÇ√#b„í√„√Ç„3CìcÇ√ScÇ„ £##R””Çc££√„CB√Ç„Écììí√„√#R„ÉÉsS#Ç√2„C2√í„r√cÇ√#r„B√„√Ç„ì2√c„0£##R””Çs££√„s3ì#√Ç„#ì√"„3ìÉcB√#3"„sSì#B√b„ìB√í„"√s√#b„b√„√„#ì#"√cc„@£##R””ÇÉ££√b„c#3s#R√Ç„Ccì3R√32„ÉcìcB√##R„cCìsb√#"„r√í„b√cÇ√#r„r√r„√#R„ÉScb√sR„£##R””Çì££√3„#cCsÇ√Ç„sÉccìÇ√C2„cÉì#Ç√#C2„sc"√#"„s√í„√sR√#Ç„B√cB„√C„SCb√sCb„`£##R””Ç££√cÇ„ìSscSÇ√r„###SS"√C2„SSÉSì"√#r„ìC#B√r„Sr√í„í√c"√#r„"√Ér„√sb„É#ììììììììí√s#B„ê£##R””Ç££√Sb„ìcsìR√Ç„#S#ÉÇ√SR„#3c#Éb√#C„ÉÉc"√B„"√„√c√#b„í√CR„√cR„#3c2√s3"„0£##R””Ç#££√cr„CSìsCí√r„ììsì√sB„ìSÉB√#B„É3ccÉÇ√r„#2√„2√SÇ√#r„B√#3"„√sR„3sìSB√s„ £##R””Ç3££√sR„SCs"√b„cÉCìsí√sÇ„cCS#√#2„cSì"√r„Sb√„"√SÇ√#b„R√#cr„√É„s3SCS√sÇ„ £##R””ÇC££√cb„C#ÉB√r„S3ÉÇ√É"„s33b√#R„#ì#3b√B„"√„"√SÇ√#B„r√ìí„√s2„SCS3s"√sR„ £##R””ÇS££√C„c#Éc"√r„ccC2√r„#ì3s"√#R„#É3#3"√Ç„CB√í„Ç√cB√#R„Ç√s2„√CÇ„sCS#SR√s3„ £##R””Çc££√„sCcSsB√r„C#c3c2√ìÇ„CCcSb√#„3SSb√í„32√í„r√c2√#2„B√ìí„√í„s#ì3r√sSí„Ä£##R””Çs££√„#CR√r„Éc2√#SR„sCsÇ√#Ç„##3"√Ç„3B√í„b√c"√#„√C"„√Ç„#Ç√sì„P£##R””ÇÉ££√„s32√R„ScÉc"√#s"„S#3cÇ√##„33b√Ç„3B√í„R√cB√#„"√2„√r„#ììCc"√sì"„p£##R””Çì££√„CìScB√R„#3cí√#É„É#3#b√##„cìSÉB√Ç„3B√í„R√cr√#„b√„√b„sÉsÉ2√sÉ2„ £##R””Ç#££√„3cÉÇ√B„3SsSC"√#sR„CìSCB√#R„3#B√Ç„3B√í„"√s√r„√„√B„CÉì##ìììììììììí√sSÇ„ £##R””Ç#££√„3b√2„ÉCìcB√#C„Cì3SÇ√#R„cs3B√Ç„3B√í„b√cí√Ç„Ç√„√2„ÉS3#B√s32„ £##R””Ç##££√„#cB√2„#SS3Sb√#„33#B√#3„scCSsb√Ç„3B√Ç„"√sR√r„√„√2„#SSc"√sÇ„Ä£##R””Ç#3££√„B√2„CS#SsR√sr„ì#CcB√#"„3cSS"√Ç„3B√Ç„í√sí√b„í√„√2„CS#ìsR√cÉB„Ä£##R””í££√„Sb√R„cÉs#Cí√C„sssSb√#b„ccìcÇ√ì"„√r„r√É√Ç„r√„√R„cÉsÉì√c3r„£##R””í££√„##B√b„Csìc3Ç√ìb„C3sB√#Ç„CìCÇ√s2„s"√Ç„b√É√2„b√„√b„CsìÉc"√Sìr„ê£##R””í#££√„#3"√b„ìSCÇ√cr„33ÉR√#R„ì#CÉ#B√s2„#2√r„Ç√ÉB√Ç„B√„√b„ìSS3ììììììììí√Ssb„£##R””í3££√„#Sb√b„CÉìì√Sr„#ssR√#r„3#ìcs"√s2„#2√Ç„Ç√sb√Ç„"√„√b„CÉ##Cr√Sc„ê£##R””íC££√„#CÇ√b„#ÉSs2√Éb„3"√#Ç„sssCB√s2„#2√Ç„b√sb√í„Ç√„√b„#ÉÉ#√Sc2„Ä£##R””íS££√„#CÇ√b„ìsSSÇ√ì"„sSSS2√#b„ìÉs"√s2„s"√Ç„B√sÇ√Ç„√„√b„ìsÉb√Ssí„P£##R””íc££√„CÉì"√R„S3cs"√3r„É#ìb√##Ç„ÉìÉB√ì"„c√r„í√É2√B„Ç√„√R„SÉScB√c#B„£##R””ís££√"„SìsCR√2„SScsí√ìb„sCs3b√#3R„#sc3ÉB√ì"„Ç√r„í√Éí√B„r√„√R„cC#B√csR„ £##R””íÉ££√Ç„3ÉSCB√„ìÉs3ìb√#„ì3sÉb√#É„CcÉb√#2„cb√r„Ç√ì"√„b√"„√#„3s#É3b√s#B„P£##R””íì££√S2„3SÉsSr√„ìS3s3r√ìí„ÉÉcÉc"√#c"„s"√b„ìB√Ç„√ì2√r„Ç√Sb„√SR„3#CìB√s3„0£##R””í££√Ér„#É#sí√„sSSs3√s2„CÉ3r√#b„sì#Ç√r„cÇ√Ç„√ì"√r„√É„√ÉÇ„3sÉ√sB„Ä£##R””í££√CR„sCSr√„sc3És√Ç„ÉÉ3ì#b√Éb„#ì3b√„Ç√Ç„r√É2√b„√ì„√Cb„SC#Ç√cs"„`£##R””í#££√B„cScCB√„ìsì#S"√ì„ììSSB√#R„Cì#"√„Ç√í„√É2√R„Ç√#í„√R„c3S3ìb√ccb„@£##R””í3££√#„ìì#ÉÇ√„s3c3r√#„cs#Ç√#„scÉì#Ç√„Ç√í„b√É√Ç„√#ÉR„√#„ì#ì#R√cÉB„p£##R””íC££√sb„ìSccB√„ì#cì#B√3„CS2√#SR„33sìì"√„Ç√í„b√É√r„b√#3b„√sr„ÉÉ3S3Ç√sR„Ä£##R””íS££√Sb„sccCS"√„3Ç√S„ÉìCs"√#Sr„ccÇ√„Ç√í„R√ÉB√„Ç√#"„√SÇ„scSb√s#í„0£##R””íc££√#2„SsC3R√„S3#í√#r„Ss#ìÇ√#É„ìsCcb√r„CB√„√sÇ√"„B√C„√#R„CÉcSB√sc„Ä£##R””ís££√"„ì3CcR√"„33Éìr√3r„ÉÉcÉ"√##Ç„cì3S"√Ç„"√í„2√É"√"„B√SÇ„√B„C#C3c"√sìB„@£##R””íÉ££√„ìcB√2„sììÉr√3#í„3SSSÉb√#R„s#s"√Ç„b√í„"√Éb√„r√B„√R„cìììÉ√É„ £##R””íì££√"„CsÉSb√2„3sb√3#b„3cCÇ√#R„3SìSb√Ç„2√í„2√Éb√"„2√„√R„CSCÉc"√sÉb„£##R””í#££√„sCÉCB√2„#ìb√3R„s3C3ìB√#R„#Cì"√Ç„2√í„R√É"√í„í√„√B„3É#B√scr„ £##R””í#££√„CÉìÉÇ√"„ccS√#sí„ì33ÉÇ√#R„#s3ì3b√Éí„sr√„√sÇ√"„r√„√"„cCìc3í√s3í„`£##R””í##££√„#Ç√2„SCsÉr√#cr„cSCÉC"√#R„##3#Sb√Éí„CB√„b√s√b„"√„√2„SCs3cr√sí„ £##R””í#3££√„#ÉÇ√B„Sìc#2√#32„ccCÇ√#R„C3ÉB√r„S√„2√cr√B„R√„√B„SìcCì√cÉb„`£##R””#££√„#Ç√b„ÉSSB√ìr„S33"√#R„##B√ÉR„S2√í„í√s"√"„í√„√b„ÉSsÉB√c3r„ê£##R””#££√„CÇ√2„ÉsÉÉR√cr„CccsÇ√#R„#CcÇ√s2„#B√„2√s√"„√„√2„És#ì2√c„P£##R””##££√„CB√B„C#sc√S„sCCcSb√#R„#ÉÉ3"√s2„#B√„2√s√"„r√„√B„C###√Ssr„`£##R””#3££√„Cs"√B„ÉSìÉb√CÇ„CcCb√#R„#3ìb√s2„#B√„b√cb√R„B√„√B„ÉcCSÇ√Scb„ê£##R””#C££√„B√2„ÉsÉSÇ√S„sì#"√#R„#É#33b√s2„#B√„r√cb√2„√„√2„ÉÉ#SÇ√Scr„ £##R””#S££√„3ì"√2„Sc#cSí√c„cìCB√#R„#c#sb√s2„Cb√„√cR√"„R√„√2„Sc3S√SÉ2„ê£##R””#c££√„Sì"√"„ÉSc"√ìb„ìÉS3b√#b„#É#ìb√Éí„#"√„í√cÇ√„Ç√„√"„ÉSSÉB√c#b„0£##R””#s££√"„ìC#ÉÇ√"„c#ccr√#"„3sìÉB√#s"„3ìScCÇ√ì„2√„2√s√"„B√„√R„CÉSR√csí„p£##R””#É££√3„ì3Cb√„cì3CìÇ√#í„ì3ìS#B√#CR„#cCC3"√#R„s2√„í√s√"„Ç√B„√3"„ÉÉccCB√sÇ„`£##R””#ì££√sr„Éc#C"√„ÉSsÉ√sb„CS#"√#R„#ÉÉÉÉÇ√#R„s2√"„B√Sr√B„B√S„√sí„3É#2√s„p£##R””#££√ÉÇ„##R√„ÉSccÇ√3r„Scsìb√#R„#ì3ì"√R„sr√2„√Sb√b„2√#cb„√Éí„ìsc3s2√sí„ £##R””#££√ìí„ìScR√2„###c#í√#Ç„3ÉSìR√#R„ì3ÉB√„Sí√2„B√Sb√b„2√3SÇ„√"„33#ìB√cìB„P£##R””##££√ìr„SSÉí√2„Cccìí√#2„ììCcB√#R„#É#CÇ√R„Ér√2„b√Sb√b„B√3c„√„#C3Ç√cÉ„p£##R””#3££√Éí„Ss3C3b√2„#CìÉr√#R„#sSsB√#„3cb√„SÇ√2„2√Sí√b„2√#É„√ì"„É#33b√cì2„ê£##R””#C££√É„c#s√2„cÉ#ì√SR„#C3sÇ√ì"„ìCScÇ√„SÇ√2„r√Sí√r„√3Ç„√É2„cìS#ì#√cìr„ £##R””#S££√cb„ÉSì#Ç√2„3C#CB√s2„ìsì"√#R„ìCÉB√#2„#í√2„√cB√B„r√#3R„√s„##S"√sr„ £##R””#c££√#R„CC3É"√2„3S3CCR√#CR„ÉC33Cb√#r„É3ìì"√#„SÇ√"„í√cb√R„√Sr„√#Ç„sìs#Cr√sCB„p£##R””#s££√"„#cSR√"„ìSì3Ç√3r„ÉÉ#ÉS"√#R„CCÉcB√#r„cb√"„r√cÇ√b„√c„√B„ìssCS2√sÉB„p£##R””#É££√„c#cÇ√"„ÉSSìC√3Cí„CìÉ#B√#R„C##Sb√#r„ìR√"„b√cí√b„Ç√R„√B„Cscí√sì„@£##R””#ì££√„#CSSB√B„ccÉì2√3#"„c3"√#R„#sÉCs"√Éí„r√"„"√s√b„B√„√R„C#3ìr√sÉí„ê£##R””##££√„3sCìb√R„Éb√#ìB„ì3S3"√#R„SìsÉB√í„cÇ√"„"√s√b„Ç√„√R„CÉììb√sc„0£##R””##££√„#cs"√B„ÉCcC"√#c„cì#cr√#R„#ÉÉ#b√í„Ç√"„2√cr√B„Ç√„√B„ì3sB√s3"„@£##R””###££√„#Ç√B„S33r√#C2„Éì#É"√#R„#cCì"√s2„Cb√2„2√c√b„√„√B„S333ìr√sr„Ä£##R””##3££√„#ÉÇ√B„3#cR√#Ç„#3ì"√#R„#sSS"√s2„Cb√2„b√Sí√r„b√„√B„3#ì3√cì„`£##R””#££√„#cB√B„C3cR√sí„ccCSsb√#R„#3cÉcB√s"„#B√2„r√cR√í„í√„√B„C3cC3ììììììììí√cC"„P£##R””#££√„#B√B„3ÉÉB√S2„cÉc#ÉÇ√#í„ÉsCìb√cr„ÉÇ√2„√s2√Ç„b√„√B„3ìÇ√cB„p£##R””##££√„#s"√B„csSCb√#2„sCssR√##„ì#ì"√cr„Ér√2„√s2√r„Ç√„√B„csS3Ç√SÉ„£##R””#3££√„3CB√B„#scÇ√#2„s#ìb√#r„sCC3"√cr„Ér√"„r√cÇ√Ç„"√„√B„#sìS"√Scb„ £##R””#C££√„3cÇ√R„CcCR√„3SÉ"√#R„cÉ3cÇ√cr„Ér√2„√cB√r„R√„√R„CcsÉ2√Scr„Ä£##R””#S££√„C3"√R„#ìì#í√r„ÉcS"√#r„Éì#CÇ√s„#"√2„√cÇ√R„R√„√R„#ì3c√SÉR„p£##R””#c££√„ScB√R„CÉr√3B„ss#b√#3B„CSÉsÉB√ÉB„í√"„"√sí√2„2√„√R„ìÉììììììììí√c#R„p£##R””#s££√B„sìcSÉ√B„3É#ÉB√ì"„3sÉ#C"√##B„c#3cÇ√ì„2√„í√É2√2„√„√í„CÉcR√cs„ £##R””#É££√CÇ„CSÉCìB√"„ssÉSCR√sr„#Sc#cÇ√#r„ÉsccCÇ√ìB„#í√„í√É"√"„b√#"„√S„#3s3í√cÉB„ £##R””#ì££√í„ÉCsS2√"„C#sssÇ√í„#Cí√#B„CÉì3b√#„√"„Ç√cR√„"√3„√#"„#C#S3√cSB„`£##R””#££√cÇ„ìsb√"„SsìC2√r„3ìS3b√#2„ÉÉÉs"√"„"√2„"√c√"„√33R„√s„cÉí√c#í„ £##R””#££√#„s#CS"√"„SCC2√„√#R„sS3b√ì„ÉB√2„b√Sb√2„√CÉ"„√#2„sScÉSR√SìR„ £##R””##££√#B„#csr√"„SSc2√„√#R„#cìs3b√cr„Ér√2„r√SB√B„√SsB„√#b„scsB√Scr„ £##R””#3££√#"„ìÉ3#ì√2„CS#r√B„##Sc"√ìí„scÉÇ√ì„#b√2„b√SB√B„R√Sìr„√#b„C3S3c√Sì„ £##R””#C££√cr„SC3s√B„#3SCCí√Cb„3c"√ÉB„#ìCCÉÇ√ì„cB√2„B√SR√R„√SSB„√s„s3ìÉììììììììÇ√cB„ê£##R””#S££√„ÉSÉsìB√B„cÉÉr√S2„sCSÉ"√#2„#CCssb√ì„ÉB√2„r√Sí√r„"√CCí„√R„CccÉ√cS„ £##R””#c££√3r„ÉìB√B„ìcb√#S"„sÉ#ìsÇ√#"„c#sb√ì„ÉB√"„í√c"√r„r√#Cr„√C„ìÉSb√sÇ„0£##R””#s££√"„ì3Cìí√B„3S3c"√3S"„CCb√#R„ìì#3"√ì„ÉB√"„B√cB√R„r√ìÇ„√r„#Ésìs√scr„@£##R””#É££√„ì3##"√B„ìccb√332„ÉcC#B√#R„3##ìb√ì„ÉB√„Ç√cr√"„Ç√r„√b„#3ÉÉb√sÉ„p£##R””#ì££√"„ì3CC#Ç√B„#Ssb√3#b„Ss"√#R„sB√#Ç„c2√„R√cÇ√„B√„√r„ÉSSB√ss"„@£##R””##££√"„ìC#b√R„cc#s2√3B„sìB√#R„SSCìb√Éí„CÇ√„b√cR√í„2√„√Ç„ÉCÉí√sc"„p£##R””##££√"„#í√B„ìsS3R√#É2„ÉsS"√#R„3É#sCB√Éí„CÇ√„2√c"√„√„√r„ìs#R√s#B„ê£##R””###££√„3#33ÉB√B„3SÉ#"√#c"„C#cìc"√#R„#ìÉCcB√Éí„CÇ√„b√c"√„2√„√B„3Sì#b√s2„ £##R””##3££√„c#CB√2„C#Cb√#c„ìS#sÇ√#R„#3#3ÉB√Éí„CÇ√„Ç√c√„√„√2„CÉ3í√cìí„@£##R””#"££√„3sb√2„Cs3√##2„SììcB√#R„C3#3"√Ç„2√"„"√SÇ√í„"√„√2„Sr√c3Ç„ê£##R””#"££√„3ÉB√"„#cCR√#2„scccB√#R„É3#CB√sB„ì√"„Ç√Sb√„2√„√"„#cS#í√cR„`£##R””#"#££√„CÇ√„c3SB√sb„Sscs"√#R„#cÉìb√s„ÉÇ√"„Ç√Sí√"„√„√„csc"√SÉB„p£##R””#"3££√„#Ç√„##ccìB√Sí„ÉScs"√#R„##b√sR„"√„"√sB√R„"√„√„##cìsB√Ss„ £##R””#"C££√„3"√„ìsr√Sí„É3R√#R„ìccSb√s„ÉÇ√í„r√sr√b„√„√„ìsCí√Ss„Ä£##R””#"S££√„3cÇ√„s#c#Ç√sB„S#sÇ√#R„3##B√Éb„Cí√í„r√sr√R„B√„√„s#cSsb√SÉR„Ä£##R””#"c££√„c#ìÇ√„CsÉsSr√ìí„ì3ÉSsÇ√#„CÉ3#b√ì„ìb√„√sR√2„√„√„CÉSSR√c2„0£##R””#"s££√B„SÉ#cCR√„#ììC#b√#„SsCìsb√##„Cs3ÉB√ì„ìb√„"√sR√"„"√„√B„ÉÉ#s√c3"„ £##R””#"É££√C"„CÉ"√„scsB√cí„SCSÉS"√#R„3ìsB√s2„sB√„√sr√„Ç√#b„√C"„SÉcìsb√c3„0£##R””#"ì££√b„ScìS3"√„ì√cb„3ÉCs3Ç√#R„CsÉSb√cb„3Ç√"„r√sr√"„"√c„√b„cÉC32√Sìb„@£##R””#"££√c"„CÉCr√„sìÉb√„√#b„C#S"√cR„sÇ√2„R√s2√B„b√#Sr„√c"„cc###ìììììììÇ√Ss"„@£##R””#"££√ÉÇ„#CR√„#SScÇ√„√#„ssSb√cB„√B„"√cí√b„b√3sr„√ÉÇ„#S#ìs2√SS„@£##R””#"#££√sR„É3Cscr√„Cì#É2√„√##2„C#3ì#Ç√„√B„r√cR√Ç„√SB„√sb„#SCR√SCb„£##R””#"3££√S"„ììC3B√„sScsR√„√#É2„sÉìCÇ√cB„√B„í√c2√Ç„b√S#r„√S2„sScB√Ss„ £##R””#"C££√#í„sÉÉsÇ√„ÉìCìÉÇ√#"„ssC#3B√##„É3s"√cR„sÇ√B„b√cR√„r√CÉB„√3„cÉ3cb√SÉ„ê£##R””#"S££√ÉB„#cSìr√„CÉsCÇ√C2„s3#CB√#„#scb√s„sr√2„r√sB√r„í√CÇ„√ÉR„33ìCR√cR„p£##R””#"c££√3„ìÉsb√„sS3ss√#Éb„ÉCb√#R„C3ÉÇ√í„sR√2„2√sR√Ç„"√#3Ç„√3"„s3CÉCr√cc2„P£##R””#"s££√"„cscSCB√„CìÉÉí√3c„sS"√#R„ìc3cÇ√ì„#Ç√"„b√sb√b„R√ì„√2„sCs32√s#"„@£##R””#"É££√„ì3C#Ç√„Ccìs#2√3C"„c#cSÇ√#R„3##s"√#Ç„#Ç√„B√É"√2„í√b„√"„C3sS√sS2„ £##R””#"ì££√"„ì3sìcÇ√„3#ìÇ√3Cí„C#ìscb√#R„3Cc#B√ì„3í√„√É"√"„Ç√„√2„#csCÇ√sCr„p£##R””#"#££√"„É33CÇ√„ìCCB√3C„ScSc#B√#R„#CCcCÇ√ì„3í√„í√sÇ√„Ç√„√"„ì3#sì"√s3b„Ä£##R””#"#££√"„#S3ì"√„cCSr√33r„##CÉ3"√#R„3#cÇ√ì„C2√í„Ç√ÉR√„R√„√"„Éììí√s#"„ £##R””#"##££√„33cÉ#B√„CsSí√3#b„ìSCSB√#R„3Éìb√ì„S√í„"√Éb√„R√„√„3CSÉ2√sí„ £##R””#"#3££√„SCS"√„#ìSí√3r„cCì3ÉB√#R„3CcìB√#„B√Ç„Ç√ÉÇ√"„√„√„ÉC√cÉB„ê£##R””#2££√„3b√„√#ìr„ÉÉÉsìB√#R„#cSb√Éí„cB√Ç„Ç√Ér√"„"√„√„3b√cC„0£##R””#2££√„3S"√„#c#Sb√#É2„sCs#cÇ√#R„C#ssb√s2„cB√í„B√ÉB√2„"√„√„#ccÇ√cí„0£##R””#2#££√„B√„CÉssr√#C"„#sÉì"√#R„3S33CB√s2„cB√„2√É2√R„"√„√„Cìsr√SÉb„£##R””#23££√„33b√„É3É#í√##"„sÉ#"√#R„3ÉsSb√s2„cB√„√É√r„B√„√„ÉCcR√Ss„Ä£##R””#2C££√„3sb√„#cSìr√ÉR„cÉSí√#R„33SS"√s2„cB√Ç„Ç√s2√r„√„√„#cìs2√Ss"„ £##R””#2S££√„3cÇ√„ìÉc#b√ìB„Cs3cR√#R„##ìsS"√s2„cB√í„√Sí√r„"√„√„ìÉììB√SÉB„p£##R””#2c££√„c3S2√„CsSí√#3„33CS2√#R„3CsÉB√s2„cB√í„"√c"√b„r√„√„"√cí„0£##R””#2s££√B„SCSÇ√„√#3r„cììc2√#R„sÉss3b√s2„cB√í„√cr√R„√„√B„SCSÇ√c#„ê£##R””#2É££√SR„É#3√„√CÇ„#c33b√#R„S#3#CÇ√cí„ìb√„2√cb√B„2√#r„√SR„É#3√SÉÇ„p£##R””#2ì££√3"„cìì2√„s"√í„É#í√#b„C333b√cB„SR√2„√cb√Ç„B√s"„√3"„sc#ì3"√SCr„ £##R””#2££√É„cCSB√„CB√„√#í„SÉcb√c2„SB√B„Ç√Sb√R„√332„√É„c#CÉSB√S#R„p£##R””#2££√#í„SSsb√„#b√„√#R„3cCB√S"„"√b„√SB√b„B√CÉ„√#í„scssb√SB„@£##R””#2#££√#R„ìÉCC2√„Cc#2√„√#R„#SSÉB√Sb„sÇ√b„Ç√Sb√„2√SS2„√#b„#3cb√Cì2„ê£##R””#23££√ìb„#SC3B√„ìSS√„√#R„SÉCÇ√Sb„sÇ√r„√SÇ√„√Ssr„√ìb„#SìÉR√S2„Ä£##R””#2C££√SR„SÉcB√„SB√#"„3Cí√#2„ÉsÉcÇ√cB„SR√r„"√Sb√2„R√S#r„√SR„SCC"√SCr„P£##R””#2S££√„SCs#Ç√„c"√„cCCì3b√#"„sScsb√cr„É"√b„í√Sí√„√C#„√„Sc3CÇ√Ssí„£##R””#2c££√3r„CÉs3B√„#ÉÇ√#C„sCCB√#b„ÉìÇ√cí„ìb√b„r√Sí√r„2√#s"„√3r„ssS3B√cC„ê£##R””#2s££√"„CÉ3C#r√„#b√3C„SsÉsB√#í„SSÉÇ√s2„C2√B„í√s√2„B√"„√"„Cìc#r√sB„0£##R””#2É££√„ì3CÉcÇ√„√3Éb„s#Ç√#r„3CCB√s2„C2√2„√É√R„"√r„√„ì3CÉcÇ√sCb„0£##R””#2ì££√"„ì#sìsb√„sSCb√3c„sscb√#R„ScSb√s2„C2√"„B√É"√b„B√„√"„ì3SS#"√sC"„ £##R””#2#££√"„ÉìcB√„Ç√33Ç„cCSCcÇ√#R„cì3ÉB√#2„3√„r√É"√b„Ç√„√"„ÉìsÉB√s#b„`£##R””#2#££√"„#3c3Ç√„SB√3#„ScCìÇ√#R„S#c3ÉB√s2„cB√"„r√sÇ√r„√„√"„#CsÇ√sb„@£##R””#2##££√„33sb√„3b√3"„És"√#R„#Sc3S"√s2„cB√"„"√sí√r„Ç√„√„3Csb√cÉÇ„`£##R””#2#3££√„Sc#B√„CB√#É2„CC#sSB√#R„##SÉÉÇ√s2„cB√„√sÇ√b„r√„√„##B√cc2„P£##R””#B££√„3ÉB√„CB√#Cb„#3#Cí√#R„#ì#Sb√#"„c2√„í√sb√R„√„√„CsÉB√cR„ê£##R””#B££√„3b√„ccb√#í„s3cìs"√#R„##CB√cÇ„#√„"√sí√r„"√„√„ccìb√SÉ2„£##R””#B#££√„3cÇ√„Ç√#„C3sCb√#R„##3Sì"√cÇ„#√"„r√sb√í„√„√„É3cÇ√Sc„£##R””#B3££√„3ÉB√„CÉR√É„CÉs√#R„#csccB√cÇ„#√2„"√sÇ√„b√„√„Sìí√SCr„0£##R””#BC££√„3ÉB√„Éì#SR√É"„cCsì"√#R„##cÇ√cÇ„#√"„B√É√í„√„√„Éìc3í√SCí„£##R””#BS££√„3ì"√„#3#ìí√ì„C#Cb√#R„#cB√cÇ„#√"„B√É"√„Ç√„√„#3cì√Scí„0£##R””#Bc££√„SìSr√„CsC"√##Ç„cÉcC"√#R„ìì"√cÇ„cR√"„2√É2√„b√„√„S33scìììììììììí√cr„ £##R””#Bs££√2„#SsCs2√„ìSsB√#s„É3B√#R„ì3CCÇ√#"„c2√"„Ç√É√„B√„√2„3csCr√cSR„P£##R””#BÉ££√#„ScÉSR√„CÉ#"√#sí„#sSìí√#R„3ssSì"√#R„sR√2„√É√„í√R„√#„c3#r√cìr„p£##R””#Bì££√#r„És#SR√„#cSÇ√#ìí„ìsCCCB√#R„#3ìcÇ√#R„sR√R„"√sí√í„í√ì2„√#r„3É3R√s#B„`£##R””#B££√sb„3Éc#√„Ssb√#b„33Ç√#B„Éc#sÉB√#B„s√r„√s√í„B√ì2„√sb„CC3c#√cs„£##R””#B££√SR„CscR√„3CSì3R√c„SSìr√ÉÇ„ss3És"√#R„c√Ç„B√Sb√2„r√C3"„√SR„3Sr√cR„ £##R””#B#££√S„ì#ÉÇ√„Cì#"√„√##R„sc3ìCB√r„C2√Ç„b√SR√B„b√CcR„√S„cCÇ√c„`£##R””#B3££√#Ç„ì#ÉS√„cÉR√R„É3sb√##Ç„cSsb√r„C2√Ç„í√S2√B„Ç√Sr„√#í„ì3b√c#Ç„0£##R””#BC££√#„ìsÉìr√„c3r√CÇ„#CCÇ√#3"„CìS"√sb„ÉR√Ç„r√S2√r„b√S"„√#„C#cr√c3B„@£##R””#BS££√s2„CS3C√„3ìÉììR√r„ÉcS"√#S„CÉ##Ç√R„3r√Ç„√Sr√Ç„B√CR„√s2„ÉS#3b√ccR„p£##R””#Bc££√#r„ÉSCB√„Éìcssí√cB„#cc3B√3R„s#3sb√R„3r√r„r√SÇ√Ç„í√#C2„√#Ç„ss3#2√s"„0£##R””#Bs££√"„#ì3ÉC√„Sì"√#s„ìsCì"√#ì„cÉÉ#B√#b„2√b„Ç√c"√b„B√"„√2„3ììsc√sc„P£##R””#BÉ££√„ì3ìÉB√„É3s#3r√332„ìcSb√#3„Ésìì"√#b„Cr√R„R√cÇ√B„B√b„√"„sssC√ss"„`£##R””#Bì££√"„ÉÉC#ìb√„s#ÉsR√3B„s3S3CB√#3"„ìsSsb√#b„Cr√B„Ç√s2√2„Ç√„√B„Sss√sSÇ„ê£##R””#B#££√"„3SÉ"√„3cSÉ2√3"„#Ccb√##b„ì#ìÉcB√É2„ìí√B„r√s"√B„2√„√2„c#C3√sCB„p£##R””#B#££√„s3s"√„#ìC"√#ì„CìSSB√#R„#CCìÉB√sb„ÉR√B„í√Sí√"„R√„√"„#ìÉSB√sb„`£##R””#B##££√„#C√„3ìÉ3b√#Sí„#ÉSìÇ√#R„#ss#Ç√sb„r√B„r√cB√B„√„√„CCì3b√cìr„£##R””#B#3££√„CÇ√„#33"√#Ç„cssSb√#R„#sÉ#B√sb„√B„í√cr√B„Ç√„√„#3s"√ccr„P£##R””#R££√„3ì"√„sìcsÇ√SÇ„Éc"√#í„#3CS3b√cÇ„sR√B„r√cí√b„Ç√„√„sìs√c#2„£##R””#R££√„3CB√„ì3ÉÇ√#„cSS3√#C„s#sB√cr„sR√B„b√cí√Ç„Ç√„√„ìs3"√Sì"„ £##R””#R#££√„CÇ√„cÉSc#b√#„33CÉ2√#r„ÉCB√cr„sR√B„2√cí√Ç„R√„√„cÉc3B√Scí„ê£##R””#R3££√„CÇ√„SÉ#3#2√B„CÉ#sb√#R„#ììS"√cr„sR√2„R√cB√R„Ç√„√„SÉ#s3√SSí„0£##R””#RC££√„CSb√"„3ì3c"√É"„ì3Sí√#R„##ssb√cr„sR√2„B√cÇ√Ç„B√„√"„3ìÉÇ√SSR„ £##R””#RS££√„CcB√"„ì#É#√sí„ìÉ#r√#R„33cÉÇ√cr„sR√2„í√c"√#R„2√„√"„ì3#ÉR√Ss„ê£##R””#Rc££√„3cC√B„ÉSS3Ç√É"„É#Ér√#B„#ìS"√s„É2√2„"√s√#B„b√„√B„Éìsí√c„ £##R””#Rs££√2„SsÉCCB√b„3ìcr√ìR„ÉìC2√ì2„ìì3"√É2„ìí√„Ç√ÉB√#B„r√„√í„Sì#C√cc2„`£##R””#RÉ££√#b„33ìsSR√R„ìsì#í√cr„ììC√#"„#ÉS"√í„Sb√„√ì√#Ç„B√„√3„S3scÉB√s2„p£##R””#Rì££√SB„#Sí√R„SCcí√„√#3"„ss√r„3b√„r√sí√#í„r√Cí„√Sí„3cCÉCí√sR„`£##R””#R££√b„c"√r„CÉSCr√„√#b„ÉScSb√í„3b√„Ç√sR√3R„Ç√#CÇ„√#B„ìSSí√cÉ"„ £##R””#R££√S„C3ìS√Ç„sììÉC2√„√S"„#S3CB√B„í√"„B√Sí√3r„B√3É„√SÇ„ìC3sìB√cCr„p£##R””#R#££√S"„cCÉsR√Ç„cSr√„√c„c#Sì"√B„í√„Ç√c"√3r„√CÉR„√c„scS3É"√c#"„@£##R””#R3££√CR„É#CìÉÇ√b„cSsc#2√„ìÉ#b√s„3scB√B„í√"„R√S2√3b„√CÉ2„√S"„CÉ#c√cS2„Ä£##R””#RC££√ì"„ìSCÉ3R√R„ssìs"√Cí„3C2√#„#CSÉB√B„í√"„√Sb√3b„B√CS2„√ìÇ„s3CSCr√cì„P£##R””#RS££√SB„3sÉÉB√Ç„SsìSr√"„scSs"√#b„ÉcìÉÇ√B„í√„r√c√3„Ç√3c„√c"„ìSÉ3#√s#R„`£##R””#Rc££√Ç„CS#É3b√Ç„c#"√#2„ìCÉb√#R„#sÉS#Ç√B„í√„2√c2√32„b√#3Ç„√#r„S3ÉSÇ√sSR„£##R””#Rs££√„É33ssR√Ç„cScSc2√#32„cCs#ÉÇ√#R„#ÉÉb√B„í√„√c2√3"„B√ì„√„Cì33Ç√sì„`£##R””#RÉ££√„ìSSCcB√Ç„SSìÉSí√##b„#3ÉìB√#R„3s3"√í„ìí√„R√cB√3„b√B„√„SS3#2√scÇ„ê£##R””#Rì££√"„S33cB√Ç„cC3CSÇ√#r„c#3ÉÉ"√#b„ìÉCB√B„ÉB√„2√c√#í„B√„√„sìcÉ#"√sÉR„`£##R””#R#££√„#cccÇ√Ç„3ÉCCÇ√R„ìs"√#R„CC3"√sb„C√„√c√#Ç„B√„√í„Ssb√ss„0£##R””#R#££√„ìssÇ√Ç„cscÉb√ì"„ìsÉsb√#R„#ìsìB√sB„#b√í„í√SR√#b„r√„√Ç„3cS3ìB√sC„ £##R””#R##££√„B√r„É3Ç√ìÇ„ììs3b√#R„3sÉs"√sb„C√í„Ç√Sí√#B„b√„√r„ÉsÇ√sí„p£##R””#R#3££√„CCÇ√r„É3Sí√ì„Éc3√#í„Cs#c#B√sR„SR√í„b√c√#"„√„√r„É3ccììììììììí√cìB„ £##R””#b££√„3"√b„c3ÉÉR√ì2„Éìb√#R„#ccb√s„#2√í„í√c√í„b√„√b„cC#R√cCb„ £##R””#b££√„3S"√B„sìsCcb√ìÇ„s#√#R„#3ìB√cr„s√í„í√c"√r„r√„√B„sìsÉÇ√cÇ„@£##R””#b#££√„3ÉB√B„ÉSCsÉb√ÉR„c#ìÇ√#R„#SCcÇ√cr„s√í„Ç√c"√R„B√„√B„ÉSSr√SÉ"„@£##R””#b3££√„3ì"√B„CsssCB√ìb„ÉCìcí√#R„3c3b√cr„s√í„r√c√2„√„√B„CsÉ3b√Ss"„£##R””#bC££√„3cÇ√2„Sì3C3r√"„ìCÉ2√#R„3sC"√cr„s√í„B√cb√2„B√„√2„Sì3ÉR√Ss2„p£##R””#bS££√„cB√2„C#ÉÉc√B„C3SìB√#R„C3ì3b√cÇ„í√í„"√cr√"„B√„√2„C#ìS√Sì„£##R””#bc££√„CCCb√"„ìÉìsSr√cR„#ÉìS2√#b„#SSb√sR„R√í„√s√"„R√„√"„ììC#2√c3„Ä£##R””#bs££√2„csí√"„ÉÉCcr√#í„#S3r√##í„#3#3b√ì"„s√Ç„í√s√í„R√„√R„#CìSCcR√cÉ2„ £##R””#bÉ££√3r„#Ss##B√„3ÉìÉB√#„ìCÉÉC"√#R„s#CcB√#R„Ç√í„√s"√Ç„b√í„√3Ç„cCc3Ç√sB„`£##R””#bì££√ì"„cc#3ÉÇ√„33CCí√c„ììCsÇ√#R„CcÉcCÇ√#B„S√„√cB√r„2√#r„√ì2„sìSÉ3r√cìB„P£##R””#b££√Cb„CÉcÇ√„ssCs#b√C"„CsCcB√#R„CR√B„ì"√„Ç√c√Ç„2√#Sí„√Cb„ì##sì3ìììììììÇ√cSr„@£##R””#b££√s"„ì3ìssr√„cSCss"√#b„ccìsb√#R„3C3cÇ√B„ì"√„"√c√r„r√3ì„√s2„SìCSCí√cC"„p£##R””#b#££√É„sSìÇ√„É#SSSb√#„ÉsìÉìÇ√#R„3ss3"√„√„R√c√Ç„Ç√S„√É„ìC3SB√c#í„`£##R””#b3££√SÇ„É33R√„3ÉB√c„ÉSs#ÉB√#r„#SìcÇ√Éí„ìb√„r√Sí√í„r√S3R„√Sí„ÉCì3Cì"√cSB„0£##R””#bC££√Cr„3S##b√„#SCÇ√C"„ìCÉ32√#b„#ì#Ç√Éí„ìb√„b√Sí√„R√Csr„√CÇ„ScsCÇ√cc„p£##R””#bS££√ìí„#SÉ2√„ÉSÉ3ìr√É2„SCCsb√#Ç„ÉÉScSb√Éí„ìb√„√cb√Ç„√3sí„√„ccìr√cÉÇ„`£##R””#bc££√3"„CSCÉSB√„SScsR√#S2„cì#cìÇ√#S2„ÉCssb√Éí„Ér√„í√cr√r„í√#R„√32„ì#í√s#B„@£##R””#bs££√"„C#CSÇ√„CCSb√3s„ÉB√#S"„ìÉìì"√#R„S"√„R√cí√r„√ì2„√"„ÉsÇ√ss„ £##R””#bÉ££√„ì3CcCB√„CcSS2√C2„É3cb√#Cb„#s#cB√#r„ìR√í„b√sb√B„r√R„√"„3Cìr√scr„0£##R””#bì££√"„ìCSÇ√„#3ÉcÉR√CR„CCCSÇ√#c"„#ÉCB√#2„R√Ç„"√ÉB√2„B√„√2„Éì2√sSí„@£##R””#b#££√"„sÉScÇ√„3ÉìÉsr√3ìB„Ss3Éb√#Sr„ÉsscÇ√#R„#2√r„í√Ér√2„B√„√2„sCCR√sC„ £##R””#b#££√„Sì#b√„3sC3#B√3cÇ„C#sSÉB√#c„#s"√sÇ„CB√í„r√ÉB√2„R√„√„ìccCÉB√s3„ê£##R””#b##££√„3s3#Ç√„3ìc√3ìb„ÉscB√#CÇ„ìs3"√sÇ„CB√í„"√Éb√b„"√„√„sÉ3ÉÉìììììììììí√s3"„ £##R””#b#3££√„Sc3"√„#3#3b√3CR„CcìÇ√#SB„S33b√sÇ„CB√Ç„r√Ér√Ç„r√„√„#3sccÇ√sb„ £##R””#r££√„3ÉB√„S###√3C„cÉCÇ√#r„#És"√sR„R√Ç„B√É"√"„√„√„S#cS√cS2„p£##R””#r££√„33b√„SìSsÉ"√#É2„És3CcB√#B„Éc3B√s"„#í√Ç„b√sÇ√"„"√„√„SìcÇ√cb„P£##R””#r#££√„B√„#cìí√#cR„SÉ3#B√#R„SìcB√s"„#í√í„√sr√"„b√„√„##ìí√Sì"„@£##R””#r3££√„3b√„cSì3Ç√##"„csÉ3SÇ√#R„#ss"√s"„#í√í„2√sÇ√B„R√„√„cS#ìÇ√SsR„Ä£##R””#rC££√„3CB√„cSS#ì√s„CSsR√#R„Éb√s"„#í√í„B√sb√"„"√„√„cSSc3R√SsR„p£##R””#rS££√„3S"√„Csr√#B„sÉÉì"√#b„sCcC3"√s"„#í√í„√sr√"„√„√„Css3S"√Sì„ £##R””#rc££√„3Cs"√„Écc32√#„sÉ#2√##r„SSSCB√sR„SB√í„R√sr√"„r√„√„ÉcìcS√c#b„ £##R””#rs££√„ìCC"√„És3√#„ss##b√#SR„#33s"√ÉÇ„R√„r√s2√í„"√„√"„sssS2√cÉ„@£##R””#rÉ££√#b„sCsR√"„sSSCCÇ√b„#Csr√#2„ì#s##B√R„Sí√"„í√s√#R„√b„√#Ç„ì#ìS#2√s„p£##R””#rì££√ÉÇ„c3ÉB√2„3ìB√í„sSS32√#R„3CCÇ√2„3í√B„2√s2√32„Ç√R„√ì„c3CÉìÇ√cÉ„P£##R””#r££√í„Éìcsr√B„sÉìsB√„√#r„Cssb√b„Sr√R„í√S"√3b„Ç√#c"„√#B„cScÉ√ccb„ £##R””#r££√"„ÉS#CS"√r„cs3ccB√„√#s„sCsB√b„Sr√R„Ç√S"√C2„2√C#Ç„√„S#cb√s2„@£##R””#r#££√sb„ssì#Sb√r„SìssÉ"√„√#s2„s##Ç√R„√B„√c√C"„√C„√ÉB„3ss3Ç√s„ê£##R””#r3££√CÇ„ìÉÉC"√r„cC3Sc2√„√3#„ÉSs"√„r√"„B√sB√3í„2√CCB„√Sb„c3cR√s3B„£##R””#rC££√CR„s3R√r„ssCr√#„3sÇ√3Ç„33#Ç√ì2„ì√"„b√c2√3r„b√C#B„√S2„C#sÉ"√s3R„@£##R””#rS££√CR„cìC3"√r„S3Sr√É2„3#cS2√#sR„c#sCB√ì„2√"„b√Sb√3b„√33r„√S2„##C#Éìb√sCB„ £##R””#rc££√„#ìÉì"√r„cìc#2√É„#sí√#Sr„S#ìì"√ì„2√"„"√S2√3í„2√ìÇ„√r„ìÉS3R√É2„ £##R””#rs££√„#3ÉCR√r„Cìc3CR√#3"„ÉCB√#Cr„C33"√Éí„Ér√„b√Sr√3Ç„"√ì„√Ç„s3CCí√É#Ç„ê£##R””#rÉ££√„c#É#b√r„Ssb√#Sb„cS#cCÇ√#„s3Éì"√í„cí√„Ç√c"√3B„√R„√í„3S3sb√ÉR„Ä£##R””#rì££√„CsC#Ç√r„##ì3"√#cb„#SC#SB√#R„3SSÉÇ√í„s"√„b√c√3B„√„√Ç„s3C"√ÉB„ê£##R””#r#££√„C#ìCB√b„ccÉCB√#S"„ì#S#Cb√#R„SìÇ√í„s"√„r√Sí√3"„R√„√r„sCsÉÇ√ssí„`£##R””#r#££√„C3"√r„sC3Sr√##„ÉìÉ#Ç√#R„C3##CÇ√É"„√„r√Sr√32„b√„√r„sCsÉí√sS„£##R””#r##££√„B√b„Css#sí√#SR„ÉCÉìb√#R„3Sì"√É"„SB√„r√SÇ√#í„Ç√„√b„Csscsí√s3„ £##R””#r#3££√„3ì"√b„SC3S√#3í„ìÉ3##b√#R„#3s3"√sÇ„B√Ç„R√É√#b„b√„√b„SCsC2√cìÇ„ê£##R””#Ç££√„33b√r„#S√c„##cCR√ì2„CÉs#Ç√Éb„Sr√Ç„R√ì√#2„2√„√r„#SCCr√cCr„ £##R””#Ç££√„#Ç√b„ì3cì"√SB„É#SCB√c„É33Éìb√s"„3r√í„√É"√#B„Ç√„√b„ì3cCs"√cí„p£##R””#Ç#££√„3B√b„ìcscb√„ÉÉ#√c„sSScÇ√s"„3r√í„"√sr√#R„√„√b„ìsr√SÉr„ £##R””#Ç3££√„#ìb√r„s#Cìr√„ÉSí√c„scìb√s"„3r√í„r√cb√#r„√„√r„s#sì2√SsB„ £##R””#ÇC££√„#ÉÇ√b„ì#É2√„É#ìc√c„sCccB√s"„3r√í„R√cR√#b„R√„√b„ìSs√Ssr„Ä£##R””#ÇS££√„#cB√b„#s#√„ÉCc"√c„sììb√s2„b√í„√cB√#2„√„√b„#ìÉCììììììììí√SìÇ„ £##R””#Çc££√„S3ìÇ√R„ì#c3Ç√„ÉSCR√c„cÉÉcÉÇ√Éí„Cr√í„√c2√í„√„√R„ì#s3Sììììììììí√c3Ç„ £##R””#Çs££√"„CCScí√R„cs3c#R√„ìSÇ√c„cìb√b„2√í„"√cR√r„B√„√Ç„ÉsìC√cì„@£##R””#ÇÉ££√3"„#c3CÇ√2„ìSs"√„ìC#r√c„c#cs"√r„"√í„2√cB√r„√„√3b„SsS"√sÇ„ê£##R””#Çì££√ÉR„ìS3cí√2„sScCB√„sìcÉR√c„ÉSsb√"„Ér√í„b√c2√R„b√S2„√ÉÇ„#s3√sB„ê£##R””#Ç££√32„3ìCÉÉB√"„ìsì#R√ì2„3ì#B√c„s##Ç√"„í√í„r√cB√B„B√3"„√3b„3sCìí√csí„ £##R””#Ç££√sí„SÉÉsSr√"„3SC#ì2√Sr„É3CÇ√c„sSSCB√ì„SR√í„í√cB√2„2√#B„√É„ìC3R√c3B„0£##R””#Ç#££√#„CìcR√„ÉCÉCR√sb„#cCcR√c"„CcÇ√Éí„S2√„√cB√„r√#cr„√#"„3Éb√c„£##R””#Ç3££√#„scìC"√„ìÉcÇ√sr„ìC#í√c"„SSc3S"√b„√„2√c"√"„√3C2„√#"„cssCs2√cr„ £##R””#ÇC££√s„ìCììC√„ìccC2√sÇ„Ssc32√c"„Ss#cB√í„#2√„b√c√"„B√3sÇ„√s"„ìc3CB√c#"„ £##R””#ÇS££√B„É#CÉÇ√"„3CC"√2„Cb√c„s3Scb√R„ìR√„b√cb√„Ç√3#í„√b„3ì3ì2√cc"„p£##R””#Çc££√3b„3CCcÇ√"„CCSìí√3í„SìcR√c„sÉS3CB√r„"√„B√cB√"„2√sí„√3Ç„sìcr√s3„`£##R””#Çs££√"„#Scr√"„Sc3√##R„3sì#ìB√c"„#ì3ÉÇ√í„"√„√c"√„B√Éí„√B„ssSìÇ√sìB„@£##R””#ÇÉ££√„ìCSìb√„cSS2√#ìí„sÉ3c"√c„ccs3S"√Ç„sí√Ç„r√s2√Ç„B√b„√2„c#í√É2„ £##R””#Çì££√"„ìcSÉB√„#3Cr√#ìí„c3sSí√c„c#c3b√Ç„sí√r„r√É√R„R√„√B„ììÉSr√sìr„0£##R””#Ç#££√"„É3cÉCB√„ì33R√#ìí„cSsb√c„cssÉÇ√Ç„sí√b„í√É√"„2√„√2„scsCí√ssí„ê£##R””#Ç#££√"„Ssì3b√„ccCb√3„SscB√c„sÉ3É3"√Ç„sí√r„í√ÉR√„√„√"„cSìSÉ#2√sSb„Ä£##R””#Ç##££√„33ììB√„ScR√3„ÉCS3B√c„sSsìB√Ç„sí√b„í√Éb√„Ç√„√„CìSSB√sC"„ £##R””#Ç#3££√„SÉSb√„ÉÉSCb√3„Éss3Ç√c„sCsS"√Ç„sí√r„"√ÉB√„2√„√„ìCC"√sR„p£##R””#í££√„3sb√„SB√#cR„ÉCCCB√c„scSCÇ√r„C2√b„Ç√É√„R√„√„SC3sb√ccÇ„ £##R””#í££√„3CB√„Ç√ìB„c3SC3B√c„sÉÉcB√ÉB„R√r„"√sR√„Ç√„√„#CB√c3B„ £##R””#í#££√„3ÉB√„√ìB„c##B√c„ÉCcÉÇ√s„B√Ç„√s2√„í√„√„3ÉB√c„P£##R””#í3££√„#Sb√„√ìB„C#Sí√c„scCìB√sb„SB√r„√sR√"„B√„√„#Sb√Sìb„0£##R””#íC££√„#3"√„√ìB„CSì#"√c„sÉÉs"√sÇ„2√r„2√sR√„R√„√„#3"√SìB„ £##R””#íS££√„#CÇ√„√ìB„Ccì#B√c„csìCB√ÉB„R√r„B√sB√„r√„√„#CÇ√cÇ„ £##R””#íc££√„C3ÉÇ√„#3Sc2√ìB„3ÉCCr√c„cCSsb√ì„ìb√b„2√É√"„r√„√„#sìS√c3b„Ä£##R””#ís££√2„3sììr√„CB√ìB„C33Éb√c„c#Csb√ì„ìb√b„r√sb√2„B√„√2„3ÉS3ìr√cSb„`£##R””#íÉ££√CB„CÉ#c"√„CB√ìB„#ìs#sÇ√c„c#CÇ√ÉB„R√r„b√s√B„√#„√CB„CìcCc"√c3Ç„Ä£##R””#íì££√Ç„CÉcb√„CB√É2„3scs"√c„cCcÇ√cr„ìb√„"√sb√r„"√Sb„√Ç„SS#cb√Sìb„Ä£##R””#í££√SB„ìcCc#"√„#b√„√c„cÉ#Cs"√cr„ìb√2„B√cb√2„√3#R„√SR„ÉS##"√SÉ"„p£##R””#í££√cb„ÉC3#b√„SCÉC3"√„√c„ss3ì"√cb„cr√B„Ç√c2√"„√CSb„√cr„3S#sSÇ√Scb„ £##R””#í#££√Éí„s#csSB√„cìS"√„√c„sCsÉB√„√b„"√Sí√„"√SS"„√ì„33Sìb√S3R„p£##R””#í3££√ì„ìsCí√„ssìcÉR√„√c„sì#cÇ√cR„c"√r„√Sr√„Ç√Ss„√ì„sììC3B√SC„0£##R””#íC££√S2„S3Cb√„Csìsí√B„SÉì"√c„scsCÇ√cr„ìb√r„"√Sr√„r√S#í„√S2„S3cCìììììììÇ√ScR„p£##R””#íS££√ì„ì3ìCr√„3ì3s3í√c„sÉìSb√c„sììcÇ√É"„3r√b„Ç√Sb√"„í√C3„√ì„333Sb√c"„@£##R””#íc££√#b„sc3#2√„33SS3"√CR„3ììb√c„sSSCB√ì„R√b„b√Sr√B„r√#sB„√#r„ìcÉSR√cs2„p£##R””#ís££√„sìcì√„#Ccs√ì2„33B√c„Éììì"√ì„#2√R„√cr√B„2√r„√"„C3c"√s3"„ £##R””#íÉ££√„ÉScCB√„#3sb√#C„"√c„Éc#cÇ√ì„#2√2„√sb√B„Ç√b„√"„Éì#CB√sS"„@£##R””#íì££√"„ÉCìÉB√„ÉSB√#C2„s3CÇ√c„sÉ#ÉÇ√ì"„ìÇ√"„r√sb√b„í√„√2„3CCÉB√sCR„0£##R””#í#££√"„#C"√„3#CcB√#B„CS#c"√c„ÉCCcB√ì"„ìÇ√"„2√sÇ√Ç„√„√"„33sb√s3„0£##R””#í#££√„ìCcSB√„C#C#s"√s"„cC#S#b√c„É3b√ì„S"√"„R√É√„B√„√„3sÉ"√s"„p£##R””#í##££√„ìCSb√„É3Ccr√sB„CÉB√c„ÉCc#s"√ì„#Ç√"„2√É√„√„√„ÉSCc2√cìr„`£##R””#í#3££√„3"√„CÉÉcR√sB„3cSCÇ√c„sÉÉÉs"√ì„S2√"„√É√„B√„√„Cìscìììììììììí√cs„ £##R””3££√„#ÉÇ√„#b√C„ÉSìcC"√c„sÉsÉÇ√s„ÉÇ√"„√sí√í„í√„√„#c#ÉÇ√c#í„£##R””3££√„3B√„##Cc2√s2„s3cÇ√c„ss#cÉÇ√cí„R√„í√É√„√„√„##scr√SìB„ê£##R””3#££√„#Ç√„ìc3Éí√sB„CÉsì"√c„s#S3"√cr„ìb√„Ç√É"√í„Ç√„√„ìcccí√SsR„ £##R””33££√„#cB√„cS#3√sB„É#cs"√c„cìccìb√cr„sí√"„√ÉB√"„R√„√„cSCìCìììììììììí√Sc"„@£##R””3C££√„#cB√„#sCscr√sB„ìÉì#cB√c„cÉs3b√cr„sí√„2√ÉR√„√„√„#sS3ìììììììììí√Sc„`£##R””3S££√„#cB√„ìÉCc"√sR„3ÉcSb√c„cScÉÇ√cr„ìR√„√ÉÇ√„R√„√„ìÉs#Sìììììììììí√Ss"„@£##R””3c££√„Cc#"√„#ÉÇ√sB„ÉCÉSì"√c„ccSSb√cí„R√„2√ÉÇ√"„√„√„#3C#"√Sìr„`£##R””3s££√"„#ìsÉr√„#cb√sB„ì3ÉcB√c„sÉb√cí„R√„r√Éb√„2√„√"„#3C2√c"„Ä£##R””3É££√3R„É3SS3B√„c3Ç√c2„CcCCcB√c„sCsC3"√cr„sí√"„"√ÉB√„B√b„√3R„ììì33CR√Sìb„@£##R””3ì££√ìÇ„ìì2√„ì#3R√„√c„ccÉÇ√cr„#√B„b√ÉB√í„R√#í„√ìí„ÉS3R√SSÇ„ £##R””3££√C"„CÉS2√„Sì#cB√„√c„c3"√cr„"√r„Ç√s"√r„√#sr„√C"„c3ìssr√S3r„`£##R””3££√cR„SÉ#sÇ√„C3ÉCc2√„√c„É3ìcÇ√cb„#r√í„2√SÇ√Ç„R√3ì„√cb„#s√SR„ê£##R””3#££√ÉB„S3ìR√„CSsÉ"√„√c„ssb√cR„c"√#„√S2√„Ç√Ccí„√ÉB„CSÉÉsr√S"„Ä£##R””33££√cÇ„#csì3Ç√„CcC3#"√„√c„cì#ÉÉÇ√cR„c"√#„2√S√„2√Cìb„√cÇ„s3##b√S#"„`£##R””3C££√CR„ìcCCb√„3ìÉCí√"„Éc3#Ç√c„sSsScÇ√cr„"√#„2√S√"„í√Ccí„√Cb„3c#ScR√S3R„`£##R””3S££√ìB„É3s3Éb√„ÉcSB√í„ÉÉ#sr√c„ÉìcsÉB√cr„B√í„r√S"√r„R√3s„√ìR„cìÉì#b√SÉR„ê£##R””3c££√#Ç„s#ScB√„ì#CCb√#r„#sscB√c„sì3#Ç√cí„R√í„"√SR√b„"√##"„√#í„cCì#√cCr„P£##R””3s££√"„#sÉ#SB√„c33Sr√#C"„Éss#"√c„ÉìscB√cí„R√Ç„√c2√R„√ìR„√"„ÉÉc√sí„`£##R””3É££√„ìSS"√„ScsC2√#C"„CìÉ#ìÇ√c„ssCì#Ç√cí„R√b„r√s√R„√R„√"„SsìC"√s3B„0£##R””3ì££√"„ÉÉ3scB√„C3"√#C"„c3ÉsCb√c„cSCìb√cí„R√R„Ç√sB√R„√„√2„#ÉCsìb√s#í„£##R””3#££√"„##3Cì"√„#ìS"√#C"„#3Éb√c„ScsCCÇ√s„S"√R„"√sr√R„√„√"„SÉcì"√s2„p£##R””3#££√„ì333"√„#sÇ√#2„#SCÇ√c„csÉÉ3"√s„S"√R„í√sB√r„r√„√„CcS3"√cìR„ê£##R””3##££√„SsS"√„#Éscí√s2„csC2√c„c3CSb√s„S"√R„2√sí√b„B√„√„33É3c√csÇ„p£##R””3#3££√„CSb√„#ccÉS"√sB„ÉcC#r√c„SìcS"√s„S"√B„í√É2√b„"√„√„#cs3Ç√cS2„ê£##R”"”££√„3sb√„#3c3s√Sr„Ccì"√c„SìSs#Ç√s„S2√R„√ÉB√Ç„2√„√„#3csCr√cb„ £##R”"”££√„CCÇ√„És3Sr√S2„ÉÉìÇ√c„SÉ#s3b√cÇ„cB√B„r√Éb√r„2√„√„ÉsÉR√Ss„P£##R”"”#££√„CcB√2„CSb√32„ÉSÉÇ√c„Sìì"√cÇ„cB√R„√ÉB√r„b√„√2„Cìr√SSB„0£##R”"”3££√„CÇ√„É#ìCcR√sR„3ìCCÇ√c„Ss#CÇ√cÇ„cB√B„r√É√R„√„√„É#ììCR√SCr„0£##R”"”C££√„Cs"√„sC#3CB√sR„ssCcÇ√c„SÉSS3b√cÇ„cB√B„B√ÉÇ√"„b√„√„sC#Éb√SCr„ £##R”"”S££√„Cìb√"„CìSCB√sR„3CScCÇ√c„Sscìb√cí„Cb√2„r√ÉÇ√Ç„Ç√„√"„CB√Scb„0£##R”"”c££√„SB√"„cs"√sR„Sb√c„Ssì#Ç√s„S2√2„B√ì√b„√„√"„cSsb√cR„0£##R”"”s££√„C#3É2√"„sCSs√sR„ÉìCB√c„cìb√ì"„#r√2„√ìR√í„r√„√B„cS3ÉB√cSr„P£##R”"”É££√í„3sì#CÇ√2„É#ì3b√sB„Éì3b√cR„C3ssb√R„cR√"„í√ìB√2„R√í„√#2„#É#ÉB√cì"„`£##R”"”ì££√sB„C√B„CCì3"√s2„cs3b√c„É#Ss"√í„#√2„2√sb√Ç„b√cR„√sÇ„#Éc3ìììììììí√ccí„Ä£##R”"”££√#í„#3s#C√R„#Cc√Ç„33Ss"√c„ssc#B√í„#√2„R√cÇ√"„√#cB„√3B„CSC"√cCr„@£##R”"”££√Cb„ÉÉR√B„3sCs3R√„√c„cCcìcÇ√ì2„c2√2„R√c"√„"√CÇ„√S„#SCsCììììììììr√c#R„ £##R”"”#££√Éb„S#ÉCCb√2„##B√„√c„scCÇ√s"„C"√2„B√Sí√„"√CÉí„√Éí„sS#CCb√SsB„ê£##R”"”3££√c"„cÉcSb√2„ìSÉC"√R„ÉC3√c„cÉc"√„#r√2„√SR√Ç„b√CS„√cb„cCCìÉ"√c„ £##R”"”C££√Cb„ÉsS3Ç√2„ÉSSì#√32„ì#Éb√c„sÉcB√ìR„3Ç√2„"√S√Ç„2√S3R„√S„s#cCSí√cí„ £##R”"”S££√2„ììS3SB√2„ÉcÉ3í√#b„##sÇ√c„sS3b√„#r√2„R√Sr√B„R√Cb„√r„Éc3sCB√cCb„`£##R”"”c££√3"„scs#b√2„És#ìí√#Cr„ìÉ3Éí√c„ssCCÇ√í„#√"„í√cB√í„r√#cí„√3b„SÉÉ#R√sR„ £##R”"”s££√"„CÉ3S2√"„ìCs#Cr√332„sìÉc#b√c„ÉcCB√í„#√„B√s√Ç„√R„√R„C#sb√scb„£##R”"”É££√„ì#C#cB√"„Sc3#Sb√3s"„CssÇ√c„s#ÉÉÇ√í„#√í„√ÉR√2„2√b„√B„CÉsS"√sÉB„P£##R”"”ì££√"„ìcss"√„S#ScCB√33"„ÉCìSÇ√c„s#CCs"√í„#√Ç„Ç√É2√"„B√„√B„CÉcCb√sÉ„£##R”"”#££√"„s3cÉsb√„3C3S√#SÇ„cssÉb√c„cCsì"√í„#√Ç„b√É"√"„R√„√B„sìì#r√sSÇ„ £##R”"”#££√„c#ssCÇ√„ÉìScb√#C2„SScÉS"√c„scs"√sí„2√í„B√s"√„b√„√2„S#33cB√s32„`£##R”"”##££√„cc#B√„CC#Ssb√#C2„C#c#b√c„sì#ìb√sí„2√Ç„r√sb√"„B√„√„SÉÉc"√sR„`£##R”"”#3££√„#cB√"„sCssr√##r„É33cí√c„cSs3ÉB√sí„2√Ç„2√sÇ√2„b√„√"„sCsìs√cÉ„Ä£##R”"”"££√„3"√R„Ssìss2√cB„s3Cb√c„cÉsb√s2„S2√Ç„í√É√„2√„√R„SÉÉR√c32„Ä£##R”"”"££√„3sb√B„É##í√„3cììB√c„cccìB√s2„S2√Ç„R√sr√r„Ç√„√B„É#CR√Sìr„ £##R”"”"#££√„B√2„C#ì3B√sí„CcS"√c„cSscÇ√cÇ„ìb√Ç„Ç√sr√Ç„R√„√2„C#ìsB√Ss"„@£##R”"”"3££√„CÇ√"„c3#Sc"√sr„ìÉ#Ér√c„cCÉC#B√cÇ„ìb√Ç„R√É2√R„2√„√"„c3#ìs2√Sc„0£##R”"”"C££√„3ÉB√"„ssS33í√sr„ÉSCSb√c„c3ì#B√cÇ„ìb√Ç„r√É"√í„R√„√"„ssSs#2√Scb„ê£##R”"”"S££√„3ì"√B„Éììí√É„3ÉÉc2√c"„Cììì"√s2„S2√Ç„B√É√2„2√„√B„ÉìCìììììììììí√SÉ"„p£##R”"”"c££√„3cÇ√B„#cR√ìí„#C2√c„É3ÉCÇ√s2„S2√Ç„"√sí√"„B√„√B„#ìs2√c3„0£##R”"”"s££√„ÉìsÉs2√2„SÉSSSr√„ÉS#B√c„cScSCB√2„B√r„í√É√Ç„√„√R„CÉ3C2√cÉB„`£##R”"”"É££√C„3Éì3r√"„cìS3C"√ìÇ„Sìc#b√c„scÉCÉÇ√B„3B√r„í√É"√r„í√B„√C2„C#sí√cÉB„`£##R”"”"ì££√B„ìcÉ##R√„C#cb√í„cCB√c„sÉ#ì3b√B„3B√í„R√s√R„Ç√SR„√b„3Éì3ì√cS„@£##R”"”"££√s„33ÉCìb√„Éì3b√„√c„CcC#B√B„3B√„"√c"√"„R√3#B„√s2„#3#ìSìììììììÇ√cb„£##R”"”"££√#"„És3b√"„Éb√„√„cÉcsb√B„3B√„√S√b„í√Cc2„√#R„cÉCcb√Sìr„@£##R”"”"#££√ì2„CsSS√2„sCÉc#R√„√#„##ìS#Ç√2„B√„√Sí√R„R√S3b„√ìr„##sb√c"„ £##R”"”"3££√cí„3C#cc"√B„#cc3cb√„√S„cCc#B√B„B√„"√Sí√b„r√Ss2„√s2„cì#Ç√c#„£##R”"”"C££√3r„3s3Ç√R„#cÇ√B„ìscí√3b„S#3CÇ√B„B√„√c√r„Ç√Cc„√C"„3s33sb√cS2„P£##R”"”"S££√S2„##s#sÇ√R„É3R√3„csÉÉCB√c„sCÉ3#Ç√2„B√í„r√c√R„Ç√332„√Sí„CssÇ√sB„Ä£##R”"”"c££√R„sc√r„#cìR√#Ç„ssìcSÇ√c„sÉ#s"√2„B√í„√c2√R„í√c„√#"„ÉÉcìb√sc„@£##R”"”"s££√„#ìÉ#Éb√r„3ì3b√ì„##SsìÇ√c„ì3ìsb√2„B√Ç„R√c2√b„Ç√SB„√Ç„cì3Cb√ÉB„Ä£##R”"”"É££√„ì#SCB√b„ìì#2√##r„3CÉ3#B√c"„S3C3"√2„B√Ç„2√Sr√b„"√2„√Ç„3Ccr√É2„0£##R”"”"ì££√"„ìcC"√b„SS33S√##R„33CÉB√c"„cSCb√B„3B√r„í√c√b„"√„√í„SCss√É„@£##R”"”"#££√"„sC3CcB√b„sccb√#B„ÉcSC"√c"„C3ì3"√B„3B√r„R√c2√r„Ç√„√Ç„ì##B√sÉ"„Ä£##R”"”"#££√„ì#ÉÇ√R„É33Ç√É„ì2√c„sCcCÇ√b„3í√r„"√c"√#2„√„√r„Cb√sSB„ê£##R”"”"##££√„CcB√B„ìcìSB√s2„3c#b√c„sÉ33ÉB√ÉR„cr√b„Ç√cB√í„R√„√R„sCCB√s32„`£##R”"”"#3££√„#s"√B„S3SìSb√s„SSC3Ç√c„É#sB√sR„3í√b„R√cB√2„√„√B„S3c##Ç√s2„0£##R”"”2££√„3S"√b„ÉÉ3Sí√#b„3sScCÇ√c„sìcì3b√sÇ„ìR√b„B√cr√"„Ç√„√b„ÉÉs√cS2„p£##R”"”2££√„3sb√R„cC3SB√„sc√c„ÉÉCb√s2„#r√b„√s"√R„√„√R„cC3Éí√cb„P£##R”"”2#££√„3ÉB√R„ìsCCí√„ÉÉcs2√c„ÉìÉsCB√s2„#r√R„í√sr√R„√„√R„ìsÉ33√Sì"„Ä£##R”"”23££√„3ÉB√r„#Cc#"√„ÉcSs2√c„ìSc"√s2„#r√R„r√sí√#„√„√r„#CcSìb√SÉ„@£##R”"”2C££√„B√Ç„3cSìí√„ÉcSí√c"„SSìb√s2„#r√b„r√cb√í„√„√Ç„3cc3í√Ssí„ £##R”"”2S££√„3ì"√Ç„cCìÉ√Ér„SììB√c"„SÉCsCB√s2„#r√b„√sr√í„b√„√Ç„cSì2√Sìr„ê£##R”"”2c££√„3S"√Ç„c32√ìb„ìì"√c"„Cììb√s2„#r√R„R√ì√Ç„í√„√Ç„c3ÉCììììììììí√cC„@£##R”"”2s££√„#ìSssb√Ç„S#Éìb√„ÉÉB√c„s#S"√r„3Ç√R„√ìB√Ç„B√„√Ç„CCÉcs"√s„p£##R”"”2É££√B„sC3S3R√r„3#cSÉB√„3Sì#√c„sssS"√"„Éí√R„r√ÉR√#„B√2„√"„sí√ssí„£##R”"”2ì££√#2„C#ìR√r„ì32√b„É3ìC3"√c„É3c#B√"„É"√R„2√ÉB√#"„B√#„√3„ìs3#ìR√Éí„P£##R”"”2££√cB„sCcR√Ç„SCC#B√3b„ÉÉsSb√Sí„#b√"„ÉB√R„r√sí√#B„√S„√s2„#CÉÉí√ssí„ £##R”"”2££√3Ç„CìCì3R√r„sìcsC√É„É3ìÇ√Sí„3ìr√í„3Ç√b„Ç√s"√3"„√##R„√Cb„#ìcsb√s#„ £##R”"”2#££√#b„CCcCc2√Ç„##b√s2„#S"√c„ss33b√Ç„32√b„√sr√3„b√3cÇ„√3B„cCÉS##ìììììììÇ√sb„P£##R”"”23££√"„3ìÉ#3B√r„#sÉì#√s2„ì#Sb√c„sÉcsCB√„ìÇ√b„B√s√3„B√Cìr„√í„cssSR√sCí„P£##R”"”2C££√c„Scsc2√Ç„CSìsÉr√sb„ìC#ÉìB√c„ssS3sb√"„ÉB√b„√cr√32„B√Cb„√s„#cÉR√sÉB„p£##R”"”2S££√C„#sc3ìb√r„sÉÉc2√É"„ÉSB√c„sSS3ÉB√#2„c"√R„R√sB√3B„í√3r„√CÇ„3SS#Sí√É"„ £##R”"”2c££√r„3Éc3Ér√Ç„C#sÉì2√É2„sCSìB√c„ssc3#Ç√"„ÉB√R„"√cb√3b„√#í„√#R„ÉC#Ç√ÉCÇ„ê£##R”"”2s££√„3ìcr√r„3Cì3CB√B„#ÉìÇ√c„É#CÇ√"„ÉB√R„√cÇ√3r„b√É„√Ç„cSÉS√ÉÉÇ„Ä£##R”"”2É££√„É3S3b√R„Scc3"√S„ììÉcSÇ√c„c3cCìb√"„ÉB√B„b√s"√3„B√B„√r„33cÇ√Ésb„P£##R”"”2ì££√„sÉìB√R„3ssì2√s„#3c3"√c„cÉscÇ√"„ÉB√B„b√sb√#r„"√„√r„Éc32√ÉCb„0£##R”"”2#££√„ScScÇ√Ç„3ccr√#„sìsìB√c„cìÉb√"„ÉB√B„R√sí√#R„R√„√Ç„É3sR√É"„P£##R”"”2#££√„C3ìcÇ√r„33cB√„sCCR√c„csScìb√r„3Ç√B„√É"√#"„√„√r„3sììÉììììììììí√ssí„P£##R”"”2##££√„CÇ√r„SScÇ√„ìÉ3R√c„sScB√Ér„"√B„r√sb√Ç„í√„√r„Sìsb√scí„P£##R”"”2#3££√„Cb√R„Cccr√„É"√c„csSSÉB√r„#R√R„2√cr√Ç„Ç√„√R„CÉ3√sC„ £##R”"”B££√„CB√R„#ÉB√ÉÇ„SÉìsb√c"„3Éì"√sB„SR√R„b√cB√í„"√„√R„#ÉCÇ√cì"„ £##R”"”B££√„C#B√B„cCí√É„sÉb√c"„cÉÇ√s2„#r√R„b√cB√í„Ç√„√B„cCs2√cCí„0£##R”"”B#££√„B√2„ìÉcss"√sÇ„ìSÉ√c"„c3ÉÉÇ√s2„#r√R„2√s"√Ç„√„√2„ìÉss"√c#2„p£##R”"”B3££√„3ì"√B„CCsSb√ìÇ„3ÉìC√c"„s3b√s2„#r√B„í√sB√B„r√„√B„CSCsììììììììí√c„ £##R”"”BC££√„CÇ√"„CÉR√#í„cSb√c„ss#ìcÇ√s2„#r√R„2√sr√R„R√„√"„CÉCSÇ√c„P£##R”"”BS££√„C#B√„sccs√sB„#ÉSS√c„sCSCB√s2„#r√R„2√É"√í„Ç√„√„sc#ìR√c#í„0£##R”"”Bc££√„B√„CC#ìSÇ√É„cìB√c„sSÉ3S"√sB„SR√R„Ç√sr√„2√„√„CC33SÇ√ccí„`£##R”"”Bs££√„C##Sr√„cSCCc2√#í„ccÉc√c„sccCb√2„SB√R„í√É√"„í√„√„ss32√s3Ç„ £##R”"”BÉ££√r„#3c#B√„3S3Sí√#3í„ÉCS"√c„cCììb√B„cr√b„√É"√"„B√B„√r„S#ÉìÉ2√ÉÇ„£##R”"”Bì££√3í„3#3Ç√„#ìSCÉ√#s„s##C2√c„sS3CB√#b„c√b„í√cB√B„í√S2„√3í„cSSí√ÉÇ„0£##R”"”B££√cr„Éc3Éb√„#ìCs2√#cr„ccb√c„s3#B√B„Sr√r„Ç√Sr√í„"√3"„√cÇ„É3#sÉìììììììí√sì„@£##R”"”B££√sr„ìÉ33í√„ÉCììSB√#cr„cìì#B√c„cssb√B„3√r„í√SÇ√í„√ì"„√sr„ìCÉ#ì#ìììììììí√ss2„P£##R”"”B#££√ì"„ÉCÉìR√B„ScCÇ√##b„CcÉb√c„cc#ìb√ì„ì√r„Ç√c√í„Ç√Éí„√ìr„C#ìÉR√s3Ç„ê£##R”"”B3££√ìr„SC#3b√B„ìSCÇ√##2„sCs3B√c„sSscÇ√ì2„B√r„í√c√#„B√#b„√"„CcScSB√sS"„p£##R”"”BC££√Sí„C#SSsb√R„#SCì"√##b„scC3#Ç√c„s3b√ì2„B√Ç„√c"√í„b√sÇ„√cB„SScÇ√ssí„ £##R”"”BS££√CR„ssÉsb√B„#scC3Ç√#ÉB„ìSscÇ√c„s3S"√b„ÉR√Ç„√SÇ√í„2√C2„√Cí„CSC3B√sì2„@£##R”"”Bc££√R„##sÉÇ√B„3C#32√33í„C#3Sb√c„sSCcB√b„cí√Ç„"√c√#„√ìr„√í„ScÉC√É#R„ £##R”"”Bs££√„c3ÉR√B„SSÉS"√3CB„3cì"√c„ss"√b„cb√Ç„√c"√Ç„r√C„√R„3Éì3r√Éc„0£##R”"”BÉ££√„sSss"√B„C3ÉcÉb√3Ç„ìcsb√c„sÉ3cÇ√#B„32√r„Ç√cR√í„√"„√b„CCCSÇ√É3r„0£##R”"”Bì££√„ccs#sb√R„#csR√#ìr„ìcsC"√c„sC#cÇ√#B„32√r„í√cB√í„2√„√b„sÉÉìS√É3í„@£##R”"”B#££√„ì3ìCÇ√B„SCCCr√#SÇ„CsÉb√c„s#ì3b√ì2„B√Ç„√cr√#„2√„√B„s3sììR√Ér„0£##R”"”B#££√„3ì"√2„ìÉcí√#SR„É3cÉB√c„ssSìì"√sB„ÉR√Ç„R√Sr√#„b√„√2„ììÉ"√sÉb„ £##R”"”B##££√„3S"√r„CcCìÇ√#3„scB√c„s#Éìb√sr„sÇ√í„√Sr√#B„B√„√r„CcÉR√sc„ £##R”"”B#3££√„3b√r„ìSìÇ√sR„3#sì#"√c„sÉ#ÉÇ√sr„sÇ√í„r√Sr√#r„"√„√r„ìS#ssììììììììí√s3„P£##R”"”R££√„3ÉB√Ç„scr√ìR„SÉÉCCB√c„sSc#Ç√sB„ìB√í„í√SÇ√#r„r√„√Ç„scCì√cÉ„p£##R”"”R££√„#Ç√Ç„C#ìÉ"√sB„s3S#B√c„sCccB√s2„3√í„b√c√#í„√„√Ç„C3√c3R„p£##R”"”R#££√„B√Ç„c#S#sr√c"„3Sc"√c„s3CìCB√s2„3√Ç„"√cí√3„Ç√„√Ç„c#Scss√cb„0£##R”"”R3££√„3"√r„Cc#cb√„√c„s#Ç√s2„3√Ç„b√s2√#Ç„r√„√r„Cc#CsÇ√Sìr„ £##R”"”RC££√„3B√R„ÉÉÉ"√„√c„s#3"√s2„3√Ç„R√cR√#b„Ç√„√R„ÉÉÉ3b√SìÇ„ £##R”"”RS££√„#ìb√R„SÉCS#"√„√c„ccccÇ√s2„SB√Ç„√c"√#r„√„√R„SÉCÉsììììììììí√cí„ê£##R”"”Rc££√„#ìb√R„C#CC"√„√c„s33b√sb„sÇ√r„b√c"√#R„"√„√R„C#s3Ç√ccR„£##R”"”Rs££√„cìì#S2√B„ccC2√r„scb√É„S3cb√2„É√r„R√SÇ√#B„√„√R„ÉSÉìb√s3r„£##R”"”RÉ££√r„sÉ3sb√B„3sSÉ3R√CR„CCìB√#B„#ìCcÇ√R„í√R„b√ÉÇ√í„2√í„√#„CSC#√sÉB„P£##R”"”Rì££√c"„ìsSÉÉr√B„É#SìC"√B„S#cb√c„ìs#ssb√R„í√r„√SÇ√r„í√cr„√cr„ÉÉ#í√ss"„ £##R”"”R££√CB„CsCìR√B„#ììì2√b„sCÉc3"√c„É#33cÇ√R„"√b„r√cb√B„í√#Ç„√CÇ„ssCÇ√sí„ê£##R”"”R££√sR„ÉcsìCÇ√2„Éscb√S„s3É#ìb√c„sSÉ3S"√„í√b„R√cÇ√B„b√#R„√sí„csìsC"√s#í„p£##R”"”R#££√s"„S3ì#"√"„ìÉc#r√„√c„sSì3b√„ÉÇ√b„r√cR√b„"√3"„√sR„CÉììCí√sí„`£##R”"”R3££√cÇ„s#É3√"„S3És2√„√c„s33B√ì"„3í√r„√SÇ√R„b√CÇ„√s„#csB√s„Ä£##R”"”RC££√3B„ìS3cSR√„csscB√B„#sCsR√c„css#Ç√ì2„sR√r„√Sr√B„R√CC„√3b„c3Éí√s3"„ £##R”"”RS££√ÉR„CSb√„CCÉs2√cr„C#s#"√c„ss#Ç√„ÉÇ√b„r√cí√í„√32„√Éb„SS3#s2√sSR„£##R”"”Rc££√#r„3Ccì2√„3sìs"√ÉÇ„Ss33B√c„cs3#ÉÇ√"„C2√b„b√cí√Ç„Ç√„√#Ç„cì3ÉcR√ssr„P£##R”"”Rs££√"„SÉs√„ScsCí√#ìÇ„É#3SB√s2„#3"√#„#B√b„2√cÇ√b„R√S„√B„c#c"√É2„`£##R”"”RÉ££√„ìSÉsCB√„CìS3c√3#„Cc3Cb√ÉR„ìsÉ3S"√#„sí√b„√cí√b„√B„√2„CSCR√É#"„P£##R”"”Rì££√"„É3sÇ√„ìssìí√3#"„ìSS"√Éí„SSsì"√#„ÉR√R„2√É√2„í√„√2„ÉSsí√É"„ £##R”"”R#££√"„#cCCCÇ√„cs3cR√#S„sì#3Ç√Éí„cÉÉÇ√#„Ç√B„R√ÉB√"„Ç√„√"„ÉÉÉ2√Éí„p£##R”"”R#££√„SS##CB√„3ì##Ç√#r„ìs#cb√ì„CcB√ì"„3í√R„í√Ér√„r√„√„ìC3Cs"√sìR„ £##R”"”R##££√„#ìcCÉÇ√„3SB√#2„SsCÉ2√ì„CsÉcÇ√ì2„b√b„2√Éb√"„Ç√„√„cCcS#Ç√ssÇ„ê£##R”"”R#3££√„SSÇ√„3ÉB√ìB„#3CÉÇ√ì„3ÉC3sb√ì„2√b„r√ÉB√R„2√„√„3ccì"√sS2„0£##R”"”b££√„CB√„#É3C#B√#í„É#cìR√ÉR„És#Ç√#"„Sí√b„r√É2√R„B√„√„#É3ÉcB√sB„p£##R”"”b££√„Cb√„3CcssR√##"„3sC√c„s#B√r„"√b„r√É2√B„2√„√„3Csì√cc„Ä£##R”"”b#££√„CÇ√„3Ss33R√É2„3#Sr√c„cìscCÇ√ì„CB√b„B√ÉR√B„"√„√„3SssC2√c3R„0£##R”"”b3££√„3ì"√„3#ìcs"√É„ÉcS2√c„csCc3"√sÇ„r√b„2√ì√"„r√„√„33cB√cr„ £##R”"”bC££√„B√„3S##b√É„ccc"√c„cSSSì"√ì„ìí√R„"√ìB√B„√„√„3S#cb√cr„ £##R”"”bS££√„Cb√„#CìsB√É„ì#Ss√c„sCB√ì„ìí√R„"√ì"√R„R√„√„#S"√c3Ç„@£##R”"”bc££√„3ì"√„3sÉÉr√É„ìÉR√c„ÉSsCb√Ér„ìÇ√R„R√Éí√Ç„2√„√„3sÉSsí√cs"„@£##R”"”bs££√"„sÉCCí√„3ìr√ì„Cc3b√c"„C3sìcÇ√ì2„R√b„R√É√„"√„√"„3sì3Sb√s2„0£##R”"”bÉ££√3Ç„É3SÉc2√„3ÉCb√s2„#cS"√c„ìsc3B√ì2„R√b„í√sr√"„√"„√3í„#c3#2√cÉB„P£##R”"”bì££√b„cCSÉcÇ√„c"√R„#CÉÉB√c„scìÉÉÇ√sb„#b√Ç„√É2√„√#r„√b„ÉsÉcÇ√c3„`£##R”"”b££√s„CcCì#B√„c#Ç√í„3c#R√c„É#s3b√C„#√í„r√cí√„Ç√#s„√s„S#SC"√c#„0£##R”"”b££√ìÇ„C3C#3r√„ìÉb√„√c„sÉ3#s"√3"„#Ç√„2√Sr√2„2√CÇ„√ìÇ„CSCS2√c„p£##R”"”b#££√ìR„C3ì√„SìB√„√c„sSccb√b„#Ç√2„√Cr√„√S„√ìR„Cs33√Sìí„`£##R”"”b3££√sR„33r√„ìÇ√„√c„s3b√cÇ„#√B„√Cí√Ç„R√ScÇ„√sR„3ìSR√c„£##R”"”bC££√CB„#cÉS√„C#3"√R„CÉìb√c„s#3cÉÇ√s„cÇ√2„í√S"√#B„√3S„√CB„CÉ3√c32„P£##R”"”bS££√É„ScCSí√„cS3b√s„#CsÇ√c„sSScÇ√sB„"√"„í√Sí√#"„R√#3R„√É„cÉÉí√cCÇ„p£##R”"”bc££√#R„#ÉÉC"√„3C3Ç√S2„C3S2√c„cìSì"√ì„Sí√2„"√Sí√r„2√C2„√#R„c3###2√ccR„p£##R”"”bs££√„ìss#Sb√„3CìR√É„sB√c„É3scÇ√ì2„R√2„√cB√r„B√sí„√"„3#csSb√s3"„Ä£##R”"”bÉ££√„ìSsÉ3"√„C#cb√É„ììÉb√c„s33scÇ√ì2„R√"„b√cÇ√í„r√B„√"„3ÉCC3"√sCí„£##R”"”bì££√"„ìc3"√„c#2√É„ìSsc2√c„cCSÉCÇ√ì2„R√"„R√cr√#„"√„√2„SÉC3#B√sCR„£##R”"”b#££√"„SS3S"√„ìÇ√É„Ér√c„cc3b√ì2„R√„Ç√s2√#„"√„√2„CS3S"√scB„0£##R”"”b#££√„#c3ììb√„ì#ìb√É„ìSb√c„cC3CB√ì2„R√„B√É√#„B√„√"„scìSb√sC"„ £##R”"”b##££√„ccSÉB√„SCÉÇ√É„ìs√c„cS3#Ç√ì2„R√„"√É√#„√„√„##CcB√s#í„`£##R”"”b#3££√„33b√„C#3B√É"„Écr√c„c3ìcÉÇ√b„É2√„í√É√#„√„√„C#csb√sr„ £##R”"”r££√„3S"√„sb√„ÉS33B√c„ccÉsS"√s"„Cr√„r√sí√#„"√„√„sC"√ccb„0£##R”"”r££√„3S"√„"√Ér„33Ésí√c„c3ìS"√s„c"√„Ç√sÇ√#„2√„√„#3S"√c#Ç„p£##R”"”r#££√„3ì"√„s3sB√Éb„ÉÉÉ2√c„Sìc3"√s„c"√„Ç√sr√#„√„√„sC3"√cB„`£##R”"”r3££√„3b√„s#Ssb√Éb„ÉÉCìÇ√c„SSìb√s„c"√"„√cR√#„Ç√„√„s#c"√Sì„ £##R”"”rC££√„3ì"√„#CB√Éb„Éc#R√c„Sì3s"√s„c"√"„"√cÇ√#„√„√„#Csì"√Sì„@£##R”"”rS££√„CÇ√„ìcb√ìí„ì33sR√c„c3CSì"√s"„s√"„"√s√Ç„B√„√„ìsÇ√cb„0£##R”"”rc££√„3sb√„3c"√„33#ìb√c„cC#CÉÇ√sb„CB√"„√s"√b„b√„√„3c3ìb√c#Ç„0£##R”"”rs££√"„#SSCí√„ìÉsÇ√„3Écí√c„Sc3Cb√sb„CB√„Ç√sB√b„√„√2„#s#í√cCÇ„£##R”"”rÉ££√3"„s#ìR√„s#SÉÇ√„CÉB√c„cCì#Ç√sb„CB√„R√sR√b„√"„√3"„sìÉÉ#ìììììììììR√c3"„ £##R”"”rì££√ìr„3cÉSB√„3#csb√c„cìcsB√c„cìì3#Ç√sB„√2„√cr√b„√b„√ìr„cìS#sB√c"„P£##R”"”r££√Cr„sÉ#R√„ScS2√„√c„ccìS3b√s"„s√R„"√c√R„"√3B„√Cr„c3ìssìììììììÇ√Sìb„ £##R”"”r££√sb„S#r√„SìSs√„√c„s3ÉcB√cb„ì"√b„"√SÇ√R„b√C3R„√sr„SsSìÉ"√Ss"„p£##R”"”r#££√sí„ì#S32√„CÉSsì2√„√c„cìì3#Ç√SÇ„sb√b„r√SÇ√b„í√Sb„√É„Cb√ScB„0£##R”"”r3££√s„csÉ#ìB√„ì3S#3B√„√c„scìb√„√b„í√SÇ√r„b√SC„√s"„c3S#Ç√SsB„0£##R”"”rC££√3"„ìScsR√"„CScSC"√b„cScÇ√c„sSS"√cb„3Ç√b„Ç√Sí√Ç„r√Sí„√3R„C#sr√Sì2„Ä£##R”"”rS££√ÉR„CÉCr√2„#ììS#r√#2„csÇ√c„cCÉcB√cb„ì"√b„b√SÇ√Ç„B√C"„√ÉÇ„ssìCB√SìR„ £##R”"”rc££√3„CCSÇ√"„SccÉr√c"„ssb√c„ccCccB√Éb„b√b„"√SÇ√Ç„r√#SÇ„√3"„cSìR√c#Ç„£##R”"”rs££√"„Scì√„ssìÉB√#b„3É3cr√c"„ÉcsS"√Éb„r√R„√cb√b„√r„√B„3C#sR√cìí„£##R”"”rÉ££√„ìsì#Ç√„s#Ss"√s„cssÇ√c„c3CÉÇ√ìB„C2√2„b√sB√R„r√b„√"„cìR√s#R„£##R”"”rì££√"„ì3#cB√„3ÉscsB√„SSs#B√#2„ì#C#B√ìB„C2√"„r√sÇ√r„√„√B„3ìÉ3É√s#r„@£##R”"”r#££√"„cÉÉcsb√„3ìCÉCR√ìÇ„ÉCÇ√#3"„ìCÉsCB√ìB„C2√"„B√sR√Ç„"√„√B„É3S#√sS„Ä£##R”"”r#££√„SCB√„ìC#CÇ√Cb„SSS#3B√ì„sSCÇ√ìB„C2√"„R√s√r„B√„√2„CCcSCÇ√s32„`£##R”"”r##££√„cCb√"„ì3r√cr„3c3B√ì2„cC3#Ç√ìB„C2√"„Ç√s2√Ç„í√„√"„ìì#S#2√sr„`£##R”"”r#3££√„3ÉB√2„3CCr√cb„cSìB√ì„c3ccB√ìB„C2√2„"√s2√í„√„√2„3Csì√cÉÇ„P£##R”"”Ç££√„3b√2„c3É3Cr√C„Sìí√s"„S#ccB√sr„#Ç√2„√sB√í„R√„√2„c3Ésr√cCR„£##R”"”Ç££√„3cÇ√2„3#ìÉB√#„ìÉì3Ç√c"„cc3B√cÇ„ìr√"„b√sí√b„R√„√2„33#Ç√cr„P£##R”"”Ç#££√„#ÉÇ√B„##CÇ√#„CÉS#B√c"„cCss"√cÇ„ìr√"„r√sr√B„B√„√B„##C3c√SÉ2„ê£##R”"”Ç3££√„3CB√R„#ìSr√#2„ÉCS3b√c"„S33"√cÇ„ìr√"„R√s√B„"√„√R„#ìS3S√Ss„0£##R”"”ÇC££√„3sb√B„3csCCr√#r„Ssc3B√c"„SSSB√cÇ„ìr√"„√C√R„b√„√B„3csÉ#3R√Ssb„Ä£##R”"”ÇS££√„3ÉB√B„sscÉr√#„cì#SsÇ√c"„S3#CÇ√s„32√„í√cr√B„2√„√B„ss#s√SìR„P£##R”"”Çc££√„3ÉB√B„sSÉccr√3í„ÉÉ#Ç√c"„ì#c"√s"„sí√„r√c2√b„√„√B„sSìS√c3Ç„P£##R”"”Çs££√"„Css2√B„3CcC2√CB„#sCÉb√c"„c#cCÇ√sí„Sb√„B√cB√R„B√„√b„scC3#ììììììììí√cìí„p£##R”"”ÇÉ££√3B„#CssÉR√B„3ìí√3R„333b√c„cs3B√#„ÉR√„"√c"√R„B√„√3Ç„SSÉssR√s#"„`£##R”"”Çì££√Ç„ìSS#É"√B„3És3√É„É33√c„scB√r„ì2√„Ç√S2√b„2√#Ç„√2„33s2√cÉR„ £##R”"”Ç££√c„SÉsÉÇ√2„SScÇ√SÇ„ìssb√3R„#C##Ç√ì2„3b√„√CÇ√b„í√#É2„√cR„3ÉCìÇ√cc"„0£##R”"”Ç££√Éb„CìÉS32√2„ìC√SÇ„3ì3CB√"„ìÉCcCÇ√"„sÇ√„√S√R„B√3sr„√Éí„csì3B√c3"„ £##R”"”Ç#££√#"„#S3cìí√2„333ssR√SÇ„3ìÇ√Ç„#C#B√ìb„í√„2√S√R„R√S#„√#R„SÉsCsB√Sìb„p£##R”"”Ç3££√#„3Éì3ìÇ√2„ìcsCs2√SÇ„333r√Ç„#S3b√"„sÇ√„√S2√b„B√SCí„√#R„3ScÉs√cí„p£##R”"”ÇC££√cR„#SR√B„SSÉÉr√SÇ„ssB√Ç„##SSCB√#„s2√„b√SB√b„í√Sí„√cí„cS33ì"√c3b„Ä£##R”"”ÇS££√ìÇ„ÉCcsì"√B„És33"√ÉB„#sssb√#Ç„sCcSb√ìÇ„#B√„√S√b„2√C„√2„sÉ#B√cìR„@£##R”"”Çc££√3„C3ccb√B„É3cìS√3„SÉCÉS"√ìr„3CÉÉs"√#„s2√„"√SB√#„b√#S2„√3b„#s3SSr√scB„£##R”"”Çs££√"„Cì3"√B„ììb√C"„ScÉ3r√#2„SÉ3"√#„SR√í„√Sr√r„r√r„√r„C#3Ç√É#R„@£##R”"”ÇÉ££√„ìcCìCB√2„cÉìÉ√C2„ìCÉÉìb√#Ç„ìs"√#„cr√Ç„√c2√R„r√b„√R„cSC#R√É3Ç„@£##R”"”Çì££√"„ììssS"√2„sCCÉ3r√CB„3c"√#3R„cS#S3b√#„R√r„R√cÇ√2„√„√b„sC#SÉì√É#í„Ä£##R”"”Ç#££√"„ì#ìÉB√2„ìÉ#ì"√3R„S3Ç√#b„cÉ33b√#„c"√r„√s"√"„√„√b„É#sSììììììììí√Ér„ £##R”"”Ç#££√"„#Éììb√2„SìÉSsb√ìí„cScsb√#2„Ss3SS"√ìb„í√r„B√cb√"„√„√R„ÉsSs"√ssÇ„£##R”"”Ç##££√„3Cc#Ç√2„s3CCB√ìí„cCr√#2„SìÉ#B√B„ÉB√r„√s√„Ç√„√B„sCcs"√sSí„p£##R”"”Ç#3££√„SÉSb√2„ÉcS#Éí√ìí„s"√#2„SC#SÉB√B„ÉB√b„r√sB√„Ç√„√2„ÉsCR√s3„ê£##R”"”í££√„3"√2„#ÉìÇ√„S#ìí√É"„CsSÉÉÇ√s2„3Ç√b„b√sb√í„í√„√2„#ì"√cÉ„ê£##R”"”í££√„3S"√2„CCc√„Cìc2√C2„Ésìc#B√s2„3Ç√b„R√sr√í„R√„√2„CCìc"√cCB„p£##R”"”í#££√„Cb√2„É#s"√„3És√C2„ìSccB√s2„3Ç√b„r√sR√Ç„r√„√2„É#SÉÇ√cÇ„@£##R”"”í3££√„Cb√2„SÉb√„sCC√C2„ÉSCÉÇ√s2„3Ç√b„2√sÇ√r„b√„√2„S###"√cB„ £##R”"”íC££√„3ì"√"„ÉCì#3í√„CcR√C2„ÉìcB√s2„3Ç√b„B√sÇ√„"√„√"„ÉCìc3√c2„£##R”"”íS££√„3ÉB√"„ÉìÉr√„c3#Ç√C2„É#Sì"√s2„3Ç√b„2√sÇ√í„R√„√"„Éì#SB√c#„ £##R”"”íc££√„3CB√"„ìsÉÉÇ√#„cC#b√C2„É#ì#Ç√sb„b√b„B√sb√r„√„√"„ìsìS"√ccb„ê£##R”"”ís££√"„Cì3cí√2„csÉ√cr„É33s3b√C2„s###Ç√ì2„cB√b„b√s2√b„b√„√R„SSÉÇ√s#R„ê£##R”"”íÉ££√3„S3CC3Ç√"„sÉÉSí√ÉB„ssSÉb√C2„s3#Ç√R„ìí√b„í√s√í„"√„√3B„#S3#ìr√sCb„p£##R”"”íì££√"„##c"√"„#CSS3Ç√3„c3cB√3R„Éc3"√#2„3í√Ç„2√Sí√„2√B„√B„CCSÇ√cì2„@£##R”"”í££√sB„ìcCsìÇ√"„SSì"√sÇ„ìsí√b„#Éì3b√R„ÉB√Ç„í√Sr√"„B√#É"„√sr„c3í√cSr„£##R”"”í££√#í„ìÉSb√„ÉCì3c√cR„#ss#B√ìr„3ìSB√„ìí√Ç„í√c√„Ç√Cí„√#„CsÉsr√c#2„0£##R”"”í#££√##„csÉCcR√„ccC"√Sb„ìSr√ìr„#ÉSsb√ì„#2√í„B√Sr√Ç„"√S#r„√##"„33ÉÉcr√Sìb„£##R”"”í3££√#í„Sì#ìSÇ√„cìcÇ√Sb„ìS#R√ìr„#3S"√ì2„cB√í„b√S2√r„B√SSí„√#„#ÉìsSÇ√cR„Ä£##R”"”íC££√sB„sìÉc2√"„ÉC#ì#2√sb„Ss2√#"„cSc3S"√ìR„√í„b√S√b„b√S#b„√sb„ì##sÉb√c32„p£##R”"”íS££√í„É33Ç√"„CCì3É2√"„S3ÉÉB√cr„C#c#B√ì2„cB√„√Sb√R„b√C3„√"„#É#Sc2√cc2„@£##R”"”íc££√3„SCs2√"„CSsCcÇ√cÇ„CsSCÇ√ì"„SÉSÇ√B„cr√í„r√Sí√Ç„2√#É„√32„ìSÉìC√sSb„p£##R”"”ís££√"„c3Cs"√"„3É33C"√##„#c3ssÇ√#2„ÉcÉÉìb√B„cr√Ç„b√cÇ√r„b√í„√B„SCcÉB√É#b„P£##R”"”íÉ££√„ìs"√"„3ScÉí√#3„##ssÇ√#"„SìÉB√B„cr√r„R√sí√R„í√b„√B„3#cì#í√ÉC„p£##R”"”íì££√2„sb√"„#sSÉ#2√#3R„cìÉS#b√ìí„sììb√B„cr√b„B√É2√B„2√„√R„#ssSÉ2√É#í„P£##R”"”í#££√"„ì#cC#Ç√"„#3"√#C„sÉscS"√ìí„SìccSb√b„s2√b„r√sí√„í√„√B„ì#ÉsCÉ√ÉÇ„ £##R”"”í#££√"„#3C33"√„sSCcb√#C„cÉ##Ç√ìí„c#sÉB√sb„#b√r„"√É√B„√„√2„ìÉCsìÉ√ssÇ„P£##R”"”í##££√„33ìCìb√„33S"√#C„#SÉÉÇ√ìí„Scsb√sb„#b√b„Ç√É√"„b√„√„csììÇ√sSb„p£##R”"”í#3££√„cì"√„ì33ì√#C„3Écc"√ìí„CcÉ3B√#2„ÉB√b„í√É√„R√„√„ì3ì#É2√s3B„ê£##R”"”££√„C3"√„sÉs3b√#"„ScC"√ìí„É#ìÉìb√sí„Sb√b„R√sí√„r√„√„sÉcÇ√cÉb„@£##R”"”££√„C3"√„3ìsSÉb√s„cCSÇ√#„#ÉìS3b√s2„3b√b„"√sí√"„"√„√„3ìÉÇ√cCr„0£##R”"”#££√„Cb√„CS3ì"√cr„#3Cì#Ç√#„SscS3b√s2„3b√R„Ç√sí√2„R√„√„CS3SÇ√c#B„ £##R”"”3££√„CB√„3S#ìCÇ√cr„CcB√#„CccÉ3"√s2„3b√b„R√s"√B„√„√„3S33ÉÇ√cR„ê£##R”"”C££√„C3"√„#Éìc#r√cr„3CSccÇ√#„CSÉcSb√s2„3b√b„r√cr√R„√„√„#ìSí√cb„ £##R”"”S££√„C#B√„#S#Ér√cr„3CÉCSB√#„CS"√s2„3b√r„"√c2√R„R√„√„#Ss√c#B„P£##R”"”c££√„3ì"√„ìÉ#B√sb„cì3Cb√#„CcSÉB√#2„ìR√r„√c√R„B√„√„ì##b√ccí„ £##R”"”s££√„3Ssì#"√„s"√#2„#ÉÉÉb√#r„3ÉCì"√ìÇ„3"√r„√S"√R„B√„√„C#ìì#"√s3B„£##R”"”É££√3„ScÉCÇ√„3sÇ√ìB„sìS3C"√#R„3ccB√ìÇ„Éí√r„R√CB√R„R√„√3„cSìCÇ√sCí„ê£##R”"”ì££√B„CÉSCÇ√„c"√cb„##3Ç√cÇ„#s#Sb√#"„ìb√í„Ç√S√b„√#r„√B„cCsCÇ√s"„`£##R”"”££√c„csì3Sí√„SCSB√#„ìcSsb√C2„sSSSÉB√R„#"√„í√CB√Ç„√#ì„√c„s33Éìí√cì"„@£##R”"”££√ìR„#sÉCC√„Sìsb√sb„##ÉsB√3r„CCÇ√R„#√2„2√C"√Ç„Ç√C3b„√ìR„33É#√cSr„Ä£##R”"”#££√#R„s3É2√„#3cB√Sr„É3cB√ìr„scìb√í„#r√B„2√C"√í„B√S#R„√#R„ìCìB√cR„ê£##R”"”3££√ì2„CcCCìí√„#sCcB√cr„#sccR√ìr„#sS"√ìB„b√B„Ç√CB√„√S3R„√ì2„s3ì3í√c„p£##R”"”C££√SR„SÉccSí√„#3ssí√Éí„cÉ3CB√C„ìCS"√2„cB√R„√Cb√„r√Cs"„√SR„sìC3Ç√cC„0£##R”"”S££√sB„ìÉÉ#3í√„Cc"√3„CìSCCÇ√cÇ„3ÉCs"√ìB„b√R„√CB√b„B√3s„√sR„#ÉÉSÉìììììììí√s"„0£##R”"”c££√í„ÉCcsìR√„3S##√sR„ÉCCCS"√#S2„CcÉ#Ç√#R„í√B„r√Cb√B„B√#S„√í„ìÉ#b√sSb„£##R”"”s££√„sS##ìÇ√„SsccB√#sÇ„sssb√#Ç„cSs3sb√3r„C2√"„Ç√c"√„í√ìB„√„Éììc"√sìB„0£##R”"”É££√„ìCCsÉB√„ì#b√#ÉB„CcSS√#Ç„ÉCì#3"√ì2„3r√„√s√"„"√R„√"„SC2√ÉB„Ä£##R”"”ì££√2„SS"√„CÉSìB√#cB„c#É"√##"„ìcì#cB√ì2„C√í„í√cr√B„√„√2„Cììcb√sìB„£##R”"”#££√"„ÉÉÉB√„sS33#Ç√#Cí„scsÉB√##B„#Éìb√sr„É√„r√cB√B„b√„√2„ScC"√scí„0£##R”"”#££√"„3ììb√„É#cììí√#3Ç„3Cc3Ç√#R„ÉÉcCÇ√#R„sR√„√c2√R„b√„√"„ÉccìSìR√sC„Ä£##R”"”##££√„#csb√„SsÉÉR√ì"„#sC#sÇ√#R„#Ç√„C"√„√cÇ√B„R√„√„cSc√s#í„ê£##R”"”#3££√„B√„S#ssÉR√SÇ„SSCCS"√#R„ÉScB√ìR„CB√„√s√2„√„√„S#ÉÉCìììììììììí√s„ £##R”"”££√„3ÉB√„s3ìÉ#2√CÇ„Cc#Cb√#R„c3##B√R„B√„B√s√B„√„√„sC#s√cCÇ„P£##R”"”££√„B√„ìscs"√2„CS#B√#R„33S"√ì„cR√„"√sB√2„Ç√„√„ìÉs"√c2„@£##R”"”#££√„3cÇ√„#CÉR√sÇ„ìsCí√#R„ìCÉÇ√s2„r√„R√sR√B„"√„√„#CSS2√Sì„@£##R”"”3££√„Cb√„S3sCìB√„Ss3É2√#2„scC#3"√s2„r√„2√sr√2„"√„√„S3sì√SsR„0£##R”"”C££√„CÇ√"„C3SsÉÇ√ìr„3cssb√#2„Cì##ìb√s2„r√„R√sb√b„B√„√"„C3cìc2√Ssí„Ä£##R”"”S££√„Cb√"„sÉsÇ√ìB„CSs3r√#2„CCìs3b√s2„r√"„"√s2√„2√„√"„s#ìB√SìR„Ä£##R”"”c££√„B√„SìScB√B„ÉÉÉ"√#2„Cs3ì#Ç√ìÇ„b√B„√cr√b„R√„√„SìcB√c3Ç„p£##R”"”s££√„c3"√„Sì33"√s„#CSÉÉb√#2„3s#Ç√ìB„#"√B„B√É√#"„R√„√„#cS"√cì„p£##R”"”É££√B„CScsb√„ÉÉsC"√sB„ìs3c"√#2„333sb√B„Cí√B„√ìB√#B„"√2„√b„33ÉS"√sS„@£##R”"”ì££√Cb„#É#ì√2„ìSìSB√„cSS#b√#2„SSsS3b√3R„"√2„Ç√ìR√#B„2√S„√Cí„ìÉsÉ3√sCr„@£##R”"”££√2„sSsr√2„ssS√Ç„sCÉìb√#2„SÉÇ√b„SÇ√B„2√ì"√Ç„B√s„√r„CcÉ#Ç√s#B„`£##R”"”££√CR„3sSí√B„3#√„√É"„sìCcB√b„S2√B„b√Éí√r„Ç√#„√Cí„S#S2√cÉ„P£##R”"”#££√SÇ„3#C"√B„3ÉSsS"√„√3Ç„#ÉcÇ√„√B„r√É"√#„Ç√3s„√c"„SÉSB√c3„ê£##R”"”3££√C„ì#3sS2√B„3ìÉÉ"√„√3í„cC3"√„√B„b√sí√#2„B√Cs„√CR„3##SSR√cc"„ £##R”"”C££√ì„sìsb√B„cc3"√r„Écìsb√É"„cS"√ìB„#r√B„√sí√#2„2√3ÉB„√ìB„cìS#Ç√sb„£##R”"”S££√S„3S3S"√B„É##"√"„ìÉS3CB√É"„c3CìÉB√#"„C2√"„r√ÉR√#„B√#Ér„√SB„ÉCs3sB√s3í„£##R”"”c££√#2„cÉ3Ç√R„SSì#r√#2„C3ìC3"√#2„cìSSsb√ìB„C2√"„√Éb√#„R√É„√#í„csC3R√ss„ £##R”"”s££√„ÉÉ#CB√R„ìÉì3Éb√#c"„cc3Ç√#2„SÉCìsb√ìB„Sí√„B√ÉR√Ç„B√Sb„√r„ÉsÉ#Sììììììììí√Éí„ £##R”"”É££√„ìSb√b„cCscr√#cb„c3Sb√#2„SCCB√ìB„R√„R√É"√r„√B„√Ç„sìÉ#r√É#b„P£##R”"”ì££√"„ÉCcÇ√R„ì#Cì"√ÉR„cS"√#2„C##CcB√ìB„R√í„b√Éb√í„2√„√Ç„s3Ccb√Éb„ £##R”"”#££√"„#Ssì"√R„cC#Ccr√B„ÉcB√#2„33scÇ√ì2„#í√í„√sí√r„B√„√r„ccÉ#Sí√scÇ„ £##R”"”#££√„C##ìs"√R„ÉScSCr√ì„#ì"√#2„CìSSCB√b„SB√Ç„"√sr√2„"√„√b„#sìSí√sC„P£##R”"”##££√„#3Ç√R„C3Sì√ÉR„ÉÉScÉÇ√#2„C#CS3b√ìÇ„b√r„í√sí√R„2√„√R„CScCs√s#B„p£##R”"”#3££√„Cb√B„ììì#r√ÉB„ì#3ÉÉÇ√#2„3ìÉ3"√ìÇ„b√r„2√É√2„Ç√„√B„ìììCC2√s„P£##R”"”"££√„CcB√B„#3cí√ÉB„ìCB√#2„C#3Ç√sB„ìÇ√b„b√É√"„2√„√B„#3s3cB√cÉí„ £##R”"”"££√„Cìb√2„Sc3CÉí√Sb„CScsb√#2„3ìCsCB√s„3B√R„í√ÉB√í„"√„√2„Sc3ìÉR√cS"„p£##R”"”"#££√„CÇ√2„scCì#B√C2„#sÉ"√#2„3ì3B√s„r√R„B√ÉR√Ç„2√„√2„scSCB√c#Ç„0£##R”"”"3££√„SB√"„S3SÉ2√C2„3S#cÇ√#2„CSÉcB√s„r√R„"√É√b„R√„√"„S3#Ér√cÇ„P£##R”"”"C££√„CÇ√„sìÉí√C2„#33sb√#2„ìSÉccB√s„r√B„"√ÉB√R„√„√„É3r√cí„ £##R”"”"S££√„CÇ√„ÉSSs#B√s„33cccB√#2„ss33b√s„r√B„R√ÉB√R„í√„√„ÉSc#C√cC"„0£##R”"”"c££√„CÇ√„C#cÉì√2„C#É3ì"√#2„C3Sc#B√sB„ìÇ√B„B√ÉB√R„r√„√„C#s3s√cÉb„`£##R”"”"s££√„SCs3í√„Cc3SSB√#„3SÉìCB√#32„cc#Ç√ì"„Éí√2„2√É√B„í√„√"„ìCC2√sCÇ„ £##R”"”"É££√3"„3SìCB√„#sìsb√#„ÉccìÉB√#3R„sÉÉcs"√ìb„s√B„√É√R„B√„√3"„Sss"√sSr„P£##R”"”"ì££√R„3C33#í√„#ì3cb√Ér„ÉSÇ√#2„C3sCs"√B„É√r„R√sr√í„√3„√R„c33cìR√sR„Ä£##R”"”"££√Sr„sCcc#√„C3É32√2„sìcÇ√#2„C3##Ç√B„É2√í„√sR√2„B√##í„√SÇ„cCSC"√cìR„Ä£##R”"”"££√sr„3#C32√„ÉC#ìsR√„√Éí„cCSÉCÇ√ìb„SB√„R√cB√"„Ç√3„√sÇ„cssìììììììÇ√cì„p£##R”"”"#££√s„SÉSb√„CÉÉÉí√"„ìCsB√3r„C3#b√ìR„c√"„√SR√2„2√3ìB„√s„cCsCR√cS„`£##R”"”"3££√S2„33cc√„sS3R√b„s#ÉB√C„É3ÉCB√ìb„R√"„Ç√SB√B„Ç√CS2„√SR„Sìb√ccí„Ä£##R”"”"C££√#R„C#ì2√"„sCSR√#B„scCs"√c„s#ìS"√ìb„Cb√2„√SB√r„í√CSr„√#Ç„CÉÇ√cÉ„0£##R”"”"S££√É2„CìCÉ#í√B„#3Scr√b„É3Cb√3Ç„É#ÉC#B√ìR„Sb√„í√sb√#2„√3r„√Ér„cÉ3ìSìììììììí√s„Ä£##R”"”"c££√#í„#ìcsÉ"√R„#SÉsÉ"√SB„3csc"√sí„sÉÉÇ√R„c"√„b√É√#2„í√#2„√3B„SSSScCB√sS„0£##R”"”"s££√"„##CR√R„Cììr√ìB„ì3SsCÇ√#2„S#ìì"√R„c"√"„B√s"√r„r√Cb„√r„c##S"√sìR„£##R”"”"É££√„ìs#"√B„ìsìcr√#3"„#ÉÉÇ√#2„CcìSb√ì"„Éí√"„R√cr√í„r√B„√b„ìSsì√ÉÇ„p£##R”"”"ì££√"„ìÉSÉÇ√B„SSSÉr√#C„3sb√#2„#ÉS#Ç√ì"„Éí√"„r√c2√Ç„Ç√„√r„S3#sR√sìÇ„`£##R”"”"#££√"„ÉscÉì"√2„CìCS"√#3„#Csc"√#2„C3CSB√"„√"„√cÇ√í„√„√b„3sCB√scÇ„ £##R”"”"#££√„cÉCÇ√2„33ìC#r√##í„ÉccC3B√#2„Csc"√"„√"„"√s√í„b√„√R„ìÉ3SR√sCB„P£##R”"”"##££√„#ìÉìcÇ√2„ìÉÉr√#2„ìsCB√#2„Cì3sS"√"„√"„√cí√#„í√„√B„#ÉSSR√s3„ £##R”"”"#3££√„3ÉB√B„Ccr√S„sì3#s"√#B„sSSB√"„√„Ç√cí√#„r√„√B„C33S√sÇ„p£##R”"”2££√„3CB√B„ìì#É"√S„ccÉ#s"√#B„3#SÉB√sí„2√„r√cí√#„R√„√B„ììc#b√ccÇ„P£##R”"”2££√„3S"√B„sSr√C„sscìCB√#2„CC3Ssb√s"„S2√„b√cí√Ç„"√„√B„sÉSí√c32„0£##R”"”2#££√„33b√2„S#ÉC"√C„s3ccB√#2„C3CÇ√s„ìR√„B√s√Ç„√„√2„S#ÉCsÇ√cb„@£##R”"”23££√„3S"√B„c3S"√C„cÉÉB√#2„C3cs"√cí„ì√"„"√s2√í„Ç√„√B„c3SCR√c„p£##R”"”2C££√„#ÉÇ√2„cC3Cr√C„cìÉscÇ√#2„CsÉ#B√cí„ì√"„"√s√#„Ç√„√2„cCc3R√cR„ £##R”"”2S££√„3B√B„CÉìcR√C„cÉSCB√#2„3s3ÉB√s„b√„Ç√s√#„"√„√B„Cì#cí√cÇ„`£##R”"”2c££√„3"√2„Éc#s"√C„sC#CCÇ√#2„C#CCÇ√s2„2√„Ç√cr√#„b√„√2„ÉcSÉB√c3b„ê£##R”"”2s££√„#SsÉí√B„C3c"√S„ScC3"√#2„3CÉC3"√sí„√„r√cr√#„b√„√B„#ìCÉS√cSí„p£##R”"”2É££√í„ÉìcìB√2„CcìC"√S„#cCÉCÇ√#2„3sB√sí„Ç√„r√s√í„Ç√í„√"„#3cc3b√cÉr„@£##R”"”2ì££√S„#cìR√"„S#S3b√C„sSS"√#2„SÉìs3b√s"„CÇ√"„√sí√#"„2√ÉÇ„√S"„sìCC#√cs„p£##R”"”2££√ìB„É#CSÇ√"„ÉCCCC"√Éb„sC#3"√#2„CÉSsCB√s„cB√"„í√sB√#„2√B„√ìr„ccì#"√c3B„ £##R”"”2££√cí„sÉ2√"„ìÉSÉB√s"„c33sì"√#2„Cs3cCÇ√s„b√B„B√cR√b„b√#sr„√s"„cìcììs√csb„`£##R”"”2#££√S„3É3cR√„#ÉCcsÇ√s"„cc#ì"√##„SÉCÇ√s„"√B„b√cB√b„R√É"„√S"„c3C2√cÉr„£##R”"”23££√32„ÉSìÉ"√„ssscì"√Éb„3CÉìí√#S"„sÉÉ3cÇ√s"„CÇ√B„√s√Ç„2√Sr„√3B„c3sS"√cìR„ £##R”"”2C££√3"„3C3"√„cC33r√#b„#Cìcc"√#b„scCÇ√sr„ÉR√2„r√É√Ç„2√s„√3"„ìÉc33sb√cÉr„`£##R”"”2S££√#„ì#ÉR√„É#3É√Sb„ÉCc#ìÇ√#2„CCs#b√sÇ„sb√2„"√ÉR√Ç„√#í„√#„CScb√sR„0£##R”"”2c££√2„s3CÇ√"„#ìs#3"√cr„#c##r√#2„Cc##Ç√R„CÇ√„Ç√ìR√#B„√cÇ„√R„CscB√sCR„@£##R”"”2s££√„CÉìssÇ√B„c3SC"√c"„S3C3s"√#B„Éc#CÇ√#2„C√„√ìb√#2„r√R„√R„#3"√scí„Ä£##R”"”2É££√„cC3#3b√R„cÉs"√#2„CÉÉb√s„S#ìS"√#2„C√„√ìR√#"„√„√r„33#3Ç√sÉ„ê£##R”"”2ì££√„3C3sb√R„c3Sc"√sÇ„Csí√sB„Éì3"√#2„C√í„"√ì2√#B„2√„√b„ì3Sì3Ç√ssb„ £##R”"”2#££√„ì#Ç√R„CìCì#r√sÇ„cÉs"√#R„##Ç√sÇ„Ér√Ç„R√ì"√#b„2√„√R„SC3R√ssB„p£##R”"”2#££√„#B√B„Écc#Cr√É„ccí√#R„#3cs"√sÇ„Ér√Ç„B√Éb√#B„R√„√B„ÉccCÉr√sS„£##R”"”2##££√„##B√B„cCsccr√ÉÇ„SSc3r√#2„S#S##B√sÇ„Ér√Ç„2√É"√Ç„b√„√B„cCsÉì√s#B„£##R”"”2#3££√„##B√B„ìÉ33cr√sÇ„#Cì"√#R„cÉ#B√sÇ„Ér√r„í√É√í„Ç√„√B„ìÉ3SìR√sB„Ä£##R”"”B££√„#B√B„s3b√s„3Sc2√ìb„3CSCB√sí„√r„2√Éb√#"„b√„√B„sSCb√cs„@£##R”"”B££√„33b√B„CSr√SÇ„CC3C"√Cb„ÉS#3#Ç√s„√b„í√Éb√#B„b√„√B„Cc3b√c3b„P£##R”"”B#££√„33b√B„Cs3#B√SB„#C"√3r„3ìScÇ√s„√r„2√Éí√#B„"√„√B„Cs3Ssb√cr„£##R”"”B3££√„3ì"√B„s3ìSÇ√"„ÉSÉìB√3r„CCsb√s„√r„Ç√É√3"„√„√B„s3ììs"√cb„ £##R”"”BC££√„3ì"√B„s3í√„√3r„Cì#B√s„√b„í√É"√3„b√„√B„sC#ì"√cr„@£##R”"”BS££√„3ÉB√B„SÉSìÇ√„√3r„CcÉcÉÇ√s„√r„√É√3„b√„√B„SÉc3cCb√c#„@£##R”"”Bc££√„3sb√B„SC#SB√„√S„Cc3sb√s„√r„√sr√3"„B√„√B„SC#ìb√cCb„0£##R”"”Bs££√„Scc"√B„#SÉì"√„√#"„sCs#s"√s2„Ér√r„"√s2√3„Ç√„√B„3ìSÉ"√cs2„0£##R”"”BÉ££√B„É#C#Ç√B„SsC#"√„√#R„CCcB√s„√r„√sb√3„√r„√í„3ÉccCÇ√sr„£##R”"”Bì££√b„3SSSB√B„cìR√„√#2„CSÉB√cí„c√r„2√cR√3b„√É"„√#„SSB√s#"„p£##R”"”B££√SR„ìR√B„3cÉÇ√„√s„3Sb√cb„Cr√r„2√s"√32„√ÉR„√Sí„SSììR√s"„P£##R”"”B££√Cb„ìsÉ2√B„3cB√„√S„cc3#3"√cb„Cr√Ç„√SÇ√3"„r√#ìr„√S„#sÉCÉ2√s#b„ £##R”"”B#££√3í„33ììr√B„CÉcSb√„√sb„ÉCS#Sb√cb„Cr√r„Ç√c2√3"„2√3SÇ„√C2„É#cCsr√s#Ç„0£##R”"”B3££√CR„3scsb√B„#ÉìÉ"√„√É„#sCÉÇ√cb„Cr√Ç„B√Sr√32„Ç√CB„√Cí„ccCìb√s#Ç„p£##R”"”BC££√3r„#ìÉs#R√B„#sR√„Sí√#2„3ìSì"√cb„Cr√Ç„√Sí√3„r√#É"„√C„Scì##R√s#R„Ä£##R”"”BS££√b„ìÉssÇ√B„CCÉ#"√3„3ììÉ2√#2„SÉ3c3"√s„R√r„"√c√3"„r√#ÉÇ„√#„C3Sì#Ç√sCB„`£##R”"”Bc££√b„3ì##ìB√B„S"√É„sCssCB√#2„Ss#Ç√s2„Ér√r„"√c2√3„"√sb„√„CC#CB√sÉ„ £##R”"”Bs££√„S3ìÉ2√B„ìCÇ√b„#cÉ3"√#2„CÉS#Ç√sí„√r„√cb√#Ç„R√s„√B„cSCc3√É#„0£##R”"”BÉ££√„sÉìSì"√B„Sìb√sB„Éìs#Ç√#2„C3scB√#2„#B√r„√cR√#b„Ç√B„√R„3ÉSSì"√Éb„Ä£##R”"”Bì££√„#CSscÇ√B„S##B√sr„ÉccB√#2„3csS#Ç√#2„#B√r„√cr√#R„r√„√B„scsìÇ√ÉB„P£##R”"”B#££√„3S"√B„#ÉcB√cb„ìcCSb√#2„SìCb√sí„ì"√r„√cí√#B„b√„√B„#Éc3ì"√sì"„Ä£##R”"”B#££√„CÇ√B„#SB√Cí„C3#Sr√#2„CCccB√sí„ì"√r„b√c"√#b„√„√B„#SCCÇ√sSb„p£##R”"”B##££√„3ÉB√B„sSc"√Éí„s"√#2„C33ccB√sí„ì"√r„b√c"√#R„b√„√B„scB√sC„P£##R”"”B#3££√„3ÉB√B„ììÉb√Éí„SSs√#2„CC#b√sí„ì"√Ç„√c"√#R„2√„√B„#CB√s#2„ £##R”"”R££√„B√2„#ìC#B√ì„SsSsR√#2„C#Ç√sí„3B√Ç„√cb√#2„b√„√2„#ìCcB√csb„£##R”"”R££√„Cb√2„3#C"√Éb„Ccc2√#2„3É3É#B√s„#b√Ç„√cb√#2„√„√2„3#É3b√cCr„£##R”"”R#££√„CÇ√"„ÉsìS"√É2„cScCB√#2„3cÉÇ√cí„S2√Ç„√cb√#„Ç√„√"„Ésìì#Ç√c#Ç„0£##R”"”R3££√„B√"„cc#Ç√É2„SsccB√#2„3ÉÉ3B√cí„S2√r„b√SR√í„í√„√"„cc#CÇ√cr„ê£##R”"”RC££√„3ì"√"„c##ìb√É2„ScR√#2„C33cÇ√cí„S2√r„Ç√Sr√í„"√„√"„c#33S"√c#R„Ä£##R”"”RS££√„3ÉB√„ÉcsìÇ√Éí„sCÉSB√#„##Ç√s„#b√r„r√c√b„Ç√„√„ÉcÉ3cB√cC„ê£##R”"”Rc££√„3ÉB√„##ÉB√„##Ç√#SB„sSCb√s„ìí√r„b√c"√2„2√„√„#3##B√cÉ2„@£##R”"”Rs££√„3C#3b√„ss"√3"„3É#"√#s"„##ì"√"„r√r„R√cR√„√„√"„Ss#Sb√sS„p£##R”"”RÉ££√3„C##ìC√„3SÉ#Ç√sB„CSÉÇ√#"„ì33SB√R„ìí√r„B√cr√Ç„í√b„√3„sÉ##√ss2„0£##R”"”Rì££√"„cSr√„ìcìÇ√SB„ìCcSÉ"√#„CSB√B„r√Ç„2√c√Ç„√ìR„√2„33CÉr√s#B„ £##R”"”R££√c„Ssc#É√„scCS"√sÇ„ÉscsìÇ√c2„ì#Éb√ìR„ìí√í„√Sí√„"√#CB„√c"„3CÉ√cÉb„`£##R”"”R££√ì"„ccsSR√„3ì3cb√"„ìsSr√SÇ„#ÉÉcB√ìR„R√í„b√Sr√„r√3ì„√ì2„SCCR√cCÇ„P£##R”"”R#££√#„3É3"√„cÉS"√„√32„CCS3b√ì"„3í√í„í√Sb√„2√Cìí„√#"„333"√c"„`£##R”"”R3££√#„3CÉì"√„cÉcB√„√3R„sÉSB√ìR„3Ç√„√Sr√„B√S3„√#„ì3S3"√c3„Ä£##R”"”RC££√Sr„ÉC3Sí√„CcsB√#b„#Ssb√sí„CÉ#CcB√ìR„Éb√í„í√SÇ√„í√Cì„√SÇ„#ÉsSí√cc„ê£##R”"”RS££√É2„S#s3b√„3B√ìB„#ÉìccB√#R„C3ìCb√ìR„í√í„2√cR√„R√3É„√ÉB„Sc3b√s#"„ £##R”"”Rc££√3„SÉÉ3C√„S#S2√sÇ„csccS"√#r„ìc3CB√B„√Ç„Ç√cr√„b√cB„√3„3cC√ss2„P£##R”"”Rs££√"„Éc#b√„#3b√#cí„ssìsb√#3R„sCSB√#r„Éí√Ç„R√cí√Ç„B√s2„√2„sScb√ÉC„@£##R”"”RÉ££√„ìÉsC"√„3Cr√3#"„S#cb√#R„sC33b√SÇ„2√r„√É√B„R√b„√"„##"√Éc„P£##R”"”Rì££√"„ìÉ#"√„SìCb√33B„c##b√#B„cCìB√#r„sr√R„Ç√Éb√2„R√„√2„CcÇ√ÉSÇ„`£##R”"”R#££√"„Éìì3"√„ìCSb√3CB„Cc3cÇ√#2„S3B√ì"„3í√R„R√Ér√2„√„√"„ìì3ÉÇ√ÉC„£##R”"”R#££√"„#CÉb√„sB√33"„Cssb√#2„SÉ3#ìb√É"„R√R„b√É√"„√„√"„3sCÉSc2√ÉÇ„ £##R”"”R##££√„33ìì"√„sC3b√3í„c#cCSB√#2„C3#cSb√ìÇ„cR√R„√É√"„2√„√„SC#s"√sì„ £##R”"”R#3££√„cC"√„ìÇ√#Ér„cSÇ√#2„Cc3b√#r„"√R„B√ÉB√B„"√„√„sB√sSí„ £##R”"”b££√„3b√„sìb√#c„ì###ÉB√#2„3ìÉÉÇ√sí„3B√R„b√É2√Ç„r√„√„É3"√s2„ £##R”"”b££√„33b√„ìB√ÉR„ìsc#b√#2„3ìScB√r„CB√b„√sr√í„R√„√„ìCsb√cc2„@£##R”"”b#££√„B√„CB√cÇ„ÉÉ#B√#2„CcC3S"√s2„#r√b„B√sÇ√í„√„√„Csìììììììììììí√cC"„ £##R”"”b3££√„3cÇ√„3b√cÇ„ÉCc3"√#2„S3CS"√s2„#r√b„"√sb√„B√„√„3ìcÇ√c3R„@£##R”"”bC££√„3cÇ√„CB√cÇ„ÉsÉÇ√#2„CÉSÉB√s2„#r√b„R√sR√í„R√„√„CscÇ√c3"„P£##R”"”bS££√„3cÇ√„c"√sR„cSìCr√#R„CS3ì"√s2„#r√r„"√sb√„B√„√„cScÇ√cS„p£##R”"”bc££√„3CB√„Sì3B√É2„sC3Ç√#3b„cÉSS"√s2„#r√r„r√sÇ√„√„√„SìcÉ3ìììììììììí√cì„0£##R”"”bs££√„s3sR√„C3"√#B„B√#Cb„3c3b√#R„b√Ç„2√sb√„R√„√„sSc#sR√sCR„@£##R”"”bÉ££√#"„ÉÉ3Éìb√„c#sÇ√#3R„3S33B√#R„cc3"√ìb„32√Ç„r√s2√í„í√R„√#2„Cccsb√ssB„@£##R”"”bì££√sB„3ÉìÉ3B√„cB√sí„cScÉc"√#2„SÉ##B√Ç„s"√„√sB√„2√ìR„√sB„Sc#33ìììììììí√s3R„`£##R”"”b££√b„ìì#sb√„CcSb√r„c#cB√#2„CscÉÇ√#"„É√2„√c"√í„"√#r„√r„3ì#cb√s„Ä£##R”"”b££√#„Éììc#√„sÇ√s2„SÉ3b√#„cìC3cÇ√Ç„cR√B„2√SR√b„B√3„√#"„cÉ√cÉR„P£##R”"”b#££√S„ÉCcS3"√„sÉSÇ√SÇ„CsSb√Cr„s3#C#B√#R„b√R„√S√Ç„R√3#r„√S„ìÉ3í√cCB„£##R”"”b3££√Cb„Écc#r√„C3"√SÇ„SSsÉr√C"„#ìSÉÉÇ√Ç„sR√R„B√S√„B√3C"„√Cb„ìì3í√cCí„ £##R”"”bC££√3„CsCR√„Sss"√cÇ„CcSB√c„3#C#B√ìB„B√R„"√S2√„Ç√#CB„√3„S#ìr√cSr„£##R”"”bS££√É2„sS"√„C3"√2„ìSìC"√#2„Cì3CB√ìb„r√R„"√SR√„R√#3r„√É2„sSÉ3"√cÉb„0£##R”"”bc££√#í„SÉsÉìí√„3#B√cÇ„cÉsì"√#B„Ss#Ç√ìB„B√R„√Sb√„b√Sí„√#í„c##ìí√sC„@£##R”"”bs££√"„É33B√„C3"√#c„##CCb√#R„#S3cÇ√#b„b√2„Ç√cB√r„"√ÉR„√"„ÉCcSB√É"„0£##R”"”bÉ££√„ìÉcÉs"√„SscCÇ√3r„SìSì3"√#R„Sìsì"√#b„cr√„Ç√s2√b„2√b„√"„CCS"√É#R„ £##R”"”bì££√"„ì##b√„s#s3ì"√33„#CSscÇ√#2„S3ìsÉB√ìB„B√„2√s2√b„B√„√2„c#ìcS"√Éí„Ä£##R”"”b#££√"„cB√„ìÉB√#ìÇ„s3CìcÇ√#2„3Ssì"√"„SB√„í√s2√b„b√„√2„#CSB√É„`£##R”"”b#££√„É3SCÇ√„s#Éí√#Sb„3ìsí√#2„CSì"√ìí„2√„r√s2√„"√„√"„Sc3Cr√ss„p£##R”"”b##££√„#Sb√„#s33C2√#C"„C3#ì"√#2„C333b√r„r√„b√s2√„B√„√„#ìCì2√sS„P£##R”"”b#3££√„CCÇ√„Éc3í√##R„3#3ÉÉ"√#2„3É3ì"√ì„Ç√„√s2√"„√„√„É#Ér√s#„P£##R”"”r££√„CB√„ÉÉì#b√cb„Cc3Éb√#2„3É3b√sB„s"√„B√s2√"„2√„√„ÉÉìcSb√cc2„Ä£##R”"”r££√„3S"√„É#sìÉ"√í„CìC"√#2„33S"√s2„#r√"„B√s√B„R√„√„É#É33B√c#B„ £##R”"”r#££√„3ÉB√"„#ìSÉSB√ì„cC#ìR√#2„3S3#CÇ√s2„#r√2„√s2√#„2√„√"„#ìc#3Ç√Sìí„Ä£##R”"”r3££√„C3"√2„É#S#í√ì„cÉSB√#2„Ccì##B√s2„#r√"„í√ÉB√#„Ç√„√2„É#ìc√SÉí„ £##R”"”rC££√„CÇ√B„Écí√ì„cÉ32√#2„Cìs##B√s2„#r√"„2√ìR√í„R√„√B„É#Éí√SÉb„ê£##R”"”rS££√„CÉÇ√R„#ì32√ì„csC#B√#2„C3Ésb√s2„#r√"„√ì"√b„√„√R„#ìÉÇ√c2„ £##R”"”rc££√„CB√R„cì3í√ì„cSB√#2„SÉSb√sB„s"√„b√ìB√2„r√„√R„s3sí√cS„p£##R”"”rs££√„É3Ssr√B„Sssìr√ì2„s3b√#2„É3B√ì2„#r√„2√ìB√B„2√„√R„CÉSCr√sR„P£##R”"”rÉ££√í„ÉìÉb√R„C3Éì"√ìb„ÉSS2√#r„SÉS3ì"√2„cí√„√ì"√r„√2„√#B„ìS3sÇ√sS"„P£##R”"”rì££√c„SCÉS√b„ÉsCsÇ√CB„ììr√#2„SSCc#B√#í„√„√Éí√í„√C2„√cÇ„3SSìÉí√sC„ê£##R”"”r££√sR„S#C#Ç√Ç„cìì√„√#2„C3SCSb√í„sB√„b√Ér√#„r√R„√É2„cs#33É√sS„@£##R”"”r££√ì2„c##c"√Ç„s#ssÉÇ√„√ìÇ„3ssb√ìR„CR√„R√ÉR√í„2√C2„√"„3SCÇ√s#„ê£##R”"”r#££√3R„CcC3#B√r„ìC3c#R√„√3Ç„#SccÇ√b„Cb√„B√sr√#„B√Ér„√C2„CsìCí√cÉ„p£##R”"”r3££√Ç„ìS#"√Ç„##cÉb√„√Sr„Sss#Ç√ì2„#R√„r√cr√#„í√#s2„√#r„#3#Ç√sí„ £##R”"”rC££√Ç„ÉS#S32√Ç„3ìSÇ√r„#CcC3"√Cr„Csìì"√ì2„#R√„B√cÇ√#2„√#R„√b„ÉccCì√sí„ £##R”"”rS££√sí„SCSc√r„33sR√ÉB„sSìÉÇ√3í„CìSs"√ì2„#R√„2√c2√#"„√cB„√Éb„Éss3b√s#2„Ä£##R”"”rc££√#Ç„33Cc"√r„ÉììÉB√C„ÉìS"√cr„sSCSS"√ì2„#R√í„í√c"√#„"√ì"„√3R„C3CCb√sÉ2„P£##R”"”rs££√"„sÉs#√b„sS3√S„cìscÇ√#R„cssCb√ì2„#b√í„b√c2√#„B√ì"„√Ç„É#ì3"√ÉCR„ £##R”"”rÉ££√„É#cìb√b„cSS"√cÇ„É#cb√#R„#sSS"√ì2„#r√Ç„r√s2√r„Ç√b„√Ç„CssCs"√ÉSb„ £##R”"”rì££√"„#CÉÉSb√b„ccSÇ√ìí„SÉ#SCB√#R„##SB√„2√Ç„R√s2√B„í√„√Ç„ìì3sB√ÉCr„`£##R”"”r#££√„sC3b√b„CcsÉ3í√ÉR„ÉS#cÉÇ√#R„#ÉSS"√Ç„√Ç„"√sB√B„b√„√r„#ÉÉsR√É#Ç„P£##R”"”r#££√„3b√R„ÉCÉÉb√ÉB„cÉÉÇ√#R„ìSsB√„2√r„"√s2√„2√„√R„ìCÉÉC"√sìÇ„ £##R”"”r##££√„3sb√B„3#CÇ√ÉB„ìssb√#R„##S3#Ç√„2√b„í√sr√í„r√„√B„3#sÉB√ssr„Ä£##R”"”r#3££√„3b√2„sÉsÇ√sÇ„##s##B√#R„ss##B√„S"√b„R√É√í„√„√2„sÉs3cÇ√sS„P£##R”"”Ç££√„3cÇ√2„sS#R√C„cs3#Ç√#R„SB√"„ì√b„R√É√Ç„R√„√2„sSSs2√s„ê£##R”"”Ç££√„3ÉB√2„cÉ3#r√C„s3sCB√#R„3b√s2„3B√R„Ç√ÉR√b„√„√2„cÉ3S√ccb„ £##R”"”Ç#££√„B√2„Cìì#Ç√C„s#ÉCÇ√#R„3#B√s2„3B√R„√ÉR√R„"√„√2„S3#Ç√cCR„P£##R”"”Ç3££√„C3"√"„ìC#CSR√C„cì#SCB√#R„sììS"√s2„3B√R„√É√2„b√„√"„ìC#ÉÉr√c3„ £##R”"”ÇC££√„B√B„#s#sR√C„sìsì"√ìÇ„Ccc#ìb√s2„3B√B„b√É"√R„B√„√B„#scsR√c#í„Ä£##R”"”ÇS££√„3ÉB√R„3#c#b√C„csìCB√cí„3É#SÉB√s2„3B√R„b√É"√b„r√„√R„33R√cS"„p£##R”"”Çc££√„3"√2„CÉcB√C„ÉCìb√#B„sScCB√sB„sb√R„b√É2√b„B√„√2„CÉìb√cìr„P£##R”"”Çs££√„#sì"√„ìsCb√c„Cìs#Ç√#3í„sc#Ç√ìR„Cb√B„r√É2√R„√„√"„ììÉ3#b√sSí„ £##R”"”ÇÉ££√3„3#sr√„CÉsÉ2√Sb„SÉ#B√##Ç„ìÉsSÉB√ìr„Éb√R„"√É"√"„r√r„√3„SSb√scí„ê£##R”"”Çì££√Ç„3SB√„sìCr√B„CcSCB√#B„ì33ìB√Sr„ÉB√r„Ç√sr√2„√R„√í„C3Ér√sÇ„£##R”"”Ç££√s"„Ss#Ç√„ìsCsb√#B„C33sb√#"„SsCÉÇ√ìR„Cb√í„√sB√R„Ç√#É„√s2„SCCCSb√cc2„ê£##R”"”Ç££√#r„ìsSSr√„ssìCR√„√SR„S#SÉ3"√ìB„√í„í√s√r„2√C3„√#r„Éscìs"√c#2„p£##R”"”Ç#££√#Ç„ì3ÉCÉ2√„Sì#ss√„√C„SsScÇ√cr„ÉÇ√„B√cÇ√í„"√Sí„√#í„S3#SB√Sìí„ £##R”"”Ç3££√#Ç„ì##cb√„#Ésìsb√"„ìSR√CB„33CCSb√ìB„√„R√cr√„2√S#B„√#í„#SÉ"√cí„£##R”"”ÇC££√sR„Ésìì"√„c#S3"√b„SCs√sr„3ìS3b√ì"„sB√„b√cR√í„"√Cìb„√sR„ìCc#C"√c3"„ £##R”"”ÇS££√R„#SììsÇ√„SB√3„3Cí√#3„s#ììB√ì"„sB√„R√cb√b„r√Cr„√R„#cS3sÇ√csb„0£##R”"”Çc££√3r„3SÉ3√„√Sr„3SììÉb√#Cí„#C#sÉB√ìR„Cb√„b√cB√R„r√#É"„√3r„3SÉ3√sCb„0£##R”"”Çs££√"„ìcÉCb√„Ç√#3R„cÉÉcB√#s„#3S"√#í„cB√í„B√s√R„"√í„√"„ìÉcCb√É#2„P£##R”"”ÇÉ££√"„3ìcB√„c2√#Sb„ì#ìssÇ√#s„ìCÉìb√#í„cB√r„r√sÇ√„2√r„√"„ìCìcB√ÉS„ £##R”"”Çì££√2„sì"√„3B√#Sb„333Cb√#s„ÉcB√2„32√r„2√É√B„√„√2„Sì"√ÉCÇ„P£##R”"”Ç#££√"„ì3cSìb√„ìSB√#3í„#Ccb√#cí„sccB√r„Cb√r„√É"√2„2√„√2„3ììcB√É3B„P£##R”"”Ç#££√"„#3"√„ccb√#32„Ss3ÉB√#S2„CCìSb√„SÇ√b„b√É√2„√„√"„#ìss#B√ÉB„`£##R”"”Ç##££√„3C#S"√„cSsr√#b„ì###Éb√#3„ssÇ√„SÇ√b„2√É"√"„√„√„Ssì#"√ssí„ê£##R”"”Ç#3££√„CcB√„#ì#c3r√sr„333ìB√#3B„cs#ìÉB√„SÇ√b„í√É"√„Ç√„√„#ìs#C√sCB„p£##R”"”í££√„3S"√„ÉS√Sr„C#Éìì"√#„s#CCb√sB„Cb√b„í√É2√"„Ç√„√„ÉÉc"√cÉr„0£##R”"”í££√„3cÇ√„3ÉÉCR√#R„cìÉ#B√#3R„#cì3#Ç√Ç„Cí√r„"√É2√2„√„√„3É###ìììììììììí√cCr„ £##R”"”í#££√„3b√„Ccì3s2√R„ìs#2√##í„ì33"√s2„3√b„"√É2√„B√„√„Ccìs32√cr„p£##R”"”í3££√„3CB√„3#sB√2„É3C"√#"„#c#ìB√s2„3√Ç„2√sí√„r√„√„3cÇ√c„ê£##R”"”íC££√„3S"√„Ç√É„3r√#R„cÉs"√s2„3√r„Ç√sÇ√„√„√„É3Sìììììììììí√c"„p£##R”"”íS££√„3S"√„ì#b√ÉÇ„#3ÉC2√#R„S#3b√s2„3√Ç„√sí√„r√„√„ì#ìSìììììììììí√cí„`£##R”"”íc££√„3"√„ìÇ√C"„SÉ3#S"√#r„css#ÉÇ√sB„Cb√Ç„Ç√sÇ√"„"√„√„ìÉ3"√cSb„@£##R”"”ís££√„3##r√„s#Ç√É„S#s"√##B„sSÉB√r„#2√Ç„Ç√sÇ√"„B√„√„3Cì#r√s"„Ä£##R”"”íÉ££√„#SSS3Ç√„s√ÉÇ„ÉSCCSb√##„ÉSc#s"√R„sb√í„2√sÇ√"„2√R„√„C#cS3Ç√sSÇ„`£##R”"”íì££√cB„ìcsÉB√„#C2√ìb„ìCr√#2„c3ì#ìb√ìR„R√"„b√s2√„r√s2„√cR„SìsÉB√sí„@£##R”"”í££√#R„c3Cs√„3CÉ3Éb√c„c3S3sÇ√#2„S33c#B√b„sr√B„R√c2√B„B√ì2„√#R„ìÉ3Ér√ccr„P£##R”"”í££√Sr„ccCsÉR√„É#cs#b√„√cÇ„3#ÉB√b„cR√R„í√c√b„Ç√3#r„√SÇ„CìS√c3„ £##R”"”í#££√c„CSìì"√"„sCÉ3Cr√„√C2„c#ì3b√r„#2√r„√c"√B„2√C#2„√c2„cC33ÉìììììììÇ√c„`£##R”"”í3££√#B„ÉÉÉ√"„#B√„√ÉÇ„CscB√ìB„c2√r„í√c2√B„í√S"„√#r„ì#√cS"„`£##R”"”íC££√í„Éììc√„3#ssR√B„3SC"√#2„SCs"√ì2„3B√Ç„√cb√b„2√CS2„√„#s3b√cSr„@£##R”"”íS££√s2„3ÉCs#r√„cscSCR√c„CìsÉÇ√#2„C#cCìb√ìB„c2√b„b√sb√B„B√3#r„√sB„c#s"√cÉb„p£##R”"”íc££√#„ìSS3B√„#SsCÉí√#í„Sìc3cb√#2„ScS"√ìB„c2√b„√É√B„√C„√#„CS3#2√s3b„`£##R”"”ís££√„S33Ssr√„CSÉí√#cB„ìSs#"√#2„cÉ33"√Ér„cR√R„R√ÉÇ√R„"√S„√„c3Écb√sÉ„p£##R”"”íÉ££√„ìssSb√„cc#b√#sb„csssb√#2„CìÉs3b√r„#2√2„R√ì"√"„Ç√b„√"„3ÉsÉ"√sÉr„0£##R”"”íì££√"„ÉÉCSS"√„c3CcìÇ√#í„ìÉCB√#2„S3ÉCB√r„#2√"„√ì√"„2√„√2„Sì#CììììììììììR√sÉ„Ä£##R”"”í#££√"„cÉìcÇ√„ÉC3Sìí√#Ç„ss#B√#2„S##CÇ√"„√„b√Éb√„Ç√„√B„#Scr√sc2„ê£##R”"”í#££√„3cÇ√„sÉSr√#í„SsCcB√#2„SSì3b√sB„Cb√2„b√É"√R„"√„√„sCìSÉS"√sC„£##R”"”í##££√„#ìCÇ√„ìs"√#Ç„ì##Cí√#2„CCSCB√ìÇ„CR√2„B√É"√B„√„√„#c#CÇ√s#í„@£##R”"”í#3££√„3sb√„ÉCb√#í„#ÉcCc"√#R„cScÇ√ìR„C"√"„Ç√É2√2„Ç√„√„ÉCìsb√sr„p£##R”"”#££√„3ì"√„s"√ìr„ìS33B√#B„S#Éb√sr„ìR√"„2√ÉR√R„√„√„sSì"√cc"„Ä£##R”"”#££√„3"√„Cs"√cb„##Ç√#2„#cs3b√s„b√„r√Éb√R„B√„√„sÉB√c#"„Ä£##R”"”##££√„3sb√„CSSí√B„ccÉCìÇ√#2„#S3"√s„b√„r√Ér√R„í√„√„Cì3Cìììììììììí√SìB„ê£##R”"”#3££√„3"√„c"√Éí„Sìr√#2„##sÇ√s„ìí√B„√É"√R„B√„√„cS"√Ssb„0£##R”"”#C££√„3S"√„#b√ÉÇ„ìÉSí√#2„#s#ÉÉÇ√s„ìí√B„√É"√R„2√„√„#ìS"√Ss"„Ä£##R”"”#S££√„3cÇ√„ìí√ì„SsS32√#2„#És"√s„b√2„B√É2√R„r√„√„ìì3cÇ√SÉB„p£##R”"”#c££√„3#Ç√„ssCb√ì„cC#sB√#"„sìb√s„b√2„b√É2√B„R√„√„sssCB√cí„ £##R”"”#s££√„s#√„CCsr√ì„cSÉr√s„S#CÇ√s„b√"„b√ÉB√„b√„√„#C#ìÇ√c3R„P£##R”"”#É££√B„ì#3ÉS"√„##Cí√ì„cCsSr√c„Ss3b√s„b√B„"√Ér√Ç„r√"„√R„3c#s√ccb„`£##R”"”#ì££√r„#ScÉCR√„#3CìSR√ì„cìS2√c„Sì#C#B√s„b√b„b√ì√Ç„"√3b„√r„CìsììììììììììÇ√cÉ"„Ä£##R”"”#££√C„ÉcÉR√„cSs√ì„cSS√c„csÉb√s„b√Ç„√Éb√"„í√Cr„√C„#SsÉb√cÉ„£##R”"”#££√s2„ìcÉB√„ScSSr√ì„sr√c„cC#ìb√s„b√Ç„√sí√"„√#c„√sR„CscsCìììììììí√cSR„p£##R”"”##££√ìb„cc3Ss2√„3SC#Ç√Éí„33#Ç√c„cccìb√s„cí√Ç„r√sÇ√b„"√332„√ìr„sìì√cí„ £##R”"”#3££√ìB„cCCc2√„cSCCsb√ì„c3ìr√c„cC#B√s„b√í„"√sb√B„B√3„√ìR„#cÉì3í√c#B„@£##R”"”#C££√cR„Cc3s√"„3ìÉC2√ìR„É3csB√c„cCCSB√s„b√í„√sr√R„Ç√C„√cr„ÉSìsÉB√c3í„ £##R”"”#S££√3b„Éc#√"„s3É#Ç√C"„ÉìCÇ√c„c333b√s„b√Ç„í√sr√r„b√##B„√3í„SSC##í√cs"„0£##R”"”#c££√Ç„CÉc#√"„ÉììÉr√#"„ìc#B√c„Sc3sS"√s„b√r„√ì√Ç„"√ìB„√„3cÇ√sR„ £##R”"”#s££√„#3cssR√"„cC#Ç√#3"„CcìCB√c„SSS"√s„b√R„B√ìÇ√B„"√Cr„√2„Éssì2√s3Ç„£##R”"”#É££√„sSÇ√2„#ÉÉìb√Éí„C##b√c„Ss#C3"√"„#b√B„2√ìí√R„r√B„√B„ìÉ#Csb√sCÇ„`£##R”"”#ì££√„sC#sSb√b„ììc√ì„cs3É"√c„Ss#Sb√s„b√2„"√ìr√R„R√„√r„ìC#3cr√s3í„P£##R”"”##££√„CS#b√r„3CS32√ì„ccsS"√c„sCìS"√s„b√"„B√ìr√2„b√„√r„CÉcSì2√s32„@£##R”"”##££√„#cB√b„3ìì3sr√ì„ccìc"√c„cSccB√s„CB√"„R√ìb√2„B√„√b„CcC√sB„`£##R”"”###££√„#s"√Ç„333√cR„SìSb√c„SìS"√s„CB√"„√ìR√b„r√„√Ç„33SÉ3"√sR„0£##R”"”##3££√„#s"√Ç„3ìÉcr√„#√c„c#ìcÇ√s„cB√„Ç√ì√#„√„√Ç„3ìÉÉÉí√cì„ £##R”"”#££√„#ìb√Ç„S3É332√„√c„cc"√s"„√„"√ÉB√Ç„√„√Ç„S3Éc#í√cS„Ä£##R”"”#££√„3"√Ç„ssìÉ"√„√c„cSìcB√s„3B√í„b√sB√#„Ç√„√Ç„sÉB√c#"„0£##R”"”##££√„33b√Ç„ìÉcS#B√„√c„csì#Ç√s„Ç√Ç„b√sÇ√Ç„2√„√Ç„ìÉcÉb√c„ £##R”"”#3££√„3#Ç√Ç„Ccì3cR√„√c„cS3ìcÇ√cÇ„SR√Ç„Ç√s2√#2„B√„√Ç„Ccìcì2√SÉí„ £##R”"”#C££√„C#B√Ç„#ÉSìsr√„√c„cs3cB√cí„ìí√Ç„B√cí√#R„í√„√Ç„#ÉcC√Sì"„Ä£##R”"”#S££√„Cb√Ç„3s33b√„√c„csCÉÇ√s„S2√Ç„√s√#B„r√„√Ç„3ssS"√cÇ„£##R”"”#c££√„3ÉB√Ç„É#ìr√„√c„É#ÉB√s„3B√r„R√s2√#B„B√„√Ç„É33SB√c3R„ £##R”"”#s££√„SCÉCb√Ç„3C33R√„√c„css#cB√s"„r√r„√sR√#2„B√„√Ç„SsSÉ√cSr„Ä£##R”"”#É££√Ç„ìSí√r„#ÉìcCÇ√„√c„cscÇ√s"„r√b„R√sb√#„"√"„√R„#ìÉsr√cÉ„Ä£##R”"”#ì££√#„S#3#R√r„ì3É3sb√„√c„cÉCÉÇ√s„S2√r„b√cB√#„√#„√#Ç„CSÉs√cìR„P£##R”"”#££√#r„c3#ìB√R„3CcSìb√„√c„c3scs"√cÇ„#í√r„"√cB√#„r√C2„√3"„ìsÉsí√s2„ê£##R”"”#££√CÇ„3C#R√Ç„sÉB√„√c„ÉS3b√cÇ„√b„Ç√cí√#„í√Cí„√Sb„CCìí√cì„ £##R”"”##££√cÇ„Ss3SÇ√r„ì3ì#3R√„√3"„ccì3sb√cÇ„√b„B√s√#„√#SÇ„√sb„CCcSì2√cSí„P£##R”"”#3££√C"„cÉCÉSR√Ç„3Cs"√„√„ccB√cÇ„√b„√cí√#„√#ì„√S„ìììSSr√Sìr„P£##R”"”#C££√#b„É#ì3sB√r„sScÇ√„SSÉs"√í„CSb√cÇ„#í√b„"√c"√#"„í√S"„√3B„S3CSC"√cr„£##R”"”#S££√Éí„ìSSsc2√r„ScìB√#B„3ìS3ì"√í„ìÉ#ì3b√s„#b√b„"√SÇ√#„B√#Cí„√ìr„#csr√cSR„Ä£##R”"”#c££√#Ç„ìcìR√b„#C33cí√c„ìsCSb√Sí„##s#cB√s"„R√R„Ç√SÇ√#„Ç√##"„√3R„CCcB√s3„P£##R”"”#s££√"„CÉS33r√R„ÉCÉ2√#„cCCb√c„sÉSCSb√sí„Ç√R„r√SÇ√Ç„√ì"„√Ç„3#ccr√ÉÇ„£##R”"”#É££√„s3ssÇ√B„SsS2√C2„sCSÉB√c„cÉÉ3S"√sí„3í√R„√cB√b„r√r„√b„3ÉscR√É3r„@£##R”"”#ì££√„É#C#sb√B„cÉ#cÉí√S„ì#3S"√c„ÉÉìCB√sí„ì"√B„R√s√R„r√„√b„ScìcR√É32„ê£##R”"”##££√„SìCB√B„SSs#3R√S„ÉS3b√c„s#s"√sí„ì"√B„√cí√B„í√„√R„S33í√É#2„£##R”"”##££√„C3"√2„É3sr√S„É#ìsb√c„sìÉsÉB√sí„ì"√2„í√c2√„"√„√2„É3C3ìr√É„p£##R”"”###££√„CÇ√2„#SS3c"√S„3SccB√c„sÉCb√sí„ì"√2„b√cr√„r√„√2„#SSÉC"√sÉb„ £##R”"”##3££√„S"√2„S#sSB√S„cìÉìb√c„scì#s"√sí„ì"√2„2√s√„2√„√2„S3#cc2√sSí„0£##R”"”#"££√„SB√"„CÇ√S„s3CÇ√c„sC3ìb√sí„3B√2„"√s"√í„í√„√"„Cc"√s"„`£##R”"”#"££√„Cìb√"„CÉÉ√C„cÉscÇ√c„sC##B√cí„c"√2„√s√Ç„R√„√"„CÉcsr√csÇ„P£##R”"”#"#££√„B√„É#sb√C„SìCscÇ√c„s#3cÉÇ√cí„c"√"„R√s2√b„Ç√„√„É##b√cSR„0£##R”"”#"3££√„B√„##3R√C„cc#ÉÇ√c„sc##s"√cí„c"√„r√sR√R„B√„√„##S3R√cCB„ê£##R”"”#"C££√„CB√„3ìcC2√C„ccb√c„s33cSb√cí„c"√„í√sR√b„√„√„3ìcCÉ2√cCí„ £##R”"”#"S££√„CCÇ√„3cs2√S"„#3S"√c"„sCì"√cí„c"√„2√sB√R„Ç√„√„3sc√csr„ £##R”"”#"c££√„CB√„Cc"√sí„ìÉCB√ìr„3#ì3b√s"„S2√„√s2√R„r√„√„SC"√s#"„@£##R”"”#"s££√„É3sCÇ√„√#B„ÉìÉcB√#Ç„#sÇ√ì2„SB√„"√s√2„r√„√„É3sCÇ√sÉr„`£##R”"”#"É££√#Ç„#SsCr√„#ssÉB√#C„ìs#És"√sí„SÉ#B√ìb„sB√„Ç√s2√B„"√R„√#Ç„3ÉCì3√Ér„p£##R”"”#"ì££√R„3Éb√„Cs##√#r„S3B√c„Éss"√ìb„sB√B„Ç√s√Ç„B√r„√R„SÉcr√s3b„Ä£##R”"”#"££√cÇ„ÉscsSB√„CSCSr√cb„s3c#Ç√c„ssCcCÇ√ìb„2√r„√cB√í„B√#Éb„√cí„#É##"√cì„@£##R”"”#"££√#B„sS#ÉÇ√„S3cCR√„√c„ssC3"√ì„cÇ√Ç„b√c"√„Ç√C#Ç„√#R„#ÉÉ32√cC2„p£##R”"”#"#££√#Ç„ìì√„ìÉC"√„√c„s3Cs"√sb„cí√í„"√c2√R„r√S#b„√#í„É#ìS2√cB„£##R”"”#"3££√#"„#sì#í√„É3sí√„√c„sSsb√ì„É"√í„Ç√cB√b„R√SS"„√#2„CSSc3Ç√cCR„@£##R”"”#"C££√cí„3C#sÇ√„CSs#b√R„sìì3b√c„s3sS"√ì„sR√„B√cB√b„"√S#„√s„sììÉ33ìììììììÇ√cSr„`£##R”"”#"S££√Ç„ì#r√„s3ìSR√#„sc"√c„s3cS"√ìR„3í√„B√c"√b„Ç√C3„√í„sCÉÉ"√cìr„`£##R”"”#"c££√C„ÉcCÇ√„ìÉ3C3R√Ç„SscÇ√c„ÉsÉS#Ç√ìR„cR√„b√c2√B„b√#s„√C„ÉCCCÉ2√sS2„£##R”"”#"s££√2„ììÉÉr√„CìC2√É„ìÉR√c„ssÉ#ÉÇ√ìr„C√í„í√cí√2„√#"„√R„3É#ìììììììììí√É#R„p£##R”"”#"É££√„ìsÉcs"√„SÉ3cÉ√#3í„sR√c„sÉ3CÇ√#R„#í√í„2√s"√„"√Ç„√2„Sc#3S2√ÉS„Ä£##R”"”#"ì££√"„ìSCÉcÇ√„SìScr√#Sb„ÉìS#SB√c„s3CB√#R„#í√í„√s"√"„2√„√B„SSCÉR√ÉCB„ £##R”"”#"#££√"„ì3#ìÇ√"„#3R√#C2„ìÉìB√c„sìÉCCÇ√ìR„s"√Ç„B√sB√í„Ç√„√R„Sc2√É#B„£##R”"”#"#££√"„#CS3"√„Écc#í√#C2„3ÉìB√c„scì#s"√ì„í√Ç„í√É√"„√„√B„Ssc√sìR„ê£##R”"”#"##££√„33#ÉÇ√„#Éc3√#C„ììSìB√c„ssCSì"√í„B√Ç„"√É√r„√„√„c3Éí√ss2„Ä£##R”"”#"#3££√„CCS"√„3#SCìr√s„S#CCb√c„s#C3b√ì"„cr√r„B√sR√b„B√„√„3#ììCí√sC2„@£##R”"”#2££√„3ÉB√„CsÉs3R√C„sCìccB√c„css#Ç√sb„r√r„2√sR√R„b√„√„Csìí√cìB„@£##R”"”#2££√„3b√„sÉÇ√C„s3ÉB√c„cì3cb√s2„3"√r„√sÇ√"„í√„√„sÉ3cÇ√cS2„p£##R”"”#2#££√„3b√„#3ÉCR√C„ccÉSsb√c„cÉCscÇ√s2„3"√r„B√s2√B„R√„√„#3ÉSR√c#"„P£##R”"”#23££√„3S"√"„ìsìÉí√C„sS#Ç√c„cSc#cB√s2„3"√í„√sb√"„2√„√"„ìÉ3C√cí„0£##R”"”#2C££√„3cÇ√"„ìsìì3"√C„cìsb√c„c3"√s2„3"√í„B√sR√"„í√„√"„ìÉ2√c2„Ä£##R”"”#2S££√„3sb√„ccSb√C„sÉB√c„cc#Sì"√s2„3"√Ç„R√sb√„b√„√„c3"√c3„`£##R”"”#2c££√„3CB√„3cÉcr√C„css3"√c„s3CB√sb„r√Ç„√sr√„B√„√„3c#√ccb„P£##R”"”#2s££√„ssì3r√„#sÉí√S„C3"√c„s#cSb√ìR„SÇ√r„Ç√sr√í„"√„√„ìÉs#b√s#B„`£##R”"”#2É££√Ç„Cììì"√„Écr√S„s#ìÉ#B√c„cìÉb√ìb„CÇ√Ç„√sr√r„b√B„√í„Sssc"√sSí„£##R”"”#2ì££√SÇ„ì3#í√„#s#√#"„Éssssb√c„sìCCs"√ìb„C"√„Ç√sr√Ç„√ì"„√c„3ìB√s3„`£##R”"”#2££√É„cc#C"√"„SsÉÉ"√#R„s#csb√c„sÉ#S"√ìB„#"√2„r√cÇ√2„√##R„√É2„ÉC3#3ìììììììí√sí„ê£##R”"”#2££√sí„s#scÉí√"„ìc2√„√c„s3#3"√ìB„#"√R„√cR√2„"√#ìÇ„√É"„c33cì"√s#„£##R”"”#2#££√3Ç„sÉ3SB√"„3c3cR√„√c„sÉCSb√r„"√b„√cB√2„í√3#r„√C„sCCsí√c3B„ê£##R”"”#23££√ìr„sì#C3Ç√„ÉìC#Ç√„√c„s#3Ç√ìB„#"√b„b√cB√b„Ç√CB„√ìí„cÉcScb√cì2„P£##R”"”#2C££√cb„sÉc#R√„S#SC"√Ç„#É3#B√s"„####ÉÇ√ìb„C"√b„"√cÇ√R„R√#ìb„√cÇ„3sCR√sí„p£##R”"”#2S££√32„ÉÉC#√„csc3SÇ√ì2„ìB√c„sSSÉÉÇ√R„ìb√R„í√cÇ√2„r√S2„√3B„CìCssí√s3B„`£##R”"”#2c££√"„CSCb√„3sìb√c„ScCCB√c„SÉs#s"√ìR„SÇ√b„"√s√B„√Cí„√"„É#c"√sSb„ £##R”"”#2s££√„sÉ#√„#ìb√ì„s3ìÉ#Ç√c„Écs#Ç√ìb„C"√R„√É√"„r√Cí„√„Cc3C#√sì2„P£##R”"”#2É££√„ÉsÉ#B√„C#"√cr„Scssb√c„ÉìcÇ√ìR„SÇ√B„√ÉR√2„R√R„√"„#3#B√sìb„ £##R”"”#2ì££√"„ÉcS"√„sSb√cr„S#ìsÉ"√c„sìb√ìR„B√2„B√Ér√B„2√„√"„#ccS"√sÉÇ„ £##R”"”#2#££√„sCìcÇ√„3b√c„3#Ç√c„cìccB√"„#2√2„Ç√É2√b„√„√„sSìcÉ√scÇ„£##R”"”#2#££√„Ss3"√„SB√Sb„3ScScB√c„sCsÉÇ√sí„3√B„√Ér√„b√„√„sC3"√sCR„0£##R”"”#2##££√„#cB√„s"√Sb„3SS3B√c„cìc3b√sí„3√B„√Éí√í„r√„√„sCcB√s32„ £##R”"”#2#3££√„#ÉÇ√„Sb√C„Cs3b√c„s3C#b√sí„3√2„Ç√Éí√í„r√„√„Sc#ÉÇ√sr„ £##R”"”#B££√„Cb√„3ì#Ç√É2„3ÉC√c„s33b√s2„3"√B„2√ÉÇ√2„2√„√„3ìc3B√cSr„@£##R”"”#B££√„Cs"√„ScSB√É2„cìCR√c„cÉcCCÇ√s2„3"√B„√ì"√R„R√„√„Scc#b√c#„ £##R”"”#B#££√„Cs"√„#b√É2„cSÉÇ√c„cÉb√s2„3"√2„r√ìr√2„2√„√„#cCs"√Sìb„0£##R”"”#B3££√„3ì"√„c3scÉb√É2„É#Cr√c„scs"√s2„3"√2„r√ìb√2„"√„√„c3Éssìììììììììí√Ssí„P£##R”"”#BC££√„CcB√"„cÉ3#Ç√É2„Ccsr√cr„CÉ#s#Ç√s2„3"√2„Ç√ìb√R„b√„√"„cÉsì"√SÉ„ £##R”"”#BS££√„CCÇ√"„C#Cí√É2„Sìb√ÉB„s333b√s2„3"√2„√ìb√r„í√„√"„Ccìr√Sìb„ £##R”"”#Bc££√„Cb√2„ÉC3Sr√É2„Csc√Ér„ScÉÇ√s2„3"√"„B√ìR√Ç„√„√2„ÉC3Ss2√c3"„ê£##R”"”#Bs££√„3É#r√B„Éì#sCr√É2„c3R√ÉR„s#CcB√É"„3B√„R√ìr√b„B√„√B„ìcSsB√cìb„Ä£##R”"”#BÉ££√„ìÉCCCB√R„É2√ìR„Sìcc"√s„s#sC#B√R„sÇ√„í√ìb√b„√"„√r„ì#CSr√scÇ„0£##R”"”#Bì££√„###√b„3SsCs2√r„3ÉÇ√c„sScÇ√3„"√„√ìr√B„Ç√r„√b„SsscÉ2√ÉB„P£##R”"”#B££√#"„ì3B√r„##Cìì√í„#CsÉr√c„sCììS"√#R„Sr√„√ìb√#„Ç√CB„√#í„CÉR√ÉR„p£##R”"”#B££√C"„33Cìb√r„C#ìSB√É„sÉ3CR√c„sscs"√r„c2√„2√ÉÇ√í„R√#r„√Cí„sCsìB√sÉR„ê£##R”"”#B#££√3B„ìCcS"√r„3sÉ2√sb„cc3cR√c„s#Cìb√í„cÇ√í„í√Éb√r„í√#„√C"„3#CCS"√ssR„p£##R”"”#B3££√#B„C#Ssc2√r„3#SÉÇ√É"„ÉcS#s"√c„s3sCÇ√„ìB√í„r√ÉR√Ç„í√#„√3„s3É3S√sìí„`£##R”"”#BC££√#R„3Ssss2√r„#É3s2√#Ç„sCÉSÇ√c„ÉC33b√ìB„í√í„"√ÉÇ√í„√3í„√3"„cCÉCb√sìR„ £##R”"”#BS££√r„É##r√r„SS3Sb√SR„3#Éì"√c"„S33##B√#í„ÉÇ√í„√ì√Ç„√„√#B„c333É2√É"„ê£##R”"”#Bc££√R„3#s2√b„ÉìSS"√c„ìcÉ3S"√c„És#ÉÇ√í„cÇ√Ç„r√ì"√Ç„r√cR„√„ì#É#R√É#R„ £##R”"”#Bs££√„3Éìcb√r„c3sCsr√Sr„c#R√c„s33ÉB√É"„3B√Ç„√ì√r„í√#B„√Ç„#cSC2√ÉC"„p£##R”"”#BÉ££√„3c3b√r„sc3#Sí√c"„SCsìÇ√c„c33#B√í„cÇ√r„Ç√Éí√r„Ç√"„√Ç„#cÉSí√É3b„0£##R”"”#Bì££√„cì#Sb√r„#ìSÉ√Sr„ìÉCb√c„Sì33sb√É"„3B√r„R√Ér√Ç„√„√r„CcScb√É#2„P£##R”"”#B#££√„c##B√r„#É##3b√3"„s#SB√c„SÉÉ3"√sB„cb√r„2√ÉR√r„R√„√r„#ÉÉCb√sìí„Ä£##R”"”#B#££√„3ì"√r„CÉsìS√sr„##CS3"√c„cÉì3b√sB„C2√r„Ç√s2√"„Ç√„√r„CÉÉ3C#ììììììììí√ssb„`£##R”"”#B##££√„B√r„ìsÉ#2√sr„#CÇ√c„SÉC3B√sB„#2√r„r√s√B„"√„√r„ìÉ##2√scR„0£##R”"”#B#3££√„3ÉB√r„3ìÉC"√sr„#3Cs"√c„cC#cB√s"„ìÇ√r„R√s"√"„Ç√„√r„C##cR√sC„ê£##R”"”#R££√„B√r„cÉc#3Ç√SÇ„ccÇ√c„csSCs"√ÉB„2√r„R√s"√B„b√„√r„cÉcc3Ç√cì2„ £##R”"”#R££√„B√r„Cìs#B√„√c„csC#B√sí„B√r„2√sB√b„"√„√r„CìsS#B√cSr„p£##R”"”#R#££√„B√r„cì#ìb√„√c„cSC#CÇ√s2„Cí√r„2√sB√Ç„√„√r„cì#Cìb√c3„`£##R”"”#R3££√„3CB√Ç„sSìì√„√c„c3cB√s"„#2√r„R√s"√#„B√„√Ç„sc33R√c#„@£##R”"”#RC££√„3cÇ√Ç„3#√„3ÉSÉÇ√c„cÉ3CB√s„ì"√r„"√sB√#"„B√„√Ç„3Ssí√c#„Ä£##R”"”#RS££√„3ÉB√Ç„CÉìÉR√#Ç„ì3ÉsÉB√Sb„ìScs"√s"„#2√b„Ç√sb√#2„R√„√Ç„CÉìCcí√c3B„`£##R”"”#Rc££√„3cÇ√í„CcCb√sb„cìì3ì"√#B„s#Ç√s2„ìB√b„b√sÇ√#R„B√„√í„SB√cc"„0£##R”"”#Rs££√„#3s3c√Ç„Éì##B√sr„ììÉB√c„SìÉÇ√ÉB„2√b„B√sí√#b„√„√í„#ìc√cìR„ £##R”"”#RÉ££√b„C3csCB√Ç„sÉSÉí√sr„3cCb√c„CìsìS"√sí„2√b„√sí√#b„r√"„√B„cS332√s#B„p£##R”"”#Rì££√32„sÉb√Ç„S3sCCb√c2„cCsSÉB√SÇ„3#Cb√s„ì"√b„√É√3„í√3B„√C„sSCS"√sb„ £##R”"”#R££√Sr„ÉìcSí√Ç„C3É#2√„√c„É3cÇ√cÇ„É"√b„"√sb√3"„b√cí„√cb„3SCÉ"√s"„P£##R”"”#R££√sR„3ìÉr√Ç„##SSÇ√„√Sr„c3ssb√cÇ„í√b„í√c√3B„√3Ç„√É2„csCCììììììììí√cìÇ„ £##R”"”#R#££√ì2„ÉìSìc"√Ç„CÉìCí√„√Ç„3cìCB√cb„cí√b„b√c2√32„r√#cR„√"„3Cì√ccr„ £##R”"”#R3££√ì"„CSsí√Ç„CcÉí√„√c„#ìCB√cÇ„SB√b„b√Sí√3Ç„B√3Ér„√„S#3ìÇ√cÉB„p£##R”"”#RC££√sB„cìÉS√r„cìs#cr√b„cssCB√c„Sìsc3"√cÇ„É"√b„√cr√3R„R√3ìr„√É"„3ÉìÇ√cìÇ„`£##R”"”#RS££√3"„#Ç√Ç„s3#"√Sí„cìs"√c„Ss3"√b„#r√b„√cR√3R„B√3Cr„√C„ÉS2√sCí„£##R”"”#Rc££√„Éc3CÇ√r„CcìÉr√sr„sCCÇ√c„s3É3b√B„#2√B„b√s√3b„Ç√#Ç„√Ç„SSccR√ÉÇ„£##R”"”#Rs££√„ÉÉÉb√B„#c#És"√sr„33b√c"„SìC#B√ìB„3R√B„"√sr√3b„√ì„√R„3ScÉsììììììììí√ÉSí„p£##R”"”#RÉ££√„sCcC"√"„ÉcsB√sr„3csSÉB√c"„c#s#B√ìB„c√2„Ç√sB√3b„√Ç„√B„c3É"√ÉsR„P£##R”"”#Rì££√„CCììb√"„ÉÉìSB√sr„S3É#s"√c2„3sCÇ√ÉB„2√2„í√cí√3b„√„√B„33És3b√ÉcÇ„`£##R”"”#R#££√„ÉCìb√"„ì33Sr√sr„3É##B√c"„cÉ#Ç√ÉB„2√2„Ç√cR√3r„√„√2„CcS2√ÉS"„£##R”"”#R#££√„3sb√"„ssSc"√sr„3ì"√c"„#s"√ÉB„2√2„√c"√3r„R√„√"„ssì3Ç√É3"„p£##R”"”#R##££√„3ì"√"„SSSr√sr„#sSS"√c„ccÉs"√ìB„3"√"„B√cÇ√32„B√„√"„SìCí√ÉR„ £##R”"”#R#3££√„3sb√"„É#3ìS2√sr„#És3ì"√c„S##cCÇ√ìB„c√2„√cB√3B„b√„√"„É#C3#í√sìB„ £##R”"”#b££√„CcB√"„cìC3B√sr„#ÉC#Sb√c„SSsB√sí„3B√"„√cR√3b„B√„√"„cìÉìÇ√sCR„`£##R”"”#b££√„Cìb√"„sÉì√sr„#ì#ìb√c„S#ìB√s2„3√"„r√s2√3r„√„√"„s#3Ér√sb„P£##R”"”#b#££√„CÇ√2„3sS#2√sr„#ìCsÉB√c„SScCb√s2„3√"„r√s√32„í√„√2„3É2√cÉB„P£##R”"”#b3££√„3#Ç√"„CìSb√sr„#ì"√c„cìì"√s2„3√„í√cí√3r„Ç√„√"„CìÉ3C2√cs„Ä£##R”"”#bC££√„3"√„#ìCÉb√sr„#ìì#cB√#r„CcÉCÉÇ√s2„3√„r√cí√3„b√„√„#ìSs"√cs„p£##R”"”#bS££√„#ìb√2„SÉÉC"√sr„#sB√#2„CìcSsb√s2„3√„r√sb√32„r√„√2„Sì3Ç√cìR„ £##R”"”#bc££√„3b√2„s#ìsB√sr„#Ésì"√SÇ„É3cÉ3"√s2„3√„í√É√3„B√„√2„s333B√s3í„`£##R”"”#bs££√„C3s#r√B„CìÉcÉ2√sr„#É#ì"√c„c3S#Ç√ìB„cB√„B√ÉB√#r„r√„√B„SC#Cìììììììììí√É2„ £##R”"”#bÉ££√R„cCÉcí√Ç„ìÉb√sr„#sì3#Ç√c„Sììsb√Ç„b√„√sí√#Ç„√"„√2„#c#ì#í√ì„0£##R”"”#bì££√#í„ìs3ìsB√r„ÉCscr√sr„#ÉìÉSb√c„c3scb√Ç„2√„√sR√#Ç„"√C2„√3r„É#SÉ√ìb„£##R”"”#b££√Éb„ScÉc#"√r„ììs√sr„#s3ìS"√c„SSÉb√ìB„C√„B√É√#„√C„√ìB„ScSc3"√Écb„£##R”"”#b££√b„3sb√r„Éc#sR√sr„#ÉÉìb√c„cCs"√ì2„C2√„Ç√É√#„"√#CB„√#B„sCC#√É3„`£##R”"”#b#££√r„CS3R√r„SÉÉSSí√sr„#ì3#b√SB„c3"√ì„sB√„√sÇ√#„"√#C„√#B„ìì3ÉsB√É„P£##R”"”#b3££√R„CcS#2√Ç„3cÉ"√sr„#ÉìCÇ√Sí„333ssb√ì"„#b√„í√sí√r„B√#Éb„√2„CìÉ3#R√É#„P£##R”"”#bC££√sr„SScB√Ç„#sÉ#í√sr„#Ç√É„És3b√ì"„#b√„í√sr√Ç„√#3Ç„√ÉR„SsÉCC2√ÉCr„P£##R”"”#bS££√C„SCSs√Ç„scS2√sr„#scì"√#„#És#Ç√ì"„#b√„B√sB√#"„R√##„√Cí„#3sC√És„`£##R”"”#bc££√#„3##32√r„ScìSR√sr„#sì3#Ç√#2„C3B√ìR„B√„B√s√#"„√3„√#r„ÉìÉ3R√ìB„ £##R”"”#bs££√"„#ÉÉr√r„ìÉS3Cí√sr„#cÉSsb√#2„#ÉsÉìb√ìR„B√„2√s"√#„√c„√„#ccS3b√ìs„0£##R”"”#bÉ££√„SS3sSb√Ç„S3sÇ√sÇ„ìCsSìb√#2„3É#ìÉB√ìR„CR√„"√s"√Ç„R√b„√í„ssCcB√ìs„ £##R”"”#bì££√„##ìsb√Ç„#ìì√É2„scÉÇ√#2„#ìssb√ìR„CR√„2√s2√b„R√„√í„3Ssr√ìS2„@£##R”"”#b#££√„3#C#B√b„ìSCB√3r„É#Csb√#2„S3CB√ì2„ìR√„B√sR√R„"√„√r„#3CsÉ3ììììììììí√ì3"„P£##R”"”#b#££√„ÉcCÇ√r„C#CÉSí√S"„ÉsB√#2„CS"√í„Éí√„Ç√sb√B„"√„√r„SC3Sr√ì"„`£##R”"”#b##££√„C#B√b„ÉCÉr√s„ÉC3c#B√#2„3sÇ√í„Éí√„√sb√2„r√„√b„ÉS#Cììììììììí√És"„ £##R”"”#b#3££√„CSb√R„cÉSìb√#„33É#3"√#3B„3SÉCÉÇ√ì„#2√„B√sB√2„√„√R„cÉScS"√ÉCÇ„ £##R”"”#r££√„CSb√B„sÉ#cr√#3b„É3sÉÉÇ√#r„ÉÉìb√É„s"√„R√sr√„R√„√B„sÉ3s2√sì2„`£##R”"”#r££√„3CB√B„3S3ìC"√##„Scì#cB√#2„CcScìb√s"„C"√„b√sÇ√Ç„Ç√„√B„3SC#Éb√sS"„ £##R”"”#r#££√„3S"√B„SSR√ÉB„scÇ√#2„C##b√s"„3R√„Ç√sr√r„√„√B„SCr√s#B„P£##R”"”#r3££√„3ì"√2„CÉì"√ÉB„c3"√#2„3S3cìb√s„ÉR√„r√sR√r„r√„√2„CÉSÉB√sÇ„P£##R”"”#rC££√„Cb√2„ssSìCí√ÉB„cÉC3b√#2„CccÇ√s„sR√„í√sB√Ç„r√„√2„ssc3cR√sr„P£##R”"”#rS££√„Cb√2„CS#ìr√ÉB„cSÉÉÇ√#2„#sccB√s„sR√"„√s2√Ç„R√„√2„CSs2√s#„ £##R”"”#rc££√„3ÉB√"„CìcS#√ÉB„s##cÇ√#2„#ì#s"√s2„B√"„"√s2√Ç„2√„√"„CìcìR√sS2„@£##R”"”#rs££√„cÉCCr√„ìÉ3c2√ÉB„ccìsCB√#2„#SCsCB√s2„B√"„2√s"√b„R√„√"„ccSÉ32√sÉ"„Ä£##R”"”#rÉ££√#"„sCÉ32√„ì##Ésí√cr„##3"√#2„#c3ì#Ç√s2„B√"„2√sB√2„R√"„√#B„ccCs"√ssí„`£##R”"”#rì££√ìb„#sSSB√„##CÉ3R√É2„cCìb√#2„3ì3S"√s"„ÉB√2„"√sb√„í√S"„√ìr„CìS3Éí√sb„ £##R”"”#r££√S„#Éìb√„csì"√c„sÉ3ì"√#2„C#3#B√s„3b√2„í√sb√R„"√3í„√S"„ÉìÉÇ√cÉÇ„P£##R”"”#r££√É2„###Cb√„ÉsCí√„√#2„3C#ìCB√cí„R√B„R√s"√r„√##b„√ÉB„33#í√ccB„p£##R”"”#r#££√CR„c#ÉR√„ìScÉB√„√#2„#Éc3#Ç√cr„sb√B„r√s√b„"√#Sr„√Cb„S#cCìí√cÉí„`£##R”"”#r3££√#„3C3sB√„s#C3#Ç√„√#2„3SC3cÇ√cÇ„3í√R„√cÇ√R„2√3"„√#„csC"√sí„`£##R”"”#rC££√ìÇ„3SÉsB√„c3sC#B√r„#3É33b√#2„3s#cB√R„Cr√R„2√cb√R„B√#ÉÇ„√ìÇ„ìÉì#ìÇ√s#2„0£##R”"”#rS££√sb„ì#r√„S#cC√C„3Éìì3b√#2„CS"√s"„3B√B„í√s2√B„R√#3„√sr„C#ÉSÇ√s3„£##R”"”#rc££√#Ç„ìS#C3R√„SSsÉC2√„#3ÉB√#2„3#É3"√sR„#2√R„2√s√B„√2„√#í„S#sÇ√sìB„`£##R”"”#rs££√"„sìì3s√„3c3S#Ç√3b„ìCCìb√#2„SC33cÇ√sR„#B√R„√s√R„"√cr„√2„c#Éìí√Écr„`£##R”"”#rÉ££√„ìCs3"√„3c3É2√3Ç„SScb√#2„Csc3ì"√sR„#B√2„Ç√ÉR√2„√r„√"„3S2√ÉìR„ê£##R”"”#rì££√"„ìcC#B√„#Ss2√C„É#Ss"√#2„3ìcS3b√sR„#B√2„Ç√ÉB√"„"√„√2„SsSìr√ÉìR„0£##R”"”#r#££√"„Sìsb√„C3C32√C„sCSÉB√#2„3SìÇ√#„Cr√B„√É√„√„√"„sCCCí√ÉÉ„`£##R”"”#r#££√„CÉ#ìì"√„SSÇ√C„s#ss"√#2„3ìsìì"√sR„#B√2„b√sí√„2√„√„S3Ésì#"√ÉSr„`£##R”"”#r##££√„3#cSs"√„Cs3B√C„sÉ3CÉÇ√#2„3sssb√sR„#B√2„b√sÇ√„2√„√„3s3ÉÉb√É3Ç„Ä£##R”"”#r#3££√„SCì"√„SìsÉb√C„s3S#b√#2„#sc#B√sR„#B√2„B√sr√„í√„√„cS#sÇ√Éí„0£##R”"”#Ç££√„3cÇ√„#s#"√#"„cb√#2„CCSì#Ç√s"„R√2„B√sb√2„R√„√„##í√ssÇ„ £##R”"”#Ç££√„3ì"√„#s3#r√sR„#CCS"√#2„Cìscb√cÇ„3í√2„Ç√sB√2„í√„√„#s3Sí√sC„`£##R”"”#Ç#££√„CÇ√„C###CÇ√sr„É#cs"√#2„CìscÇ√cÇ„2√2„b√sb√2„Ç√„√„C##cSb√sb„`£##R”"”#Ç3££√„3b√„3s#cSR√sr„cCÉcB√#B„C#ìcÇ√cÇ„2√2„2√cB√B„2√„√„3s3R√s„ê£##R”"”#ÇC££√„3ÉB√„ÉÉÇ√s„É33ì"√#2„CìÉÉÇ√cÇ„2√"„r√c√2„√„√„ì#cB√s„Ä£##R”"”#ÇS££√„3sb√„SÉS#"√s„C3cìb√#2„3CìCìb√cÇ„2√"„í√SR√2„Ç√„√„SÉÉìsìììììììììí√sÇ„£##R”"”#Çc££√„3cÇ√„ÉÉÉ"√s„CC3cÇ√#2„Cì"√s„í√2„√S√2„b√„√„Éìr√sCB„ £##R”"”#Çs££√„Écc#CR√„Éìì#í√s„É3Cc#B√#2„cS3B√s"„r√2„R√CÇ√B„√„√„ScsB√scr„ £##R”"”#ÇÉ££√#B„SCÉìr√„ÉCSB√s„Cc#s"√#2„Ss#Sb√s„CB√B„√CÇ√B„b√B„√#B„c#SC√s3b„ £##R”"”#Çì££√ì2„SSCìB√„3b√SB„c3CCÇ√#„3É#Ç√cÇ„2√b„B√cb√R„2√Éb„√ì2„SCcìB√cS„`£##R”"”#Ç££√c"„3sCí√„#b√„√SB„33SCìb√cÇ„2√í„√Sb√B„"√##r„√c"„3ÉsR√cB„ê£##R”"”#Ç££√ìÇ„3ììsìB√„c"√„√í„ì33b√cb„É√í„í√Sb√r„√3cr„√ìÇ„CSììB√Ss"„P£##R”"”#Ç#££√#2„s3cr√„c"√„√„C#sCB√cR„3í√„Ç√SB√Ç„√CS„√#2„sCc3cr√SSí„Ä£##R”"”#Ç3££√sR„Ésì3#í√„ìÇ√„√#„#SS3CB√cb„É√„2√S√Ç„R√Cìí„√sR„Éìì#ì"√SÉ2„Ä£##R”"”#ÇC££√#Ç„33Cì√„#ÉÇ√B„cìSS"√c„Cc#Ç√cÇ„2√„r√c√í„√C3„√#Ç„3c3s√c#"„ê£##R”"”#ÇS££√É"„#ÉccÉR√„SB√3R„cSìScÇ√c„cS3#B√cÇ„2√„2√cb√í„r√#c"„√É"„33sÉR√ccB„£##R”"”#Çc££√r„ÉsSC3R√„#b√b„ìsì#SB√c„cìsÉs"√s„r√„√cr√2„√sÇ„√r„Éìs3R√s32„ £##R”"”#Çs££√„ìs3"√„ÉSCÉ√sr„ÉÉr√c„cìcCb√s„í√Ç„2√sB√"„r√É„√"„SÉS√sìr„ £##R”"”#ÇÉ££√„ììCb√„3C#2√Éí„S#3B√c„cssb√s"„√Ç„√s2√b„2√r„√"„333sb√É#R„ê£##R”"”#Çì££√"„ì#É#cÇ√„sSCsìÇ√ì"„#ssscB√c„c#3s#Ç√#B„sR√b„Ç√sB√b„r√„√2„cÉ3cb√É#r„@£##R”"”#Ç#££√"„ÉCÉìSb√„3s#B√SB„ÉcÉSb√c„SscCÇ√#B„sR√b„"√s2√b„√„√B„SìcÇ√Ér„ £##R”"”#Ç#££√"„CCì#B√„Éììb√É„ììs#Ç√c„sCÉccB√s"„√r„"√sB√„R√„√B„3SÉ2√ssí„ £##R”"”#Ç##££√„#ÉÉcs"√„#3Scí√s„ìccs"√c„s3#3"√s"„2√r„í√sR√„Ç√„√„Sì#C√sc"„Ä£##R”"”#Ç#3££√„#CÇ√„SSS32√s„##Sb√c„s3S#Ç√s"„2√Ç„B√s2√í„Ç√„√„SSsÉ√s3„P£##R”"”#í££√„#Ç√„cCSSÉÇ√s„ìì3b√c„sÉÉ3"√cr„CR√Ç„R√sB√2„B√„√„cCSÉcÇ√cÉB„P£##R”"”#í££√„3b√2„É3S√s„##B√c„s#ì3CB√cr„CR√í„"√sB√r„b√„√2„É3Éc√cSR„ £##R”"”#í#££√„3ì"√2„ÉcCÉÇ√s„#É#Ç√c„sCScB√cr„CR√í„"√sB√Ç„√„√2„ÉcÉÇ√c3B„ £##R”"”#í3££√„3ÉB√"„sÉCSR√s„#S3sb√c„sScB√cr„CR√Ç„r√s√Ç„2√„√"„sÉCÉÉí√c#B„`£##R”"”#íC££√„3ì"√„c3cÉb√s„##S3b√c„s#cSCB√cr„CR√Ç„B√s2√í„R√„√„c3s#Ç√c#b„P£##R”"”#íS££√„3ÉB√„ccSB√s„#3ìCB√c„s3ÉÇ√cr„CR√Ç„B√sB√í„Ç√„√„ccSCÉÉ√cCB„ê£##R”"”#íc££√„3cÇ√„3#cSr√s2„3ìB√c„s3csb√cr„CR√Ç„B√sR√í„2√„√„3#cC#Cìììììììììí√cÉÇ„0£##R”"”#ís££√„Scìc√„#ìÉc"√sb„C3S##b√c„Sì3#Ç√sR„B√Ç„b√sR√í„√„√„ÉSSÉ√sSB„ê£##R”"”#íÉ££√í„ìsììS"√„ssÉCS2√ìB„CÉ3ÉÇ√c„cÉs"√2„r√Ç„Ç√sr√Ç„√B„√#„sSÉCR√sÉÇ„`£##R”"”#íì££√sí„É##Ç√„Cìcí√3"„sCCìÇ√c„s#c#cB√r„ÉR√„"√cí√Ç„√ì"„√É„3É3#r√sCB„ £##R”"”#í££√32„#ìÉcr√„ì#É#sR√CÇ„#C32√c„ss##B√ìB„3"√2„"√c"√R„í√#C2„√3R„SÉC"√sí„Ä£##R”"”#í££√C„#s2√"„SccÉb√„√c„cìc3B√ÉÇ„r√B„B√Sb√Ç„√3cí„√C2„ccÉÉc"√s„ê£##R”"”#í#££√3"„#ÉÉÉ3í√2„Ssc##√„√c„sScìS"√Éb„r√R„√S√#„b√CC„√3R„ÉcSb√ccb„ £##R”"”#í3££√Sí„#s3í√B„#sìC2√„√c„sS3ÉÇ√Ér„cb√R„2√S√#"„2√C#b„√c2„CìcÉìììììììÇ√cSÇ„`£##R”"”#íC££√3„CSSC√R„C#Cí√„√c„sSCìì"√Ér„cb√R„√Sb√#2„Ç√Cc„√3b„CSsìCììììììììÇ√csr„`£##R”"”#íS££√ÉR„SsÉ3Sí√R„CÉìcí√R„s#cCB√c„s3ÉSÉB√Ér„cb√B„r√Sr√#„B√3ìí„√ì„csC#Ç√s2„ £##R”"”#íc££√3B„##3R√2„CCÉSí√sB„sìsCÇ√s2„cSìì"√Éb„r√B„"√Sí√#2„B√#C"„√3r„cSCsB√sc„0£##R”"”#ís££√B„3###"√"„ìCCCb√Éb„cÉìb√ì2„#Ccb√B„2√2„"√cr√í„í√„√b„##cccÇ√É#B„@£##R”"”#íÉ££√„ìcìS3"√„ìÉìcR√Ç„ìsCCCb√ì2„CcìsS"√B„2√"„b√s"√Ç„2√í„√2„ÉsÉCìr√ÉS„`£##R”"”#íì££√"„ìcììS"√„cSCcC√c"„CcÉ#ì"√ÉÇ„Cì#sS"√B„√"„"√sR√Ç„√„√B„c#CSì2√ÉS„P£##R”"”#í#££√„cÉÉ3ÉB√„#É3í√#Ç„ÉC#CB√ÉÇ„SCB√ÉB„sÇ√„"√ÉR√b„R√„√"„sì##2√É3„p£##R”"”#í#££√„sì3CcB√„333Éí√ìR„ÉcSÉÇ√Ér„sScÇ√sr„3í√„b√É2√Ç„2√„√„É#cÉS2√É2„Ä£##R”"”#í##££√„CÉB√"„CS#3Sí√#„Éc#"√Ér„cì#CSb√sr„3í√„2√ÉB√Ç„R√„√"„Ccsìí√sÉr„P£##R”"”#í#3££√„B√"„3CcÉcR√2„3ììB√cr„s3#CÉÇ√sr„3í√í„Ç√ÉB√r„r√„√"„3Cs#cR√sSr„p£##R”"”3££√„CcB√2„ìSÉc√sr„#cÉ3"√c„ccsì"√ìB„S"√í„b√ÉÇ√Ç„í√„√2„ìSìcR√sB„P£##R”"”3££√„B√R„C#ssR√sr„ì#Cb√c„cs#3ì"√„É2√í„2√ì√í„r√„√R„C##sR√ccr„p£##R”"”3#££√„B√b„s3S√sr„É3#3"√c"„SìsB√ìB„ìR√í„B√ÉÇ√„Ç√„√b„s3ì√cC„`£##R”"”33££√„3S"√B„CCÉb√sb„ììsÉÇ√cr„sì#ìcÇ√ìB„ìR√Ç„Ç√ÉÇ√r„B√„√B„CCC3É√c#B„`£##R”"”3C££√„Cb√B„#sìb√sb„3cì#Ç√c"„sÇ√ìB„ìR√Ç„B√ÉÇ√í„R√„√B„#É33"√c#r„P£##R”"”3S££√„3sb√2„ssCc2√sr„ÉS"√cr„s3Sì"√ìB„ìR√r„í√sÇ√„2√„√2„ssCS3í√cCr„0£##R”"”3c££√„3cÇ√2„SSÉ#R√sb„c3S"√s2„3SCcÇ√É"„í√r„B√sR√í„R√„√2„SSÉSs2√cì„p£##R”"”3s££√„3c#C"√2„#CCSb√sb„cÉ##B√c"„c3ÉB√ìR„Ç√b„b√É"√í„í√„√2„c#Ésb√sSÇ„ê£##R”"”3É££√Ç„CSsÉR√"„#ÉÉSì√sr„ìsSìcÇ√c„cs3S"√3„cÇ√b„√É2√í„í√B„√#„sC3sb√É„£##R”"”3ì££√ìí„sÉ#S"√„CcSs"√CR„s#ccÉÇ√c„É3Sì"√ìR„Ç√r„√cí√í„2√ìB„√„#C#s#B√sC2„ê£##R”"”3££√Cí„#cc#b√„Cs#cì2√„√R„cScB√ìB„sB√r„b√SÇ√"„b√#cR„√S„csì3í√s2„£##R”"”3££√sR„ìÉSí√„É3SSr√„√Ç„ìCCCb√ì"„í√r„Ç√S√2„√C#b„√sr„sìÉSsb√cÉ2„ £##R”"”3#££√#í„s3cs3B√„s#ìs2√„√í„33CSb√C2„b√r„Ç√CR√"„√CCr„√#„CccC3r√c3„`£##R”"”33££√#"„ìCÉCcÇ√„3sr√„√í„ÉÇ√Ér„cb√Ç„√C√í„B√S„√#B„#SsR√c3R„@£##R”"”3C££√sB„SSC#b√„#3ÉB√"„3ìÉB√í„#CÉ3ÉB√Ér„cR√Ç„√3í√Ç„R√CSr„√sR„scC#B√cSB„0£##R”"”3S££√3„ìSSÉ√„ÉCCí√C„#ÉSB√3"„33ÉcB√ÉB„CÇ√Ç„2√3í√r„b√C3r„√3"„sìc3"√cì„£##R”"”3c££√S„#csÉR√"„3cSÉb√"„ìcs"√sb„#É3Ssb√ìR„√r„Ç√C2√„√3B„√S"„C3ss√sc2„`£##R”"”3s££√B„Ccìì2√"„ìSc"√C"„3s33ì"√ÉÇ„s3CÇ√#b„s"√r„√Cr√Ç„B√C2„√b„SSìsSCììììììììí√ÉS„0£##R”"”3É££√„ììC3b√„ìcC3#R√S„ÉÉÇ√ÉÇ„É#s#B√ìR„√R„b√Sí√b„r√B„√2„ìSSsc√ÉÉb„ê£##R”"”3ì££√2„#C3"√"„SCì2√S„sc3#CÇ√ÉÇ„sì3ìsb√ìR„√b„√Sb√í„b√„√R„sSÉR√ÉÉR„ê£##R”"”3#££√"„ìCS##Ç√„s#ÉÉ2√S„ScsÉÇ√ÉÇ„s#C3"√Ç„sÇ√b„√SB√„√„√B„csCC√És„ê£##R”"”3#££√"„ÉCb√„3ssí√S„sCs3b√ÉÇ„sS#b√É"„í√b„√S2√„B√„√2„SSsC3R√ÉCÇ„£##R”"”3##££√„#ì#cÇ√„SÉCÉcí√S„sCCb√cr„cCsB√r„c2√b„√SR√"„R√„√„ÉssCsr√É3"„ £##R”"”3#3££√„SSb√„ÉSCCí√3B„ccSCB√c„SSsSì"√Éí„3Ç√R„Ç√Sr√„R√„√„ÉSìcCb√ÉR„0£##R”"”3££√„#Sb√"„cìsÇ√cí„#Éb√c„cCs3B√s"„3B√R„r√SÇ√"„Ç√„√"„cìC3B√sSR„Ä£##R”"”3££√„#Sb√2„ìÉb√s„sCcB√c„cÉSìCB√cí„ÉÇ√R„R√Sr√B„"√„√2„ìÉ3c"√s"„`£##R”"”3#££√„3CB√2„ìsÉCb√s„ÉÉcÇ√c„cCcìcÇ√cí„ÉÇ√R„2√SÇ√R„2√„√2„ìsÉsb√cÉB„p£##R”"”33££√„3#Ç√R„##ì#C√s„É3Ç√c„cs#SB√cí„ÉÇ√R„B√Sr√b„"√„√R„##ìScí√ccÇ„P£##R”"”3C££√„3sb√R„É3cs√s„ÉCÇ√c„cÉ33cÇ√cí„ÉÇ√R„"√c√b„b√„√R„ÉCCr√ccí„0£##R”"”3S££√„3cÇ√R„3csÉB√s„ÉsS"√c„csÉcÇ√s„ì"√B„Ç√cR√B„R√„√R„3cS"√cÉí„£##R”"”3c££√„3b√B„ÉsC#"√s2„3SÇ√c„s#3sCB√sB„B√B„Ç√cr√2„b√„√B„ÉsCSÇ√s#í„Ä£##R”"”3s££√„É#ìSìÇ√B„33#sS√É"„CSC"√c„sc3ÉB√ÉR„ìb√R„"√cÇ√"„2√„√R„c#3Cí√sì„ £##R”"”3É££√b„#Cì#Cb√R„3sìÉ2√É„cSÉ3b√c„SÉccB√b„É2√R„í√cR√2„Ç√2„√#„c#ìCí√É3„Ä£##R”"”3ì££√3b„CìCb√Ç„CssC3r√cí„ìCsÉR√c„sss#Ç√b„ÉÇ√b„í√cB√#B„√S„√CB„Sì3É3R√ÉC2„ £##R”"”3££√ì„c#CR√Ç„ìsÉÉì"√3R„sC#ÉB√Sí„cSs#ÉÇ√ìB„ìr√R„2√cí√#"„Ç√cB„√„c3r√Éí„@£##R”"”3££√#2„ì3sCr√Ç„sÉsCcR√„√S„Ss#b√ìB„ìr√B„Ç√sB√Ç„B√#3„√3„ÉÉ#"√ssÇ„P£##R”"”3#££√#„c3S2√Ç„s3sí√„√r„c3ÉSS"√ìB„ìr√B„√sR√r„r√ì2„√3„3cÉS3í√scr„ £##R”"”33££√CB„3sÉÇ√Ç„ìÉS√„√"„CSÉB√ÉÇ„í√2„í√sR√r„í√#R„√S2„#É3ÉìììììììÇ√sS2„0£##R”"”3C££√3"„ì3Sc2√í„3Cs#b√„√b„sSÉ"√ìB„SB√B„"√c2√Ç„í√3b„√C„ìcìÉÉí√scB„@£##R”"”3S££√É"„S#Écb√Ç„3cSs#í√3Ç„C#cÇ√C„cCS#Ç√ÉB„C√2„b√c√Ç„R√3c2„√ì„ÉcÉSìR√ÉÇ„ê£##R”"”3c££√3„É#sB√Ç„"√sr„#És3ì"√c„SSìCÇ√Éb„r√2„√c2√#„2√#ìí„√3í„#ì3ìB√ÉCb„`£##R”"”3s££√2„#C#sì"√Ç„csÉ#B√ÉÇ„C#S3B√c„sc#CÇ√sÇ„c"√"„2√cr√#„√#„√„3cb√ì32„p£##R”"”3É££√„És3ì"√Ç„SSCCR√ìí„#CÇ√c„sC3ÉB√sÇ„cR√„Ç√s2√#„√Ç„√„C#s33r√ìCÇ„P£##R”"”3ì££√"„Cs3#Ç√Ç„Cscs"√#"„É#ìs#Ç√c„scÇ√í„Ç√„í√s√í„"√„√„ìCÉCÇ√ì32„ £##R”"”3#££√„SÉ"√r„ìCc2√C2„cCB√c„Sss3b√í„Ç√„í√s"√í„√„√í„ìÉÉ2√ìB„`£##R”"”3#££√„3sCìs"√r„ì3Cb√S„s33"√c„cCsCs"√ì2„"√"„√cí√Ç„B√„√Ç„3ìSs"√ÉÉÇ„@£##R”"”3##££√„ssÉB√r„#C3S3"√S„s3#cs"√c„cìCsì"√„B√"„2√cr√Ç„r√„√r„#S3b√És„ê£##R”"”3#3££√„C3"√r„S3c#B√C„sSÉCcB√c„cìCÇ√sR„É"√„í√s2√í„√„√r„S3cCSb√ÉS2„ 