timestamp,smp
2025-01-01 00:00:00,81.99
2025-01-01 01:00:00,78.61
2025-01-01 02:00:00,78.61
2025-01-01 03:00:00,78.61
2025-01-01 04:00:00,78.61
2025-01-01 05:00:00,78.61
2025-01-01 06:00:00,79.74
2025-01-01 07:00:00,79.74
2025-01-01 08:00:00,77.32
2025-01-01 09:00:00,76.0
2025-01-01 10:00:00,71.2
2025-01-01 11:00:00,71.2
2025-01-01 12:00:00,0.0
2025-01-01 13:00:00,6.85
2025-01-01 14:00:00,71.2
2025-01-01 15:00:00,71.33
2025-01-01 16:00:00,84.92
2025-01-01 17:00:00,96.78
2025-01-01 18:00:00,96.78
2025-01-01 19:00:00,97.0
2025-01-01 20:00:00,97.02
2025-01-01 21:00:00,97.63
2025-01-01 22:00:00,97.63
2025-01-01 23:00:00,97.08
2025-01-02 00:00:00,84.81
2025-01-02 01:00:00,80.83
2025-01-02 02:00:00,80.83
2025-01-02 03:00:00,80.83
2025-01-02 04:00:00,80.83
2025-01-02 05:00:00,80.83
2025-01-02 06:00:00,87.52
2025-01-02 07:00:00,97.7
2025-01-02 08:00:00,128.32
2025-01-02 09:00:00,161.0
2025-01-02 10:00:00,157.97
2025-01-02 11:00:00,134.12
2025-01-02 12:00:00,133.99
2025-01-02 13:00:00,133.91
2025-01-02 14:00:00,133.78
2025-01-02 15:00:00,157.65
2025-01-02 16:00:00,157.72
2025-01-02 17:00:00,157.74
2025-01-02 18:00:00,128.32
2025-01-02 19:00:00,115.58
2025-01-02 20:00:00,113.77
2025-01-02 21:00:00,103.23
2025-01-02 22:00:00,102.26
2025-01-02 23:00:00,96.87
2025-01-03 00:00:00,84.69
2025-01-03 01:00:00,128.17
2025-01-03 02:00:00,128.17
2025-01-03 03:00:00,128.17
2025-01-03 04:00:00,128.17
2025-01-03 05:00:00,128.17
2025-01-03 06:00:00,128.17
2025-01-03 07:00:00,128.17
2025-01-03 08:00:00,138.49
2025-01-03 09:00:00,166.56
2025-01-03 10:00:00,155.47
2025-01-03 11:00:00,146.0
2025-01-03 12:00:00,134.16
2025-01-03 13:00:00,134.04
2025-01-03 14:00:00,133.95
2025-01-03 15:00:00,133.95
2025-01-03 16:00:00,132.19
2025-01-03 17:00:00,128.32
2025-01-03 18:00:00,128.32
2025-01-03 19:00:00,148.66
2025-01-03 20:00:00,148.66
2025-01-03 21:00:00,148.66
2025-01-03 22:00:00,148.66
2025-01-03 23:00:00,128.17
2025-01-04 00:00:00,97.77
2025-01-04 01:00:00,81.76
2025-01-04 02:00:00,81.12
2025-01-04 03:00:00,81.12
2025-01-04 04:00:00,81.12
2025-01-04 05:00:00,81.12
2025-01-04 06:00:00,97.37
2025-01-04 07:00:00,98.47
2025-01-04 08:00:00,98.78
2025-01-04 09:00:00,119.65
2025-01-04 10:00:00,119.65
2025-01-04 11:00:00,98.16
2025-01-04 12:00:00,0.0
2025-01-04 13:00:00,0.0
2025-01-04 14:00:00,97.98
2025-01-04 15:00:00,97.94
2025-01-04 16:00:00,97.94
2025-01-04 17:00:00,98.78
2025-01-04 18:00:00,98.68
2025-01-04 19:00:00,98.07
2025-01-04 20:00:00,98.78
2025-01-04 21:00:00,98.78
2025-01-04 22:00:00,97.37
2025-01-04 23:00:00,97.69
2025-01-05 00:00:00,86.97
2025-01-05 01:00:00,78.2
2025-01-05 02:00:00,77.07
2025-01-05 03:00:00,77.07
2025-01-05 04:00:00,77.07
2025-01-05 05:00:00,77.07
2025-01-05 06:00:00,77.51
2025-01-05 07:00:00,77.51
2025-01-05 08:00:00,79.21
2025-01-05 09:00:00,80.05
2025-01-05 10:00:00,83.22
2025-01-05 11:00:00,83.16
2025-01-05 12:00:00,83.16
2025-01-05 13:00:00,83.59
2025-01-05 14:00:00,83.59
2025-01-05 15:00:00,88.85
2025-01-05 16:00:00,87.71
2025-01-05 17:00:00,88.96
2025-01-05 18:00:00,88.96
2025-01-05 19:00:00,88.96
2025-01-05 20:00:00,88.96
2025-01-05 21:00:00,88.39
2025-01-05 22:00:00,88.39
2025-01-05 23:00:00,88.96
2025-01-06 00:00:00,77.42
2025-01-06 01:00:00,76.17
2025-01-06 02:00:00,76.17
2025-01-06 03:00:00,75.75
2025-01-06 04:00:00,76.17
2025-01-06 05:00:00,76.17
2025-01-06 06:00:00,78.81
2025-01-06 07:00:00,97.66
2025-01-06 08:00:00,128.09
2025-01-06 09:00:00,136.72
2025-01-06 10:00:00,128.4
2025-01-06 11:00:00,128.09
2025-01-06 12:00:00,127.47
2025-01-06 13:00:00,127.47
2025-01-06 14:00:00,122.7
2025-01-06 15:00:00,126.84
2025-01-06 16:00:00,126.84
2025-01-06 17:00:00,126.84
2025-01-06 18:00:00,128.32
2025-01-06 19:00:00,124.77
2025-01-06 20:00:00,103.32
2025-01-06 21:00:00,102.35
2025-01-06 22:00:00,97.52
2025-01-06 23:00:00,100.11
2025-01-07 00:00:00,96.87
2025-01-07 01:00:00,82.03
2025-01-07 02:00:00,82.03
2025-01-07 03:00:00,82.03
2025-01-07 04:00:00,82.03
2025-01-07 05:00:00,82.03
2025-01-07 06:00:00,87.46
2025-01-07 07:00:00,114.52
2025-01-07 08:00:00,127.47
2025-01-07 09:00:00,156.92
2025-01-07 10:00:00,146.26
2025-01-07 11:00:00,146.26
2025-01-07 12:00:00,132.67
2025-01-07 13:00:00,132.67
2025-01-07 14:00:00,138.58
2025-01-07 15:00:00,136.77
2025-01-07 16:00:00,128.39
2025-01-07 17:00:00,124.33
2025-01-07 18:00:00,125.58
2025-01-07 19:00:00,156.19
2025-01-07 20:00:00,103.32
2025-01-07 21:00:00,102.35
2025-01-07 22:00:00,97.74
2025-01-07 23:00:00,97.74
2025-01-08 00:00:00,85.04
2025-01-08 01:00:00,81.97
2025-01-08 02:00:00,81.97
2025-01-08 03:00:00,81.97
2025-01-08 04:00:00,81.97
2025-01-08 05:00:00,81.97
2025-01-08 06:00:00,83.37
2025-01-08 07:00:00,112.78
2025-01-08 08:00:00,140.44
2025-01-08 09:00:00,161.72
2025-01-08 10:00:00,159.39
2025-01-08 11:00:00,133.25
2025-01-08 12:00:00,133.25
2025-01-08 13:00:00,133.13
2025-01-08 14:00:00,133.25
2025-01-08 15:00:00,160.86
2025-01-08 16:00:00,136.76
2025-01-08 17:00:00,133.33
2025-01-08 18:00:00,133.42
2025-01-08 19:00:00,134.61
2025-01-08 20:00:00,126.52
2025-01-08 21:00:00,116.06
2025-01-08 22:00:00,120.82
2025-01-08 23:00:00,121.0
2025-01-09 00:00:00,108.07
2025-01-09 01:00:00,109.23
2025-01-09 02:00:00,101.97
2025-01-09 03:00:00,101.97
2025-01-09 04:00:00,101.97
2025-01-09 05:00:00,106.76
2025-01-09 06:00:00,107.55
2025-01-09 07:00:00,118.54
2025-01-09 08:00:00,144.0
2025-01-09 09:00:00,161.72
2025-01-09 10:00:00,147.95
2025-01-09 11:00:00,147.07
2025-01-09 12:00:00,139.15
2025-01-09 13:00:00,143.38
2025-01-09 14:00:00,143.63
2025-01-09 15:00:00,148.66
2025-01-09 16:00:00,152.44
2025-01-09 17:00:00,153.15
2025-01-09 18:00:00,150.82
2025-01-09 19:00:00,138.59
2025-01-09 20:00:00,136.6
2025-01-09 21:00:00,136.53
2025-01-09 22:00:00,134.24
2025-01-09 23:00:00,134.24
2025-01-10 00:00:00,124.44
2025-01-10 01:00:00,112.6
2025-01-10 02:00:00,106.2
2025-01-10 03:00:00,101.97
2025-01-10 04:00:00,101.97
2025-01-10 05:00:00,112.52
2025-01-10 06:00:00,117.05
2025-01-10 07:00:00,138.02
2025-01-10 08:00:00,147.83
2025-01-10 09:00:00,163.15
2025-01-10 10:00:00,147.2
2025-01-10 11:00:00,147.33
2025-01-10 12:00:00,140.19
2025-01-10 13:00:00,140.26
2025-01-10 14:00:00,144.0
2025-01-10 15:00:00,140.85
2025-01-10 16:00:00,156.37
2025-01-10 17:00:00,152.31
2025-01-10 18:00:00,139.21
2025-01-10 19:00:00,139.21
2025-01-10 20:00:00,139.21
2025-01-10 21:00:00,132.81
2025-01-10 22:00:00,133.06
2025-01-10 23:00:00,138.49
2025-01-11 00:00:00,114.96
2025-01-11 01:00:00,106.45
2025-01-11 02:00:00,102.74
2025-01-11 03:00:00,102.74
2025-01-11 04:00:00,102.74
2025-01-11 05:00:00,106.12
2025-01-11 06:00:00,106.52
2025-01-11 07:00:00,117.4
2025-01-11 08:00:00,118.75
2025-01-11 09:00:00,136.42
2025-01-11 10:00:00,136.41
2025-01-11 11:00:00,138.53
2025-01-11 12:00:00,136.38
2025-01-11 13:00:00,136.38
2025-01-11 14:00:00,136.37
2025-01-11 15:00:00,134.11
2025-01-11 16:00:00,134.11
2025-01-11 17:00:00,153.09
2025-01-11 18:00:00,153.65
2025-01-11 19:00:00,132.87
2025-01-11 20:00:00,152.85
2025-01-11 21:00:00,116.1
2025-01-11 22:00:00,116.56
2025-01-11 23:00:00,115.23
2025-01-12 00:00:00,111.15
2025-01-12 01:00:00,111.8
2025-01-12 02:00:00,111.82
2025-01-12 03:00:00,97.63
2025-01-12 04:00:00,98.55
2025-01-12 05:00:00,102.64
2025-01-12 06:00:00,103.0
2025-01-12 07:00:00,103.19
2025-01-12 08:00:00,111.74
2025-01-12 09:00:00,117.03
2025-01-12 10:00:00,118.12
2025-01-12 11:00:00,118.07
2025-01-12 12:00:00,117.91
2025-01-12 13:00:00,117.29
2025-01-12 14:00:00,117.36
2025-01-12 15:00:00,116.96
2025-01-12 16:00:00,116.74
2025-01-12 17:00:00,118.07
2025-01-12 18:00:00,118.12
2025-01-12 19:00:00,118.12
2025-01-12 20:00:00,116.06
2025-01-12 21:00:00,108.64
2025-01-12 22:00:00,111.74
2025-01-12 23:00:00,107.81
2025-01-13 00:00:00,110.94
2025-01-13 01:00:00,102.02
2025-01-13 02:00:00,101.76
2025-01-13 03:00:00,97.74
2025-01-13 04:00:00,97.74
2025-01-13 05:00:00,97.74
2025-01-13 06:00:00,113.34
2025-01-13 07:00:00,114.47
2025-01-13 08:00:00,152.42
2025-01-13 09:00:00,165.24
2025-01-13 10:00:00,154.68
2025-01-13 11:00:00,154.19
2025-01-13 12:00:00,151.49
2025-01-13 13:00:00,151.49
2025-01-13 14:00:00,151.49
2025-01-13 15:00:00,138.58
2025-01-13 16:00:00,154.68
2025-01-13 17:00:00,152.34
2025-01-13 18:00:00,152.42
2025-01-13 19:00:00,151.53
2025-01-13 20:00:00,151.53
2025-01-13 21:00:00,151.53
2025-01-13 22:00:00,151.53
2025-01-13 23:00:00,114.88
2025-01-14 00:00:00,108.13
2025-01-14 01:00:00,104.61
2025-01-14 02:00:00,101.75
2025-01-14 03:00:00,101.79
2025-01-14 04:00:00,101.7
2025-01-14 05:00:00,101.79
2025-01-14 06:00:00,107.34
2025-01-14 07:00:00,136.77
2025-01-14 08:00:00,152.65
2025-01-14 09:00:00,151.43
2025-01-14 10:00:00,151.27
2025-01-14 11:00:00,150.68
2025-01-14 12:00:00,138.8
2025-01-14 13:00:00,139.21
2025-01-14 14:00:00,139.21
2025-01-14 15:00:00,139.21
2025-01-14 16:00:00,155.2
2025-01-14 17:00:00,156.36
2025-01-14 18:00:00,136.79
2025-01-14 19:00:00,156.72
2025-01-14 20:00:00,150.52
2025-01-14 21:00:00,150.52
2025-01-14 22:00:00,150.52
2025-01-14 23:00:00,114.59
2025-01-15 00:00:00,128.59
2025-01-15 01:00:00,106.11
2025-01-15 02:00:00,102.0
2025-01-15 03:00:00,101.52
2025-01-15 04:00:00,101.58
2025-01-15 05:00:00,101.97
2025-01-15 06:00:00,102.14
2025-01-15 07:00:00,131.65
2025-01-15 08:00:00,141.81
2025-01-15 09:00:00,159.37
2025-01-15 10:00:00,154.11
2025-01-15 11:00:00,142.18
2025-01-15 12:00:00,136.98
2025-01-15 13:00:00,137.29
2025-01-15 14:00:00,138.86
2025-01-15 15:00:00,138.59
2025-01-15 16:00:00,158.24
2025-01-15 17:00:00,154.47
2025-01-15 18:00:00,154.47
2025-01-15 19:00:00,154.47
2025-01-15 20:00:00,154.47
2025-01-15 21:00:00,121.82
2025-01-15 22:00:00,118.14
2025-01-15 23:00:00,121.32
2025-01-16 00:00:00,108.07
2025-01-16 01:00:00,106.76
2025-01-16 02:00:00,106.34
2025-01-16 03:00:00,101.97
2025-01-16 04:00:00,106.76
2025-01-16 05:00:00,102.05
2025-01-16 06:00:00,105.25
2025-01-16 07:00:00,136.78
2025-01-16 08:00:00,149.75
2025-01-16 09:00:00,150.47
2025-01-16 10:00:00,150.47
2025-01-16 11:00:00,150.47
2025-01-16 12:00:00,139.15
2025-01-16 13:00:00,139.28
2025-01-16 14:00:00,139.28
2025-01-16 15:00:00,139.28
2025-01-16 16:00:00,139.29
2025-01-16 17:00:00,155.55
2025-01-16 18:00:00,156.43
2025-01-16 19:00:00,138.98
2025-01-16 20:00:00,155.55
2025-01-16 21:00:00,136.78
2025-01-16 22:00:00,114.49
2025-01-16 23:00:00,114.7
2025-01-17 00:00:00,108.26
2025-01-17 01:00:00,115.79
2025-01-17 02:00:00,102.0
2025-01-17 03:00:00,101.75
2025-01-17 04:00:00,102.0
2025-01-17 05:00:00,106.5
2025-01-17 06:00:00,111.06
2025-01-17 07:00:00,138.88
2025-01-17 08:00:00,142.97
2025-01-17 09:00:00,158.68
2025-01-17 10:00:00,154.26
2025-01-17 11:00:00,145.73
2025-01-17 12:00:00,136.23
2025-01-17 13:00:00,136.23
2025-01-17 14:00:00,138.88
2025-01-17 15:00:00,138.88
2025-01-17 16:00:00,158.28
2025-01-17 17:00:00,145.99
2025-01-17 18:00:00,156.55
2025-01-17 19:00:00,157.12
2025-01-17 20:00:00,157.12
2025-01-17 21:00:00,156.55
2025-01-17 22:00:00,149.67
2025-01-17 23:00:00,114.61
2025-01-18 00:00:00,114.0
2025-01-18 01:00:00,106.0
2025-01-18 02:00:00,102.0
2025-01-18 03:00:00,102.0
2025-01-18 04:00:00,102.0
2025-01-18 05:00:00,106.0
2025-01-18 06:00:00,106.0
2025-01-18 07:00:00,117.0
2025-01-18 08:00:00,118.0
2025-01-18 09:00:00,152.5
2025-01-18 10:00:00,136.0
2025-01-18 11:00:00,138.0
2025-01-18 12:00:00,136.0
2025-01-18 13:00:00,136.0
2025-01-18 14:00:00,136.0
2025-01-18 15:00:00,134.0
2025-01-18 16:00:00,134.0
2025-01-18 17:00:00,131.0
2025-01-18 18:00:00,157.86
2025-01-18 19:00:00,158.49
2025-01-18 20:00:00,158.49
2025-01-18 21:00:00,116.0
2025-01-18 22:00:00,155.01
2025-01-18 23:00:00,151.33
2025-01-19 00:00:00,103.36
2025-01-19 01:00:00,102.52
2025-01-19 02:00:00,102.55
2025-01-19 03:00:00,102.14
2025-01-19 04:00:00,96.06
2025-01-19 05:00:00,84.0
2025-01-19 06:00:00,102.38
2025-01-19 07:00:00,103.35
2025-01-19 08:00:00,108.18
2025-01-19 09:00:00,109.15
2025-01-19 10:00:00,109.09
2025-01-19 11:00:00,108.99
2025-01-19 12:00:00,133.53
2025-01-19 13:00:00,106.71
2025-01-19 14:00:00,108.94
2025-01-19 15:00:00,108.99
2025-01-19 16:00:00,109.04
2025-01-19 17:00:00,118.06
2025-01-19 18:00:00,162.11
2025-01-19 19:00:00,119.11
2025-01-19 20:00:00,113.44
2025-01-19 21:00:00,107.74
2025-01-19 22:00:00,108.38
2025-01-19 23:00:00,108.4
2025-01-20 00:00:00,117.61
2025-01-20 01:00:00,80.3
2025-01-20 02:00:00,80.3
2025-01-20 03:00:00,80.3
2025-01-20 04:00:00,80.3
2025-01-20 05:00:00,95.31
2025-01-20 06:00:00,101.84
2025-01-20 07:00:00,116.05
2025-01-20 08:00:00,153.02
2025-01-20 09:00:00,156.2
2025-01-20 10:00:00,153.91
2025-01-20 11:00:00,124.38
2025-01-20 12:00:00,117.39
2025-01-20 13:00:00,138.62
2025-01-20 14:00:00,138.62
2025-01-20 15:00:00,138.59
2025-01-20 16:00:00,138.62
2025-01-20 17:00:00,152.94
2025-01-20 18:00:00,153.87
2025-01-20 19:00:00,153.87
2025-01-20 20:00:00,153.87
2025-01-20 21:00:00,153.87
2025-01-20 22:00:00,117.41
2025-01-20 23:00:00,116.84
2025-01-21 00:00:00,107.71
2025-01-21 01:00:00,102.01
2025-01-21 02:00:00,102.01
2025-01-21 03:00:00,101.75
2025-01-21 04:00:00,101.93
2025-01-21 05:00:00,102.33
2025-01-21 06:00:00,113.13
2025-01-21 07:00:00,129.58
2025-01-21 08:00:00,145.23
2025-01-21 09:00:00,166.26
2025-01-21 10:00:00,152.35
2025-01-21 11:00:00,146.53
2025-01-21 12:00:00,136.7
2025-01-21 13:00:00,137.42
2025-01-21 14:00:00,137.42
2025-01-21 15:00:00,137.72
2025-01-21 16:00:00,138.58
2025-01-21 17:00:00,138.62
2025-01-21 18:00:00,148.79
2025-01-21 19:00:00,149.26
2025-01-21 20:00:00,148.79
2025-01-21 21:00:00,148.79
2025-01-21 22:00:00,148.79
2025-01-21 23:00:00,148.79
2025-01-22 00:00:00,110.11
2025-01-22 01:00:00,102.03
2025-01-22 02:00:00,101.71
2025-01-22 03:00:00,101.84
2025-01-22 04:00:00,102.03
2025-01-22 05:00:00,106.56
2025-01-22 06:00:00,107.39
2025-01-22 07:00:00,151.13
2025-01-22 08:00:00,154.15
2025-01-22 09:00:00,156.44
2025-01-22 10:00:00,153.95
2025-01-22 11:00:00,154.15
2025-01-22 12:00:00,150.89
2025-01-22 13:00:00,150.89
2025-01-22 14:00:00,150.85
2025-01-22 15:00:00,154.15
2025-01-22 16:00:00,153.43
2025-01-22 17:00:00,137.09
2025-01-22 18:00:00,153.43
2025-01-22 19:00:00,153.81
2025-01-22 20:00:00,153.81
2025-01-22 21:00:00,151.25
2025-01-22 22:00:00,149.8
2025-01-22 23:00:00,114.68
2025-01-23 00:00:00,108.39
2025-01-23 01:00:00,101.62
2025-01-23 02:00:00,101.62
2025-01-23 03:00:00,83.71
2025-01-23 04:00:00,101.44
2025-01-23 05:00:00,101.86
2025-01-23 06:00:00,106.57
2025-01-23 07:00:00,151.97
2025-01-23 08:00:00,152.65
2025-01-23 09:00:00,154.99
2025-01-23 10:00:00,143.52
2025-01-23 11:00:00,143.25
2025-01-23 12:00:00,136.55
2025-01-23 13:00:00,123.04
2025-01-23 14:00:00,138.59
2025-01-23 15:00:00,136.77
2025-01-23 16:00:00,138.88
2025-01-23 17:00:00,136.77
2025-01-23 18:00:00,159.04
2025-01-23 19:00:00,159.11
2025-01-23 20:00:00,159.11
2025-01-23 21:00:00,118.47
2025-01-23 22:00:00,118.47
2025-01-23 23:00:00,114.83
2025-01-24 00:00:00,118.47
2025-01-24 01:00:00,107.85
2025-01-24 02:00:00,102.41
2025-01-24 03:00:00,101.78
2025-01-24 04:00:00,101.95
2025-01-24 05:00:00,102.31
2025-01-24 06:00:00,108.61
2025-01-24 07:00:00,154.1
2025-01-24 08:00:00,153.83
2025-01-24 09:00:00,157.94
2025-01-24 10:00:00,154.7
2025-01-24 11:00:00,153.25
2025-01-24 12:00:00,137.04
2025-01-24 13:00:00,137.04
2025-01-24 14:00:00,138.58
2025-01-24 15:00:00,137.04
2025-01-24 16:00:00,138.87
2025-01-24 17:00:00,136.74
2025-01-24 18:00:00,139.43
2025-01-24 19:00:00,157.22
2025-01-24 20:00:00,118.77
2025-01-24 21:00:00,108.61
2025-01-24 22:00:00,118.47
2025-01-24 23:00:00,150.36
2025-01-25 00:00:00,128.85
2025-01-25 01:00:00,100.77
2025-01-25 02:00:00,151.98
2025-01-25 03:00:00,150.31
2025-01-25 04:00:00,151.72
2025-01-25 05:00:00,146.89
2025-01-25 06:00:00,150.7
2025-01-25 07:00:00,151.98
2025-01-25 08:00:00,118.79
2025-01-25 09:00:00,146.59
2025-01-25 10:00:00,151.98
2025-01-25 11:00:00,147.02
2025-01-25 12:00:00,128.48
2025-01-25 13:00:00,116.6
2025-01-25 14:00:00,116.05
2025-01-25 15:00:00,115.78
2025-01-25 16:00:00,120.95
2025-01-25 17:00:00,138.61
2025-01-25 18:00:00,138.62
2025-01-25 19:00:00,158.4
2025-01-25 20:00:00,117.84
2025-01-25 21:00:00,117.49
2025-01-25 22:00:00,116.97
2025-01-25 23:00:00,116.47
2025-01-26 00:00:00,118.27
2025-01-26 01:00:00,86.29
2025-01-26 02:00:00,124.03
2025-01-26 03:00:00,123.61
2025-01-26 04:00:00,127.25
2025-01-26 05:00:00,126.49
2025-01-26 06:00:00,127.89
2025-01-26 07:00:00,128.8
2025-01-26 08:00:00,124.97
2025-01-26 09:00:00,117.72
2025-01-26 10:00:00,147.05
2025-01-26 11:00:00,139.37
2025-01-26 12:00:00,118.64
2025-01-26 13:00:00,120.92
2025-01-26 14:00:00,120.95
2025-01-26 15:00:00,117.62
2025-01-26 16:00:00,117.62
2025-01-26 17:00:00,117.45
2025-01-26 18:00:00,117.73
2025-01-26 19:00:00,117.72
2025-01-26 20:00:00,116.4
2025-01-26 21:00:00,116.3
2025-01-26 22:00:00,117.07
2025-01-26 23:00:00,115.88
2025-01-27 00:00:00,96.72
2025-01-27 01:00:00,85.16
2025-01-27 02:00:00,80.92
2025-01-27 03:00:00,80.92
2025-01-27 04:00:00,80.92
2025-01-27 05:00:00,100.11
2025-01-27 06:00:00,104.21
2025-01-27 07:00:00,108.26
2025-01-27 08:00:00,118.3
2025-01-27 09:00:00,0.0
2025-01-27 10:00:00,142.98
2025-01-27 11:00:00,0.0
2025-01-27 12:00:00,0.0
2025-01-27 13:00:00,0.0
2025-01-27 14:00:00,133.68
2025-01-27 15:00:00,0.0
2025-01-27 16:00:00,0.0
2025-01-27 17:00:00,133.24
2025-01-27 18:00:00,139.35
2025-01-27 19:00:00,132.52
2025-01-27 20:00:00,118.3
2025-01-27 21:00:00,121.62
2025-01-27 22:00:00,114.25
2025-01-27 23:00:00,104.6
2025-01-28 00:00:00,96.06
2025-01-28 01:00:00,82.26
2025-01-28 02:00:00,80.92
2025-01-28 03:00:00,80.92
2025-01-28 04:00:00,80.92
2025-01-28 05:00:00,81.77
2025-01-28 06:00:00,83.35
2025-01-28 07:00:00,83.35
2025-01-28 08:00:00,80.33
2025-01-28 09:00:00,79.87
2025-01-28 10:00:00,78.51
2025-01-28 11:00:00,78.51
2025-01-28 12:00:00,78.51
2025-01-28 13:00:00,78.51
2025-01-28 14:00:00,78.51
2025-01-28 15:00:00,79.87
2025-01-28 16:00:00,80.33
2025-01-28 17:00:00,80.33
2025-01-28 18:00:00,88.53
2025-01-28 19:00:00,88.53
2025-01-28 20:00:00,88.53
2025-01-28 21:00:00,88.53
2025-01-28 22:00:00,88.53
2025-01-28 23:00:00,88.53
2025-01-29 00:00:00,95.74
2025-01-29 01:00:00,77.88
2025-01-29 02:00:00,77.07
2025-01-29 03:00:00,77.07
2025-01-29 04:00:00,77.07
2025-01-29 05:00:00,77.07
2025-01-29 06:00:00,80.07
2025-01-29 07:00:00,80.07
2025-01-29 08:00:00,77.49
2025-01-29 09:00:00,76.68
2025-01-29 10:00:00,70.92
2025-01-29 11:00:00,70.92
2025-01-29 12:00:00,0.0
2025-01-29 13:00:00,0.0
2025-01-29 14:00:00,70.92
2025-01-29 15:00:00,70.92
2025-01-29 16:00:00,76.68
2025-01-29 17:00:00,96.71
2025-01-29 18:00:00,97.63
2025-01-29 19:00:00,97.63
2025-01-29 20:00:00,97.63
2025-01-29 21:00:00,97.63
2025-01-29 22:00:00,97.63
2025-01-29 23:00:00,97.63
2025-01-30 00:00:00,97.63
2025-01-30 01:00:00,85.81
2025-01-30 02:00:00,81.14
2025-01-30 03:00:00,79.87
2025-01-30 04:00:00,79.87
2025-01-30 05:00:00,97.63
2025-01-30 06:00:00,97.63
2025-01-30 07:00:00,128.16
2025-01-30 08:00:00,97.63
2025-01-30 09:00:00,107.7
2025-01-30 10:00:00,109.31
2025-01-30 11:00:00,109.28
2025-01-30 12:00:00,109.39
2025-01-30 13:00:00,103.7
2025-01-30 14:00:00,98.47
2025-01-30 15:00:00,76.68
2025-01-30 16:00:00,98.42
2025-01-30 17:00:00,104.3
2025-01-30 18:00:00,104.62
2025-01-30 19:00:00,104.62
2025-01-30 20:00:00,104.62
2025-01-30 21:00:00,122.58
2025-01-30 22:00:00,120.96
2025-01-30 23:00:00,104.46
2025-01-31 00:00:00,123.88
2025-01-31 01:00:00,81.96
2025-01-31 02:00:00,81.79
2025-01-31 03:00:00,81.06
2025-01-31 04:00:00,81.13
2025-01-31 05:00:00,81.96
2025-01-31 06:00:00,150.11
2025-01-31 07:00:00,128.17
2025-01-31 08:00:00,151.51
2025-01-31 09:00:00,164.38
2025-01-31 10:00:00,151.89
2025-01-31 11:00:00,150.48
2025-01-31 12:00:00,136.63
2025-01-31 13:00:00,138.88
2025-01-31 14:00:00,136.63
2025-01-31 15:00:00,136.63
2025-01-31 16:00:00,136.36
2025-01-31 17:00:00,133.09
2025-01-31 18:00:00,158.57
2025-01-31 19:00:00,158.57
2025-01-31 20:00:00,158.57
2025-01-31 21:00:00,114.6
2025-01-31 22:00:00,116.3
2025-01-31 23:00:00,121.17
2025-02-01 00:00:00,117.53
2025-02-01 01:00:00,98.71
2025-02-01 02:00:00,119.56
2025-02-01 03:00:00,82.77
2025-02-01 04:00:00,82.77
2025-02-01 05:00:00,82.77
2025-02-01 06:00:00,84.47
2025-02-01 07:00:00,119.15
2025-02-01 08:00:00,119.06
2025-02-01 09:00:00,105.95
2025-02-01 10:00:00,132.56
2025-02-01 11:00:00,151.16
2025-02-01 12:00:00,113.57
2025-02-01 13:00:00,110.31
2025-02-01 14:00:00,104.88
2025-02-01 15:00:00,104.97
2025-02-01 16:00:00,105.01
2025-02-01 17:00:00,103.66
2025-02-01 18:00:00,103.6
2025-02-01 19:00:00,103.41
2025-02-01 20:00:00,103.23
2025-02-01 21:00:00,100.17
2025-02-01 22:00:00,99.92
2025-02-01 23:00:00,100.37
2025-02-02 00:00:00,96.38
2025-02-02 01:00:00,82.91
2025-02-02 02:00:00,82.0
2025-02-02 03:00:00,81.27
2025-02-02 04:00:00,81.27
2025-02-02 05:00:00,81.4
2025-02-02 06:00:00,82.94
2025-02-02 07:00:00,82.94
2025-02-02 08:00:00,95.27
2025-02-02 09:00:00,98.13
2025-02-02 10:00:00,100.7
2025-02-02 11:00:00,100.74
2025-02-02 12:00:00,100.59
2025-02-02 13:00:00,100.74
2025-02-02 14:00:00,106.29
2025-02-02 15:00:00,106.3
2025-02-02 16:00:00,105.9
2025-02-02 17:00:00,106.21
2025-02-02 18:00:00,105.96
2025-02-02 19:00:00,100.74
2025-02-02 20:00:00,100.74
2025-02-02 21:00:00,99.79
2025-02-02 22:00:00,98.13
2025-02-02 23:00:00,97.32
2025-02-03 00:00:00,102.15
2025-02-03 01:00:00,80.55
2025-02-03 02:00:00,80.55
2025-02-03 03:00:00,80.55
2025-02-03 04:00:00,80.55
2025-02-03 05:00:00,80.55
2025-02-03 06:00:00,86.78
2025-02-03 07:00:00,109.48
2025-02-03 08:00:00,142.19
2025-02-03 09:00:00,157.57
2025-02-03 10:00:00,151.41
2025-02-03 11:00:00,133.91
2025-02-03 12:00:00,133.05
2025-02-03 13:00:00,133.58
2025-02-03 14:00:00,131.32
2025-02-03 15:00:00,132.92
2025-02-03 16:00:00,132.92
2025-02-03 17:00:00,132.92
2025-02-03 18:00:00,133.91
2025-02-03 19:00:00,133.91
2025-02-03 20:00:00,114.52
2025-02-03 21:00:00,102.78
2025-02-03 22:00:00,99.72
2025-02-03 23:00:00,99.16
2025-02-04 00:00:00,105.07
2025-02-04 01:00:00,102.15
2025-02-04 02:00:00,84.44
2025-02-04 03:00:00,84.44
2025-02-04 04:00:00,84.44
2025-02-04 05:00:00,102.15
2025-02-04 06:00:00,99.28
2025-02-04 07:00:00,129.79
2025-02-04 08:00:00,134.8
2025-02-04 09:00:00,148.44
2025-02-04 10:00:00,151.01
2025-02-04 11:00:00,143.02
2025-02-04 12:00:00,143.02
2025-02-04 13:00:00,143.02
2025-02-04 14:00:00,133.77
2025-02-04 15:00:00,146.1
2025-02-04 16:00:00,134.09
2025-02-04 17:00:00,134.15
2025-02-04 18:00:00,134.57
2025-02-04 19:00:00,134.57
2025-02-04 20:00:00,134.8
2025-02-04 21:00:00,143.79
2025-02-04 22:00:00,130.02
2025-02-04 23:00:00,113.79
2025-02-05 00:00:00,106.94
2025-02-05 01:00:00,96.77
2025-02-05 02:00:00,84.44
2025-02-05 03:00:00,84.44
2025-02-05 04:00:00,84.44
2025-02-05 05:00:00,98.11
2025-02-05 06:00:00,109.77
2025-02-05 07:00:00,111.86
2025-02-05 08:00:00,139.87
2025-02-05 09:00:00,148.18
2025-02-05 10:00:00,150.83
2025-02-05 11:00:00,138.84
2025-02-05 12:00:00,132.35
2025-02-05 13:00:00,133.91
2025-02-05 14:00:00,133.58
2025-02-05 15:00:00,142.0
2025-02-05 16:00:00,133.58
2025-02-05 17:00:00,132.24
2025-02-05 18:00:00,132.24
2025-02-05 19:00:00,127.04
2025-02-05 20:00:00,131.1
2025-02-05 21:00:00,112.43
2025-02-05 22:00:00,105.93
2025-02-05 23:00:00,105.7
2025-02-06 00:00:00,105.98
2025-02-06 01:00:00,97.98
2025-02-06 02:00:00,97.72
2025-02-06 03:00:00,84.44
2025-02-06 04:00:00,95.69
2025-02-06 05:00:00,98.29
2025-02-06 06:00:00,105.34
2025-02-06 07:00:00,114.59
2025-02-06 08:00:00,141.12
2025-02-06 09:00:00,154.52
2025-02-06 10:00:00,153.3
2025-02-06 11:00:00,142.65
2025-02-06 12:00:00,142.65
2025-02-06 13:00:00,142.65
2025-02-06 14:00:00,145.23
2025-02-06 15:00:00,142.65
2025-02-06 16:00:00,150.32
2025-02-06 17:00:00,146.37
2025-02-06 18:00:00,134.0
2025-02-06 19:00:00,146.39
2025-02-06 20:00:00,146.39
2025-02-06 21:00:00,112.51
2025-02-06 22:00:00,102.23
2025-02-06 23:00:00,107.9
2025-02-07 00:00:00,112.43
2025-02-07 01:00:00,101.97
2025-02-07 02:00:00,98.56
2025-02-07 03:00:00,98.14
2025-02-07 04:00:00,98.13
2025-02-07 05:00:00,98.55
2025-02-07 06:00:00,111.77
2025-02-07 07:00:00,113.73
2025-02-07 08:00:00,143.58
2025-02-07 09:00:00,159.17
2025-02-07 10:00:00,144.19
2025-02-07 11:00:00,145.58
2025-02-07 12:00:00,142.58
2025-02-07 13:00:00,142.54
2025-02-07 14:00:00,136.43
2025-02-07 15:00:00,144.83
2025-02-07 16:00:00,143.35
2025-02-07 17:00:00,143.35
2025-02-07 18:00:00,134.8
2025-02-07 19:00:00,131.51
2025-02-07 20:00:00,130.1
2025-02-07 21:00:00,129.66
2025-02-07 22:00:00,129.78
2025-02-07 23:00:00,128.8
2025-02-08 00:00:00,113.07
2025-02-08 01:00:00,112.79
2025-02-08 02:00:00,99.34
2025-02-08 03:00:00,98.79
2025-02-08 04:00:00,98.67
2025-02-08 05:00:00,101.6
2025-02-08 06:00:00,112.3
2025-02-08 07:00:00,113.49
2025-02-08 08:00:00,115.53
2025-02-08 09:00:00,132.78
2025-02-08 10:00:00,134.8
2025-02-08 11:00:00,134.8
2025-02-08 12:00:00,127.28
2025-02-08 13:00:00,127.28
2025-02-08 14:00:00,115.54
2025-02-08 15:00:00,115.54
2025-02-08 16:00:00,124.41
2025-02-08 17:00:00,115.55
2025-02-08 18:00:00,142.05
2025-02-08 19:00:00,132.49
2025-02-08 20:00:00,128.31
2025-02-08 21:00:00,114.24
2025-02-08 22:00:00,113.56
2025-02-08 23:00:00,114.88
2025-02-09 00:00:00,103.41
2025-02-09 01:00:00,99.27
2025-02-09 02:00:00,99.08
2025-02-09 03:00:00,82.99
2025-02-09 04:00:00,82.99
2025-02-09 05:00:00,98.46
2025-02-09 06:00:00,99.15
2025-02-09 07:00:00,102.61
2025-02-09 08:00:00,103.48
2025-02-09 09:00:00,103.74
2025-02-09 10:00:00,106.34
2025-02-09 11:00:00,103.74
2025-02-09 12:00:00,104.56
2025-02-09 13:00:00,103.74
2025-02-09 14:00:00,103.64
2025-02-09 15:00:00,102.95
2025-02-09 16:00:00,103.74
2025-02-09 17:00:00,106.23
2025-02-09 18:00:00,111.85
2025-02-09 19:00:00,108.84
2025-02-09 20:00:00,103.48
2025-02-09 21:00:00,103.48
2025-02-09 22:00:00,103.48
2025-02-09 23:00:00,103.48
2025-02-10 00:00:00,105.62
2025-02-10 01:00:00,81.0
2025-02-10 02:00:00,80.92
2025-02-10 03:00:00,80.73
2025-02-10 04:00:00,80.85
2025-02-10 05:00:00,81.0
2025-02-10 06:00:00,88.04
2025-02-10 07:00:00,108.96
2025-02-10 08:00:00,142.19
2025-02-10 09:00:00,154.52
2025-02-10 10:00:00,157.07
2025-02-10 11:00:00,149.65
2025-02-10 12:00:00,130.3
2025-02-10 13:00:00,132.55
2025-02-10 14:00:00,130.3
2025-02-10 15:00:00,130.3
2025-02-10 16:00:00,141.24
2025-02-10 17:00:00,145.53
2025-02-10 18:00:00,146.49
2025-02-10 19:00:00,147.67
2025-02-10 20:00:00,148.04
2025-02-10 21:00:00,145.46
2025-02-10 22:00:00,148.04
2025-02-10 23:00:00,115.24
2025-02-11 00:00:00,103.12
2025-02-11 01:00:00,101.0
2025-02-11 02:00:00,100.23
2025-02-11 03:00:00,83.22
2025-02-11 04:00:00,84.06
2025-02-11 05:00:00,144.06
2025-02-11 06:00:00,119.53
2025-02-11 07:00:00,266.0
2025-02-11 08:00:00,138.75
2025-02-11 09:00:00,150.33
2025-02-11 10:00:00,146.69
2025-02-11 11:00:00,144.34
2025-02-11 12:00:00,131.36
2025-02-11 13:00:00,131.37
2025-02-11 14:00:00,132.15
2025-02-11 15:00:00,131.37
2025-02-11 16:00:00,132.15
2025-02-11 17:00:00,132.15
2025-02-11 18:00:00,132.15
2025-02-11 19:00:00,132.15
2025-02-11 20:00:00,150.18
2025-02-11 21:00:00,113.98
2025-02-11 22:00:00,113.98
2025-02-11 23:00:00,113.98
2025-02-12 00:00:00,103.44
2025-02-12 01:00:00,97.28
2025-02-12 02:00:00,93.04
2025-02-12 03:00:00,81.32
2025-02-12 04:00:00,92.42
2025-02-12 05:00:00,93.39
2025-02-12 06:00:00,109.51
2025-02-12 07:00:00,123.61
2025-02-12 08:00:00,132.59
2025-02-12 09:00:00,146.06
2025-02-12 10:00:00,154.15
2025-02-12 11:00:00,145.75
2025-02-12 12:00:00,144.46
2025-02-12 13:00:00,143.44
2025-02-12 14:00:00,143.44
2025-02-12 15:00:00,143.44
2025-02-12 16:00:00,132.8
2025-02-12 17:00:00,134.13
2025-02-12 18:00:00,134.98
2025-02-12 19:00:00,130.21
2025-02-12 20:00:00,130.14
2025-02-12 21:00:00,132.49
2025-02-12 22:00:00,125.7
2025-02-12 23:00:00,123.89
2025-02-13 00:00:00,112.57
2025-02-13 01:00:00,101.6
2025-02-13 02:00:00,101.61
2025-02-13 03:00:00,98.25
2025-02-13 04:00:00,101.6
2025-02-13 05:00:00,111.24
2025-02-13 06:00:00,112.61
2025-02-13 07:00:00,132.81
2025-02-13 08:00:00,136.01
2025-02-13 09:00:00,145.94
2025-02-13 10:00:00,148.99
2025-02-13 11:00:00,139.35
2025-02-13 12:00:00,0.0
2025-02-13 13:00:00,0.0
2025-02-13 14:00:00,132.15
2025-02-13 15:00:00,131.37
2025-02-13 16:00:00,140.03
2025-02-13 17:00:00,144.62
2025-02-13 18:00:00,132.23
2025-02-13 19:00:00,132.23
2025-02-13 20:00:00,130.15
2025-02-13 21:00:00,145.59
2025-02-13 22:00:00,145.59
2025-02-13 23:00:00,114.04
2025-02-14 00:00:00,108.13
2025-02-14 01:00:00,98.48
2025-02-14 02:00:00,98.07
2025-02-14 03:00:00,82.54
2025-02-14 04:00:00,145.98
2025-02-14 05:00:00,116.86
2025-02-14 06:00:00,122.49
2025-02-14 07:00:00,132.78
2025-02-14 08:00:00,146.26
2025-02-14 09:00:00,149.27
2025-02-14 10:00:00,143.92
2025-02-14 11:00:00,132.57
2025-02-14 12:00:00,131.3
2025-02-14 13:00:00,132.8
2025-02-14 14:00:00,131.99
2025-02-14 15:00:00,131.99
2025-02-14 16:00:00,132.57
2025-02-14 17:00:00,140.9
2025-02-14 18:00:00,145.87
2025-02-14 19:00:00,145.87
2025-02-14 20:00:00,148.13
2025-02-14 21:00:00,188.45
2025-02-14 22:00:00,148.13
2025-02-14 23:00:00,144.74
2025-02-15 00:00:00,143.7
2025-02-15 01:00:00,101.69
2025-02-15 02:00:00,99.22
2025-02-15 03:00:00,99.09
2025-02-15 04:00:00,99.22
2025-02-15 05:00:00,101.8
2025-02-15 06:00:00,102.54
2025-02-15 07:00:00,115.65
2025-02-15 08:00:00,116.85
2025-02-15 09:00:00,145.78
2025-02-15 10:00:00,150.58
2025-02-15 11:00:00,148.17
2025-02-15 12:00:00,142.54
2025-02-15 13:00:00,142.54
2025-02-15 14:00:00,142.54
2025-02-15 15:00:00,142.54
2025-02-15 16:00:00,142.54
2025-02-15 17:00:00,102.92
2025-02-15 18:00:00,144.29
2025-02-15 19:00:00,143.25
2025-02-15 20:00:00,107.61
2025-02-15 21:00:00,144.29
2025-02-15 22:00:00,145.5
2025-02-15 23:00:00,148.77
2025-02-16 00:00:00,149.29
2025-02-16 01:00:00,150.13
2025-02-16 02:00:00,144.6
2025-02-16 03:00:00,81.8
2025-02-16 04:00:00,81.8
2025-02-16 05:00:00,96.48
2025-02-16 06:00:00,97.91
2025-02-16 07:00:00,149.29
2025-02-16 08:00:00,145.81
2025-02-16 09:00:00,103.5
2025-02-16 10:00:00,103.74
2025-02-16 11:00:00,103.74
2025-02-16 12:00:00,103.74
2025-02-16 13:00:00,103.74
2025-02-16 14:00:00,105.3
2025-02-16 15:00:00,105.35
2025-02-16 16:00:00,103.67
2025-02-16 17:00:00,105.39
2025-02-16 18:00:00,150.6
2025-02-16 19:00:00,105.55
2025-02-16 20:00:00,103.76
2025-02-16 21:00:00,103.76
2025-02-16 22:00:00,103.41
2025-02-16 23:00:00,99.98
2025-02-17 00:00:00,122.49
2025-02-17 01:00:00,98.61
2025-02-17 02:00:00,97.86
2025-02-17 03:00:00,80.89
2025-02-17 04:00:00,0.0
2025-02-17 05:00:00,98.22
2025-02-17 06:00:00,102.01
2025-02-17 07:00:00,132.8
2025-02-17 08:00:00,132.5
2025-02-17 09:00:00,147.82
2025-02-17 10:00:00,147.07
2025-02-17 11:00:00,132.56
2025-02-17 12:00:00,130.94
2025-02-17 13:00:00,131.73
2025-02-17 14:00:00,131.11
2025-02-17 15:00:00,132.15
2025-02-17 16:00:00,145.88
2025-02-17 17:00:00,132.15
2025-02-17 18:00:00,130.06
2025-02-17 19:00:00,130.79
2025-02-17 20:00:00,130.79
2025-02-17 21:00:00,132.48
2025-02-17 22:00:00,132.45
2025-02-17 23:00:00,113.87
2025-02-18 00:00:00,122.64
2025-02-18 01:00:00,102.15
2025-02-18 02:00:00,98.46
2025-02-18 03:00:00,98.46
2025-02-18 04:00:00,98.46
2025-02-18 05:00:00,99.51
2025-02-18 06:00:00,113.01
2025-02-18 07:00:00,128.93
2025-02-18 08:00:00,143.78
2025-02-18 09:00:00,149.48
2025-02-18 10:00:00,145.96
2025-02-18 11:00:00,142.19
2025-02-18 12:00:00,0.0
2025-02-18 13:00:00,0.0
2025-02-18 14:00:00,131.05
2025-02-18 15:00:00,131.05
2025-02-18 16:00:00,131.05
2025-02-18 17:00:00,131.05
2025-02-18 18:00:00,130.78
2025-02-18 19:00:00,129.98
2025-02-18 20:00:00,129.9
2025-02-18 21:00:00,125.25
2025-02-18 22:00:00,125.25
2025-02-18 23:00:00,113.94
2025-02-19 00:00:00,107.9
2025-02-19 01:00:00,101.77
2025-02-19 02:00:00,98.38
2025-02-19 03:00:00,97.93
2025-02-19 04:00:00,98.42
2025-02-19 05:00:00,102.35
2025-02-19 06:00:00,113.2
2025-02-19 07:00:00,128.69
2025-02-19 08:00:00,137.5
2025-02-19 09:00:00,142.09
2025-02-19 10:00:00,157.35
2025-02-19 11:00:00,0.0
2025-02-19 12:00:00,0.0
2025-02-19 13:00:00,0.0
2025-02-19 14:00:00,132.57
2025-02-19 15:00:00,131.0
2025-02-19 16:00:00,140.97
2025-02-19 17:00:00,132.55
2025-02-19 18:00:00,130.74
2025-02-19 19:00:00,130.78
2025-02-19 20:00:00,129.84
2025-02-19 21:00:00,124.91
2025-02-19 22:00:00,128.0
2025-02-19 23:00:00,128.37
2025-02-20 00:00:00,113.06
2025-02-20 01:00:00,98.68
2025-02-20 02:00:00,97.71
2025-02-20 03:00:00,82.54
2025-02-20 04:00:00,83.49
2025-02-20 05:00:00,98.78
2025-02-20 06:00:00,113.15
2025-02-20 07:00:00,128.79
2025-02-20 08:00:00,134.47
2025-02-20 09:00:00,147.63
2025-02-20 10:00:00,147.09
2025-02-20 11:00:00,134.45
2025-02-20 12:00:00,134.03
2025-02-20 13:00:00,132.82
2025-02-20 14:00:00,130.24
2025-02-20 15:00:00,130.24
2025-02-20 16:00:00,132.82
2025-02-20 17:00:00,132.82
2025-02-20 18:00:00,132.82
2025-02-20 19:00:00,132.82
2025-02-20 20:00:00,126.33
2025-02-20 21:00:00,113.88
2025-02-20 22:00:00,113.88
2025-02-20 23:00:00,122.75
2025-02-21 00:00:00,107.9
2025-02-21 01:00:00,97.98
2025-02-21 02:00:00,102.32
2025-02-21 03:00:00,84.33
2025-02-21 04:00:00,101.64
2025-02-21 05:00:00,101.91
2025-02-21 06:00:00,107.07
2025-02-21 07:00:00,132.8
2025-02-21 08:00:00,138.87
2025-02-21 09:00:00,147.57
2025-02-21 10:00:00,148.73
2025-02-21 11:00:00,140.38
2025-02-21 12:00:00,132.73
2025-02-21 13:00:00,0.0
2025-02-21 14:00:00,132.54
2025-02-21 15:00:00,132.81
2025-02-21 16:00:00,146.98
2025-02-21 17:00:00,132.81
2025-02-21 18:00:00,132.56
2025-02-21 19:00:00,126.31
2025-02-21 20:00:00,113.91
2025-02-21 21:00:00,113.67
2025-02-21 22:00:00,113.9
2025-02-21 23:00:00,113.9
2025-02-22 00:00:00,108.15
2025-02-22 01:00:00,101.48
2025-02-22 02:00:00,102.66
2025-02-22 03:00:00,85.12
2025-02-22 04:00:00,85.12
2025-02-22 05:00:00,102.42
2025-02-22 06:00:00,106.37
2025-02-22 07:00:00,104.78
2025-02-22 08:00:00,103.15
2025-02-22 09:00:00,98.05
2025-02-22 10:00:00,110.37
2025-02-22 11:00:00,80.29
2025-02-22 12:00:00,0.0
2025-02-22 13:00:00,0.0
2025-02-22 14:00:00,76.15
2025-02-22 15:00:00,79.69
2025-02-22 16:00:00,82.46
2025-02-22 17:00:00,97.87
2025-02-22 18:00:00,108.44
2025-02-22 19:00:00,108.44
2025-02-22 20:00:00,108.44
2025-02-22 21:00:00,108.44
2025-02-22 22:00:00,108.44
2025-02-22 23:00:00,108.44
2025-02-23 00:00:00,104.96
2025-02-23 01:00:00,86.42
2025-02-23 02:00:00,86.39
2025-02-23 03:00:00,84.98
2025-02-23 04:00:00,85.83
2025-02-23 05:00:00,86.43
2025-02-23 06:00:00,98.4
2025-02-23 07:00:00,97.34
2025-02-23 08:00:00,81.85
2025-02-23 09:00:00,79.67
2025-02-23 10:00:00,98.31
2025-02-23 11:00:00,72.76
2025-02-23 12:00:00,72.76
2025-02-23 13:00:00,6.21
2025-02-23 14:00:00,72.76
2025-02-23 15:00:00,72.76
2025-02-23 16:00:00,79.67
2025-02-23 17:00:00,96.13
2025-02-23 18:00:00,104.96
2025-02-23 19:00:00,104.96
2025-02-23 20:00:00,98.27
2025-02-23 21:00:00,104.96
2025-02-23 22:00:00,103.97
2025-02-23 23:00:00,104.96
2025-02-24 00:00:00,87.21
2025-02-24 01:00:00,80.05
2025-02-24 02:00:00,80.05
2025-02-24 03:00:00,80.05
2025-02-24 04:00:00,80.05
2025-02-24 05:00:00,81.1
2025-02-24 06:00:00,97.63
2025-02-24 07:00:00,114.82
2025-02-24 08:00:00,130.83
2025-02-24 09:00:00,149.97
2025-02-24 10:00:00,147.76
2025-02-24 11:00:00,132.15
2025-02-24 12:00:00,126.28
2025-02-24 13:00:00,110.57
2025-02-24 14:00:00,126.28
2025-02-24 15:00:00,111.72
2025-02-24 16:00:00,132.15
2025-02-24 17:00:00,132.15
2025-02-24 18:00:00,122.49
2025-02-24 19:00:00,114.31
2025-02-24 20:00:00,114.31
2025-02-24 21:00:00,113.9
2025-02-24 22:00:00,114.31
2025-02-24 23:00:00,113.9
2025-02-25 00:00:00,116.69
2025-02-25 01:00:00,85.02
2025-02-25 02:00:00,83.6
2025-02-25 03:00:00,82.77
2025-02-25 04:00:00,83.6
2025-02-25 05:00:00,85.02
2025-02-25 06:00:00,115.47
2025-02-25 07:00:00,107.9
2025-02-25 08:00:00,151.48
2025-02-25 09:00:00,151.09
2025-02-25 10:00:00,153.28
2025-02-25 11:00:00,142.0
2025-02-25 12:00:00,128.4
2025-02-25 13:00:00,128.32
2025-02-25 14:00:00,128.32
2025-02-25 15:00:00,128.32
2025-02-25 16:00:00,152.46
2025-02-25 17:00:00,130.78
2025-02-25 18:00:00,114.94
2025-02-25 19:00:00,114.94
2025-02-25 20:00:00,113.0
2025-02-25 21:00:00,109.59
2025-02-25 22:00:00,109.59
2025-02-25 23:00:00,109.59
2025-02-26 00:00:00,105.07
2025-02-26 01:00:00,97.54
2025-02-26 02:00:00,82.1
2025-02-26 03:00:00,82.1
2025-02-26 04:00:00,82.1
2025-02-26 05:00:00,87.2
2025-02-26 06:00:00,113.35
2025-02-26 07:00:00,113.99
2025-02-26 08:00:00,123.71
2025-02-26 09:00:00,130.86
2025-02-26 10:00:00,141.24
2025-02-26 11:00:00,0.0
2025-02-26 12:00:00,-67.16
2025-02-26 13:00:00,0.0
2025-02-26 14:00:00,130.11
2025-02-26 15:00:00,128.35
2025-02-26 16:00:00,130.79
2025-02-26 17:00:00,150.61
2025-02-26 18:00:00,119.7
2025-02-26 19:00:00,119.79
2025-02-26 20:00:00,153.18
2025-02-26 21:00:00,147.84
2025-02-26 22:00:00,147.59
2025-02-26 23:00:00,114.01
2025-02-27 00:00:00,97.37
2025-02-27 01:00:00,88.86
2025-02-27 02:00:00,88.86
2025-02-27 03:00:00,88.86
2025-02-27 04:00:00,88.86
2025-02-27 05:00:00,116.84
2025-02-27 06:00:00,117.74
2025-02-27 07:00:00,113.61
2025-02-27 08:00:00,142.09
2025-02-27 09:00:00,118.94
2025-02-27 10:00:00,118.91
2025-02-27 11:00:00,117.09
2025-02-27 12:00:00,100.23
2025-02-27 13:00:00,102.15
2025-02-27 14:00:00,102.32
2025-02-27 15:00:00,112.76
2025-02-27 16:00:00,112.76
2025-02-27 17:00:00,113.15
2025-02-27 18:00:00,117.43
2025-02-27 19:00:00,113.4
2025-02-27 20:00:00,107.64
2025-02-27 21:00:00,107.64
2025-02-27 22:00:00,107.64
2025-02-27 23:00:00,107.64
2025-02-28 00:00:00,87.2
2025-02-28 01:00:00,81.74
2025-02-28 02:00:00,80.53
2025-02-28 03:00:00,80.53
2025-02-28 04:00:00,80.53
2025-02-28 05:00:00,80.71
2025-02-28 06:00:00,88.12
2025-02-28 07:00:00,99.18
2025-02-28 08:00:00,115.69
2025-02-28 09:00:00,153.44
2025-02-28 10:00:00,155.88
2025-02-28 11:00:00,130.81
2025-02-28 12:00:00,115.63
2025-02-28 13:00:00,115.61
2025-02-28 14:00:00,115.61
2025-02-28 15:00:00,115.61
2025-02-28 16:00:00,115.6
2025-02-28 17:00:00,113.83
2025-02-28 18:00:00,100.14
2025-02-28 19:00:00,100.14
2025-02-28 20:00:00,99.2
2025-02-28 21:00:00,152.97
2025-02-28 22:00:00,92.54
2025-02-28 23:00:00,151.99
2025-03-01 00:00:00,95.61
2025-03-01 01:00:00,86.26
2025-03-01 02:00:00,84.33
2025-03-01 03:00:00,81.71
2025-03-01 04:00:00,81.71
2025-03-01 05:00:00,81.91
2025-03-01 06:00:00,84.33
2025-03-01 07:00:00,84.08
2025-03-01 08:00:00,95.6
2025-03-01 09:00:00,99.33
2025-03-01 10:00:00,112.34
2025-03-01 11:00:00,99.33
2025-03-01 12:00:00,99.33
2025-03-01 13:00:00,99.33
2025-03-01 14:00:00,99.33
2025-03-01 15:00:00,99.33
2025-03-01 16:00:00,98.4
2025-03-01 17:00:00,95.86
2025-03-01 18:00:00,95.91
2025-03-01 19:00:00,95.95
2025-03-01 20:00:00,95.92
2025-03-01 21:00:00,86.26
2025-03-01 22:00:00,95.61
2025-03-01 23:00:00,86.26
2025-03-02 00:00:00,84.9
2025-03-02 01:00:00,82.37
2025-03-02 02:00:00,79.49
2025-03-02 03:00:00,79.49
2025-03-02 04:00:00,79.49
2025-03-02 05:00:00,79.49
2025-03-02 06:00:00,80.18
2025-03-02 07:00:00,81.49
2025-03-02 08:00:00,81.06
2025-03-02 09:00:00,79.49
2025-03-02 10:00:00,79.53
2025-03-02 11:00:00,79.53
2025-03-02 12:00:00,79.49
2025-03-02 13:00:00,79.49
2025-03-02 14:00:00,79.49
2025-03-02 15:00:00,80.18
2025-03-02 16:00:00,82.37
2025-03-02 17:00:00,86.26
2025-03-02 18:00:00,86.26
2025-03-02 19:00:00,86.26
2025-03-02 20:00:00,86.26
2025-03-02 21:00:00,86.26
2025-03-02 22:00:00,86.26
2025-03-02 23:00:00,86.26
2025-03-03 00:00:00,81.32
2025-03-03 01:00:00,79.49
2025-03-03 02:00:00,79.49
2025-03-03 03:00:00,79.49
2025-03-03 04:00:00,79.49
2025-03-03 05:00:00,79.49
2025-03-03 06:00:00,81.76
2025-03-03 07:00:00,83.21
2025-03-03 08:00:00,95.61
2025-03-03 09:00:00,113.26
2025-03-03 10:00:00,113.26
2025-03-03 11:00:00,114.75
2025-03-03 12:00:00,114.75
2025-03-03 13:00:00,114.75
2025-03-03 14:00:00,114.75
2025-03-03 15:00:00,114.75
2025-03-03 16:00:00,114.18
2025-03-03 17:00:00,114.29
2025-03-03 18:00:00,114.07
2025-03-03 19:00:00,112.98
2025-03-03 20:00:00,98.41
2025-03-03 21:00:00,97.48
2025-03-03 22:00:00,95.61
2025-03-03 23:00:00,94.07
2025-03-04 00:00:00,83.19
2025-03-04 01:00:00,83.19
2025-03-04 02:00:00,83.19
2025-03-04 03:00:00,83.19
2025-03-04 04:00:00,83.19
2025-03-04 05:00:00,83.19
2025-03-04 06:00:00,83.19
2025-03-04 07:00:00,97.69
2025-03-04 08:00:00,114.02
2025-03-04 09:00:00,121.73
2025-03-04 10:00:00,149.92
2025-03-04 11:00:00,131.28
2025-03-04 12:00:00,148.7
2025-03-04 13:00:00,148.7
2025-03-04 14:00:00,148.7
2025-03-04 15:00:00,129.52
2025-03-04 16:00:00,125.75
2025-03-04 17:00:00,113.55
2025-03-04 18:00:00,114.02
2025-03-04 19:00:00,114.02
2025-03-04 20:00:00,134.85
2025-03-04 21:00:00,109.32
2025-03-04 22:00:00,110.22
2025-03-04 23:00:00,97.69
2025-03-05 00:00:00,96.24
2025-03-05 01:00:00,85.51
2025-03-05 02:00:00,85.51
2025-03-05 03:00:00,85.51
2025-03-05 04:00:00,85.51
2025-03-05 05:00:00,85.51
2025-03-05 06:00:00,96.9
2025-03-05 07:00:00,113.06
2025-03-05 08:00:00,129.05
2025-03-05 09:00:00,148.58
2025-03-05 10:00:00,149.57
2025-03-05 11:00:00,146.95
2025-03-05 12:00:00,128.98
2025-03-05 13:00:00,131.55
2025-03-05 14:00:00,131.28
2025-03-05 15:00:00,127.29
2025-03-05 16:00:00,122.44
2025-03-05 17:00:00,149.85
2025-03-05 18:00:00,149.85
2025-03-05 19:00:00,122.26
2025-03-05 20:00:00,134.16
2025-03-05 21:00:00,113.65
2025-03-05 22:00:00,111.89
2025-03-05 23:00:00,112.42
2025-03-06 00:00:00,96.15
2025-03-06 01:00:00,85.9
2025-03-06 02:00:00,85.62
2025-03-06 03:00:00,85.62
2025-03-06 04:00:00,85.62
2025-03-06 05:00:00,85.9
2025-03-06 06:00:00,96.9
2025-03-06 07:00:00,97.84
2025-03-06 08:00:00,113.97
2025-03-06 09:00:00,130.22
2025-03-06 10:00:00,151.39
2025-03-06 11:00:00,130.22
2025-03-06 12:00:00,108.65
2025-03-06 13:00:00,-69.76
2025-03-06 14:00:00,0.0
2025-03-06 15:00:00,113.36
2025-03-06 16:00:00,111.54
2025-03-06 17:00:00,113.95
2025-03-06 18:00:00,113.96
2025-03-06 19:00:00,113.08
2025-03-06 20:00:00,101.11
2025-03-06 21:00:00,97.84
2025-03-06 22:00:00,97.84
2025-03-06 23:00:00,97.84
2025-03-07 00:00:00,94.02
2025-03-07 01:00:00,85.51
2025-03-07 02:00:00,85.51
2025-03-07 03:00:00,85.51
2025-03-07 04:00:00,85.51
2025-03-07 05:00:00,88.92
2025-03-07 06:00:00,96.9
2025-03-07 07:00:00,115.17
2025-03-07 08:00:00,121.7
2025-03-07 09:00:00,130.22
2025-03-07 10:00:00,113.6
2025-03-07 11:00:00,130.21
2025-03-07 12:00:00,110.19
2025-03-07 13:00:00,130.22
2025-03-07 14:00:00,130.21
2025-03-07 15:00:00,130.22
2025-03-07 16:00:00,150.18
2025-03-07 17:00:00,198.95
2025-03-07 18:00:00,148.42
2025-03-07 19:00:00,113.23
2025-03-07 20:00:00,149.22
2025-03-07 21:00:00,148.05
2025-03-07 22:00:00,144.83
2025-03-07 23:00:00,97.84
2025-03-08 00:00:00,143.8
2025-03-08 01:00:00,143.8
2025-03-08 02:00:00,143.8
2025-03-08 03:00:00,143.8
2025-03-08 04:00:00,143.8
2025-03-08 05:00:00,143.8
2025-03-08 06:00:00,143.8
2025-03-08 07:00:00,143.8
2025-03-08 08:00:00,138.71
2025-03-08 09:00:00,96.99
2025-03-08 10:00:00,114.29
2025-03-08 11:00:00,114.27
2025-03-08 12:00:00,114.26
2025-03-08 13:00:00,96.99
2025-03-08 14:00:00,96.57
2025-03-08 15:00:00,96.54
2025-03-08 16:00:00,96.51
2025-03-08 17:00:00,96.99
2025-03-08 18:00:00,144.9
2025-03-08 19:00:00,123.16
2025-03-08 20:00:00,144.9
2025-03-08 21:00:00,144.9
2025-03-08 22:00:00,144.9
2025-03-08 23:00:00,144.9
2025-03-09 00:00:00,154.76
2025-03-09 01:00:00,97.6
2025-03-09 02:00:00,89.37
2025-03-09 03:00:00,97.6
2025-03-09 04:00:00,140.7
2025-03-09 05:00:00,143.59
2025-03-09 06:00:00,141.37
2025-03-09 07:00:00,96.67
2025-03-09 08:00:00,78.49
2025-03-09 09:00:00,77.77
2025-03-09 10:00:00,0.0
2025-03-09 11:00:00,-69.76
2025-03-09 12:00:00,-69.76
2025-03-09 13:00:00,-69.76
2025-03-09 14:00:00,-69.76
2025-03-09 15:00:00,79.29
2025-03-09 16:00:00,95.61
2025-03-09 17:00:00,122.91
2025-03-09 18:00:00,146.46
2025-03-09 19:00:00,143.36
2025-03-09 20:00:00,141.31
2025-03-09 21:00:00,145.65
2025-03-09 22:00:00,141.31
2025-03-09 23:00:00,145.77
2025-03-10 00:00:00,113.11
2025-03-10 01:00:00,99.73
2025-03-10 02:00:00,97.02
2025-03-10 03:00:00,97.02
2025-03-10 04:00:00,97.02
2025-03-10 05:00:00,99.73
2025-03-10 06:00:00,113.11
2025-03-10 07:00:00,133.46
2025-03-10 08:00:00,147.8
2025-03-10 09:00:00,147.13
2025-03-10 10:00:00,128.74
2025-03-10 11:00:00,113.94
2025-03-10 12:00:00,112.18
2025-03-10 13:00:00,112.27
2025-03-10 14:00:00,112.88
2025-03-10 15:00:00,113.94
2025-03-10 16:00:00,113.94
2025-03-10 17:00:00,148.28
2025-03-10 18:00:00,143.78
2025-03-10 19:00:00,121.61
2025-03-10 20:00:00,148.28
2025-03-10 21:00:00,148.28
2025-03-10 22:00:00,112.16
2025-03-10 23:00:00,148.28
2025-03-11 00:00:00,145.86
2025-03-11 01:00:00,87.23
2025-03-11 02:00:00,84.7
2025-03-11 03:00:00,83.44
2025-03-11 04:00:00,84.7
2025-03-11 05:00:00,87.23
2025-03-11 06:00:00,96.44
2025-03-11 07:00:00,144.74
2025-03-11 08:00:00,130.22
2025-03-11 09:00:00,137.56
2025-03-11 10:00:00,148.1
2025-03-11 11:00:00,148.1
2025-03-11 12:00:00,148.1
2025-03-11 13:00:00,148.1
2025-03-11 14:00:00,148.1
2025-03-11 15:00:00,130.22
2025-03-11 16:00:00,137.54
2025-03-11 17:00:00,148.1
2025-03-11 18:00:00,148.48
2025-03-11 19:00:00,148.55
2025-03-11 20:00:00,145.86
2025-03-11 21:00:00,145.86
2025-03-11 22:00:00,142.0
2025-03-11 23:00:00,95.94
2025-03-12 00:00:00,103.52
2025-03-12 01:00:00,89.8
2025-03-12 02:00:00,89.8
2025-03-12 03:00:00,89.58
2025-03-12 04:00:00,89.8
2025-03-12 05:00:00,89.8
2025-03-12 06:00:00,97.93
2025-03-12 07:00:00,143.85
2025-03-12 08:00:00,143.7
2025-03-12 09:00:00,143.7
2025-03-12 10:00:00,152.29
2025-03-12 11:00:00,143.5
2025-03-12 12:00:00,143.5
2025-03-12 13:00:00,143.5
2025-03-12 14:00:00,143.5
2025-03-12 15:00:00,143.5
2025-03-12 16:00:00,128.97
2025-03-12 17:00:00,125.9
2025-03-12 18:00:00,125.9
2025-03-12 19:00:00,153.43
2025-03-12 20:00:00,153.43
2025-03-12 21:00:00,143.7
2025-03-12 22:00:00,113.25
2025-03-12 23:00:00,112.47
2025-03-13 00:00:00,91.37
2025-03-13 01:00:00,85.12
2025-03-13 02:00:00,82.92
2025-03-13 03:00:00,82.59
2025-03-13 04:00:00,83.85
2025-03-13 05:00:00,89.99
2025-03-13 06:00:00,109.57
2025-03-13 07:00:00,111.44
2025-03-13 08:00:00,116.83
2025-03-13 09:00:00,116.81
2025-03-13 10:00:00,116.79
2025-03-13 11:00:00,115.06
2025-03-13 12:00:00,97.84
2025-03-13 13:00:00,97.84
2025-03-13 14:00:00,97.84
2025-03-13 15:00:00,111.44
2025-03-13 16:00:00,106.95
2025-03-13 17:00:00,111.74
2025-03-13 18:00:00,111.85
2025-03-13 19:00:00,163.07
2025-03-13 20:00:00,163.07
2025-03-13 21:00:00,111.74
2025-03-13 22:00:00,111.74
2025-03-13 23:00:00,111.74
2025-03-14 00:00:00,112.86
2025-03-14 01:00:00,97.27
2025-03-14 02:00:00,96.4
2025-03-14 03:00:00,84.43
2025-03-14 04:00:00,96.99
2025-03-14 05:00:00,108.36
2025-03-14 06:00:00,112.96
2025-03-14 07:00:00,113.6
2025-03-14 08:00:00,122.92
2025-03-14 09:00:00,139.97
2025-03-14 10:00:00,122.75
2025-03-14 11:00:00,0.0
2025-03-14 12:00:00,-69.76
2025-03-14 13:00:00,-69.76
2025-03-14 14:00:00,-48.0
2025-03-14 15:00:00,113.26
2025-03-14 16:00:00,112.05
2025-03-14 17:00:00,122.06
2025-03-14 18:00:00,121.67
2025-03-14 19:00:00,113.8
2025-03-14 20:00:00,111.44
2025-03-14 21:00:00,110.36
2025-03-14 22:00:00,111.44
2025-03-14 23:00:00,114.0
2025-03-15 00:00:00,131.75
2025-03-15 01:00:00,98.13
2025-03-15 02:00:00,97.37
2025-03-15 03:00:00,97.03
2025-03-15 04:00:00,97.03
2025-03-15 05:00:00,98.22
2025-03-15 06:00:00,98.22
2025-03-15 07:00:00,98.26
2025-03-15 08:00:00,97.03
2025-03-15 09:00:00,107.97
2025-03-15 10:00:00,97.87
2025-03-15 11:00:00,97.65
2025-03-15 12:00:00,6.83
2025-03-15 13:00:00,79.16
2025-03-15 14:00:00,67.12
2025-03-15 15:00:00,78.74
2025-03-15 16:00:00,86.47
2025-03-15 17:00:00,97.59
2025-03-15 18:00:00,98.54
2025-03-15 19:00:00,98.54
2025-03-15 20:00:00,98.54
2025-03-15 21:00:00,98.54
2025-03-15 22:00:00,98.54
2025-03-15 23:00:00,98.54
2025-03-16 00:00:00,97.15
2025-03-16 01:00:00,83.61
2025-03-16 02:00:00,82.45
2025-03-16 03:00:00,82.45
2025-03-16 04:00:00,82.45
2025-03-16 05:00:00,82.45
2025-03-16 06:00:00,85.12
2025-03-16 07:00:00,85.12
2025-03-16 08:00:00,82.45
2025-03-16 09:00:00,82.45
2025-03-16 10:00:00,95.61
2025-03-16 11:00:00,99.89
2025-03-16 12:00:00,99.76
2025-03-16 13:00:00,111.54
2025-03-16 14:00:00,99.05
2025-03-16 15:00:00,95.61
2025-03-16 16:00:00,86.55
2025-03-16 17:00:00,97.15
2025-03-16 18:00:00,98.41
2025-03-16 19:00:00,98.41
2025-03-16 20:00:00,98.41
2025-03-16 21:00:00,98.41
2025-03-16 22:00:00,98.41
2025-03-16 23:00:00,98.41
2025-03-17 00:00:00,95.74
2025-03-17 01:00:00,83.24
2025-03-17 02:00:00,83.24
2025-03-17 03:00:00,83.24
2025-03-17 04:00:00,83.24
2025-03-17 05:00:00,83.24
2025-03-17 06:00:00,87.44
2025-03-17 07:00:00,110.79
2025-03-17 08:00:00,136.49
2025-03-17 09:00:00,136.49
2025-03-17 10:00:00,129.51
2025-03-17 11:00:00,0.0
2025-03-17 12:00:00,0.0
2025-03-17 13:00:00,0.0
2025-03-17 14:00:00,0.0
2025-03-17 15:00:00,122.98
2025-03-17 16:00:00,122.9
2025-03-17 17:00:00,114.0
2025-03-17 18:00:00,114.35
2025-03-17 19:00:00,113.23
2025-03-17 20:00:00,111.08
2025-03-17 21:00:00,110.79
2025-03-17 22:00:00,110.79
2025-03-17 23:00:00,110.79
2025-03-18 00:00:00,141.54
2025-03-18 01:00:00,98.63
2025-03-18 02:00:00,89.33
2025-03-18 03:00:00,87.31
2025-03-18 04:00:00,88.66
2025-03-18 05:00:00,96.86
2025-03-18 06:00:00,110.34
2025-03-18 07:00:00,120.49
2025-03-18 08:00:00,143.45
2025-03-18 09:00:00,152.85
2025-03-18 10:00:00,132.64
2025-03-18 11:00:00,128.13
2025-03-18 12:00:00,0.0
2025-03-18 13:00:00,125.33
2025-03-18 14:00:00,125.33
2025-03-18 15:00:00,125.33
2025-03-18 16:00:00,137.15
2025-03-18 17:00:00,137.05
2025-03-18 18:00:00,137.42
2025-03-18 19:00:00,137.42
2025-03-18 20:00:00,137.42
2025-03-18 21:00:00,137.06
2025-03-18 22:00:00,137.06
2025-03-18 23:00:00,118.56
2025-03-19 00:00:00,112.26
2025-03-19 01:00:00,98.04
2025-03-19 02:00:00,96.43
2025-03-19 03:00:00,91.44
2025-03-19 04:00:00,96.57
2025-03-19 05:00:00,106.29
2025-03-19 06:00:00,113.12
2025-03-19 07:00:00,113.16
2025-03-19 08:00:00,141.24
2025-03-19 09:00:00,141.24
2025-03-19 10:00:00,157.94
2025-03-19 11:00:00,130.22
2025-03-19 12:00:00,128.9
2025-03-19 13:00:00,128.9
2025-03-19 14:00:00,128.71
2025-03-19 15:00:00,128.89
2025-03-19 16:00:00,130.22
2025-03-19 17:00:00,128.71
2025-03-19 18:00:00,131.28
2025-03-19 19:00:00,131.28
2025-03-19 20:00:00,144.94
2025-03-19 21:00:00,144.94
2025-03-19 22:00:00,144.94
2025-03-19 23:00:00,144.94
2025-03-20 00:00:00,112.45
2025-03-20 01:00:00,100.47
2025-03-20 02:00:00,97.02
2025-03-20 03:00:00,96.99
2025-03-20 04:00:00,97.02
2025-03-20 05:00:00,111.15
2025-03-20 06:00:00,150.37
2025-03-20 07:00:00,150.37
2025-03-20 08:00:00,136.22
2025-03-20 09:00:00,136.12
2025-03-20 10:00:00,145.93
2025-03-20 11:00:00,0.0
2025-03-20 12:00:00,0.0
2025-03-20 13:00:00,0.0
2025-03-20 14:00:00,132.11
2025-03-20 15:00:00,130.22
2025-03-20 16:00:00,143.86
2025-03-20 17:00:00,129.64
2025-03-20 18:00:00,144.01
2025-03-20 19:00:00,144.85
2025-03-20 20:00:00,144.85
2025-03-20 21:00:00,144.85
2025-03-20 22:00:00,126.73
2025-03-20 23:00:00,144.05
2025-03-21 00:00:00,114.15
2025-03-21 01:00:00,97.31
2025-03-21 02:00:00,96.22
2025-03-21 03:00:00,89.43
2025-03-21 04:00:00,96.9
2025-03-21 05:00:00,103.48
2025-03-21 06:00:00,124.12
2025-03-21 07:00:00,128.38
2025-03-21 08:00:00,131.96
2025-03-21 09:00:00,131.94
2025-03-21 10:00:00,-69.76
2025-03-21 11:00:00,-69.76
2025-03-21 12:00:00,-69.76
2025-03-21 13:00:00,-69.76
2025-03-21 14:00:00,-69.76
2025-03-21 15:00:00,0.0
2025-03-21 16:00:00,125.8
2025-03-21 17:00:00,125.8
2025-03-21 18:00:00,135.31
2025-03-21 19:00:00,145.76
2025-03-21 20:00:00,145.0
2025-03-21 21:00:00,145.0
2025-03-21 22:00:00,145.0
2025-03-21 23:00:00,145.0
2025-03-22 00:00:00,132.94
2025-03-22 01:00:00,123.89
2025-03-22 02:00:00,123.89
2025-03-22 03:00:00,112.5
2025-03-22 04:00:00,123.89
2025-03-22 05:00:00,136.47
2025-03-22 06:00:00,136.54
2025-03-22 07:00:00,124.35
2025-03-22 08:00:00,113.58
2025-03-22 09:00:00,113.83
2025-03-22 10:00:00,-69.76
2025-03-22 11:00:00,-69.76
2025-03-22 12:00:00,-69.76
2025-03-22 13:00:00,-69.76
2025-03-22 14:00:00,-69.76
2025-03-22 15:00:00,0.0
2025-03-22 16:00:00,97.09
2025-03-22 17:00:00,115.94
2025-03-22 18:00:00,134.42
2025-03-22 19:00:00,134.43
2025-03-22 20:00:00,134.43
2025-03-22 21:00:00,134.44
2025-03-22 22:00:00,134.44
2025-03-22 23:00:00,134.45
2025-03-23 00:00:00,124.29
2025-03-23 01:00:00,115.03
2025-03-23 02:00:00,113.6
2025-03-23 03:00:00,111.97
2025-03-23 04:00:00,113.6
2025-03-23 05:00:00,137.26
2025-03-23 06:00:00,145.87
2025-03-23 07:00:00,143.72
2025-03-23 08:00:00,99.94
2025-03-23 09:00:00,99.82
2025-03-23 10:00:00,0.0
2025-03-23 11:00:00,-69.76
2025-03-23 12:00:00,-69.76
2025-03-23 13:00:00,-69.76
2025-03-23 14:00:00,-69.76
2025-03-23 15:00:00,103.29
2025-03-23 16:00:00,101.14
2025-03-23 17:00:00,114.2
2025-03-23 18:00:00,123.9
2025-03-23 19:00:00,135.32
2025-03-23 20:00:00,135.32
2025-03-23 21:00:00,135.32
2025-03-23 22:00:00,135.33
2025-03-23 23:00:00,135.3
2025-03-24 00:00:00,113.8
2025-03-24 01:00:00,96.53
2025-03-24 02:00:00,84.4
2025-03-24 03:00:00,84.4
2025-03-24 04:00:00,96.71
2025-03-24 05:00:00,96.86
2025-03-24 06:00:00,100.41
2025-03-24 07:00:00,123.44
2025-03-24 08:00:00,113.8
2025-03-24 09:00:00,130.14
2025-03-24 10:00:00,124.12
2025-03-24 11:00:00,0.0
2025-03-24 12:00:00,0.0
2025-03-24 13:00:00,-48.0
2025-03-24 14:00:00,0.0
2025-03-24 15:00:00,107.35
2025-03-24 16:00:00,113.8
2025-03-24 17:00:00,120.33
2025-03-24 18:00:00,152.69
2025-03-24 19:00:00,133.42
2025-03-24 20:00:00,121.88
2025-03-24 21:00:00,110.5
2025-03-24 22:00:00,113.8
2025-03-24 23:00:00,109.15
2025-03-25 00:00:00,107.37
2025-03-25 01:00:00,96.67
2025-03-25 02:00:00,96.49
2025-03-25 03:00:00,85.4
2025-03-25 04:00:00,96.39
2025-03-25 05:00:00,97.29
2025-03-25 06:00:00,103.48
2025-03-25 07:00:00,103.48
2025-03-25 08:00:00,124.12
2025-03-25 09:00:00,130.21
2025-03-25 10:00:00,132.46
2025-03-25 11:00:00,-69.76
2025-03-25 12:00:00,-69.76
2025-03-25 13:00:00,-69.76
2025-03-25 14:00:00,0.0
2025-03-25 15:00:00,130.21
2025-03-25 16:00:00,130.2
2025-03-25 17:00:00,124.12
2025-03-25 18:00:00,124.12
2025-03-25 19:00:00,113.8
2025-03-25 20:00:00,113.38
2025-03-25 21:00:00,111.73
2025-03-25 22:00:00,108.51
2025-03-25 23:00:00,108.36
2025-03-26 00:00:00,107.71
2025-03-26 01:00:00,88.89
2025-03-26 02:00:00,88.89
2025-03-26 03:00:00,88.89
2025-03-26 04:00:00,97.33
2025-03-26 05:00:00,113.8
2025-03-26 06:00:00,114.91
2025-03-26 07:00:00,118.16
2025-03-26 08:00:00,139.09
2025-03-26 09:00:00,114.84
2025-03-26 10:00:00,126.41
2025-03-26 11:00:00,-48.0
2025-03-26 12:00:00,-69.76
2025-03-26 13:00:00,-48.0
2025-03-26 14:00:00,0.0
2025-03-26 15:00:00,126.38
2025-03-26 16:00:00,126.38
2025-03-26 17:00:00,126.38
2025-03-26 18:00:00,140.8
2025-03-26 19:00:00,140.8
2025-03-26 20:00:00,126.41
2025-03-26 21:00:00,126.41
2025-03-26 22:00:00,126.41
2025-03-26 23:00:00,126.41
2025-03-27 00:00:00,112.54
2025-03-27 01:00:00,96.79
2025-03-27 02:00:00,96.58
2025-03-27 03:00:00,96.58
2025-03-27 04:00:00,96.58
2025-03-27 05:00:00,96.76
2025-03-27 06:00:00,97.49
2025-03-27 07:00:00,113.8
2025-03-27 08:00:00,117.53
2025-03-27 09:00:00,160.78
2025-03-27 10:00:00,160.78
2025-03-27 11:00:00,134.55
2025-03-27 12:00:00,124.9
2025-03-27 13:00:00,134.48
2025-03-27 14:00:00,134.33
2025-03-27 15:00:00,134.88
2025-03-27 16:00:00,134.72
2025-03-27 17:00:00,130.4
2025-03-27 18:00:00,128.87
2025-03-27 19:00:00,132.89
2025-03-27 20:00:00,113.8
2025-03-27 21:00:00,113.38
2025-03-27 22:00:00,113.8
2025-03-27 23:00:00,104.43
2025-03-28 00:00:00,122.71
2025-03-28 01:00:00,103.48
2025-03-28 02:00:00,96.65
2025-03-28 03:00:00,99.04
2025-03-28 04:00:00,103.48
2025-03-28 05:00:00,124.12
2025-03-28 06:00:00,124.37
2025-03-28 07:00:00,132.89
2025-03-28 08:00:00,130.68
2025-03-28 09:00:00,139.92
2025-03-28 10:00:00,0.0
2025-03-28 11:00:00,0.0
2025-03-28 12:00:00,0.0
2025-03-28 13:00:00,0.0
2025-03-28 14:00:00,0.0
2025-03-28 15:00:00,0.0
2025-03-28 16:00:00,0.0
2025-03-28 17:00:00,127.43
2025-03-28 18:00:00,134.93
2025-03-28 19:00:00,135.75
2025-03-28 20:00:00,132.67
2025-03-28 21:00:00,130.47
2025-03-28 22:00:00,132.07
2025-03-28 23:00:00,132.67
2025-03-29 00:00:00,134.22
2025-03-29 01:00:00,132.24
2025-03-29 02:00:00,129.77
2025-03-29 03:00:00,123.15
2025-03-29 04:00:00,129.87
2025-03-29 05:00:00,134.48
2025-03-29 06:00:00,134.42
2025-03-29 07:00:00,126.37
2025-03-29 08:00:00,123.05
2025-03-29 09:00:00,103.28
2025-03-29 10:00:00,133.4
2025-03-29 11:00:00,133.4
2025-03-29 12:00:00,128.99
2025-03-29 13:00:00,130.32
2025-03-29 14:00:00,111.26
2025-03-29 15:00:00,99.91
2025-03-29 16:00:00,99.91
2025-03-29 17:00:00,111.64
2025-03-29 18:00:00,124.34
2025-03-29 19:00:00,133.55
2025-03-29 20:00:00,133.1
2025-03-29 21:00:00,133.1
2025-03-29 22:00:00,133.1
2025-03-29 23:00:00,133.1
2025-03-30 00:00:00,132.58
2025-03-30 01:00:00,116.49
2025-03-30 02:00:00,100.08
2025-03-30 03:00:00,100.08
2025-03-30 04:00:00,123.9
2025-03-30 05:00:00,133.33
2025-03-30 06:00:00,134.73
2025-03-30 07:00:00,132.56
2025-03-30 08:00:00,97.06
2025-03-30 09:00:00,100.08
2025-03-30 10:00:00,100.21
2025-03-30 11:00:00,0.0
2025-03-30 12:00:00,-48.0
2025-03-30 13:00:00,-48.0
2025-03-30 14:00:00,97.35
2025-03-30 15:00:00,98.17
2025-03-30 16:00:00,96.54
2025-03-30 17:00:00,122.8
2025-03-30 18:00:00,144.37
2025-03-30 19:00:00,144.37
2025-03-30 20:00:00,144.37
2025-03-30 21:00:00,144.37
2025-03-30 22:00:00,144.41
2025-03-30 23:00:00,144.41
2025-03-31 00:00:00,113.89
2025-03-31 01:00:00,96.51
2025-03-31 02:00:00,87.25
2025-03-31 03:00:00,85.98
2025-03-31 04:00:00,87.25
2025-03-31 05:00:00,89.13
2025-03-31 06:00:00,113.8
2025-03-31 07:00:00,128.59
2025-03-31 08:00:00,138.69
2025-03-31 09:00:00,132.46
2025-03-31 10:00:00,132.46
2025-03-31 11:00:00,132.46
2025-03-31 12:00:00,-48.0
2025-03-31 13:00:00,0.0
2025-03-31 14:00:00,132.46
2025-03-31 15:00:00,128.84
2025-03-31 16:00:00,128.84
2025-03-31 17:00:00,128.53
2025-03-31 18:00:00,147.36
2025-03-31 19:00:00,126.89
2025-03-31 20:00:00,147.36
2025-03-31 21:00:00,147.36
2025-03-31 22:00:00,147.36
2025-03-31 23:00:00,141.24
2025-04-01 00:00:00,99.41
2025-04-01 01:00:00,98.52
2025-04-01 02:00:00,97.55
2025-04-01 03:00:00,97.74
2025-04-01 04:00:00,98.79
2025-04-01 05:00:00,122.85
2025-04-01 06:00:00,128.35
2025-04-01 07:00:00,136.04
2025-04-01 08:00:00,143.52
2025-04-01 09:00:00,143.77
2025-04-01 10:00:00,145.19
2025-04-01 11:00:00,0.0
2025-04-01 12:00:00,0.0
2025-04-01 13:00:00,0.0
2025-04-01 14:00:00,137.21
2025-04-01 15:00:00,156.03
2025-04-01 16:00:00,137.21
2025-04-01 17:00:00,156.92
2025-04-01 18:00:00,149.48
2025-04-01 19:00:00,155.35
2025-04-01 20:00:00,155.42
2025-04-01 21:00:00,155.42
2025-04-01 22:00:00,155.42
2025-04-01 23:00:00,153.0
2025-04-02 00:00:00,104.85
2025-04-02 01:00:00,95.52
2025-04-02 02:00:00,94.67
2025-04-02 03:00:00,95.09
2025-04-02 04:00:00,95.07
2025-04-02 05:00:00,98.57
2025-04-02 06:00:00,117.13
2025-04-02 07:00:00,158.5
2025-04-02 08:00:00,154.76
2025-04-02 09:00:00,135.07
2025-04-02 10:00:00,136.76
2025-04-02 11:00:00,139.35
2025-04-02 12:00:00,0.0
2025-04-02 13:00:00,136.8
2025-04-02 14:00:00,136.81
2025-04-02 15:00:00,139.37
2025-04-02 16:00:00,136.83
2025-04-02 17:00:00,133.06
2025-04-02 18:00:00,133.17
2025-04-02 19:00:00,158.3
2025-04-02 20:00:00,118.48
2025-04-02 21:00:00,116.94
2025-04-02 22:00:00,116.46
2025-04-02 23:00:00,116.46
2025-04-03 00:00:00,147.76
2025-04-03 01:00:00,123.02
2025-04-03 02:00:00,98.47
2025-04-03 03:00:00,98.33
2025-04-03 04:00:00,98.96
2025-04-03 05:00:00,123.66
2025-04-03 06:00:00,147.61
2025-04-03 07:00:00,147.61
2025-04-03 08:00:00,147.41
2025-04-03 09:00:00,153.64
2025-04-03 10:00:00,155.2
2025-04-03 11:00:00,147.21
2025-04-03 12:00:00,147.17
2025-04-03 13:00:00,147.17
2025-04-03 14:00:00,147.17
2025-04-03 15:00:00,154.88
2025-04-03 16:00:00,147.21
2025-04-03 17:00:00,139.87
2025-04-03 18:00:00,147.41
2025-04-03 19:00:00,150.13
2025-04-03 20:00:00,155.71
2025-04-03 21:00:00,148.77
2025-04-03 22:00:00,148.77
2025-04-03 23:00:00,150.13
2025-04-04 00:00:00,154.2
2025-04-04 01:00:00,105.88
2025-04-04 02:00:00,98.33
2025-04-04 03:00:00,98.33
2025-04-04 04:00:00,108.54
2025-04-04 05:00:00,149.29
2025-04-04 06:00:00,149.29
2025-04-04 07:00:00,149.29
2025-04-04 08:00:00,146.78
2025-04-04 09:00:00,146.78
2025-04-04 10:00:00,146.78
2025-04-04 11:00:00,146.3
2025-04-04 12:00:00,146.3
2025-04-04 13:00:00,146.3
2025-04-04 14:00:00,146.1
2025-04-04 15:00:00,146.42
2025-04-04 16:00:00,146.42
2025-04-04 17:00:00,146.42
2025-04-04 18:00:00,137.9
2025-04-04 19:00:00,151.53
2025-04-04 20:00:00,153.8
2025-04-04 21:00:00,153.8
2025-04-04 22:00:00,151.59
2025-04-04 23:00:00,151.59
2025-04-05 00:00:00,152.89
2025-04-05 01:00:00,98.65
2025-04-05 02:00:00,97.55
2025-04-05 03:00:00,89.49
2025-04-05 04:00:00,93.23
2025-04-05 05:00:00,98.65
2025-04-05 06:00:00,98.65
2025-04-05 07:00:00,98.65
2025-04-05 08:00:00,99.2
2025-04-05 09:00:00,115.27
2025-04-05 10:00:00,151.8
2025-04-05 11:00:00,141.08
2025-04-05 12:00:00,139.83
2025-04-05 13:00:00,139.91
2025-04-05 14:00:00,116.15
2025-04-05 15:00:00,116.71
2025-04-05 16:00:00,100.52
2025-04-05 17:00:00,99.11
2025-04-05 18:00:00,99.15
2025-04-05 19:00:00,100.0
2025-04-05 20:00:00,100.0
2025-04-05 21:00:00,99.28
2025-04-05 22:00:00,99.18
2025-04-05 23:00:00,99.28
2025-04-06 00:00:00,101.18
2025-04-06 01:00:00,99.36
2025-04-06 02:00:00,85.99
2025-04-06 03:00:00,88.94
2025-04-06 04:00:00,113.27
2025-04-06 05:00:00,155.33
2025-04-06 06:00:00,155.33
2025-04-06 07:00:00,155.33
2025-04-06 08:00:00,101.07
2025-04-06 09:00:00,101.51
2025-04-06 10:00:00,116.12
2025-04-06 11:00:00,101.12
2025-04-06 12:00:00,0.0
2025-04-06 13:00:00,6.87
2025-04-06 14:00:00,116.87
2025-04-06 15:00:00,96.04
2025-04-06 16:00:00,99.36
2025-04-06 17:00:00,114.63
2025-04-06 18:00:00,120.82
2025-04-06 19:00:00,153.11
2025-04-06 20:00:00,153.19
2025-04-06 21:00:00,153.78
2025-04-06 22:00:00,153.89
2025-04-06 23:00:00,152.95
2025-04-07 00:00:00,111.09
2025-04-07 01:00:00,97.78
2025-04-07 02:00:00,86.53
2025-04-07 03:00:00,86.53
2025-04-07 04:00:00,87.34
2025-04-07 05:00:00,93.64
2025-04-07 06:00:00,116.46
2025-04-07 07:00:00,125.73
2025-04-07 08:00:00,155.33
2025-04-07 09:00:00,155.33
2025-04-07 10:00:00,155.33
2025-04-07 11:00:00,137.66
2025-04-07 12:00:00,135.63
2025-04-07 13:00:00,139.33
2025-04-07 14:00:00,135.64
2025-04-07 15:00:00,139.33
2025-04-07 16:00:00,151.21
2025-04-07 17:00:00,151.21
2025-04-07 18:00:00,151.75
2025-04-07 19:00:00,156.47
2025-04-07 20:00:00,151.75
2025-04-07 21:00:00,151.75
2025-04-07 22:00:00,151.75
2025-04-07 23:00:00,151.75
2025-04-08 00:00:00,154.2
2025-04-08 01:00:00,115.14
2025-04-08 02:00:00,98.22
2025-04-08 03:00:00,98.19
2025-04-08 04:00:00,109.24
2025-04-08 05:00:00,146.86
2025-04-08 06:00:00,146.86
2025-04-08 07:00:00,141.47
2025-04-08 08:00:00,142.91
2025-04-08 09:00:00,142.05
2025-04-08 10:00:00,141.49
2025-04-08 11:00:00,136.56
2025-04-08 12:00:00,136.48
2025-04-08 13:00:00,136.54
2025-04-08 14:00:00,136.5
2025-04-08 15:00:00,136.56
2025-04-08 16:00:00,136.48
2025-04-08 17:00:00,136.56
2025-04-08 18:00:00,140.38
2025-04-08 19:00:00,155.49
2025-04-08 20:00:00,155.49
2025-04-08 21:00:00,150.81
2025-04-08 22:00:00,150.88
2025-04-08 23:00:00,150.88
2025-04-09 00:00:00,154.2
2025-04-09 01:00:00,115.55
2025-04-09 02:00:00,98.92
2025-04-09 03:00:00,98.64
2025-04-09 04:00:00,109.17
2025-04-09 05:00:00,135.68
2025-04-09 06:00:00,139.56
2025-04-09 07:00:00,139.55
2025-04-09 08:00:00,139.84
2025-04-09 09:00:00,139.83
2025-04-09 10:00:00,153.94
2025-04-09 11:00:00,139.82
2025-04-09 12:00:00,139.82
2025-04-09 13:00:00,139.82
2025-04-09 14:00:00,139.82
2025-04-09 15:00:00,139.81
2025-04-09 16:00:00,139.55
2025-04-09 17:00:00,139.71
2025-04-09 18:00:00,139.83
2025-04-09 19:00:00,139.83
2025-04-09 20:00:00,139.84
2025-04-09 21:00:00,139.55
2025-04-09 22:00:00,139.55
2025-04-09 23:00:00,139.55
2025-04-10 00:00:00,114.2
2025-04-10 01:00:00,98.67
2025-04-10 02:00:00,96.68
2025-04-10 03:00:00,96.68
2025-04-10 04:00:00,98.51
2025-04-10 05:00:00,110.65
2025-04-10 06:00:00,135.3
2025-04-10 07:00:00,139.0
2025-04-10 08:00:00,150.81
2025-04-10 09:00:00,154.15
2025-04-10 10:00:00,154.6
2025-04-10 11:00:00,142.98
2025-04-10 12:00:00,142.98
2025-04-10 13:00:00,148.79
2025-04-10 14:00:00,139.45
2025-04-10 15:00:00,139.15
2025-04-10 16:00:00,137.02
2025-04-10 17:00:00,137.06
2025-04-10 18:00:00,137.07
2025-04-10 19:00:00,137.07
2025-04-10 20:00:00,136.98
2025-04-10 21:00:00,156.35
2025-04-10 22:00:00,154.41
2025-04-10 23:00:00,118.81
2025-04-11 00:00:00,115.35
2025-04-11 01:00:00,99.11
2025-04-11 02:00:00,98.29
2025-04-11 03:00:00,98.32
2025-04-11 04:00:00,99.12
2025-04-11 05:00:00,115.67
2025-04-11 06:00:00,138.96
2025-04-11 07:00:00,139.09
2025-04-11 08:00:00,139.89
2025-04-11 09:00:00,140.03
2025-04-11 10:00:00,144.65
2025-04-11 11:00:00,139.5
2025-04-11 12:00:00,133.39
2025-04-11 13:00:00,133.38
2025-04-11 14:00:00,133.38
2025-04-11 15:00:00,139.33
2025-04-11 16:00:00,133.39
2025-04-11 17:00:00,140.38
2025-04-11 18:00:00,141.28
2025-04-11 19:00:00,141.5
2025-04-11 20:00:00,140.93
2025-04-11 21:00:00,133.41
2025-04-11 22:00:00,133.41
2025-04-11 23:00:00,127.64
2025-04-12 00:00:00,129.4
2025-04-12 01:00:00,98.55
2025-04-12 02:00:00,93.69
2025-04-12 03:00:00,92.25
2025-04-12 04:00:00,92.58
2025-04-12 05:00:00,98.55
2025-04-12 06:00:00,98.9
2025-04-12 07:00:00,99.23
2025-04-12 08:00:00,99.26
2025-04-12 09:00:00,111.23
2025-04-12 10:00:00,139.87
2025-04-12 11:00:00,139.86
2025-04-12 12:00:00,139.86
2025-04-12 13:00:00,139.87
2025-04-12 14:00:00,139.86
2025-04-12 15:00:00,156.66
2025-04-12 16:00:00,134.49
2025-04-12 17:00:00,129.4
2025-04-12 18:00:00,129.4
2025-04-12 19:00:00,129.4
2025-04-12 20:00:00,129.4
2025-04-12 21:00:00,129.4
2025-04-12 22:00:00,129.4
2025-04-12 23:00:00,129.4
2025-04-13 00:00:00,114.77
2025-04-13 01:00:00,98.16
2025-04-13 02:00:00,84.98
2025-04-13 03:00:00,86.61
2025-04-13 04:00:00,99.42
2025-04-13 05:00:00,117.07
2025-04-13 06:00:00,117.07
2025-04-13 07:00:00,115.61
2025-04-13 08:00:00,98.4
2025-04-13 09:00:00,98.65
2025-04-13 10:00:00,-1.0
2025-04-13 11:00:00,-72.16
2025-04-13 12:00:00,-72.16
2025-04-13 13:00:00,-72.16
2025-04-13 14:00:00,-72.16
2025-04-13 15:00:00,99.4
2025-04-13 16:00:00,99.21
2025-04-13 17:00:00,99.4
2025-04-13 18:00:00,118.63
2025-04-13 19:00:00,118.63
2025-04-13 20:00:00,118.63
2025-04-13 21:00:00,118.63
2025-04-13 22:00:00,118.63
2025-04-13 23:00:00,116.17
2025-04-14 00:00:00,93.31
2025-04-14 01:00:00,83.85
2025-04-14 02:00:00,83.85
2025-04-14 03:00:00,83.85
2025-04-14 04:00:00,83.85
2025-04-14 05:00:00,103.49
2025-04-14 06:00:00,98.12
2025-04-14 07:00:00,117.01
2025-04-14 08:00:00,159.72
2025-04-14 09:00:00,154.18
2025-04-14 10:00:00,159.72
2025-04-14 11:00:00,0.0
2025-04-14 12:00:00,0.0
2025-04-14 13:00:00,0.0
2025-04-14 14:00:00,161.86
2025-04-14 15:00:00,154.34
2025-04-14 16:00:00,148.21
2025-04-14 17:00:00,148.21
2025-04-14 18:00:00,148.26
2025-04-14 19:00:00,160.6
2025-04-14 20:00:00,137.99
2025-04-14 21:00:00,137.94
2025-04-14 22:00:00,137.91
2025-04-14 23:00:00,137.91
2025-04-15 00:00:00,117.35
2025-04-15 01:00:00,116.19
2025-04-15 02:00:00,108.84
2025-04-15 03:00:00,108.68
2025-04-15 04:00:00,109.21
2025-04-15 05:00:00,134.66
2025-04-15 06:00:00,135.09
2025-04-15 07:00:00,135.17
2025-04-15 08:00:00,139.34
2025-04-15 09:00:00,137.29
2025-04-15 10:00:00,139.35
2025-04-15 11:00:00,0.0
2025-04-15 12:00:00,0.0
2025-04-15 13:00:00,137.13
2025-04-15 14:00:00,137.24
2025-04-15 15:00:00,137.28
2025-04-15 16:00:00,137.28
2025-04-15 17:00:00,137.13
2025-04-15 18:00:00,137.29
2025-04-15 19:00:00,155.4
2025-04-15 20:00:00,155.4
2025-04-15 21:00:00,153.15
2025-04-15 22:00:00,153.14
2025-04-15 23:00:00,152.58
2025-04-16 00:00:00,151.45
2025-04-16 01:00:00,127.36
2025-04-16 02:00:00,127.36
2025-04-16 03:00:00,127.36
2025-04-16 04:00:00,127.36
2025-04-16 05:00:00,147.7
2025-04-16 06:00:00,147.7
2025-04-16 07:00:00,147.65
2025-04-16 08:00:00,146.92
2025-04-16 09:00:00,159.97
2025-04-16 10:00:00,162.07
2025-04-16 11:00:00,144.57
2025-04-16 12:00:00,0.0
2025-04-16 13:00:00,144.53
2025-04-16 14:00:00,144.5
2025-04-16 15:00:00,161.65
2025-04-16 16:00:00,138.42
2025-04-16 17:00:00,138.36
2025-04-16 18:00:00,138.29
2025-04-16 19:00:00,138.29
2025-04-16 20:00:00,138.22
2025-04-16 21:00:00,138.07
2025-04-16 22:00:00,138.07
2025-04-16 23:00:00,137.79
2025-04-17 00:00:00,115.1
2025-04-17 01:00:00,99.25
2025-04-17 02:00:00,98.73
2025-04-17 03:00:00,98.35
2025-04-17 04:00:00,98.93
2025-04-17 05:00:00,113.06
2025-04-17 06:00:00,116.2
2025-04-17 07:00:00,135.06
2025-04-17 08:00:00,142.18
2025-04-17 09:00:00,142.33
2025-04-17 10:00:00,142.33
2025-04-17 11:00:00,142.32
2025-04-17 12:00:00,142.01
2025-04-17 13:00:00,139.35
2025-04-17 14:00:00,139.33
2025-04-17 15:00:00,154.08
2025-04-17 16:00:00,137.87
2025-04-17 17:00:00,137.67
2025-04-17 18:00:00,137.03
2025-04-17 19:00:00,136.95
2025-04-17 20:00:00,137.45
2025-04-17 21:00:00,136.12
2025-04-17 22:00:00,137.18
2025-04-17 23:00:00,132.58
2025-04-18 00:00:00,112.96
2025-04-18 01:00:00,98.75
2025-04-18 02:00:00,111.76
2025-04-18 03:00:00,111.76
2025-04-18 04:00:00,115.76
2025-04-18 05:00:00,116.2
2025-04-18 06:00:00,116.2
2025-04-18 07:00:00,139.34
2025-04-18 08:00:00,142.17
2025-04-18 09:00:00,142.17
2025-04-18 10:00:00,183.32
2025-04-18 11:00:00,154.69
2025-04-18 12:00:00,137.27
2025-04-18 13:00:00,137.27
2025-04-18 14:00:00,137.27
2025-04-18 15:00:00,137.27
2025-04-18 16:00:00,137.27
2025-04-18 17:00:00,137.6
2025-04-18 18:00:00,135.76
2025-04-18 19:00:00,137.2
2025-04-18 20:00:00,135.21
2025-04-18 21:00:00,132.72
2025-04-18 22:00:00,118.17
2025-04-18 23:00:00,118.37
2025-04-19 00:00:00,98.95
2025-04-19 01:00:00,98.95
2025-04-19 02:00:00,98.36
2025-04-19 03:00:00,98.27
2025-04-19 04:00:00,98.36
2025-04-19 05:00:00,98.36
2025-04-19 06:00:00,113.41
2025-04-19 07:00:00,112.74
2025-04-19 08:00:00,112.8
2025-04-19 09:00:00,97.93
2025-04-19 10:00:00,98.36
2025-04-19 11:00:00,98.07
2025-04-19 12:00:00,98.02
2025-04-19 13:00:00,100.43
2025-04-19 14:00:00,113.79
2025-04-19 15:00:00,100.49
2025-04-19 16:00:00,99.44
2025-04-19 17:00:00,99.92
2025-04-19 18:00:00,100.58
2025-04-19 19:00:00,100.64
2025-04-19 20:00:00,100.64
2025-04-19 21:00:00,100.7
2025-04-19 22:00:00,100.7
2025-04-19 23:00:00,100.7
2025-04-20 00:00:00,99.84
2025-04-20 01:00:00,99.47
2025-04-20 02:00:00,84.9
2025-04-20 03:00:00,92.38
2025-04-20 04:00:00,99.49
2025-04-20 05:00:00,100.2
2025-04-20 06:00:00,100.2
2025-04-20 07:00:00,99.61
2025-04-20 08:00:00,81.09
2025-04-20 09:00:00,99.82
2025-04-20 10:00:00,113.38
2025-04-20 11:00:00,99.82
2025-04-20 12:00:00,0.0
2025-04-20 13:00:00,99.64
2025-04-20 14:00:00,99.7
2025-04-20 15:00:00,99.95
2025-04-20 16:00:00,99.91
2025-04-20 17:00:00,99.6
2025-04-20 18:00:00,100.15
2025-04-20 19:00:00,111.91
2025-04-20 20:00:00,111.91
2025-04-20 21:00:00,111.91
2025-04-20 22:00:00,111.91
2025-04-20 23:00:00,111.87
2025-04-21 00:00:00,102.86
2025-04-21 01:00:00,92.94
2025-04-21 02:00:00,92.94
2025-04-21 03:00:00,92.94
2025-04-21 04:00:00,93.24
2025-04-21 05:00:00,115.22
2025-04-21 06:00:00,116.68
2025-04-21 07:00:00,117.69
2025-04-21 08:00:00,137.69
2025-04-21 09:00:00,137.3
2025-04-21 10:00:00,157.6
2025-04-21 11:00:00,138.15
2025-04-21 12:00:00,0.0
2025-04-21 13:00:00,114.84
2025-04-21 14:00:00,137.09
2025-04-21 15:00:00,139.33
2025-04-21 16:00:00,137.09
2025-04-21 17:00:00,137.09
2025-04-21 18:00:00,137.39
2025-04-21 19:00:00,137.39
2025-04-21 20:00:00,136.83
2025-04-21 21:00:00,134.4
2025-04-21 22:00:00,117.83
2025-04-21 23:00:00,117.83
2025-04-22 00:00:00,113.74
2025-04-22 01:00:00,84.96
2025-04-22 02:00:00,84.96
2025-04-22 03:00:00,84.96
2025-04-22 04:00:00,84.96
2025-04-22 05:00:00,94.7
2025-04-22 06:00:00,98.42
2025-04-22 07:00:00,116.93
2025-04-22 08:00:00,137.92
2025-04-22 09:00:00,145.44
2025-04-22 10:00:00,148.05
2025-04-22 11:00:00,148.05
2025-04-22 12:00:00,138.96
2025-04-22 13:00:00,148.65
2025-04-22 14:00:00,166.11
2025-04-22 15:00:00,166.11
2025-04-22 16:00:00,141.09
2025-04-22 17:00:00,141.09
2025-04-22 18:00:00,141.1
2025-04-22 19:00:00,137.54
2025-04-22 20:00:00,137.91
2025-04-22 21:00:00,137.93
2025-04-22 22:00:00,137.42
2025-04-22 23:00:00,120.67
2025-04-23 00:00:00,99.26
2025-04-23 01:00:00,97.96
2025-04-23 02:00:00,92.24
2025-04-23 03:00:00,97.69
2025-04-23 04:00:00,99.27
2025-04-23 05:00:00,129.37
2025-04-23 06:00:00,133.38
2025-04-23 07:00:00,133.59
2025-04-23 08:00:00,137.89
2025-04-23 09:00:00,141.7
2025-04-23 10:00:00,141.7
2025-04-23 11:00:00,152.08
2025-04-23 12:00:00,152.08
2025-04-23 13:00:00,152.08
2025-04-23 14:00:00,152.08
2025-04-23 15:00:00,152.08
2025-04-23 16:00:00,152.08
2025-04-23 17:00:00,161.96
2025-04-23 18:00:00,152.35
2025-04-23 19:00:00,152.42
2025-04-23 20:00:00,152.42
2025-04-23 21:00:00,152.42
2025-04-23 22:00:00,152.55
2025-04-23 23:00:00,151.73
2025-04-24 00:00:00,114.15
2025-04-24 01:00:00,98.53
2025-04-24 02:00:00,97.52
2025-04-24 03:00:00,97.52
2025-04-24 04:00:00,98.92
2025-04-24 05:00:00,115.55
2025-04-24 06:00:00,132.89
2025-04-24 07:00:00,132.88
2025-04-24 08:00:00,137.63
2025-04-24 09:00:00,137.3
2025-04-24 10:00:00,139.28
2025-04-24 11:00:00,122.48
2025-04-24 12:00:00,137.3
2025-04-24 13:00:00,139.28
2025-04-24 14:00:00,138.0
2025-04-24 15:00:00,139.28
2025-04-24 16:00:00,137.3
2025-04-24 17:00:00,145.98
2025-04-24 18:00:00,146.86
2025-04-24 19:00:00,146.96
2025-04-24 20:00:00,135.0
2025-04-24 21:00:00,132.89
2025-04-24 22:00:00,118.64
2025-04-24 23:00:00,118.17
2025-04-25 00:00:00,99.19
2025-04-25 01:00:00,97.85
2025-04-25 02:00:00,97.94
2025-04-25 03:00:00,95.19
2025-04-25 04:00:00,99.18
2025-04-25 05:00:00,115.71
2025-04-25 06:00:00,116.88
2025-04-25 07:00:00,115.72
2025-04-25 08:00:00,137.87
2025-04-25 09:00:00,137.86
2025-04-25 10:00:00,139.26
2025-04-25 11:00:00,-72.16
2025-04-25 12:00:00,-72.16
2025-04-25 13:00:00,-72.16
2025-04-25 14:00:00,137.86
2025-04-25 15:00:00,137.86
2025-04-25 16:00:00,137.86
2025-04-25 17:00:00,138.07
2025-04-25 18:00:00,134.98
2025-04-25 19:00:00,135.0
2025-04-25 20:00:00,134.41
2025-04-25 21:00:00,133.04
2025-04-25 22:00:00,133.04
2025-04-25 23:00:00,118.78
2025-04-26 00:00:00,111.73
2025-04-26 01:00:00,98.42
2025-04-26 02:00:00,93.43
2025-04-26 03:00:00,93.43
2025-04-26 04:00:00,110.81
2025-04-26 05:00:00,114.9
2025-04-26 06:00:00,115.84
2025-04-26 07:00:00,111.16
2025-04-26 08:00:00,111.3
2025-04-26 09:00:00,111.58
2025-04-26 10:00:00,-1.0
2025-04-26 11:00:00,-72.16
2025-04-26 12:00:00,-72.16
2025-04-26 13:00:00,-72.16
2025-04-26 14:00:00,115.84
2025-04-26 15:00:00,117.13
2025-04-26 16:00:00,112.11
2025-04-26 17:00:00,116.35
2025-04-26 18:00:00,115.84
2025-04-26 19:00:00,115.84
2025-04-26 20:00:00,115.84
2025-04-26 21:00:00,115.84
2025-04-26 22:00:00,115.84
2025-04-26 23:00:00,115.84
2025-04-27 00:00:00,99.56
2025-04-27 01:00:00,85.05
2025-04-27 02:00:00,92.94
2025-04-27 03:00:00,84.91
2025-04-27 04:00:00,92.84
2025-04-27 05:00:00,99.3
2025-04-27 06:00:00,99.67
2025-04-27 07:00:00,96.39
2025-04-27 08:00:00,100.03
2025-04-27 09:00:00,99.88
2025-04-27 10:00:00,100.27
2025-04-27 11:00:00,0.0
2025-04-27 12:00:00,-48.0
2025-04-27 13:00:00,-48.0
2025-04-27 14:00:00,100.21
2025-04-27 15:00:00,100.27
2025-04-27 16:00:00,99.55
2025-04-27 17:00:00,99.77
2025-04-27 18:00:00,100.34
2025-04-27 19:00:00,100.4
2025-04-27 20:00:00,100.4
2025-04-27 21:00:00,100.46
2025-04-27 22:00:00,100.52
2025-04-27 23:00:00,100.52
2025-04-28 00:00:00,93.69
2025-04-28 01:00:00,84.24
2025-04-28 02:00:00,84.24
2025-04-28 03:00:00,84.24
2025-04-28 04:00:00,84.24
2025-04-28 05:00:00,88.67
2025-04-28 06:00:00,99.71
2025-04-28 07:00:00,115.81
2025-04-28 08:00:00,156.99
2025-04-28 09:00:00,156.99
2025-04-28 10:00:00,139.28
2025-04-28 11:00:00,0.0
2025-04-28 12:00:00,-72.16
2025-04-28 13:00:00,-72.16
2025-04-28 14:00:00,136.93
2025-04-28 15:00:00,157.47
2025-04-28 16:00:00,137.21
2025-04-28 17:00:00,135.92
2025-04-28 18:00:00,116.75
2025-04-28 19:00:00,116.75
2025-04-28 20:00:00,116.29
2025-04-28 21:00:00,99.96
2025-04-28 22:00:00,100.0
2025-04-28 23:00:00,100.05
2025-04-29 00:00:00,115.55
2025-04-29 01:00:00,98.46
2025-04-29 02:00:00,98.25
2025-04-29 03:00:00,97.5
2025-04-29 04:00:00,98.46
2025-04-29 05:00:00,113.97
2025-04-29 06:00:00,116.29
2025-04-29 07:00:00,139.34
2025-04-29 08:00:00,136.68
2025-04-29 09:00:00,139.36
2025-04-29 10:00:00,161.24
2025-04-29 11:00:00,147.13
2025-04-29 12:00:00,-48.0
2025-04-29 13:00:00,137.08
2025-04-29 14:00:00,139.33
2025-04-29 15:00:00,139.33
2025-04-29 16:00:00,139.33
2025-04-29 17:00:00,136.48
2025-04-29 18:00:00,115.8
2025-04-29 19:00:00,117.31
2025-04-29 20:00:00,155.74
2025-04-29 21:00:00,115.8
2025-04-29 22:00:00,115.8
2025-04-29 23:00:00,115.8
2025-04-30 00:00:00,113.64
2025-04-30 01:00:00,98.73
2025-04-30 02:00:00,98.13
2025-04-30 03:00:00,98.16
2025-04-30 04:00:00,99.22
2025-04-30 05:00:00,114.36
2025-04-30 06:00:00,116.47
2025-04-30 07:00:00,137.84
2025-04-30 08:00:00,135.99
2025-04-30 09:00:00,139.52
2025-04-30 10:00:00,157.28
2025-04-30 11:00:00,139.5
2025-04-30 12:00:00,139.47
2025-04-30 13:00:00,139.5
2025-04-30 14:00:00,139.5
2025-04-30 15:00:00,146.97
2025-04-30 16:00:00,139.38
2025-04-30 17:00:00,139.31
2025-04-30 18:00:00,138.34
2025-04-30 19:00:00,138.34
2025-04-30 20:00:00,133.79
2025-04-30 21:00:00,129.1
2025-04-30 22:00:00,138.34
2025-04-30 23:00:00,139.29
2025-05-01 00:00:00,125.64
2025-05-01 01:00:00,110.01
2025-05-01 02:00:00,105.66
2025-05-01 03:00:00,103.1
2025-05-01 04:00:00,103.1
2025-05-01 05:00:00,110.22
2025-05-01 06:00:00,110.71
2025-05-01 07:00:00,110.93
2025-05-01 08:00:00,121.78
2025-05-01 09:00:00,120.16
2025-05-01 10:00:00,121.78
2025-05-01 11:00:00,121.78
2025-05-01 12:00:00,128.72
2025-05-01 13:00:00,131.89
2025-05-01 14:00:00,131.64
2025-05-01 15:00:00,131.35
2025-05-01 16:00:00,130.56
2025-05-01 17:00:00,121.78
2025-05-01 18:00:00,119.94
2025-05-01 19:00:00,119.94
2025-05-01 20:00:00,119.68
2025-05-01 21:00:00,118.7
2025-05-01 22:00:00,126.56
2025-05-01 23:00:00,111.18
2025-05-02 00:00:00,130.63
2025-05-02 01:00:00,110.44
2025-05-02 02:00:00,109.8
2025-05-02 03:00:00,106.28
2025-05-02 04:00:00,109.98
2025-05-02 05:00:00,129.3
2025-05-02 06:00:00,118.66
2025-05-02 07:00:00,130.58
2025-05-02 08:00:00,129.82
2025-05-02 09:00:00,130.66
2025-05-02 10:00:00,131.86
2025-05-02 11:00:00,131.87
2025-05-02 12:00:00,129.93
2025-05-02 13:00:00,129.94
2025-05-02 14:00:00,129.94
2025-05-02 15:00:00,129.94
2025-05-02 16:00:00,129.93
2025-05-02 17:00:00,129.89
2025-05-02 18:00:00,131.87
2025-05-02 19:00:00,140.77
2025-05-02 20:00:00,140.77
2025-05-02 21:00:00,144.95
2025-05-02 22:00:00,144.95
2025-05-02 23:00:00,144.95
2025-05-03 00:00:00,141.87
2025-05-03 01:00:00,109.81
2025-05-03 02:00:00,103.3
2025-05-03 03:00:00,101.52
2025-05-03 04:00:00,102.43
2025-05-03 05:00:00,109.73
2025-05-03 06:00:00,110.11
2025-05-03 07:00:00,118.61
2025-05-03 08:00:00,130.64
2025-05-03 09:00:00,129.77
2025-05-03 10:00:00,0.0
2025-05-03 11:00:00,0.0
2025-05-03 12:00:00,0.0
2025-05-03 13:00:00,0.0
2025-05-03 14:00:00,128.16
2025-05-03 15:00:00,127.72
2025-05-03 16:00:00,131.13
2025-05-03 17:00:00,124.84
2025-05-03 18:00:00,124.84
2025-05-03 19:00:00,130.19
2025-05-03 20:00:00,130.19
2025-05-03 21:00:00,129.59
2025-05-03 22:00:00,119.73
2025-05-03 23:00:00,118.73
2025-05-04 00:00:00,110.94
2025-05-04 01:00:00,110.39
2025-05-04 02:00:00,109.91
2025-05-04 03:00:00,94.38
2025-05-04 04:00:00,110.72
2025-05-04 05:00:00,112.43
2025-05-04 06:00:00,112.43
2025-05-04 07:00:00,130.91
2025-05-04 08:00:00,129.73
2025-05-04 09:00:00,129.38
2025-05-04 10:00:00,-72.14
2025-05-04 11:00:00,-72.15
2025-05-04 12:00:00,-72.15
2025-05-04 13:00:00,-72.15
2025-05-04 14:00:00,0.0
2025-05-04 15:00:00,119.12
2025-05-04 16:00:00,118.49
2025-05-04 17:00:00,119.12
2025-05-04 18:00:00,130.08
2025-05-04 19:00:00,143.45
2025-05-04 20:00:00,143.45
2025-05-04 21:00:00,143.45
2025-05-04 22:00:00,143.45
2025-05-04 23:00:00,143.45
2025-05-05 00:00:00,110.46
2025-05-05 01:00:00,109.77
2025-05-05 02:00:00,109.76
2025-05-05 03:00:00,94.38
2025-05-05 04:00:00,109.74
2025-05-05 05:00:00,109.76
2025-05-05 06:00:00,110.25
2025-05-05 07:00:00,110.33
2025-05-05 08:00:00,110.44
2025-05-05 09:00:00,118.24
2025-05-05 10:00:00,118.73
2025-05-05 11:00:00,121.18
2025-05-05 12:00:00,125.46
2025-05-05 13:00:00,130.9
2025-05-05 14:00:00,129.52
2025-05-05 15:00:00,130.9
2025-05-05 16:00:00,129.01
2025-05-05 17:00:00,128.85
2025-05-05 18:00:00,129.18
2025-05-05 19:00:00,131.46
2025-05-05 20:00:00,129.04
2025-05-05 21:00:00,131.45
2025-05-05 22:00:00,131.45
2025-05-05 23:00:00,118.72
2025-05-06 00:00:00,111.28
2025-05-06 01:00:00,107.55
2025-05-06 02:00:00,93.79
2025-05-06 03:00:00,93.83
2025-05-06 04:00:00,93.88
2025-05-06 05:00:00,109.99
2025-05-06 06:00:00,110.81
2025-05-06 07:00:00,119.12
2025-05-06 08:00:00,130.86
2025-05-06 09:00:00,130.84
2025-05-06 10:00:00,130.89
2025-05-06 11:00:00,130.89
2025-05-06 12:00:00,127.48
2025-05-06 13:00:00,130.9
2025-05-06 14:00:00,129.9
2025-05-06 15:00:00,130.13
2025-05-06 16:00:00,127.48
2025-05-06 17:00:00,127.48
2025-05-06 18:00:00,128.98
2025-05-06 19:00:00,130.13
2025-05-06 20:00:00,130.13
2025-05-06 21:00:00,129.58
2025-05-06 22:00:00,120.26
2025-05-06 23:00:00,118.94
2025-05-07 00:00:00,113.26
2025-05-07 01:00:00,107.65
2025-05-07 02:00:00,94.03
2025-05-07 03:00:00,91.45
2025-05-07 04:00:00,93.95
2025-05-07 05:00:00,94.32
2025-05-07 06:00:00,110.57
2025-05-07 07:00:00,122.04
2025-05-07 08:00:00,128.83
2025-05-07 09:00:00,131.06
2025-05-07 10:00:00,146.36
2025-05-07 11:00:00,131.05
2025-05-07 12:00:00,131.05
2025-05-07 13:00:00,130.86
2025-05-07 14:00:00,128.31
2025-05-07 15:00:00,128.31
2025-05-07 16:00:00,130.64
2025-05-07 17:00:00,145.2
2025-05-07 18:00:00,129.23
2025-05-07 19:00:00,128.23
2025-05-07 20:00:00,129.4
2025-05-07 21:00:00,125.6
2025-05-07 22:00:00,125.68
2025-05-07 23:00:00,118.75
2025-05-08 00:00:00,111.32
2025-05-08 01:00:00,111.19
2025-05-08 02:00:00,100.55
2025-05-08 03:00:00,100.55
2025-05-08 04:00:00,99.43
2025-05-08 05:00:00,111.27
2025-05-08 06:00:00,129.15
2025-05-08 07:00:00,126.97
2025-05-08 08:00:00,127.14
2025-05-08 09:00:00,130.65
2025-05-08 10:00:00,145.27
2025-05-08 11:00:00,-72.15
2025-05-08 12:00:00,-72.15
2025-05-08 13:00:00,-48.0
2025-05-08 14:00:00,132.42
2025-05-08 15:00:00,132.41
2025-05-08 16:00:00,132.42
2025-05-08 17:00:00,132.24
2025-05-08 18:00:00,131.84
2025-05-08 19:00:00,131.86
2025-05-08 20:00:00,126.63
2025-05-08 21:00:00,131.83
2025-05-08 22:00:00,129.44
2025-05-08 23:00:00,111.94
2025-05-09 00:00:00,111.93
2025-05-09 01:00:00,111.39
2025-05-09 02:00:00,108.89
2025-05-09 03:00:00,93.63
2025-05-09 04:00:00,93.63
2025-05-09 05:00:00,108.89
2025-05-09 06:00:00,112.45
2025-05-09 07:00:00,112.38
2025-05-09 08:00:00,129.29
2025-05-09 09:00:00,136.66
2025-05-09 10:00:00,144.74
2025-05-09 11:00:00,136.55
2025-05-09 12:00:00,130.64
2025-05-09 13:00:00,143.96
2025-05-09 14:00:00,129.29
2025-05-09 15:00:00,129.21
2025-05-09 16:00:00,127.02
2025-05-09 17:00:00,128.91
2025-05-09 18:00:00,127.03
2025-05-09 19:00:00,127.02
2025-05-09 20:00:00,126.54
2025-05-09 21:00:00,112.38
2025-05-09 22:00:00,110.55
2025-05-09 23:00:00,110.16
2025-05-10 00:00:00,129.88
2025-05-10 01:00:00,110.88
2025-05-10 02:00:00,110.63
2025-05-10 03:00:00,110.5
2025-05-10 04:00:00,84.78
2025-05-10 05:00:00,110.58
2025-05-10 06:00:00,110.91
2025-05-10 07:00:00,111.31
2025-05-10 08:00:00,131.07
2025-05-10 09:00:00,131.07
2025-05-10 10:00:00,131.67
2025-05-10 11:00:00,131.67
2025-05-10 12:00:00,131.67
2025-05-10 13:00:00,131.67
2025-05-10 14:00:00,131.59
2025-05-10 15:00:00,131.88
2025-05-10 16:00:00,128.18
2025-05-10 17:00:00,127.58
2025-05-10 18:00:00,127.53
2025-05-10 19:00:00,128.13
2025-05-10 20:00:00,131.84
2025-05-10 21:00:00,129.82
2025-05-10 22:00:00,124.9
2025-05-10 23:00:00,110.92
2025-05-11 00:00:00,100.25
2025-05-11 01:00:00,83.8
2025-05-11 02:00:00,82.79
2025-05-11 03:00:00,82.28
2025-05-11 04:00:00,83.29
2025-05-11 05:00:00,82.83
2025-05-11 06:00:00,82.27
2025-05-11 07:00:00,79.75
2025-05-11 08:00:00,112.8
2025-05-11 09:00:00,113.6
2025-05-11 10:00:00,130.88
2025-05-11 11:00:00,130.14
2025-05-11 12:00:00,-72.15
2025-05-11 13:00:00,-3.0
2025-05-11 14:00:00,0.0
2025-05-11 15:00:00,108.77
2025-05-11 16:00:00,107.73
2025-05-11 17:00:00,113.08
2025-05-11 18:00:00,128.28
2025-05-11 19:00:00,131.51
2025-05-11 20:00:00,128.28
2025-05-11 21:00:00,130.92
2025-05-11 22:00:00,113.75
2025-05-11 23:00:00,111.71
2025-05-12 00:00:00,114.38
2025-05-12 01:00:00,107.58
2025-05-12 02:00:00,84.74
2025-05-12 03:00:00,84.74
2025-05-12 04:00:00,108.79
2025-05-12 05:00:00,110.79
2025-05-12 06:00:00,111.59
2025-05-12 07:00:00,130.64
2025-05-12 08:00:00,130.65
2025-05-12 09:00:00,131.85
2025-05-12 10:00:00,134.51
2025-05-12 11:00:00,-48.0
2025-05-12 12:00:00,-72.15
2025-05-12 13:00:00,134.13
2025-05-12 14:00:00,134.13
2025-05-12 15:00:00,134.13
2025-05-12 16:00:00,134.13
2025-05-12 17:00:00,131.92
2025-05-12 18:00:00,130.72
2025-05-12 19:00:00,131.87
2025-05-12 20:00:00,130.72
2025-05-12 21:00:00,129.44
2025-05-12 22:00:00,129.44
2025-05-12 23:00:00,127.75
2025-05-13 00:00:00,109.04
2025-05-13 01:00:00,107.57
2025-05-13 02:00:00,103.71
2025-05-13 03:00:00,89.32
2025-05-13 04:00:00,91.8
2025-05-13 05:00:00,116.32
2025-05-13 06:00:00,125.27
2025-05-13 07:00:00,130.81
2025-05-13 08:00:00,129.41
2025-05-13 09:00:00,129.69
2025-05-13 10:00:00,139.63
2025-05-13 11:00:00,139.62
2025-05-13 12:00:00,132.61
2025-05-13 13:00:00,132.64
2025-05-13 14:00:00,139.32
2025-05-13 15:00:00,139.6
2025-05-13 16:00:00,143.72
2025-05-13 17:00:00,143.21
2025-05-13 18:00:00,143.19
2025-05-13 19:00:00,143.38
2025-05-13 20:00:00,143.38
2025-05-13 21:00:00,143.38
2025-05-13 22:00:00,126.25
2025-05-13 23:00:00,126.22
2025-05-14 00:00:00,129.44
2025-05-14 01:00:00,105.52
2025-05-14 02:00:00,103.71
2025-05-14 03:00:00,105.52
2025-05-14 04:00:00,107.54
2025-05-14 05:00:00,108.28
2025-05-14 06:00:00,126.1
2025-05-14 07:00:00,130.63
2025-05-14 08:00:00,128.67
2025-05-14 09:00:00,131.8
2025-05-14 10:00:00,136.52
2025-05-14 11:00:00,136.5
2025-05-14 12:00:00,132.41
2025-05-14 13:00:00,135.94
2025-05-14 14:00:00,136.47
2025-05-14 15:00:00,148.28
2025-05-14 16:00:00,140.32
2025-05-14 17:00:00,134.63
2025-05-14 18:00:00,131.81
2025-05-14 19:00:00,131.86
2025-05-14 20:00:00,131.8
2025-05-14 21:00:00,130.63
2025-05-14 22:00:00,128.74
2025-05-14 23:00:00,127.31
2025-05-15 00:00:00,127.69
2025-05-15 01:00:00,101.9
2025-05-15 02:00:00,100.08
2025-05-15 03:00:00,99.6
2025-05-15 04:00:00,98.27
2025-05-15 05:00:00,100.08
2025-05-15 06:00:00,122.98
2025-05-15 07:00:00,129.08
2025-05-15 08:00:00,129.08
2025-05-15 09:00:00,134.23
2025-05-15 10:00:00,134.23
2025-05-15 11:00:00,134.23
2025-05-15 12:00:00,134.16
2025-05-15 13:00:00,134.23
2025-05-15 14:00:00,136.41
2025-05-15 15:00:00,134.21
2025-05-15 16:00:00,134.18
2025-05-15 17:00:00,131.9
2025-05-15 18:00:00,129.45
2025-05-15 19:00:00,129.44
2025-05-15 20:00:00,129.43
2025-05-15 21:00:00,129.63
2025-05-15 22:00:00,128.91
2025-05-15 23:00:00,127.5
2025-05-16 00:00:00,108.51
2025-05-16 01:00:00,107.67
2025-05-16 02:00:00,104.81
2025-05-16 03:00:00,108.51
2025-05-16 04:00:00,107.68
2025-05-16 05:00:00,111.35
2025-05-16 06:00:00,109.28
2025-05-16 07:00:00,127.44
2025-05-16 08:00:00,132.57
2025-05-16 09:00:00,145.65
2025-05-16 10:00:00,145.62
2025-05-16 11:00:00,145.58
2025-05-16 12:00:00,140.99
2025-05-16 13:00:00,145.58
2025-05-16 14:00:00,143.17
2025-05-16 15:00:00,143.17
2025-05-16 16:00:00,144.24
2025-05-16 17:00:00,132.64
2025-05-16 18:00:00,132.62
2025-05-16 19:00:00,130.27
2025-05-16 20:00:00,131.89
2025-05-16 21:00:00,130.19
2025-05-16 22:00:00,129.71
2025-05-16 23:00:00,128.54
2025-05-17 00:00:00,120.45
2025-05-17 01:00:00,108.55
2025-05-17 02:00:00,84.95
2025-05-17 03:00:00,82.93
2025-05-17 04:00:00,82.93
2025-05-17 05:00:00,85.45
2025-05-17 06:00:00,108.08
2025-05-17 07:00:00,109.18
2025-05-17 08:00:00,125.26
2025-05-17 09:00:00,129.06
2025-05-17 10:00:00,136.85
2025-05-17 11:00:00,136.85
2025-05-17 12:00:00,136.79
2025-05-17 13:00:00,136.85
2025-05-17 14:00:00,131.22
2025-05-17 15:00:00,131.14
2025-05-17 16:00:00,127.89
2025-05-17 17:00:00,127.48
2025-05-17 18:00:00,128.1
2025-05-17 19:00:00,128.22
2025-05-17 20:00:00,130.19
2025-05-17 21:00:00,145.06
2025-05-17 22:00:00,128.48
2025-05-17 23:00:00,109.67
2025-05-18 00:00:00,108.76
2025-05-18 01:00:00,84.13
2025-05-18 02:00:00,84.0
2025-05-18 03:00:00,84.0
2025-05-18 04:00:00,87.2
2025-05-18 05:00:00,109.74
2025-05-18 06:00:00,110.33
2025-05-18 07:00:00,110.08
2025-05-18 08:00:00,110.82
2025-05-18 09:00:00,109.85
2025-05-18 10:00:00,110.52
2025-05-18 11:00:00,110.48
2025-05-18 12:00:00,110.38
2025-05-18 13:00:00,110.38
2025-05-18 14:00:00,107.32
2025-05-18 15:00:00,110.38
2025-05-18 16:00:00,110.48
2025-05-18 17:00:00,133.16
2025-05-18 18:00:00,133.39
2025-05-18 19:00:00,143.01
2025-05-18 20:00:00,142.33
2025-05-18 21:00:00,142.41
2025-05-18 22:00:00,142.41
2025-05-18 23:00:00,142.41
2025-05-19 00:00:00,109.15
2025-05-19 01:00:00,90.73
2025-05-19 02:00:00,88.77
2025-05-19 03:00:00,86.79
2025-05-19 04:00:00,87.58
2025-05-19 05:00:00,89.94
2025-05-19 06:00:00,109.15
2025-05-19 07:00:00,109.89
2025-05-19 08:00:00,125.02
2025-05-19 09:00:00,145.27
2025-05-19 10:00:00,130.69
2025-05-19 11:00:00,130.19
2025-05-19 12:00:00,125.01
2025-05-19 13:00:00,125.01
2025-05-19 14:00:00,126.64
2025-05-19 15:00:00,144.86
2025-05-19 16:00:00,128.74
2025-05-19 17:00:00,128.7
2025-05-19 18:00:00,155.68
2025-05-19 19:00:00,155.7
2025-05-19 20:00:00,146.79
2025-05-19 21:00:00,129.54
2025-05-19 22:00:00,129.1
2025-05-19 23:00:00,128.73
2025-05-20 00:00:00,144.43
2025-05-20 01:00:00,103.25
2025-05-20 02:00:00,102.61
2025-05-20 03:00:00,89.41
2025-05-20 04:00:00,89.62
2025-05-20 05:00:00,98.27
2025-05-20 06:00:00,103.25
2025-05-20 07:00:00,127.27
2025-05-20 08:00:00,134.91
2025-05-20 09:00:00,137.55
2025-05-20 10:00:00,143.87
2025-05-20 11:00:00,135.01
2025-05-20 12:00:00,134.98
2025-05-20 13:00:00,134.95
2025-05-20 14:00:00,134.94
2025-05-20 15:00:00,134.96
2025-05-20 16:00:00,134.9
2025-05-20 17:00:00,137.1
2025-05-20 18:00:00,151.9
2025-05-20 19:00:00,151.96
2025-05-20 20:00:00,149.44
2025-05-20 21:00:00,141.18
2025-05-20 22:00:00,141.18
2025-05-20 23:00:00,141.18
2025-05-21 00:00:00,144.43
2025-05-21 01:00:00,130.85
2025-05-21 02:00:00,100.58
2025-05-21 03:00:00,100.58
2025-05-21 04:00:00,100.58
2025-05-21 05:00:00,100.58
2025-05-21 06:00:00,100.58
2025-05-21 07:00:00,126.05
2025-05-21 08:00:00,132.04
2025-05-21 09:00:00,146.73
2025-05-21 10:00:00,146.71
2025-05-21 11:00:00,141.31
2025-05-21 12:00:00,138.9
2025-05-21 13:00:00,146.44
2025-05-21 14:00:00,149.72
2025-05-21 15:00:00,149.72
2025-05-21 16:00:00,141.85
2025-05-21 17:00:00,141.85
2025-05-21 18:00:00,141.92
2025-05-21 19:00:00,142.2
2025-05-21 20:00:00,142.06
2025-05-21 21:00:00,141.87
2025-05-21 22:00:00,139.65
2025-05-21 23:00:00,139.65
2025-05-22 00:00:00,131.46
2025-05-22 01:00:00,131.47
2025-05-22 02:00:00,129.91
2025-05-22 03:00:00,108.23
2025-05-22 04:00:00,129.41
2025-05-22 05:00:00,139.94
2025-05-22 06:00:00,139.94
2025-05-22 07:00:00,132.4
2025-05-22 08:00:00,140.53
2025-05-22 09:00:00,140.69
2025-05-22 10:00:00,153.27
2025-05-22 11:00:00,153.3
2025-05-22 12:00:00,140.87
2025-05-22 13:00:00,153.25
2025-05-22 14:00:00,153.25
2025-05-22 15:00:00,153.24
2025-05-22 16:00:00,140.87
2025-05-22 17:00:00,140.87
2025-05-22 18:00:00,141.1
2025-05-22 19:00:00,140.69
2025-05-22 20:00:00,140.69
2025-05-22 21:00:00,140.69
2025-05-22 22:00:00,137.88
2025-05-22 23:00:00,134.06
2025-05-23 00:00:00,144.43
2025-05-23 01:00:00,108.51
2025-05-23 02:00:00,101.46
2025-05-23 03:00:00,101.46
2025-05-23 04:00:00,101.46
2025-05-23 05:00:00,108.5
2025-05-23 06:00:00,127.43
2025-05-23 07:00:00,134.27
2025-05-23 08:00:00,139.09
2025-05-23 09:00:00,145.57
2025-05-23 10:00:00,145.58
2025-05-23 11:00:00,145.59
2025-05-23 12:00:00,131.64
2025-05-23 13:00:00,145.59
2025-05-23 14:00:00,145.59
2025-05-23 15:00:00,145.9
2025-05-23 16:00:00,134.88
2025-05-23 17:00:00,134.91
2025-05-23 18:00:00,145.57
2025-05-23 19:00:00,145.59
2025-05-23 20:00:00,138.55
2025-05-23 21:00:00,138.55
2025-05-23 22:00:00,138.55
2025-05-23 23:00:00,138.55
2025-05-24 00:00:00,142.92
2025-05-24 01:00:00,142.92
2025-05-24 02:00:00,107.36
2025-05-24 03:00:00,92.52
2025-05-24 04:00:00,92.52
2025-05-24 05:00:00,107.21
2025-05-24 06:00:00,108.78
2025-05-24 07:00:00,109.47
2025-05-24 08:00:00,129.83
2025-05-24 09:00:00,130.16
2025-05-24 10:00:00,130.81
2025-05-24 11:00:00,130.8
2025-05-24 12:00:00,130.8
2025-05-24 13:00:00,130.79
2025-05-24 14:00:00,130.3
2025-05-24 15:00:00,130.51
2025-05-24 16:00:00,130.27
2025-05-24 17:00:00,141.12
2025-05-24 18:00:00,141.12
2025-05-24 19:00:00,141.15
2025-05-24 20:00:00,141.15
2025-05-24 21:00:00,141.16
2025-05-24 22:00:00,141.12
2025-05-24 23:00:00,141.12
2025-05-25 00:00:00,145.27
2025-05-25 01:00:00,111.85
2025-05-25 02:00:00,112.01
2025-05-25 03:00:00,104.99
2025-05-25 04:00:00,111.85
2025-05-25 05:00:00,111.85
2025-05-25 06:00:00,112.48
2025-05-25 07:00:00,111.66
2025-05-25 08:00:00,107.61
2025-05-25 09:00:00,107.87
2025-05-25 10:00:00,0.0
2025-05-25 11:00:00,-72.15
2025-05-25 12:00:00,-72.15
2025-05-25 13:00:00,-72.15
2025-05-25 14:00:00,125.75
2025-05-25 15:00:00,125.75
2025-05-25 16:00:00,125.75
2025-05-25 17:00:00,152.18
2025-05-25 18:00:00,152.16
2025-05-25 19:00:00,146.89
2025-05-25 20:00:00,146.87
2025-05-25 21:00:00,143.55
2025-05-25 22:00:00,143.69
2025-05-25 23:00:00,112.27
2025-05-26 00:00:00,118.35
2025-05-26 01:00:00,108.6
2025-05-26 02:00:00,84.23
2025-05-26 03:00:00,84.23
2025-05-26 04:00:00,84.23
2025-05-26 05:00:00,100.08
2025-05-26 06:00:00,111.11
2025-05-26 07:00:00,111.99
2025-05-26 08:00:00,146.07
2025-05-26 09:00:00,134.43
2025-05-26 10:00:00,138.33
2025-05-26 11:00:00,138.24
2025-05-26 12:00:00,135.76
2025-05-26 13:00:00,138.24
2025-05-26 14:00:00,138.25
2025-05-26 15:00:00,146.48
2025-05-26 16:00:00,140.9
2025-05-26 17:00:00,151.38
2025-05-26 18:00:00,141.14
2025-05-26 19:00:00,141.29
2025-05-26 20:00:00,152.96
2025-05-26 21:00:00,141.29
2025-05-26 22:00:00,141.29
2025-05-26 23:00:00,141.39
2025-05-27 00:00:00,144.43
2025-05-27 01:00:00,104.97
2025-05-27 02:00:00,104.97
2025-05-27 03:00:00,98.27
2025-05-27 04:00:00,104.5
2025-05-27 05:00:00,108.74
2025-05-27 06:00:00,125.8
2025-05-27 07:00:00,130.57
2025-05-27 08:00:00,130.01
2025-05-27 09:00:00,133.45
2025-05-27 10:00:00,141.98
2025-05-27 11:00:00,146.89
2025-05-27 12:00:00,139.52
2025-05-27 13:00:00,141.2
2025-05-27 14:00:00,141.45
2025-05-27 15:00:00,138.33
2025-05-27 16:00:00,142.09
2025-05-27 17:00:00,140.91
2025-05-27 18:00:00,142.35
2025-05-27 19:00:00,142.5
2025-05-27 20:00:00,142.58
2025-05-27 21:00:00,142.65
2025-05-27 22:00:00,142.65
2025-05-27 23:00:00,142.2
2025-05-28 00:00:00,140.44
2025-05-28 01:00:00,110.71
2025-05-28 02:00:00,110.71
2025-05-28 03:00:00,110.63
2025-05-28 04:00:00,110.71
2025-05-28 05:00:00,110.8
2025-05-28 06:00:00,126.59
2025-05-28 07:00:00,127.59
2025-05-28 08:00:00,129.52
2025-05-28 09:00:00,131.75
2025-05-28 10:00:00,148.5
2025-05-28 11:00:00,141.91
2025-05-28 12:00:00,139.65
2025-05-28 13:00:00,141.91
2025-05-28 14:00:00,141.91
2025-05-28 15:00:00,146.85
2025-05-28 16:00:00,144.46
2025-05-28 17:00:00,144.8
2025-05-28 18:00:00,144.06
2025-05-28 19:00:00,143.23
2025-05-28 20:00:00,143.23
2025-05-28 21:00:00,140.7
2025-05-28 22:00:00,140.7
2025-05-28 23:00:00,140.7
2025-05-29 00:00:00,111.68
2025-05-29 01:00:00,110.53
2025-05-29 02:00:00,110.52
2025-05-29 03:00:00,105.61
2025-05-29 04:00:00,110.5
2025-05-29 05:00:00,110.55
2025-05-29 06:00:00,117.25
2025-05-29 07:00:00,127.0
2025-05-29 08:00:00,129.43
2025-05-29 09:00:00,128.61
2025-05-29 10:00:00,137.07
2025-05-29 11:00:00,137.06
2025-05-29 12:00:00,135.31
2025-05-29 13:00:00,137.04
2025-05-29 14:00:00,144.22
2025-05-29 15:00:00,144.22
2025-05-29 16:00:00,137.04
2025-05-29 17:00:00,135.71
2025-05-29 18:00:00,133.93
2025-05-29 19:00:00,142.21
2025-05-29 20:00:00,142.28
2025-05-29 21:00:00,142.28
2025-05-29 22:00:00,142.36
2025-05-29 23:00:00,142.36
2025-05-30 00:00:00,141.86
2025-05-30 01:00:00,110.77
2025-05-30 02:00:00,110.77
2025-05-30 03:00:00,110.78
2025-05-30 04:00:00,110.77
2025-05-30 05:00:00,110.71
2025-05-30 06:00:00,129.83
2025-05-30 07:00:00,130.04
2025-05-30 08:00:00,130.13
2025-05-30 09:00:00,134.24
2025-05-30 10:00:00,132.53
2025-05-30 11:00:00,132.53
2025-05-30 12:00:00,132.53
2025-05-30 13:00:00,132.53
2025-05-30 14:00:00,132.53
2025-05-30 15:00:00,149.48
2025-05-30 16:00:00,132.53
2025-05-30 17:00:00,132.53
2025-05-30 18:00:00,132.53
2025-05-30 19:00:00,145.27
2025-05-30 20:00:00,145.34
2025-05-30 21:00:00,145.4
2025-05-30 22:00:00,145.4
2025-05-30 23:00:00,144.73
2025-05-31 00:00:00,143.96
2025-05-31 01:00:00,110.88
2025-05-31 02:00:00,103.66
2025-05-31 03:00:00,84.77
2025-05-31 04:00:00,85.31
2025-05-31 05:00:00,105.05
2025-05-31 06:00:00,110.86
2025-05-31 07:00:00,111.04
2025-05-31 08:00:00,111.04
2025-05-31 09:00:00,111.32
2025-05-31 10:00:00,112.29
2025-05-31 11:00:00,112.13
2025-05-31 12:00:00,112.13
2025-05-31 13:00:00,135.06
2025-05-31 14:00:00,129.04
2025-05-31 15:00:00,129.05
2025-05-31 16:00:00,133.66
2025-05-31 17:00:00,130.42
2025-05-31 18:00:00,147.0
2025-05-31 19:00:00,147.0
2025-05-31 20:00:00,147.25
2025-05-31 21:00:00,147.25
2025-05-31 22:00:00,145.59
2025-05-31 23:00:00,145.59
2025-06-01 00:00:00,104.44
2025-06-01 01:00:00,100.72
2025-06-01 02:00:00,92.64
2025-06-01 03:00:00,91.13
2025-06-01 04:00:00,89.62
2025-06-01 05:00:00,90.1
2025-06-01 06:00:00,104.34
2025-06-01 07:00:00,102.54
2025-06-01 08:00:00,102.53
2025-06-01 09:00:00,102.53
2025-06-01 10:00:00,106.37
2025-06-01 11:00:00,105.14
2025-06-01 12:00:00,105.14
2025-06-01 13:00:00,106.21
2025-06-01 14:00:00,106.13
2025-06-01 15:00:00,109.97
2025-06-01 16:00:00,109.97
2025-06-01 17:00:00,142.33
2025-06-01 18:00:00,143.1
2025-06-01 19:00:00,143.39
2025-06-01 20:00:00,139.12
2025-06-01 21:00:00,138.02
2025-06-01 22:00:00,143.54
2025-06-01 23:00:00,105.13
2025-06-02 00:00:00,97.46
2025-06-02 01:00:00,87.27
2025-06-02 02:00:00,86.2
2025-06-02 03:00:00,85.3
2025-06-02 04:00:00,85.3
2025-06-02 05:00:00,96.97
2025-06-02 06:00:00,100.43
2025-06-02 07:00:00,107.11
2025-06-02 08:00:00,107.74
2025-06-02 09:00:00,142.52
2025-06-02 10:00:00,142.52
2025-06-02 11:00:00,141.7
2025-06-02 12:00:00,141.7
2025-06-02 13:00:00,141.7
2025-06-02 14:00:00,142.66
2025-06-02 15:00:00,146.54
2025-06-02 16:00:00,141.7
2025-06-02 17:00:00,141.7
2025-06-02 18:00:00,142.52
2025-06-02 19:00:00,142.52
2025-06-02 20:00:00,107.74
2025-06-02 21:00:00,106.26
2025-06-02 22:00:00,105.61
2025-06-02 23:00:00,105.11
2025-06-03 00:00:00,104.73
2025-06-03 01:00:00,104.04
2025-06-03 02:00:00,104.32
2025-06-03 03:00:00,95.76
2025-06-03 04:00:00,95.75
2025-06-03 05:00:00,103.93
2025-06-03 06:00:00,104.31
2025-06-03 07:00:00,107.64
2025-06-03 08:00:00,107.63
2025-06-03 09:00:00,124.23
2025-06-03 10:00:00,144.9
2025-06-03 11:00:00,143.21
2025-06-03 12:00:00,130.8
2025-06-03 13:00:00,130.81
2025-06-03 14:00:00,130.75
2025-06-03 15:00:00,130.81
2025-06-03 16:00:00,123.65
2025-06-03 17:00:00,122.18
2025-06-03 18:00:00,123.32
2025-06-03 19:00:00,122.18
2025-06-03 20:00:00,122.18
2025-06-03 21:00:00,107.67
2025-06-03 22:00:00,107.67
2025-06-03 23:00:00,107.68
2025-06-04 00:00:00,107.06
2025-06-04 01:00:00,106.46
2025-06-04 02:00:00,94.82
2025-06-04 03:00:00,94.86
2025-06-04 04:00:00,95.03
2025-06-04 05:00:00,106.72
2025-06-04 06:00:00,108.08
2025-06-04 07:00:00,108.08
2025-06-04 08:00:00,108.03
2025-06-04 09:00:00,124.08
2025-06-04 10:00:00,127.5
2025-06-04 11:00:00,127.5
2025-06-04 12:00:00,124.05
2025-06-04 13:00:00,127.5
2025-06-04 14:00:00,127.5
2025-06-04 15:00:00,127.5
2025-06-04 16:00:00,127.5
2025-06-04 17:00:00,127.33
2025-06-04 18:00:00,140.66
2025-06-04 19:00:00,140.66
2025-06-04 20:00:00,141.41
2025-06-04 21:00:00,141.41
2025-06-04 22:00:00,141.41
2025-06-04 23:00:00,108.03
2025-06-05 00:00:00,107.02
2025-06-05 01:00:00,105.68
2025-06-05 02:00:00,90.25
2025-06-05 03:00:00,90.25
2025-06-05 04:00:00,90.25
2025-06-05 05:00:00,106.65
2025-06-05 06:00:00,107.03
2025-06-05 07:00:00,121.14
2025-06-05 08:00:00,123.79
2025-06-05 09:00:00,123.79
2025-06-05 10:00:00,129.0
2025-06-05 11:00:00,128.93
2025-06-05 12:00:00,128.93
2025-06-05 13:00:00,128.88
2025-06-05 14:00:00,128.84
2025-06-05 15:00:00,137.44
2025-06-05 16:00:00,126.98
2025-06-05 17:00:00,126.74
2025-06-05 18:00:00,143.51
2025-06-05 19:00:00,143.51
2025-06-05 20:00:00,143.51
2025-06-05 21:00:00,143.51
2025-06-05 22:00:00,107.0
2025-06-05 23:00:00,107.01
2025-06-06 00:00:00,105.54
2025-06-06 01:00:00,104.46
2025-06-06 02:00:00,104.1
2025-06-06 03:00:00,95.77
2025-06-06 04:00:00,95.77
2025-06-06 05:00:00,95.77
2025-06-06 06:00:00,104.09
2025-06-06 07:00:00,104.27
2025-06-06 08:00:00,105.92
2025-06-06 09:00:00,107.95
2025-06-06 10:00:00,107.95
2025-06-06 11:00:00,123.85
2025-06-06 12:00:00,123.81
2025-06-06 13:00:00,141.93
2025-06-06 14:00:00,123.63
2025-06-06 15:00:00,123.63
2025-06-06 16:00:00,123.63
2025-06-06 17:00:00,142.75
2025-06-06 18:00:00,143.7
2025-06-06 19:00:00,143.82
2025-06-06 20:00:00,143.82
2025-06-06 21:00:00,107.95
2025-06-06 22:00:00,107.95
2025-06-06 23:00:00,107.95
2025-06-07 00:00:00,106.02
2025-06-07 01:00:00,96.26
2025-06-07 02:00:00,96.23
2025-06-07 03:00:00,95.71
2025-06-07 04:00:00,95.72
2025-06-07 05:00:00,95.69
2025-06-07 06:00:00,95.67
2025-06-07 07:00:00,106.6
2025-06-07 08:00:00,106.53
2025-06-07 09:00:00,108.91
2025-06-07 10:00:00,108.91
2025-06-07 11:00:00,127.52
2025-06-07 12:00:00,143.63
2025-06-07 13:00:00,108.86
2025-06-07 14:00:00,108.86
2025-06-07 15:00:00,108.86
2025-06-07 16:00:00,108.86
2025-06-07 17:00:00,137.98
2025-06-07 18:00:00,143.52
2025-06-07 19:00:00,109.12
2025-06-07 20:00:00,107.49
2025-06-07 21:00:00,105.36
2025-06-07 22:00:00,105.37
2025-06-07 23:00:00,105.37
2025-06-08 00:00:00,101.78
2025-06-08 01:00:00,95.22
2025-06-08 02:00:00,85.78
2025-06-08 03:00:00,83.77
2025-06-08 04:00:00,87.85
2025-06-08 05:00:00,88.82
2025-06-08 06:00:00,88.26
2025-06-08 07:00:00,81.69
2025-06-08 08:00:00,95.88
2025-06-08 09:00:00,96.82
2025-06-08 10:00:00,105.54
2025-06-08 11:00:00,105.4
2025-06-08 12:00:00,105.4
2025-06-08 13:00:00,105.33
2025-06-08 14:00:00,171.76
2025-06-08 15:00:00,105.93
2025-06-08 16:00:00,141.37
2025-06-08 17:00:00,141.37
2025-06-08 18:00:00,142.19
2025-06-08 19:00:00,142.19
2025-06-08 20:00:00,142.19
2025-06-08 21:00:00,141.64
2025-06-08 22:00:00,105.98
2025-06-08 23:00:00,105.67
2025-06-09 00:00:00,104.93
2025-06-09 01:00:00,104.09
2025-06-09 02:00:00,104.31
2025-06-09 03:00:00,95.06
2025-06-09 04:00:00,95.06
2025-06-09 05:00:00,104.36
2025-06-09 06:00:00,104.92
2025-06-09 07:00:00,107.15
2025-06-09 08:00:00,131.09
2025-06-09 09:00:00,127.9
2025-06-09 10:00:00,141.37
2025-06-09 11:00:00,127.63
2025-06-09 12:00:00,127.63
2025-06-09 13:00:00,137.8
2025-06-09 14:00:00,137.76
2025-06-09 15:00:00,127.63
2025-06-09 16:00:00,127.63
2025-06-09 17:00:00,125.49
2025-06-09 18:00:00,143.47
2025-06-09 19:00:00,143.47
2025-06-09 20:00:00,143.47
2025-06-09 21:00:00,143.47
2025-06-09 22:00:00,107.08
2025-06-09 23:00:00,107.08
2025-06-10 00:00:00,140.72
2025-06-10 01:00:00,105.72
2025-06-10 02:00:00,90.15
2025-06-10 03:00:00,90.22
2025-06-10 04:00:00,90.25
2025-06-10 05:00:00,105.72
2025-06-10 06:00:00,114.06
2025-06-10 07:00:00,122.67
2025-06-10 08:00:00,141.35
2025-06-10 09:00:00,141.35
2025-06-10 10:00:00,141.35
2025-06-10 11:00:00,140.16
2025-06-10 12:00:00,140.16
2025-06-10 13:00:00,140.04
2025-06-10 14:00:00,140.04
2025-06-10 15:00:00,140.16
2025-06-10 16:00:00,140.16
2025-06-10 17:00:00,140.16
2025-06-10 18:00:00,140.55
2025-06-10 19:00:00,140.55
2025-06-10 20:00:00,141.35
2025-06-10 21:00:00,141.35
2025-06-10 22:00:00,141.35
2025-06-10 23:00:00,107.09
2025-06-11 00:00:00,108.06
2025-06-11 01:00:00,106.07
2025-06-11 02:00:00,95.03
2025-06-11 03:00:00,105.52
2025-06-11 04:00:00,105.47
2025-06-11 05:00:00,105.34
2025-06-11 06:00:00,106.88
2025-06-11 07:00:00,125.56
2025-06-11 08:00:00,126.93
2025-06-11 09:00:00,127.63
2025-06-11 10:00:00,140.88
2025-06-11 11:00:00,139.81
2025-06-11 12:00:00,139.81
2025-06-11 13:00:00,139.81
2025-06-11 14:00:00,167.44
2025-06-11 15:00:00,139.81
2025-06-11 16:00:00,140.71
2025-06-11 17:00:00,140.71
2025-06-11 18:00:00,140.88
2025-06-11 19:00:00,140.88
2025-06-11 20:00:00,140.88
2025-06-11 21:00:00,140.88
2025-06-11 22:00:00,140.88
2025-06-11 23:00:00,106.88
2025-06-12 00:00:00,105.26
2025-06-12 01:00:00,103.46
2025-06-12 02:00:00,90.24
2025-06-12 03:00:00,90.12
2025-06-12 04:00:00,90.07
2025-06-12 05:00:00,90.25
2025-06-12 06:00:00,124.51
2025-06-12 07:00:00,124.51
2025-06-12 08:00:00,140.37
2025-06-12 09:00:00,140.83
2025-06-12 10:00:00,140.83
2025-06-12 11:00:00,139.98
2025-06-12 12:00:00,139.98
2025-06-12 13:00:00,140.28
2025-06-12 14:00:00,147.6
2025-06-12 15:00:00,139.98
2025-06-12 16:00:00,140.29
2025-06-12 17:00:00,140.23
2025-06-12 18:00:00,140.83
2025-06-12 19:00:00,140.83
2025-06-12 20:00:00,140.83
2025-06-12 21:00:00,140.83
2025-06-12 22:00:00,140.83
2025-06-12 23:00:00,106.99
2025-06-13 00:00:00,106.54
2025-06-13 01:00:00,106.24
2025-06-13 02:00:00,105.62
2025-06-13 03:00:00,105.38
2025-06-13 04:00:00,105.0
2025-06-13 05:00:00,106.55
2025-06-13 06:00:00,106.54
2025-06-13 07:00:00,124.68
2025-06-13 08:00:00,125.14
2025-06-13 09:00:00,129.25
2025-06-13 10:00:00,140.47
2025-06-13 11:00:00,139.62
2025-06-13 12:00:00,139.62
2025-06-13 13:00:00,140.43
2025-06-13 14:00:00,139.72
2025-06-13 15:00:00,139.62
2025-06-13 16:00:00,139.52
2025-06-13 17:00:00,139.62
2025-06-13 18:00:00,140.47
2025-06-13 19:00:00,140.47
2025-06-13 20:00:00,140.47
2025-06-13 21:00:00,125.68
2025-06-13 22:00:00,122.35
2025-06-13 23:00:00,106.51
2025-06-14 00:00:00,115.03
2025-06-14 01:00:00,107.27
2025-06-14 02:00:00,106.25
2025-06-14 03:00:00,101.42
2025-06-14 04:00:00,106.51
2025-06-14 05:00:00,106.17
2025-06-14 06:00:00,107.32
2025-06-14 07:00:00,107.32
2025-06-14 08:00:00,137.98
2025-06-14 09:00:00,129.97
2025-06-14 10:00:00,139.04
2025-06-14 11:00:00,138.89
2025-06-14 12:00:00,131.99
2025-06-14 13:00:00,138.46
2025-06-14 14:00:00,131.82
2025-06-14 15:00:00,130.04
2025-06-14 16:00:00,127.15
2025-06-14 17:00:00,126.95
2025-06-14 18:00:00,143.51
2025-06-14 19:00:00,143.51
2025-06-14 20:00:00,143.51
2025-06-14 21:00:00,143.51
2025-06-14 22:00:00,107.32
2025-06-14 23:00:00,107.32
2025-06-15 00:00:00,104.82
2025-06-15 01:00:00,96.07
2025-06-15 02:00:00,95.27
2025-06-15 03:00:00,81.3
2025-06-15 04:00:00,82.52
2025-06-15 05:00:00,83.75
2025-06-15 06:00:00,84.16
2025-06-15 07:00:00,80.98
2025-06-15 08:00:00,96.02
2025-06-15 09:00:00,96.93
2025-06-15 10:00:00,106.7
2025-06-15 11:00:00,106.82
2025-06-15 12:00:00,106.82
2025-06-15 13:00:00,106.82
2025-06-15 14:00:00,106.82
2025-06-15 15:00:00,106.83
2025-06-15 16:00:00,106.83
2025-06-15 17:00:00,106.29
2025-06-15 18:00:00,106.81
2025-06-15 19:00:00,144.27
2025-06-15 20:00:00,116.8
2025-06-15 21:00:00,106.84
2025-06-15 22:00:00,106.66
2025-06-15 23:00:00,106.2
2025-06-16 00:00:00,97.88
2025-06-16 01:00:00,84.97
2025-06-16 02:00:00,80.64
2025-06-16 03:00:00,81.43
2025-06-16 04:00:00,81.46
2025-06-16 05:00:00,81.46
2025-06-16 06:00:00,95.02
2025-06-16 07:00:00,107.55
2025-06-16 08:00:00,126.3
2025-06-16 09:00:00,140.12
2025-06-16 10:00:00,140.12
2025-06-16 11:00:00,139.18
2025-06-16 12:00:00,139.18
2025-06-16 13:00:00,134.91
2025-06-16 14:00:00,139.18
2025-06-16 15:00:00,139.76
2025-06-16 16:00:00,139.76
2025-06-16 17:00:00,139.76
2025-06-16 18:00:00,140.7
2025-06-16 19:00:00,140.7
2025-06-16 20:00:00,140.7
2025-06-16 21:00:00,140.7
2025-06-16 22:00:00,107.52
2025-06-16 23:00:00,107.23
2025-06-17 00:00:00,106.67
2025-06-17 01:00:00,106.57
2025-06-17 02:00:00,106.67
2025-06-17 03:00:00,105.54
2025-06-17 04:00:00,105.36
2025-06-17 05:00:00,105.51
2025-06-17 06:00:00,106.66
2025-06-17 07:00:00,106.65
2025-06-17 08:00:00,127.05
2025-06-17 09:00:00,129.47
2025-06-17 10:00:00,134.39
2025-06-17 11:00:00,135.87
2025-06-17 12:00:00,135.87
2025-06-17 13:00:00,137.89
2025-06-17 14:00:00,150.78
2025-06-17 15:00:00,148.05
2025-06-17 16:00:00,140.11
2025-06-17 17:00:00,139.84
2025-06-17 18:00:00,140.78
2025-06-17 19:00:00,140.78
2025-06-17 20:00:00,140.78
2025-06-17 21:00:00,140.78
2025-06-17 22:00:00,137.25
2025-06-17 23:00:00,136.82
2025-06-18 00:00:00,105.26
2025-06-18 01:00:00,103.5
2025-06-18 02:00:00,103.25
2025-06-18 03:00:00,94.85
2025-06-18 04:00:00,94.61
2025-06-18 05:00:00,94.56
2025-06-18 06:00:00,95.29
2025-06-18 07:00:00,123.31
2025-06-18 08:00:00,123.84
2025-06-18 09:00:00,128.04
2025-06-18 10:00:00,128.68
2025-06-18 11:00:00,130.76
2025-06-18 12:00:00,128.67
2025-06-18 13:00:00,136.39
2025-06-18 14:00:00,136.37
2025-06-18 15:00:00,136.37
2025-06-18 16:00:00,134.24
2025-06-18 17:00:00,134.35
2025-06-18 18:00:00,138.66
2025-06-18 19:00:00,138.66
2025-06-18 20:00:00,142.49
2025-06-18 21:00:00,142.49
2025-06-18 22:00:00,142.49
2025-06-18 23:00:00,107.13
2025-06-19 00:00:00,107.86
2025-06-19 01:00:00,106.06
2025-06-19 02:00:00,95.04
2025-06-19 03:00:00,95.01
2025-06-19 04:00:00,95.18
2025-06-19 05:00:00,95.06
2025-06-19 06:00:00,117.65
2025-06-19 07:00:00,121.54
2025-06-19 08:00:00,125.91
2025-06-19 09:00:00,129.47
2025-06-19 10:00:00,132.19
2025-06-19 11:00:00,132.14
2025-06-19 12:00:00,130.03
2025-06-19 13:00:00,132.07
2025-06-19 14:00:00,138.73
2025-06-19 15:00:00,166.11
2025-06-19 16:00:00,137.85
2025-06-19 17:00:00,137.2
2025-06-19 18:00:00,131.39
2025-06-19 19:00:00,128.84
2025-06-19 20:00:00,127.55
2025-06-19 21:00:00,125.91
2025-06-19 22:00:00,125.91
2025-06-19 23:00:00,125.62
2025-06-20 00:00:00,106.6
2025-06-20 01:00:00,105.92
2025-06-20 02:00:00,106.34
2025-06-20 03:00:00,105.66
2025-06-20 04:00:00,105.51
2025-06-20 05:00:00,105.56
2025-06-20 06:00:00,106.61
2025-06-20 07:00:00,122.98
2025-06-20 08:00:00,124.77
2025-06-20 09:00:00,138.53
2025-06-20 10:00:00,193.75
2025-06-20 11:00:00,138.3
2025-06-20 12:00:00,130.65
2025-06-20 13:00:00,139.04
2025-06-20 14:00:00,137.6
2025-06-20 15:00:00,137.58
2025-06-20 16:00:00,130.63
2025-06-20 17:00:00,130.61
2025-06-20 18:00:00,128.2
2025-06-20 19:00:00,125.21
2025-06-20 20:00:00,125.21
2025-06-20 21:00:00,124.95
2025-06-20 22:00:00,124.77
2025-06-20 23:00:00,124.71
2025-06-21 00:00:00,120.96
2025-06-21 01:00:00,105.56
2025-06-21 02:00:00,106.05
2025-06-21 03:00:00,102.06
2025-06-21 04:00:00,102.06
2025-06-21 05:00:00,100.73
2025-06-21 06:00:00,102.06
2025-06-21 07:00:00,105.64
2025-06-21 08:00:00,105.84
2025-06-21 09:00:00,126.48
2025-06-21 10:00:00,127.07
2025-06-21 11:00:00,127.23
2025-06-21 12:00:00,127.22
2025-06-21 13:00:00,127.21
2025-06-21 14:00:00,127.04
2025-06-21 15:00:00,127.15
2025-06-21 16:00:00,126.74
2025-06-21 17:00:00,126.55
2025-06-21 18:00:00,126.59
2025-06-21 19:00:00,126.68
2025-06-21 20:00:00,126.61
2025-06-21 21:00:00,109.0
2025-06-21 22:00:00,109.01
2025-06-21 23:00:00,107.86
2025-06-22 00:00:00,103.79
2025-06-22 01:00:00,97.3
2025-06-22 02:00:00,86.54
2025-06-22 03:00:00,83.24
2025-06-22 04:00:00,83.24
2025-06-22 05:00:00,83.24
2025-06-22 06:00:00,83.24
2025-06-22 07:00:00,81.27
2025-06-22 08:00:00,81.27
2025-06-22 09:00:00,105.62
2025-06-22 10:00:00,105.62
2025-06-22 11:00:00,105.62
2025-06-22 12:00:00,105.62
2025-06-22 13:00:00,106.77
2025-06-22 14:00:00,104.96
2025-06-22 15:00:00,107.51
2025-06-22 16:00:00,106.98
2025-06-22 17:00:00,107.42
2025-06-22 18:00:00,112.39
2025-06-22 19:00:00,145.43
2025-06-22 20:00:00,145.43
2025-06-22 21:00:00,110.93
2025-06-22 22:00:00,106.67
2025-06-22 23:00:00,96.88
2025-06-23 00:00:00,105.54
2025-06-23 01:00:00,94.83
2025-06-23 02:00:00,94.78
2025-06-23 03:00:00,94.64
2025-06-23 04:00:00,94.7
2025-06-23 05:00:00,94.9
2025-06-23 06:00:00,98.44
2025-06-23 07:00:00,107.63
2025-06-23 08:00:00,141.03
2025-06-23 09:00:00,141.03
2025-06-23 10:00:00,164.63
2025-06-23 11:00:00,133.92
2025-06-23 12:00:00,128.87
2025-06-23 13:00:00,132.28
2025-06-23 14:00:00,128.9
2025-06-23 15:00:00,130.34
2025-06-23 16:00:00,127.34
2025-06-23 17:00:00,127.34
2025-06-23 18:00:00,127.44
2025-06-23 19:00:00,127.14
2025-06-23 20:00:00,127.14
2025-06-23 21:00:00,121.75
2025-06-23 22:00:00,114.72
2025-06-23 23:00:00,107.04
2025-06-24 00:00:00,105.69
2025-06-24 01:00:00,105.35
2025-06-24 02:00:00,95.06
2025-06-24 03:00:00,94.95
2025-06-24 04:00:00,94.95
2025-06-24 05:00:00,95.12
2025-06-24 06:00:00,99.39
2025-06-24 07:00:00,106.48
2025-06-24 08:00:00,123.86
2025-06-24 09:00:00,130.89
2025-06-24 10:00:00,130.96
2025-06-24 11:00:00,130.96
2025-06-24 12:00:00,139.41
2025-06-24 13:00:00,154.28
2025-06-24 14:00:00,151.35
2025-06-24 15:00:00,130.96
2025-06-24 16:00:00,130.92
2025-06-24 17:00:00,130.91
2025-06-24 18:00:00,125.55
2025-06-24 19:00:00,130.88
2025-06-24 20:00:00,127.45
2025-06-24 21:00:00,124.33
2025-06-24 22:00:00,125.64
2025-06-24 23:00:00,107.02
2025-06-25 00:00:00,107.52
2025-06-25 01:00:00,104.58
2025-06-25 02:00:00,95.04
2025-06-25 03:00:00,95.04
2025-06-25 04:00:00,94.88
2025-06-25 05:00:00,95.04
2025-06-25 06:00:00,104.05
2025-06-25 07:00:00,106.71
2025-06-25 08:00:00,139.52
2025-06-25 09:00:00,140.85
2025-06-25 10:00:00,140.85
2025-06-25 11:00:00,140.84
2025-06-25 12:00:00,127.77
2025-06-25 13:00:00,140.88
2025-06-25 14:00:00,140.85
2025-06-25 15:00:00,140.85
2025-06-25 16:00:00,127.58
2025-06-25 17:00:00,127.66
2025-06-25 18:00:00,139.45
2025-06-25 19:00:00,127.75
2025-06-25 20:00:00,127.66
2025-06-25 21:00:00,125.64
2025-06-25 22:00:00,114.08
2025-06-25 23:00:00,106.95
2025-06-26 00:00:00,108.93
2025-06-26 01:00:00,94.63
2025-06-26 02:00:00,94.32
2025-06-26 03:00:00,86.89
2025-06-26 04:00:00,94.85
2025-06-26 05:00:00,95.5
2025-06-26 06:00:00,104.13
2025-06-26 07:00:00,106.62
2025-06-26 08:00:00,115.59
2025-06-26 09:00:00,124.61
2025-06-26 10:00:00,153.26
2025-06-26 11:00:00,125.7
2025-06-26 12:00:00,124.23
2025-06-26 13:00:00,109.58
2025-06-26 14:00:00,137.53
2025-06-26 15:00:00,148.57
2025-06-26 16:00:00,129.43
2025-06-26 17:00:00,129.3
2025-06-26 18:00:00,129.11
2025-06-26 19:00:00,145.31
2025-06-26 20:00:00,129.26
2025-06-26 21:00:00,126.5
2025-06-26 22:00:00,115.59
2025-06-26 23:00:00,107.04
2025-06-27 00:00:00,108.93
2025-06-27 01:00:00,94.59
2025-06-27 02:00:00,88.99
2025-06-27 03:00:00,86.62
2025-06-27 04:00:00,94.74
2025-06-27 05:00:00,95.46
2025-06-27 06:00:00,95.66
2025-06-27 07:00:00,106.62
2025-06-27 08:00:00,114.82
2025-06-27 09:00:00,125.7
2025-06-27 10:00:00,126.48
2025-06-27 11:00:00,126.48
2025-06-27 12:00:00,126.48
2025-06-27 13:00:00,150.22
2025-06-27 14:00:00,131.82
2025-06-27 15:00:00,131.82
2025-06-27 16:00:00,126.75
2025-06-27 17:00:00,126.75
2025-06-27 18:00:00,126.32
2025-06-27 19:00:00,126.26
2025-06-27 20:00:00,126.31
2025-06-27 21:00:00,125.36
2025-06-27 22:00:00,123.63
2025-06-27 23:00:00,107.06
2025-06-28 00:00:00,108.91
2025-06-28 01:00:00,108.87
2025-06-28 02:00:00,105.87
2025-06-28 03:00:00,95.89
2025-06-28 04:00:00,95.71
2025-06-28 05:00:00,95.8
2025-06-28 06:00:00,105.03
2025-06-28 07:00:00,105.66
2025-06-28 08:00:00,107.14
2025-06-28 09:00:00,108.55
2025-06-28 10:00:00,126.34
2025-06-28 11:00:00,126.34
2025-06-28 12:00:00,116.78
2025-06-28 13:00:00,126.33
2025-06-28 14:00:00,126.28
2025-06-28 15:00:00,126.35
2025-06-28 16:00:00,116.32
2025-06-28 17:00:00,116.47
2025-06-28 18:00:00,116.47
2025-06-28 19:00:00,145.1
2025-06-28 20:00:00,145.1
2025-06-28 21:00:00,145.1
2025-06-28 22:00:00,107.13
2025-06-28 23:00:00,106.28
2025-06-29 00:00:00,106.65
2025-06-29 01:00:00,96.07
2025-06-29 02:00:00,95.54
2025-06-29 03:00:00,84.77
2025-06-29 04:00:00,84.77
2025-06-29 05:00:00,84.77
2025-06-29 06:00:00,84.98
2025-06-29 07:00:00,96.03
2025-06-29 08:00:00,96.59
2025-06-29 09:00:00,96.95
2025-06-29 10:00:00,126.2
2025-06-29 11:00:00,106.94
2025-06-29 12:00:00,106.44
2025-06-29 13:00:00,106.44
2025-06-29 14:00:00,103.43
2025-06-29 15:00:00,126.18
2025-06-29 16:00:00,107.61
2025-06-29 17:00:00,107.82
2025-06-29 18:00:00,113.99
2025-06-29 19:00:00,133.07
2025-06-29 20:00:00,154.55
2025-06-29 21:00:00,142.15
2025-06-29 22:00:00,139.23
2025-06-29 23:00:00,139.23
2025-06-30 00:00:00,105.55
2025-06-30 01:00:00,95.1
2025-06-30 02:00:00,94.65
2025-06-30 03:00:00,94.8
2025-06-30 04:00:00,94.84
2025-06-30 05:00:00,94.79
2025-06-30 06:00:00,95.53
2025-06-30 07:00:00,106.44
2025-06-30 08:00:00,125.67
2025-06-30 09:00:00,171.07
2025-06-30 10:00:00,128.93
2025-06-30 11:00:00,131.87
2025-06-30 12:00:00,129.0
2025-06-30 13:00:00,137.19
2025-06-30 14:00:00,139.45
2025-06-30 15:00:00,156.39
2025-06-30 16:00:00,156.39
2025-06-30 17:00:00,141.64
2025-06-30 18:00:00,142.03
2025-06-30 19:00:00,142.03
2025-06-30 20:00:00,142.03
2025-06-30 21:00:00,125.73
2025-06-30 22:00:00,125.69
2025-06-30 23:00:00,114.87
2025-07-01 00:00:00,131.98
2025-07-01 01:00:00,98.24
2025-07-01 02:00:00,105.04
2025-07-01 03:00:00,92.69
2025-07-01 04:00:00,91.37
2025-07-01 05:00:00,92.69
2025-07-01 06:00:00,116.94
2025-07-01 07:00:00,118.33
2025-07-01 08:00:00,121.02
2025-07-01 09:00:00,122.54
2025-07-01 10:00:00,129.22
2025-07-01 11:00:00,147.6
2025-07-01 12:00:00,141.85
2025-07-01 13:00:00,141.85
2025-07-01 14:00:00,129.22
2025-07-01 15:00:00,129.22
2025-07-01 16:00:00,122.54
2025-07-01 17:00:00,124.67
2025-07-01 18:00:00,124.64
2025-07-01 19:00:00,125.66
2025-07-01 20:00:00,125.15
2025-07-01 21:00:00,121.04
2025-07-01 22:00:00,121.01
2025-07-01 23:00:00,120.97
2025-07-02 00:00:00,131.98
2025-07-02 01:00:00,98.88
2025-07-02 02:00:00,98.28
2025-07-02 03:00:00,92.8
2025-07-02 04:00:00,92.8
2025-07-02 05:00:00,92.8
2025-07-02 06:00:00,109.67
2025-07-02 07:00:00,118.92
2025-07-02 08:00:00,121.35
2025-07-02 09:00:00,121.48
2025-07-02 10:00:00,128.53
2025-07-02 11:00:00,129.28
2025-07-02 12:00:00,128.8
2025-07-02 13:00:00,130.84
2025-07-02 14:00:00,131.62
2025-07-02 15:00:00,147.8
2025-07-02 16:00:00,147.8
2025-07-02 17:00:00,132.63
2025-07-02 18:00:00,133.04
2025-07-02 19:00:00,133.13
2025-07-02 20:00:00,133.25
2025-07-02 21:00:00,121.54
2025-07-02 22:00:00,121.48
2025-07-02 23:00:00,121.48
2025-07-03 00:00:00,115.69
2025-07-03 01:00:00,115.86
2025-07-03 02:00:00,115.86
2025-07-03 03:00:00,115.86
2025-07-03 04:00:00,115.86
2025-07-03 05:00:00,115.86
2025-07-03 06:00:00,117.43
2025-07-03 07:00:00,118.31
2025-07-03 08:00:00,120.07
2025-07-03 09:00:00,120.91
2025-07-03 10:00:00,123.07
2025-07-03 11:00:00,127.6
2025-07-03 12:00:00,127.43
2025-07-03 13:00:00,129.88
2025-07-03 14:00:00,132.43
2025-07-03 15:00:00,147.22
2025-07-03 16:00:00,147.22
2025-07-03 17:00:00,147.21
2025-07-03 18:00:00,132.27
2025-07-03 19:00:00,132.44
2025-07-03 20:00:00,128.37
2025-07-03 21:00:00,132.27
2025-07-03 22:00:00,120.6
2025-07-03 23:00:00,120.54
2025-07-04 00:00:00,131.98
2025-07-04 01:00:00,115.75
2025-07-04 02:00:00,115.75
2025-07-04 03:00:00,115.75
2025-07-04 04:00:00,115.75
2025-07-04 05:00:00,115.75
2025-07-04 06:00:00,115.9
2025-07-04 07:00:00,118.43
2025-07-04 08:00:00,121.44
2025-07-04 09:00:00,128.61
2025-07-04 10:00:00,128.68
2025-07-04 11:00:00,128.68
2025-07-04 12:00:00,123.35
2025-07-04 13:00:00,130.99
2025-07-04 14:00:00,132.68
2025-07-04 15:00:00,134.03
2025-07-04 16:00:00,134.03
2025-07-04 17:00:00,134.03
2025-07-04 18:00:00,143.28
2025-07-04 19:00:00,143.29
2025-07-04 20:00:00,132.39
2025-07-04 21:00:00,134.58
2025-07-04 22:00:00,121.44
2025-07-04 23:00:00,121.44
2025-07-05 00:00:00,117.69
2025-07-05 01:00:00,113.97
2025-07-05 02:00:00,117.69
2025-07-05 03:00:00,92.76
2025-07-05 04:00:00,92.45
2025-07-05 05:00:00,92.77
2025-07-05 06:00:00,112.11
2025-07-05 07:00:00,117.69
2025-07-05 08:00:00,120.08
2025-07-05 09:00:00,120.87
2025-07-05 10:00:00,120.82
2025-07-05 11:00:00,120.65
2025-07-05 12:00:00,120.53
2025-07-05 13:00:00,120.53
2025-07-05 14:00:00,120.53
2025-07-05 15:00:00,120.53
2025-07-05 16:00:00,120.65
2025-07-05 17:00:00,131.75
2025-07-05 18:00:00,134.66
2025-07-05 19:00:00,137.63
2025-07-05 20:00:00,137.65
2025-07-05 21:00:00,134.75
2025-07-05 22:00:00,134.86
2025-07-05 23:00:00,117.69
2025-07-06 00:00:00,118.03
2025-07-06 01:00:00,118.03
2025-07-06 02:00:00,93.0
2025-07-06 03:00:00,88.67
2025-07-06 04:00:00,87.99
2025-07-06 05:00:00,88.3
2025-07-06 06:00:00,91.99
2025-07-06 07:00:00,114.3
2025-07-06 08:00:00,118.03
2025-07-06 09:00:00,121.23
2025-07-06 10:00:00,121.0
2025-07-06 11:00:00,120.71
2025-07-06 12:00:00,120.65
2025-07-06 13:00:00,120.65
2025-07-06 14:00:00,120.48
2025-07-06 15:00:00,120.48
2025-07-06 16:00:00,120.65
2025-07-06 17:00:00,135.31
2025-07-06 18:00:00,136.88
2025-07-06 19:00:00,135.34
2025-07-06 20:00:00,137.01
2025-07-06 21:00:00,121.23
2025-07-06 22:00:00,120.73
2025-07-06 23:00:00,121.0
2025-07-07 00:00:00,118.34
2025-07-07 01:00:00,114.82
2025-07-07 02:00:00,112.96
2025-07-07 03:00:00,92.88
2025-07-07 04:00:00,92.88
2025-07-07 05:00:00,92.88
2025-07-07 06:00:00,114.82
2025-07-07 07:00:00,118.36
2025-07-07 08:00:00,121.11
2025-07-07 09:00:00,125.93
2025-07-07 10:00:00,127.6
2025-07-07 11:00:00,130.48
2025-07-07 12:00:00,127.54
2025-07-07 13:00:00,134.39
2025-07-07 14:00:00,134.39
2025-07-07 15:00:00,151.58
2025-07-07 16:00:00,134.33
2025-07-07 17:00:00,134.3
2025-07-07 18:00:00,133.45
2025-07-07 19:00:00,133.59
2025-07-07 20:00:00,133.59
2025-07-07 21:00:00,133.45
2025-07-07 22:00:00,133.45
2025-07-07 23:00:00,121.05
2025-07-08 00:00:00,131.98
2025-07-08 01:00:00,115.01
2025-07-08 02:00:00,118.13
2025-07-08 03:00:00,111.29
2025-07-08 04:00:00,111.29
2025-07-08 05:00:00,113.15
2025-07-08 06:00:00,115.62
2025-07-08 07:00:00,121.05
2025-07-08 08:00:00,126.94
2025-07-08 09:00:00,127.15
2025-07-08 10:00:00,127.56
2025-07-08 11:00:00,127.53
2025-07-08 12:00:00,126.18
2025-07-08 13:00:00,142.79
2025-07-08 14:00:00,152.78
2025-07-08 15:00:00,153.06
2025-07-08 16:00:00,141.46
2025-07-08 17:00:00,135.41
2025-07-08 18:00:00,135.41
2025-07-08 19:00:00,135.41
2025-07-08 20:00:00,132.44
2025-07-08 21:00:00,133.12
2025-07-08 22:00:00,122.8
2025-07-08 23:00:00,122.24
2025-07-09 00:00:00,131.98
2025-07-09 01:00:00,114.03
2025-07-09 02:00:00,117.21
2025-07-09 03:00:00,112.17
2025-07-09 04:00:00,110.31
2025-07-09 05:00:00,114.03
2025-07-09 06:00:00,117.73
2025-07-09 07:00:00,120.78
2025-07-09 08:00:00,127.9
2025-07-09 09:00:00,127.61
2025-07-09 10:00:00,128.8
2025-07-09 11:00:00,128.46
2025-07-09 12:00:00,128.29
2025-07-09 13:00:00,143.81
2025-07-09 14:00:00,142.47
2025-07-09 15:00:00,159.98
2025-07-09 16:00:00,134.4
2025-07-09 17:00:00,134.39
2025-07-09 18:00:00,134.39
2025-07-09 19:00:00,134.39
2025-07-09 20:00:00,129.57
2025-07-09 21:00:00,123.15
2025-07-09 22:00:00,133.51
2025-07-09 23:00:00,122.14
2025-07-10 00:00:00,131.98
2025-07-10 01:00:00,113.74
2025-07-10 02:00:00,117.09
2025-07-10 03:00:00,111.88
2025-07-10 04:00:00,110.02
2025-07-10 05:00:00,113.74
2025-07-10 06:00:00,117.09
2025-07-10 07:00:00,120.73
2025-07-10 08:00:00,123.39
2025-07-10 09:00:00,127.31
2025-07-10 10:00:00,127.13
2025-07-10 11:00:00,143.51
2025-07-10 12:00:00,133.24
2025-07-10 13:00:00,133.24
2025-07-10 14:00:00,134.05
2025-07-10 15:00:00,156.91
2025-07-10 16:00:00,134.03
2025-07-10 17:00:00,133.98
2025-07-10 18:00:00,127.06
2025-07-10 19:00:00,133.9
2025-07-10 20:00:00,126.52
2025-07-10 21:00:00,121.15
2025-07-10 22:00:00,121.09
2025-07-10 23:00:00,121.09
2025-07-11 00:00:00,118.36
2025-07-11 01:00:00,115.01
2025-07-11 02:00:00,109.44
2025-07-11 03:00:00,92.84
2025-07-11 04:00:00,107.74
2025-07-11 05:00:00,109.44
2025-07-11 06:00:00,111.29
2025-07-11 07:00:00,121.8
2025-07-11 08:00:00,120.52
2025-07-11 09:00:00,121.38
2025-07-11 10:00:00,121.23
2025-07-11 11:00:00,121.68
2025-07-11 12:00:00,121.68
2025-07-11 13:00:00,144.2
2025-07-11 14:00:00,121.68
2025-07-11 15:00:00,125.89
2025-07-11 16:00:00,125.89
2025-07-11 17:00:00,125.71
2025-07-11 18:00:00,122.95
2025-07-11 19:00:00,136.02
2025-07-11 20:00:00,122.78
2025-07-11 21:00:00,121.65
2025-07-11 22:00:00,121.61
2025-07-11 23:00:00,121.62
2025-07-12 00:00:00,125.92
2025-07-12 01:00:00,122.2
2025-07-12 02:00:00,92.99
2025-07-12 03:00:00,89.84
2025-07-12 04:00:00,89.16
2025-07-12 05:00:00,92.58
2025-07-12 06:00:00,120.34
2025-07-12 07:00:00,122.47
2025-07-12 08:00:00,128.57
2025-07-12 09:00:00,118.07
2025-07-12 10:00:00,120.22
2025-07-12 11:00:00,120.22
2025-07-12 12:00:00,120.22
2025-07-12 13:00:00,123.33
2025-07-12 14:00:00,123.33
2025-07-12 15:00:00,123.33
2025-07-12 16:00:00,123.33
2025-07-12 17:00:00,135.27
2025-07-12 18:00:00,135.28
2025-07-12 19:00:00,136.3
2025-07-12 20:00:00,136.32
2025-07-12 21:00:00,136.12
2025-07-12 22:00:00,120.24
2025-07-12 23:00:00,119.91
2025-07-13 00:00:00,118.84
2025-07-13 01:00:00,93.42
2025-07-13 02:00:00,92.9
2025-07-13 03:00:00,90.81
2025-07-13 04:00:00,90.67
2025-07-13 05:00:00,90.81
2025-07-13 06:00:00,92.96
2025-07-13 07:00:00,114.52
2025-07-13 08:00:00,121.97
2025-07-13 09:00:00,121.8
2025-07-13 10:00:00,121.68
2025-07-13 11:00:00,121.51
2025-07-13 12:00:00,121.46
2025-07-13 13:00:00,128.74
2025-07-13 14:00:00,126.83
2025-07-13 15:00:00,127.0
2025-07-13 16:00:00,121.46
2025-07-13 17:00:00,131.78
2025-07-13 18:00:00,131.81
2025-07-13 19:00:00,121.97
2025-07-13 20:00:00,122.03
2025-07-13 21:00:00,122.2
2025-07-13 22:00:00,131.81
2025-07-13 23:00:00,118.84
2025-07-14 00:00:00,118.62
2025-07-14 01:00:00,113.98
2025-07-14 02:00:00,93.12
2025-07-14 03:00:00,92.67
2025-07-14 04:00:00,82.78
2025-07-14 05:00:00,92.62
2025-07-14 06:00:00,110.26
2025-07-14 07:00:00,115.84
2025-07-14 08:00:00,121.19
2025-07-14 09:00:00,121.83
2025-07-14 10:00:00,123.13
2025-07-14 11:00:00,123.0
2025-07-14 12:00:00,121.8
2025-07-14 13:00:00,123.05
2025-07-14 14:00:00,132.55
2025-07-14 15:00:00,132.55
2025-07-14 16:00:00,132.55
2025-07-14 17:00:00,132.97
2025-07-14 18:00:00,133.17
2025-07-14 19:00:00,135.28
2025-07-14 20:00:00,122.87
2025-07-14 21:00:00,121.65
2025-07-14 22:00:00,121.59
2025-07-14 23:00:00,121.58
2025-07-15 00:00:00,118.2
2025-07-15 01:00:00,92.0
2025-07-15 02:00:00,89.49
2025-07-15 03:00:00,90.04
2025-07-15 04:00:00,89.57
2025-07-15 05:00:00,89.4
2025-07-15 06:00:00,114.94
2025-07-15 07:00:00,122.41
2025-07-15 08:00:00,125.39
2025-07-15 09:00:00,127.79
2025-07-15 10:00:00,131.16
2025-07-15 11:00:00,128.8
2025-07-15 12:00:00,128.6
2025-07-15 13:00:00,130.22
2025-07-15 14:00:00,127.72
2025-07-15 15:00:00,127.72
2025-07-15 16:00:00,125.36
2025-07-15 17:00:00,125.35
2025-07-15 18:00:00,125.39
2025-07-15 19:00:00,133.41
2025-07-15 20:00:00,125.39
2025-07-15 21:00:00,125.39
2025-07-15 22:00:00,125.38
2025-07-15 23:00:00,121.05
2025-07-16 00:00:00,119.51
2025-07-16 01:00:00,92.62
2025-07-16 02:00:00,84.76
2025-07-16 03:00:00,85.32
2025-07-16 04:00:00,84.76
2025-07-16 05:00:00,85.57
2025-07-16 06:00:00,113.9
2025-07-16 07:00:00,117.61
2025-07-16 08:00:00,127.64
2025-07-16 09:00:00,133.62
2025-07-16 10:00:00,133.58
2025-07-16 11:00:00,133.58
2025-07-16 12:00:00,123.18
2025-07-16 13:00:00,133.58
2025-07-16 14:00:00,133.6
2025-07-16 15:00:00,133.6
2025-07-16 16:00:00,127.81
2025-07-16 17:00:00,127.81
2025-07-16 18:00:00,127.81
2025-07-16 19:00:00,135.45
2025-07-16 20:00:00,127.83
2025-07-16 21:00:00,127.81
2025-07-16 22:00:00,127.73
2025-07-16 23:00:00,115.76
2025-07-17 00:00:00,100.71
2025-07-17 01:00:00,92.94
2025-07-17 02:00:00,92.55
2025-07-17 03:00:00,92.64
2025-07-17 04:00:00,92.61
2025-07-17 05:00:00,92.64
2025-07-17 06:00:00,98.51
2025-07-17 07:00:00,100.71
2025-07-17 08:00:00,125.07
2025-07-17 09:00:00,125.07
2025-07-17 10:00:00,134.21
2025-07-17 11:00:00,134.21
2025-07-17 12:00:00,123.69
2025-07-17 13:00:00,134.21
2025-07-17 14:00:00,134.21
2025-07-17 15:00:00,134.21
2025-07-17 16:00:00,125.22
2025-07-17 17:00:00,125.38
2025-07-17 18:00:00,125.29
2025-07-17 19:00:00,135.51
2025-07-17 20:00:00,125.07
2025-07-17 21:00:00,125.03
2025-07-17 22:00:00,125.2
2025-07-17 23:00:00,109.54
2025-07-18 00:00:00,94.15
2025-07-18 01:00:00,93.08
2025-07-18 02:00:00,83.48
2025-07-18 03:00:00,83.48
2025-07-18 04:00:00,83.48
2025-07-18 05:00:00,92.61
2025-07-18 06:00:00,98.97
2025-07-18 07:00:00,99.93
2025-07-18 08:00:00,126.63
2025-07-18 09:00:00,134.74
2025-07-18 10:00:00,135.64
2025-07-18 11:00:00,134.61
2025-07-18 12:00:00,126.68
2025-07-18 13:00:00,134.66
2025-07-18 14:00:00,134.66
2025-07-18 15:00:00,134.4
2025-07-18 16:00:00,131.25
2025-07-18 17:00:00,131.25
2025-07-18 18:00:00,118.11
2025-07-18 19:00:00,118.09
2025-07-18 20:00:00,118.07
2025-07-18 21:00:00,118.07
2025-07-18 22:00:00,107.9
2025-07-18 23:00:00,93.44
2025-07-19 00:00:00,94.2
2025-07-19 01:00:00,83.45
2025-07-19 02:00:00,81.01
2025-07-19 03:00:00,81.01
2025-07-19 04:00:00,81.01
2025-07-19 05:00:00,81.01
2025-07-19 06:00:00,81.01
2025-07-19 07:00:00,81.01
2025-07-19 08:00:00,93.11
2025-07-19 09:00:00,99.99
2025-07-19 10:00:00,120.72
2025-07-19 11:00:00,120.73
2025-07-19 12:00:00,123.62
2025-07-19 13:00:00,123.81
2025-07-19 14:00:00,123.26
2025-07-19 15:00:00,120.73
2025-07-19 16:00:00,120.71
2025-07-19 17:00:00,111.58
2025-07-19 18:00:00,111.61
2025-07-19 19:00:00,111.97
2025-07-19 20:00:00,111.17
2025-07-19 21:00:00,100.0
2025-07-19 22:00:00,99.57
2025-07-19 23:00:00,93.76
2025-07-20 00:00:00,100.05
2025-07-20 01:00:00,81.64
2025-07-20 02:00:00,79.27
2025-07-20 03:00:00,77.73
2025-07-20 04:00:00,79.38
2025-07-20 05:00:00,79.38
2025-07-20 06:00:00,79.38
2025-07-20 07:00:00,79.38
2025-07-20 08:00:00,93.33
2025-07-20 09:00:00,93.97
2025-07-20 10:00:00,101.44
2025-07-20 11:00:00,118.41
2025-07-20 12:00:00,118.43
2025-07-20 13:00:00,121.92
2025-07-20 14:00:00,121.92
2025-07-20 15:00:00,121.92
2025-07-20 16:00:00,121.9
2025-07-20 17:00:00,121.86
2025-07-20 18:00:00,121.86
2025-07-20 19:00:00,136.05
2025-07-20 20:00:00,136.21
2025-07-20 21:00:00,135.94
2025-07-20 22:00:00,101.48
2025-07-20 23:00:00,100.54
2025-07-21 00:00:00,118.53
2025-07-21 01:00:00,81.37
2025-07-21 02:00:00,80.72
2025-07-21 03:00:00,79.9
2025-07-21 04:00:00,79.9
2025-07-21 05:00:00,79.9
2025-07-21 06:00:00,93.11
2025-07-21 07:00:00,118.53
2025-07-21 08:00:00,121.48
2025-07-21 09:00:00,122.91
2025-07-21 10:00:00,124.24
2025-07-21 11:00:00,125.48
2025-07-21 12:00:00,124.24
2025-07-21 13:00:00,131.39
2025-07-21 14:00:00,155.93
2025-07-21 15:00:00,133.36
2025-07-21 16:00:00,133.36
2025-07-21 17:00:00,133.36
2025-07-21 18:00:00,124.24
2025-07-21 19:00:00,135.23
2025-07-21 20:00:00,121.97
2025-07-21 21:00:00,133.84
2025-07-21 22:00:00,121.78
2025-07-21 23:00:00,121.75
2025-07-22 00:00:00,125.12
2025-07-22 01:00:00,114.68
2025-07-22 02:00:00,92.69
2025-07-22 03:00:00,91.62
2025-07-22 04:00:00,90.53
2025-07-22 05:00:00,91.62
2025-07-22 06:00:00,110.96
2025-07-22 07:00:00,118.4
2025-07-22 08:00:00,119.89
2025-07-22 09:00:00,121.17
2025-07-22 10:00:00,125.83
2025-07-22 11:00:00,127.06
2025-07-22 12:00:00,121.84
2025-07-22 13:00:00,125.88
2025-07-22 14:00:00,126.03
2025-07-22 15:00:00,147.3
2025-07-22 16:00:00,132.44
2025-07-22 17:00:00,147.3
2025-07-22 18:00:00,147.3
2025-07-22 19:00:00,136.12
2025-07-22 20:00:00,132.43
2025-07-22 21:00:00,132.24
2025-07-22 22:00:00,121.15
2025-07-22 23:00:00,121.15
2025-07-23 00:00:00,100.65
2025-07-23 01:00:00,93.05
2025-07-23 02:00:00,93.05
2025-07-23 03:00:00,92.45
2025-07-23 04:00:00,83.48
2025-07-23 05:00:00,92.84
2025-07-23 06:00:00,93.04
2025-07-23 07:00:00,99.57
2025-07-23 08:00:00,119.01
2025-07-23 09:00:00,120.57
2025-07-23 10:00:00,121.29
2025-07-23 11:00:00,128.1
2025-07-23 12:00:00,123.38
2025-07-23 13:00:00,124.73
2025-07-23 14:00:00,151.6
2025-07-23 15:00:00,151.61
2025-07-23 16:00:00,135.71
2025-07-23 17:00:00,132.98
2025-07-23 18:00:00,133.25
2025-07-23 19:00:00,133.25
2025-07-23 20:00:00,133.25
2025-07-23 21:00:00,133.25
2025-07-23 22:00:00,117.12
2025-07-23 23:00:00,116.26
2025-07-24 00:00:00,100.78
2025-07-24 01:00:00,93.06
2025-07-24 02:00:00,92.97
2025-07-24 03:00:00,82.17
2025-07-24 04:00:00,82.17
2025-07-24 05:00:00,92.57
2025-07-24 06:00:00,93.22
2025-07-24 07:00:00,100.31
2025-07-24 08:00:00,119.36
2025-07-24 09:00:00,121.21
2025-07-24 10:00:00,124.27
2025-07-24 11:00:00,124.17
2025-07-24 12:00:00,120.31
2025-07-24 13:00:00,124.06
2025-07-24 14:00:00,124.81
2025-07-24 15:00:00,136.91
2025-07-24 16:00:00,136.91
2025-07-24 17:00:00,135.29
2025-07-24 18:00:00,135.73
2025-07-24 19:00:00,135.73
2025-07-24 20:00:00,135.73
2025-07-24 21:00:00,121.88
2025-07-24 22:00:00,117.56
2025-07-24 23:00:00,116.7
2025-07-25 00:00:00,100.34
2025-07-25 01:00:00,93.13
2025-07-25 02:00:00,88.18
2025-07-25 03:00:00,86.07
2025-07-25 04:00:00,83.18
2025-07-25 05:00:00,85.41
2025-07-25 06:00:00,93.36
2025-07-25 07:00:00,99.3
2025-07-25 08:00:00,116.91
2025-07-25 09:00:00,122.02
2025-07-25 10:00:00,123.82
2025-07-25 11:00:00,127.6
2025-07-25 12:00:00,122.49
2025-07-25 13:00:00,126.48
2025-07-25 14:00:00,130.7
2025-07-25 15:00:00,135.46
2025-07-25 16:00:00,135.46
2025-07-25 17:00:00,135.57
2025-07-25 18:00:00,135.89
2025-07-25 19:00:00,135.89
2025-07-25 20:00:00,122.14
2025-07-25 21:00:00,121.72
2025-07-25 22:00:00,121.34
2025-07-25 23:00:00,121.34
2025-07-26 00:00:00,116.27
2025-07-26 01:00:00,118.25
2025-07-26 02:00:00,114.99
2025-07-26 03:00:00,92.56
2025-07-26 04:00:00,92.65
2025-07-26 05:00:00,112.54
2025-07-26 06:00:00,116.27
2025-07-26 07:00:00,119.39
2025-07-26 08:00:00,119.11
2025-07-26 09:00:00,118.94
2025-07-26 10:00:00,120.32
2025-07-26 11:00:00,120.72
2025-07-26 12:00:00,120.72
2025-07-26 13:00:00,123.96
2025-07-26 14:00:00,123.96
2025-07-26 15:00:00,123.96
2025-07-26 16:00:00,123.96
2025-07-26 17:00:00,138.6
2025-07-26 18:00:00,138.34
2025-07-26 19:00:00,123.9
2025-07-26 20:00:00,123.92
2025-07-26 21:00:00,120.32
2025-07-26 22:00:00,130.99
2025-07-26 23:00:00,130.67
2025-07-27 00:00:00,117.57
2025-07-27 01:00:00,117.57
2025-07-27 02:00:00,93.31
2025-07-27 03:00:00,91.17
2025-07-27 04:00:00,88.49
2025-07-27 05:00:00,90.97
2025-07-27 06:00:00,93.32
2025-07-27 07:00:00,117.57
2025-07-27 08:00:00,120.42
2025-07-27 09:00:00,120.25
2025-07-27 10:00:00,127.79
2025-07-27 11:00:00,120.02
2025-07-27 12:00:00,120.02
2025-07-27 13:00:00,123.71
2025-07-27 14:00:00,123.71
2025-07-27 15:00:00,131.11
2025-07-27 16:00:00,123.7
2025-07-27 17:00:00,123.69
2025-07-27 18:00:00,130.45
2025-07-27 19:00:00,145.68
2025-07-27 20:00:00,124.94
2025-07-27 21:00:00,120.54
2025-07-27 22:00:00,120.71
2025-07-27 23:00:00,120.71
2025-07-28 00:00:00,97.13
2025-07-28 01:00:00,96.44
2025-07-28 02:00:00,81.17
2025-07-28 03:00:00,81.17
2025-07-28 04:00:00,81.17
2025-07-28 05:00:00,91.55
2025-07-28 06:00:00,98.74
2025-07-28 07:00:00,99.66
2025-07-28 08:00:00,120.62
2025-07-28 09:00:00,121.22
2025-07-28 10:00:00,122.51
2025-07-28 11:00:00,123.32
2025-07-28 12:00:00,123.24
2025-07-28 13:00:00,123.26
2025-07-28 14:00:00,132.33
2025-07-28 15:00:00,134.95
2025-07-28 16:00:00,134.95
2025-07-28 17:00:00,134.95
2025-07-28 18:00:00,135.09
2025-07-28 19:00:00,135.22
2025-07-28 20:00:00,135.22
2025-07-28 21:00:00,122.82
2025-07-28 22:00:00,122.73
2025-07-28 23:00:00,122.71
2025-07-29 00:00:00,108.83
2025-07-29 01:00:00,96.44
2025-07-29 02:00:00,92.0
2025-07-29 03:00:00,91.07
2025-07-29 04:00:00,92.0
2025-07-29 05:00:00,93.98
2025-07-29 06:00:00,98.82
2025-07-29 07:00:00,120.91
2025-07-29 08:00:00,120.66
2025-07-29 09:00:00,121.23
2025-07-29 10:00:00,125.21
2025-07-29 11:00:00,128.65
2025-07-29 12:00:00,128.57
2025-07-29 13:00:00,133.0
2025-07-29 14:00:00,133.0
2025-07-29 15:00:00,147.25
2025-07-29 16:00:00,147.25
2025-07-29 17:00:00,133.11
2025-07-29 18:00:00,133.43
2025-07-29 19:00:00,133.43
2025-07-29 20:00:00,133.43
2025-07-29 21:00:00,121.43
2025-07-29 22:00:00,120.67
2025-07-29 23:00:00,120.34
2025-07-30 00:00:00,132.02
2025-07-30 01:00:00,113.0
2025-07-30 02:00:00,114.86
2025-07-30 03:00:00,109.28
2025-07-30 04:00:00,109.28
2025-07-30 05:00:00,111.14
2025-07-30 06:00:00,121.18
2025-07-30 07:00:00,120.66
2025-07-30 08:00:00,119.39
2025-07-30 09:00:00,125.4
2025-07-30 10:00:00,128.22
2025-07-30 11:00:00,130.06
2025-07-30 12:00:00,127.34
2025-07-30 13:00:00,128.47
2025-07-30 14:00:00,133.95
2025-07-30 15:00:00,133.95
2025-07-30 16:00:00,133.94
2025-07-30 17:00:00,133.89
2025-07-30 18:00:00,128.82
2025-07-30 19:00:00,128.97
2025-07-30 20:00:00,125.99
2025-07-30 21:00:00,122.59
2025-07-30 22:00:00,121.08
2025-07-30 23:00:00,119.1
2025-07-31 00:00:00,117.02
2025-07-31 01:00:00,115.16
2025-07-31 02:00:00,92.82
2025-07-31 03:00:00,92.82
2025-07-31 04:00:00,92.82
2025-07-31 05:00:00,92.78
2025-07-31 06:00:00,121.05
2025-07-31 07:00:00,120.54
2025-07-31 08:00:00,119.86
2025-07-31 09:00:00,122.42
2025-07-31 10:00:00,126.92
2025-07-31 11:00:00,126.92
2025-07-31 12:00:00,121.92
2025-07-31 13:00:00,128.14
2025-07-31 14:00:00,128.14
2025-07-31 15:00:00,134.9
2025-07-31 16:00:00,134.9
2025-07-31 17:00:00,134.9
2025-07-31 18:00:00,135.22
2025-07-31 19:00:00,135.22
2025-07-31 20:00:00,135.22
2025-07-31 21:00:00,119.77
2025-07-31 22:00:00,119.86
2025-07-31 23:00:00,119.97
2025-08-01 00:00:00,116.19
2025-08-01 01:00:00,113.1
2025-08-01 02:00:00,113.1
2025-08-01 03:00:00,109.42
2025-08-01 04:00:00,111.26
2025-08-01 05:00:00,113.1
2025-08-01 06:00:00,113.1
2025-08-01 07:00:00,119.33
2025-08-01 08:00:00,119.15
2025-08-01 09:00:00,119.04
2025-08-01 10:00:00,118.97
2025-08-01 11:00:00,120.34
2025-08-01 12:00:00,120.34
2025-08-01 13:00:00,120.34
2025-08-01 14:00:00,126.65
2025-08-01 15:00:00,129.98
2025-08-01 16:00:00,133.81
2025-08-01 17:00:00,133.81
2025-08-01 18:00:00,134.24
2025-08-01 19:00:00,134.24
2025-08-01 20:00:00,134.24
2025-08-01 21:00:00,117.0
2025-08-01 22:00:00,116.94
2025-08-01 23:00:00,116.92
2025-08-02 00:00:00,115.5
2025-08-02 01:00:00,115.5
2025-08-02 02:00:00,113.48
2025-08-02 03:00:00,111.64
2025-08-02 04:00:00,111.64
2025-08-02 05:00:00,111.64
2025-08-02 06:00:00,113.48
2025-08-02 07:00:00,115.32
2025-08-02 08:00:00,116.29
2025-08-02 09:00:00,116.93
2025-08-02 10:00:00,122.45
2025-08-02 11:00:00,122.55
2025-08-02 12:00:00,123.5
2025-08-02 13:00:00,123.5
2025-08-02 14:00:00,123.41
2025-08-02 15:00:00,122.41
2025-08-02 16:00:00,118.12
2025-08-02 17:00:00,118.29
2025-08-02 18:00:00,122.11
2025-08-02 19:00:00,147.41
2025-08-02 20:00:00,140.05
2025-08-02 21:00:00,120.06
2025-08-02 22:00:00,116.93
2025-08-02 23:00:00,116.87
2025-08-03 00:00:00,115.93
2025-08-03 01:00:00,116.11
2025-08-03 02:00:00,115.93
2025-08-03 03:00:00,108.55
2025-08-03 04:00:00,76.5
2025-08-03 05:00:00,108.95
2025-08-03 06:00:00,115.93
2025-08-03 07:00:00,114.09
2025-08-03 08:00:00,115.93
2025-08-03 09:00:00,116.9
2025-08-03 10:00:00,116.73
2025-08-03 11:00:00,118.18
2025-08-03 12:00:00,125.37
2025-08-03 13:00:00,125.89
2025-08-03 14:00:00,122.95
2025-08-03 15:00:00,122.4
2025-08-03 16:00:00,120.45
2025-08-03 17:00:00,120.51
2025-08-03 18:00:00,139.25
2025-08-03 19:00:00,132.62
2025-08-03 20:00:00,132.0
2025-08-03 21:00:00,122.38
2025-08-03 22:00:00,156.78
2025-08-03 23:00:00,117.41
2025-08-04 00:00:00,116.43
2025-08-04 01:00:00,114.79
2025-08-04 02:00:00,112.95
2025-08-04 03:00:00,107.44
2025-08-04 04:00:00,88.57
2025-08-04 05:00:00,107.44
2025-08-04 06:00:00,118.82
2025-08-04 07:00:00,118.82
2025-08-04 08:00:00,119.09
2025-08-04 09:00:00,120.23
2025-08-04 10:00:00,150.33
2025-08-04 11:00:00,128.82
2025-08-04 12:00:00,122.33
2025-08-04 13:00:00,128.76
2025-08-04 14:00:00,130.31
2025-08-04 15:00:00,130.31
2025-08-04 16:00:00,130.36
2025-08-04 17:00:00,130.66
2025-08-04 18:00:00,131.69
2025-08-04 19:00:00,131.69
2025-08-04 20:00:00,128.76
2025-08-04 21:00:00,119.08
2025-08-04 22:00:00,119.08
2025-08-04 23:00:00,118.77
2025-08-05 00:00:00,115.29
2025-08-05 01:00:00,76.29
2025-08-05 02:00:00,75.82
2025-08-05 03:00:00,75.82
2025-08-05 04:00:00,75.82
2025-08-05 05:00:00,75.82
2025-08-05 06:00:00,115.29
2025-08-05 07:00:00,118.44
2025-08-05 08:00:00,118.38
2025-08-05 09:00:00,118.38
2025-08-05 10:00:00,118.21
2025-08-05 11:00:00,119.75
2025-08-05 12:00:00,118.61
2025-08-05 13:00:00,118.13
2025-08-05 14:00:00,120.77
2025-08-05 15:00:00,124.83
2025-08-05 16:00:00,125.05
2025-08-05 17:00:00,125.18
2025-08-05 18:00:00,125.12
2025-08-05 19:00:00,125.04
2025-08-05 20:00:00,119.21
2025-08-05 21:00:00,118.44
2025-08-05 22:00:00,118.61
2025-08-05 23:00:00,118.61
2025-08-06 00:00:00,114.95
2025-08-06 01:00:00,84.4
2025-08-06 02:00:00,84.38
2025-08-06 03:00:00,84.37
2025-08-06 04:00:00,84.38
2025-08-06 05:00:00,84.36
2025-08-06 06:00:00,116.04
2025-08-06 07:00:00,118.27
2025-08-06 08:00:00,127.74
2025-08-06 09:00:00,118.97
2025-08-06 10:00:00,118.97
2025-08-06 11:00:00,118.97
2025-08-06 12:00:00,118.1
2025-08-06 13:00:00,120.38
2025-08-06 14:00:00,125.52
2025-08-06 15:00:00,135.43
2025-08-06 16:00:00,123.62
2025-08-06 17:00:00,119.69
2025-08-06 18:00:00,119.64
2025-08-06 19:00:00,119.64
2025-08-06 20:00:00,119.21
2025-08-06 21:00:00,119.6
2025-08-06 22:00:00,118.27
2025-08-06 23:00:00,118.43
2025-08-07 00:00:00,114.5
2025-08-07 01:00:00,85.47
2025-08-07 02:00:00,81.87
2025-08-07 03:00:00,81.87
2025-08-07 04:00:00,81.87
2025-08-07 05:00:00,81.87
2025-08-07 06:00:00,114.5
2025-08-07 07:00:00,120.01
2025-08-07 08:00:00,123.19
2025-08-07 09:00:00,121.26
2025-08-07 10:00:00,124.25
2025-08-07 11:00:00,124.25
2025-08-07 12:00:00,120.98
2025-08-07 13:00:00,124.25
2025-08-07 14:00:00,124.25
2025-08-07 15:00:00,124.25
2025-08-07 16:00:00,130.86
2025-08-07 17:00:00,134.89
2025-08-07 18:00:00,133.65
2025-08-07 19:00:00,132.84
2025-08-07 20:00:00,132.84
2025-08-07 21:00:00,132.84
2025-08-07 22:00:00,121.66
2025-08-07 23:00:00,118.18
2025-08-08 00:00:00,115.07
2025-08-08 01:00:00,113.24
2025-08-08 02:00:00,109.56
2025-08-08 03:00:00,84.37
2025-08-08 04:00:00,84.37
2025-08-08 05:00:00,84.37
2025-08-08 06:00:00,109.9
2025-08-08 07:00:00,117.54
2025-08-08 08:00:00,118.39
2025-08-08 09:00:00,133.53
2025-08-08 10:00:00,133.66
2025-08-08 11:00:00,117.99
2025-08-08 12:00:00,117.88
2025-08-08 13:00:00,117.88
2025-08-08 14:00:00,119.92
2025-08-08 15:00:00,120.17
2025-08-08 16:00:00,120.17
2025-08-08 17:00:00,120.17
2025-08-08 18:00:00,133.08
2025-08-08 19:00:00,133.21
2025-08-08 20:00:00,133.21
2025-08-08 21:00:00,118.56
2025-08-08 22:00:00,118.56
2025-08-08 23:00:00,118.56
2025-08-09 00:00:00,117.4
2025-08-09 01:00:00,115.99
2025-08-09 02:00:00,113.28
2025-08-09 03:00:00,78.56
2025-08-09 04:00:00,78.56
2025-08-09 05:00:00,78.56
2025-08-09 06:00:00,78.56
2025-08-09 07:00:00,116.56
2025-08-09 08:00:00,118.82
2025-08-09 09:00:00,121.37
2025-08-09 10:00:00,121.24
2025-08-09 11:00:00,121.24
2025-08-09 12:00:00,121.24
2025-08-09 13:00:00,121.24
2025-08-09 14:00:00,154.75
2025-08-09 15:00:00,121.37
2025-08-09 16:00:00,121.5
2025-08-09 17:00:00,118.82
2025-08-09 18:00:00,121.5
2025-08-09 19:00:00,121.55
2025-08-09 20:00:00,121.55
2025-08-09 21:00:00,118.82
2025-08-09 22:00:00,119.5
2025-08-09 23:00:00,118.82
2025-08-10 00:00:00,119.26
2025-08-10 01:00:00,79.57
2025-08-10 02:00:00,77.29
2025-08-10 03:00:00,76.5
2025-08-10 04:00:00,76.5
2025-08-10 05:00:00,76.5
2025-08-10 06:00:00,76.5
2025-08-10 07:00:00,76.5
2025-08-10 08:00:00,76.5
2025-08-10 09:00:00,119.47
2025-08-10 10:00:00,120.89
2025-08-10 11:00:00,123.06
2025-08-10 12:00:00,122.93
2025-08-10 13:00:00,122.93
2025-08-10 14:00:00,122.88
2025-08-10 15:00:00,122.88
2025-08-10 16:00:00,122.93
2025-08-10 17:00:00,159.63
2025-08-10 18:00:00,123.14
2025-08-10 19:00:00,123.32
2025-08-10 20:00:00,123.32
2025-08-10 21:00:00,121.86
2025-08-10 22:00:00,120.89
2025-08-10 23:00:00,120.89
2025-08-11 00:00:00,117.09
2025-08-11 01:00:00,75.19
2025-08-11 02:00:00,75.19
2025-08-11 03:00:00,75.19
2025-08-11 04:00:00,75.19
2025-08-11 05:00:00,75.12
2025-08-11 06:00:00,75.19
2025-08-11 07:00:00,118.5
2025-08-11 08:00:00,118.5
2025-08-11 09:00:00,120.92
2025-08-11 10:00:00,120.92
2025-08-11 11:00:00,120.92
2025-08-11 12:00:00,120.48
2025-08-11 13:00:00,120.48
2025-08-11 14:00:00,149.52
2025-08-11 15:00:00,120.48
2025-08-11 16:00:00,122.04
2025-08-11 17:00:00,122.04
2025-08-11 18:00:00,132.23
2025-08-11 19:00:00,130.98
2025-08-11 20:00:00,120.92
2025-08-11 21:00:00,120.92
2025-08-11 22:00:00,120.92
2025-08-11 23:00:00,118.5
2025-08-12 00:00:00,118.26
2025-08-12 01:00:00,84.35
2025-08-12 02:00:00,84.34
2025-08-12 03:00:00,84.33
2025-08-12 04:00:00,84.34
2025-08-12 05:00:00,84.35
2025-08-12 06:00:00,95.63
2025-08-12 07:00:00,118.33
2025-08-12 08:00:00,119.27
2025-08-12 09:00:00,125.52
2025-08-12 10:00:00,125.59
2025-08-12 11:00:00,125.59
2025-08-12 12:00:00,125.5
2025-08-12 13:00:00,125.51
2025-08-12 14:00:00,119.52
2025-08-12 15:00:00,128.39
2025-08-12 16:00:00,119.56
2025-08-12 17:00:00,119.56
2025-08-12 18:00:00,120.26
2025-08-12 19:00:00,120.28
2025-08-12 20:00:00,119.27
2025-08-12 21:00:00,119.27
2025-08-12 22:00:00,119.4
2025-08-12 23:00:00,116.85
2025-08-13 00:00:00,109.8
2025-08-13 01:00:00,97.86
2025-08-13 02:00:00,96.02
2025-08-13 03:00:00,90.51
2025-08-13 04:00:00,84.24
2025-08-13 05:00:00,84.24
2025-08-13 06:00:00,109.29
2025-08-13 07:00:00,116.93
2025-08-13 08:00:00,115.1
2025-08-13 09:00:00,131.69
2025-08-13 10:00:00,131.69
2025-08-13 11:00:00,120.83
2025-08-13 12:00:00,120.68
2025-08-13 13:00:00,120.68
2025-08-13 14:00:00,117.91
2025-08-13 15:00:00,117.91
2025-08-13 16:00:00,119.4
2025-08-13 17:00:00,117.91
2025-08-13 18:00:00,117.91
2025-08-13 19:00:00,117.91
2025-08-13 20:00:00,120.0
2025-08-13 21:00:00,116.65
2025-08-13 22:00:00,116.43
2025-08-13 23:00:00,116.43
2025-08-14 00:00:00,115.01
2025-08-14 01:00:00,113.17
2025-08-14 02:00:00,113.17
2025-08-14 03:00:00,113.17
2025-08-14 04:00:00,107.66
2025-08-14 05:00:00,84.24
2025-08-14 06:00:00,119.66
2025-08-14 07:00:00,120.16
2025-08-14 08:00:00,116.65
2025-08-14 09:00:00,118.02
2025-08-14 10:00:00,118.95
2025-08-14 11:00:00,120.34
2025-08-14 12:00:00,120.34
2025-08-14 13:00:00,153.99
2025-08-14 14:00:00,118.02
2025-08-14 15:00:00,118.02
2025-08-14 16:00:00,118.95
2025-08-14 17:00:00,120.2
2025-08-14 18:00:00,132.11
2025-08-14 19:00:00,132.11
2025-08-14 20:00:00,117.43
2025-08-14 21:00:00,116.68
2025-08-14 22:00:00,120.16
2025-08-14 23:00:00,116.65
2025-08-15 00:00:00,114.99
2025-08-15 01:00:00,114.99
2025-08-15 02:00:00,116.83
2025-08-15 03:00:00,111.29
2025-08-15 04:00:00,111.29
2025-08-15 05:00:00,111.29
2025-08-15 06:00:00,114.99
2025-08-15 07:00:00,117.35
2025-08-15 08:00:00,114.99
2025-08-15 09:00:00,118.14
2025-08-15 10:00:00,118.09
2025-08-15 11:00:00,117.92
2025-08-15 12:00:00,117.92
2025-08-15 13:00:00,117.82
2025-08-15 14:00:00,117.82
2025-08-15 15:00:00,117.82
2025-08-15 16:00:00,117.8
2025-08-15 17:00:00,117.92
2025-08-15 18:00:00,125.51
2025-08-15 19:00:00,125.88
2025-08-15 20:00:00,119.32
2025-08-15 21:00:00,134.46
2025-08-15 22:00:00,120.1
2025-08-15 23:00:00,116.83
2025-08-16 00:00:00,115.86
2025-08-16 01:00:00,114.02
2025-08-16 02:00:00,117.67
2025-08-16 03:00:00,110.85
2025-08-16 04:00:00,77.24
2025-08-16 05:00:00,77.18
2025-08-16 06:00:00,77.18
2025-08-16 07:00:00,115.86
2025-08-16 08:00:00,115.86
2025-08-16 09:00:00,118.84
2025-08-16 10:00:00,117.7
2025-08-16 11:00:00,118.84
2025-08-16 12:00:00,118.44
2025-08-16 13:00:00,118.44
2025-08-16 14:00:00,118.44
2025-08-16 15:00:00,118.44
2025-08-16 16:00:00,118.44
2025-08-16 17:00:00,118.44
2025-08-16 18:00:00,118.84
2025-08-16 19:00:00,118.84
2025-08-16 20:00:00,118.84
2025-08-16 21:00:00,117.7
2025-08-16 22:00:00,118.84
2025-08-16 23:00:00,117.7
2025-08-17 00:00:00,117.46
2025-08-17 01:00:00,118.98
2025-08-17 02:00:00,113.96
2025-08-17 03:00:00,77.12
2025-08-17 04:00:00,114.22
2025-08-17 05:00:00,77.12
2025-08-17 06:00:00,76.63
2025-08-17 07:00:00,116.06
2025-08-17 08:00:00,115.92
2025-08-17 09:00:00,121.01
2025-08-17 10:00:00,121.01
2025-08-17 11:00:00,121.01
2025-08-17 12:00:00,120.5
2025-08-17 13:00:00,120.5
2025-08-17 14:00:00,120.5
2025-08-17 15:00:00,120.5
2025-08-17 16:00:00,120.5
2025-08-17 17:00:00,119.75
2025-08-17 18:00:00,121.01
2025-08-17 19:00:00,121.01
2025-08-17 20:00:00,121.01
2025-08-17 21:00:00,121.01
2025-08-17 22:00:00,118.43
2025-08-17 23:00:00,116.06
2025-08-18 00:00:00,115.59
2025-08-18 01:00:00,76.45
2025-08-18 02:00:00,76.45
2025-08-18 03:00:00,76.45
2025-08-18 04:00:00,76.45
2025-08-18 05:00:00,76.45
2025-08-18 06:00:00,76.45
2025-08-18 07:00:00,115.59
2025-08-18 08:00:00,118.73
2025-08-18 09:00:00,118.73
2025-08-18 10:00:00,118.73
2025-08-18 11:00:00,118.73
2025-08-18 12:00:00,118.22
2025-08-18 13:00:00,118.22
2025-08-18 14:00:00,121.37
2025-08-18 15:00:00,135.15
2025-08-18 16:00:00,123.69
2025-08-18 17:00:00,124.48
2025-08-18 18:00:00,124.51
2025-08-18 19:00:00,124.13
2025-08-18 20:00:00,119.4
2025-08-18 21:00:00,131.6
2025-08-18 22:00:00,118.73
2025-08-18 23:00:00,118.73
2025-08-19 00:00:00,130.16
2025-08-19 01:00:00,111.48
2025-08-19 02:00:00,111.48
2025-08-19 03:00:00,110.88
2025-08-19 04:00:00,111.48
2025-08-19 05:00:00,111.48
2025-08-19 06:00:00,117.11
2025-08-19 07:00:00,119.31
2025-08-19 08:00:00,119.09
2025-08-19 09:00:00,120.22
2025-08-19 10:00:00,129.2
2025-08-19 11:00:00,121.35
2025-08-19 12:00:00,121.11
2025-08-19 13:00:00,130.49
2025-08-19 14:00:00,131.24
2025-08-19 15:00:00,131.24
2025-08-19 16:00:00,131.85
2025-08-19 17:00:00,132.46
2025-08-19 18:00:00,131.85
2025-08-19 19:00:00,131.72
2025-08-19 20:00:00,131.72
2025-08-19 21:00:00,121.15
2025-08-19 22:00:00,121.09
2025-08-19 23:00:00,118.53
2025-08-20 00:00:00,110.18
2025-08-20 01:00:00,99.91
2025-08-20 02:00:00,95.34
2025-08-20 03:00:00,90.51
2025-08-20 04:00:00,90.51
2025-08-20 05:00:00,84.24
2025-08-20 06:00:00,114.7
2025-08-20 07:00:00,122.68
2025-08-20 08:00:00,115.47
2025-08-20 09:00:00,118.17
2025-08-20 10:00:00,118.26
2025-08-20 11:00:00,120.83
2025-08-20 12:00:00,118.22
2025-08-20 13:00:00,120.68
2025-08-20 14:00:00,121.8
2025-08-20 15:00:00,125.84
2025-08-20 16:00:00,131.4
2025-08-20 17:00:00,131.53
2025-08-20 18:00:00,131.84
2025-08-20 19:00:00,131.91
2025-08-20 20:00:00,118.79
2025-08-20 21:00:00,118.04
2025-08-20 22:00:00,115.87
2025-08-20 23:00:00,115.16
2025-08-21 00:00:00,110.12
2025-08-21 01:00:00,99.89
2025-08-21 02:00:00,92.58
2025-08-21 03:00:00,90.51
2025-08-21 04:00:00,88.27
2025-08-21 05:00:00,90.89
2025-08-21 06:00:00,114.84
2025-08-21 07:00:00,119.41
2025-08-21 08:00:00,115.09
2025-08-21 09:00:00,119.74
2025-08-21 10:00:00,119.78
2025-08-21 11:00:00,121.1
2025-08-21 12:00:00,119.78
2025-08-21 13:00:00,121.6
2025-08-21 14:00:00,121.96
2025-08-21 15:00:00,121.4
2025-08-21 16:00:00,132.45
2025-08-21 17:00:00,134.3
2025-08-21 18:00:00,134.73
2025-08-21 19:00:00,134.73
2025-08-21 20:00:00,134.73
2025-08-21 21:00:00,121.1
2025-08-21 22:00:00,118.94
2025-08-21 23:00:00,118.62
2025-08-22 00:00:00,124.24
2025-08-22 01:00:00,111.99
2025-08-22 02:00:00,110.68
2025-08-22 03:00:00,108.31
2025-08-22 04:00:00,108.42
2025-08-22 05:00:00,108.84
2025-08-22 06:00:00,111.65
2025-08-22 07:00:00,117.45
2025-08-22 08:00:00,117.27
2025-08-22 09:00:00,119.81
2025-08-22 10:00:00,119.85
2025-08-22 11:00:00,121.02
2025-08-22 12:00:00,120.24
2025-08-22 13:00:00,122.26
2025-08-22 14:00:00,122.3
2025-08-22 15:00:00,128.8
2025-08-22 16:00:00,123.0
2025-08-22 17:00:00,122.7
2025-08-22 18:00:00,140.05
2025-08-22 19:00:00,136.87
2025-08-22 20:00:00,134.15
2025-08-22 21:00:00,119.86
2025-08-22 22:00:00,121.65
2025-08-22 23:00:00,121.59
2025-08-23 00:00:00,117.47
2025-08-23 01:00:00,112.32
2025-08-23 02:00:00,112.32
2025-08-23 03:00:00,84.66
2025-08-23 04:00:00,84.66
2025-08-23 05:00:00,84.66
2025-08-23 06:00:00,84.66
2025-08-23 07:00:00,114.16
2025-08-23 08:00:00,116.0
2025-08-23 09:00:00,116.54
2025-08-23 10:00:00,116.8
2025-08-23 11:00:00,116.8
2025-08-23 12:00:00,117.31
2025-08-23 13:00:00,117.31
2025-08-23 14:00:00,117.31
2025-08-23 15:00:00,117.31
2025-08-23 16:00:00,116.8
2025-08-23 17:00:00,117.31
2025-08-23 18:00:00,134.48
2025-08-23 19:00:00,134.48
2025-08-23 20:00:00,134.48
2025-08-23 21:00:00,121.97
2025-08-23 22:00:00,121.97
2025-08-23 23:00:00,121.65
2025-08-24 00:00:00,115.13
2025-08-24 01:00:00,115.13
2025-08-24 02:00:00,112.77
2025-08-24 03:00:00,115.13
2025-08-24 04:00:00,111.44
2025-08-24 05:00:00,109.59
2025-08-24 06:00:00,113.28
2025-08-24 07:00:00,115.13
2025-08-24 08:00:00,115.13
2025-08-24 09:00:00,117.94
2025-08-24 10:00:00,117.77
2025-08-24 11:00:00,117.72
2025-08-24 12:00:00,117.72
2025-08-24 13:00:00,117.72
2025-08-24 14:00:00,117.72
2025-08-24 15:00:00,117.72
2025-08-24 16:00:00,117.72
2025-08-24 17:00:00,117.77
2025-08-24 18:00:00,127.68
2025-08-24 19:00:00,128.78
2025-08-24 20:00:00,128.78
2025-08-24 21:00:00,123.0
2025-08-24 22:00:00,119.97
2025-08-24 23:00:00,118.45
2025-08-25 00:00:00,114.66
2025-08-25 01:00:00,84.24
2025-08-25 02:00:00,84.24
2025-08-25 03:00:00,84.24
2025-08-25 04:00:00,84.24
2025-08-25 05:00:00,84.24
2025-08-25 06:00:00,85.95
2025-08-25 07:00:00,118.93
2025-08-25 08:00:00,130.18
2025-08-25 09:00:00,130.18
2025-08-25 10:00:00,130.18
2025-08-25 11:00:00,130.14
2025-08-25 12:00:00,122.79
2025-08-25 13:00:00,130.03
2025-08-25 14:00:00,130.14
2025-08-25 15:00:00,130.14
2025-08-25 16:00:00,130.14
2025-08-25 17:00:00,130.46
2025-08-25 18:00:00,131.69
2025-08-25 19:00:00,131.69
2025-08-25 20:00:00,122.77
2025-08-25 21:00:00,120.81
2025-08-25 22:00:00,120.77
2025-08-25 23:00:00,120.74
2025-08-26 00:00:00,130.34
2025-08-26 01:00:00,113.96
2025-08-26 02:00:00,114.72
2025-08-26 03:00:00,114.72
2025-08-26 04:00:00,114.72
2025-08-26 05:00:00,114.72
2025-08-26 06:00:00,114.72
2025-08-26 07:00:00,116.56
2025-08-26 08:00:00,125.48
2025-08-26 09:00:00,120.58
2025-08-26 10:00:00,141.83
2025-08-26 11:00:00,141.82
2025-08-26 12:00:00,131.84
2025-08-26 13:00:00,141.83
2025-08-26 14:00:00,141.83
2025-08-26 15:00:00,158.62
2025-08-26 16:00:00,141.83
2025-08-26 17:00:00,131.88
2025-08-26 18:00:00,132.15
2025-08-26 19:00:00,132.15
2025-08-26 20:00:00,132.15
2025-08-26 21:00:00,119.51
2025-08-26 22:00:00,119.51
2025-08-26 23:00:00,120.14
2025-08-27 00:00:00,124.21
2025-08-27 01:00:00,110.52
2025-08-27 02:00:00,108.68
2025-08-27 03:00:00,90.92
2025-08-27 04:00:00,90.94
2025-08-27 05:00:00,108.68
2025-08-27 06:00:00,112.36
2025-08-27 07:00:00,116.78
2025-08-27 08:00:00,119.35
2025-08-27 09:00:00,119.47
2025-08-27 10:00:00,117.53
2025-08-27 11:00:00,119.47
2025-08-27 12:00:00,117.03
2025-08-27 13:00:00,120.29
2025-08-27 14:00:00,120.09
2025-08-27 15:00:00,120.29
2025-08-27 16:00:00,130.73
2025-08-27 17:00:00,133.67
2025-08-27 18:00:00,133.95
2025-08-27 19:00:00,133.95
2025-08-27 20:00:00,133.95
2025-08-27 21:00:00,133.95
2025-08-27 22:00:00,120.8
2025-08-27 23:00:00,120.8
2025-08-28 00:00:00,124.4
2025-08-28 01:00:00,111.33
2025-08-28 02:00:00,109.49
2025-08-28 03:00:00,109.49
2025-08-28 04:00:00,109.49
2025-08-28 05:00:00,109.49
2025-08-28 06:00:00,113.17
2025-08-28 07:00:00,115.0
2025-08-28 08:00:00,118.8
2025-08-28 09:00:00,121.39
2025-08-28 10:00:00,121.39
2025-08-28 11:00:00,119.01
2025-08-28 12:00:00,125.17
2025-08-28 13:00:00,120.81
2025-08-28 14:00:00,121.39
2025-08-28 15:00:00,130.57
2025-08-28 16:00:00,130.59
2025-08-28 17:00:00,133.67
2025-08-28 18:00:00,133.95
2025-08-28 19:00:00,133.95
2025-08-28 20:00:00,133.95
2025-08-28 21:00:00,133.95
2025-08-28 22:00:00,118.9
2025-08-28 23:00:00,118.7
2025-08-29 00:00:00,125.68
2025-08-29 01:00:00,110.5
2025-08-29 02:00:00,108.81
2025-08-29 03:00:00,108.81
2025-08-29 04:00:00,108.81
2025-08-29 05:00:00,108.81
2025-08-29 06:00:00,112.34
2025-08-29 07:00:00,117.49
2025-08-29 08:00:00,118.2
2025-08-29 09:00:00,122.77
2025-08-29 10:00:00,122.19
2025-08-29 11:00:00,125.72
2025-08-29 12:00:00,125.72
2025-08-29 13:00:00,125.72
2025-08-29 14:00:00,149.8
2025-08-29 15:00:00,154.08
2025-08-29 16:00:00,131.47
2025-08-29 17:00:00,131.51
2025-08-29 18:00:00,131.78
2025-08-29 19:00:00,131.78
2025-08-29 20:00:00,131.78
2025-08-29 21:00:00,131.78
2025-08-29 22:00:00,120.27
2025-08-29 23:00:00,120.27
2025-08-30 00:00:00,123.26
2025-08-30 01:00:00,123.16
2025-08-30 02:00:00,104.24
2025-08-30 03:00:00,100.35
2025-08-30 04:00:00,88.52
2025-08-30 05:00:00,88.52
2025-08-30 06:00:00,100.35
2025-08-30 07:00:00,100.72
2025-08-30 08:00:00,101.23
2025-08-30 09:00:00,105.41
2025-08-30 10:00:00,116.9
2025-08-30 11:00:00,116.91
2025-08-30 12:00:00,116.91
2025-08-30 13:00:00,116.91
2025-08-30 14:00:00,116.9
2025-08-30 15:00:00,113.29
2025-08-30 16:00:00,133.8
2025-08-30 17:00:00,134.13
2025-08-30 18:00:00,134.13
2025-08-30 19:00:00,134.13
2025-08-30 20:00:00,151.15
2025-08-30 21:00:00,123.3
2025-08-30 22:00:00,121.11
2025-08-30 23:00:00,120.79
2025-08-31 00:00:00,117.64
2025-08-31 01:00:00,116.55
2025-08-31 02:00:00,84.79
2025-08-31 03:00:00,84.79
2025-08-31 04:00:00,84.79
2025-08-31 05:00:00,84.79
2025-08-31 06:00:00,84.79
2025-08-31 07:00:00,84.79
2025-08-31 08:00:00,117.64
2025-08-31 09:00:00,120.74
2025-08-31 10:00:00,119.48
2025-08-31 11:00:00,120.45
2025-08-31 12:00:00,120.45
2025-08-31 13:00:00,120.28
2025-08-31 14:00:00,120.23
2025-08-31 15:00:00,120.28
2025-08-31 16:00:00,120.28
2025-08-31 17:00:00,120.45
2025-08-31 18:00:00,121.86
2025-08-31 19:00:00,122.13
2025-08-31 20:00:00,122.13
2025-08-31 21:00:00,121.8
2025-08-31 22:00:00,120.96
2025-08-31 23:00:00,117.64
2025-09-01 00:00:00,119.83
2025-09-01 01:00:00,74.99
2025-09-01 02:00:00,74.99
2025-09-01 03:00:00,74.99
2025-09-01 04:00:00,74.99
2025-09-01 05:00:00,74.99
2025-09-01 06:00:00,91.74
2025-09-01 07:00:00,121.78
2025-09-01 08:00:00,128.98
2025-09-01 09:00:00,128.98
2025-09-01 10:00:00,128.98
2025-09-01 11:00:00,128.98
2025-09-01 12:00:00,128.5
2025-09-01 13:00:00,128.5
2025-09-01 14:00:00,128.5
2025-09-01 15:00:00,138.77
2025-09-01 16:00:00,150.74
2025-09-01 17:00:00,150.74
2025-09-01 18:00:00,152.4
2025-09-01 19:00:00,152.4
2025-09-01 20:00:00,138.06
2025-09-01 21:00:00,129.51
2025-09-01 22:00:00,128.98
2025-09-01 23:00:00,128.98
2025-09-02 00:00:00,120.56
2025-09-02 01:00:00,91.5
2025-09-02 02:00:00,91.5
2025-09-02 03:00:00,91.5
2025-09-02 04:00:00,91.5
2025-09-02 05:00:00,91.5
2025-09-02 06:00:00,91.85
2025-09-02 07:00:00,122.51
2025-09-02 08:00:00,129.95
2025-09-02 09:00:00,129.77
2025-09-02 10:00:00,129.71
2025-09-02 11:00:00,129.53
2025-09-02 12:00:00,129.41
2025-09-02 13:00:00,129.23
2025-09-02 14:00:00,129.23
2025-09-02 15:00:00,129.23
2025-09-02 16:00:00,140.56
2025-09-02 17:00:00,130.32
2025-09-02 18:00:00,141.04
2025-09-02 19:00:00,141.04
2025-09-02 20:00:00,138.99
2025-09-02 21:00:00,129.95
2025-09-02 22:00:00,130.13
2025-09-02 23:00:00,127.42
2025-09-03 00:00:00,120.78
2025-09-03 01:00:00,94.02
2025-09-03 02:00:00,94.02
2025-09-03 03:00:00,94.02
2025-09-03 04:00:00,94.02
2025-09-03 05:00:00,94.02
2025-09-03 06:00:00,94.02
2025-09-03 07:00:00,120.78
2025-09-03 08:00:00,128.21
2025-09-03 09:00:00,127.97
2025-09-03 10:00:00,127.79
2025-09-03 11:00:00,127.67
2025-09-03 12:00:00,127.49
2025-09-03 13:00:00,127.49
2025-09-03 14:00:00,128.59
2025-09-03 15:00:00,137.56
2025-09-03 16:00:00,139.35
2025-09-03 17:00:00,139.35
2025-09-03 18:00:00,149.14
2025-09-03 19:00:00,157.48
2025-09-03 20:00:00,138.82
2025-09-03 21:00:00,129.55
2025-09-03 22:00:00,128.39
2025-09-03 23:00:00,128.39
2025-09-04 00:00:00,123.71
2025-09-04 01:00:00,92.21
2025-09-04 02:00:00,87.43
2025-09-04 03:00:00,88.09
2025-09-04 04:00:00,88.09
2025-09-04 05:00:00,88.09
2025-09-04 06:00:00,121.75
2025-09-04 07:00:00,121.75
2025-09-04 08:00:00,131.38
2025-09-04 09:00:00,131.32
2025-09-04 10:00:00,131.32
2025-09-04 11:00:00,131.14
2025-09-04 12:00:00,130.96
2025-09-04 13:00:00,130.96
2025-09-04 14:00:00,130.96
2025-09-04 15:00:00,130.9
2025-09-04 16:00:00,137.73
2025-09-04 17:00:00,130.9
2025-09-04 18:00:00,138.5
2025-09-04 19:00:00,138.5
2025-09-04 20:00:00,138.5
2025-09-04 21:00:00,131.32
2025-09-04 22:00:00,131.17
2025-09-04 23:00:00,127.24
2025-09-05 00:00:00,138.4
2025-09-05 01:00:00,91.56
2025-09-05 02:00:00,91.5
2025-09-05 03:00:00,91.5
2025-09-05 04:00:00,91.5
2025-09-05 05:00:00,121.15
2025-09-05 06:00:00,121.15
2025-09-05 07:00:00,122.28
2025-09-05 08:00:00,130.54
2025-09-05 09:00:00,130.3
2025-09-05 10:00:00,130.12
2025-09-05 11:00:00,130.0
2025-09-05 12:00:00,135.72
2025-09-05 13:00:00,139.28
2025-09-05 14:00:00,139.38
2025-09-05 15:00:00,139.26
2025-09-05 16:00:00,139.28
2025-09-05 17:00:00,130.24
2025-09-05 18:00:00,138.38
2025-09-05 19:00:00,137.38
2025-09-05 20:00:00,130.3
2025-09-05 21:00:00,130.36
2025-09-05 22:00:00,130.54
2025-09-05 23:00:00,126.62
2025-09-06 00:00:00,130.18
2025-09-06 01:00:00,98.87
2025-09-06 02:00:00,91.81
2025-09-06 03:00:00,91.81
2025-09-06 04:00:00,91.81
2025-09-06 05:00:00,91.81
2025-09-06 06:00:00,91.81
2025-09-06 07:00:00,91.95
2025-09-06 08:00:00,125.1
2025-09-06 09:00:00,134.96
2025-09-06 10:00:00,131.62
2025-09-06 11:00:00,134.9
2025-09-06 12:00:00,134.72
2025-09-06 13:00:00,134.72
2025-09-06 14:00:00,133.39
2025-09-06 15:00:00,129.67
2025-09-06 16:00:00,140.92
2025-09-06 17:00:00,139.82
2025-09-06 18:00:00,140.2
2025-09-06 19:00:00,140.2
2025-09-06 20:00:00,135.14
2025-09-06 21:00:00,137.29
2025-09-06 22:00:00,127.72
2025-09-06 23:00:00,123.99
2025-09-07 00:00:00,131.38
2025-09-07 01:00:00,76.06
2025-09-07 02:00:00,74.64
2025-09-07 03:00:00,74.78
2025-09-07 04:00:00,74.51
2025-09-07 05:00:00,73.92
2025-09-07 06:00:00,73.92
2025-09-07 07:00:00,73.92
2025-09-07 08:00:00,74.73
2025-09-07 09:00:00,136.93
2025-09-07 10:00:00,94.13
2025-09-07 11:00:00,137.09
2025-09-07 12:00:00,138.89
2025-09-07 13:00:00,138.89
2025-09-07 14:00:00,138.89
2025-09-07 15:00:00,138.89
2025-09-07 16:00:00,138.89
2025-09-07 17:00:00,138.89
2025-09-07 18:00:00,138.89
2025-09-07 19:00:00,138.89
2025-09-07 20:00:00,138.89
2025-09-07 21:00:00,138.89
2025-09-07 22:00:00,136.93
2025-09-07 23:00:00,93.54
2025-09-08 00:00:00,71.6
2025-09-08 01:00:00,71.28
2025-09-08 02:00:00,71.31
2025-09-08 03:00:00,71.28
2025-09-08 04:00:00,71.28
2025-09-08 05:00:00,71.28
2025-09-08 06:00:00,71.6
2025-09-08 07:00:00,123.68
2025-09-08 08:00:00,129.55
2025-09-08 09:00:00,133.13
2025-09-08 10:00:00,133.13
2025-09-08 11:00:00,133.13
2025-09-08 12:00:00,132.35
2025-09-08 13:00:00,132.35
2025-09-08 14:00:00,132.35
2025-09-08 15:00:00,145.87
2025-09-08 16:00:00,140.09
2025-09-08 17:00:00,137.84
2025-09-08 18:00:00,140.57
2025-09-08 19:00:00,140.57
2025-09-08 20:00:00,138.18
2025-09-08 21:00:00,138.18
2025-09-08 22:00:00,133.13
2025-09-08 23:00:00,123.68
2025-09-09 00:00:00,93.49
2025-09-09 01:00:00,75.57
2025-09-09 02:00:00,75.22
2025-09-09 03:00:00,75.57
2025-09-09 04:00:00,74.91
2025-09-09 05:00:00,74.91
2025-09-09 06:00:00,92.36
2025-09-09 07:00:00,125.21
2025-09-09 08:00:00,131.08
2025-09-09 09:00:00,139.93
2025-09-09 10:00:00,139.93
2025-09-09 11:00:00,137.67
2025-09-09 12:00:00,137.67
2025-09-09 13:00:00,137.67
2025-09-09 14:00:00,132.22
2025-09-09 15:00:00,132.22
2025-09-09 16:00:00,138.46
2025-09-09 17:00:00,138.46
2025-09-09 18:00:00,132.64
2025-09-09 19:00:00,132.88
2025-09-09 20:00:00,139.46
2025-09-09 21:00:00,133.06
2025-09-09 22:00:00,132.11
2025-09-09 23:00:00,123.26
2025-09-10 00:00:00,120.49
2025-09-10 01:00:00,74.76
2025-09-10 02:00:00,74.04
2025-09-10 03:00:00,74.04
2025-09-10 04:00:00,74.04
2025-09-10 05:00:00,74.04
2025-09-10 06:00:00,91.66
2025-09-10 07:00:00,120.49
2025-09-10 08:00:00,122.44
2025-09-10 09:00:00,129.88
2025-09-10 10:00:00,129.69
2025-09-10 11:00:00,129.63
2025-09-10 12:00:00,129.45
2025-09-10 13:00:00,129.33
2025-09-10 14:00:00,129.33
2025-09-10 15:00:00,129.33
2025-09-10 16:00:00,129.82
2025-09-10 17:00:00,129.85
2025-09-10 18:00:00,131.91
2025-09-10 19:00:00,131.91
2025-09-10 20:00:00,130.12
2025-09-10 21:00:00,130.3
2025-09-10 22:00:00,123.97
2025-09-10 23:00:00,93.69
2025-09-11 00:00:00,93.67
2025-09-11 01:00:00,75.61
2025-09-11 02:00:00,74.19
2025-09-11 03:00:00,74.19
2025-09-11 04:00:00,74.19
2025-09-11 05:00:00,74.19
2025-09-11 06:00:00,76.98
2025-09-11 07:00:00,125.32
2025-09-11 08:00:00,127.27
2025-09-11 09:00:00,127.27
2025-09-11 10:00:00,132.48
2025-09-11 11:00:00,125.32
2025-09-11 12:00:00,125.32
2025-09-11 13:00:00,134.16
2025-09-11 14:00:00,133.98
2025-09-11 15:00:00,134.16
2025-09-11 16:00:00,127.28
2025-09-11 17:00:00,134.28
2025-09-11 18:00:00,134.52
2025-09-11 19:00:00,134.71
2025-09-11 20:00:00,134.89
2025-09-11 21:00:00,127.27
2025-09-11 22:00:00,125.32
2025-09-11 23:00:00,115.53
2025-09-12 00:00:00,92.4
2025-09-12 01:00:00,74.49
2025-09-12 02:00:00,74.49
2025-09-12 03:00:00,74.49
2025-09-12 04:00:00,74.49
2025-09-12 05:00:00,74.49
2025-09-12 06:00:00,75.2
2025-09-12 07:00:00,126.12
2025-09-12 08:00:00,126.12
2025-09-12 09:00:00,133.79
2025-09-12 10:00:00,133.73
2025-09-12 11:00:00,133.55
2025-09-12 12:00:00,133.55
2025-09-12 13:00:00,133.37
2025-09-12 14:00:00,141.51
2025-09-12 15:00:00,154.68
2025-09-12 16:00:00,143.65
2025-09-12 17:00:00,133.79
2025-09-12 18:00:00,133.79
2025-09-12 19:00:00,133.97
2025-09-12 20:00:00,134.09
2025-09-12 21:00:00,131.54
2025-09-12 22:00:00,126.12
2025-09-12 23:00:00,124.08
2025-09-13 00:00:00,90.89
2025-09-13 01:00:00,74.54
2025-09-13 02:00:00,71.63
2025-09-13 03:00:00,71.63
2025-09-13 04:00:00,71.63
2025-09-13 05:00:00,71.63
2025-09-13 06:00:00,71.63
2025-09-13 07:00:00,71.63
2025-09-13 08:00:00,77.08
2025-09-13 09:00:00,137.59
2025-09-13 10:00:00,139.0
2025-09-13 11:00:00,163.42
2025-09-13 12:00:00,102.82
2025-09-13 13:00:00,137.96
2025-09-13 14:00:00,139.0
2025-09-13 15:00:00,139.0
2025-09-13 16:00:00,139.0
2025-09-13 17:00:00,139.0
2025-09-13 18:00:00,139.0
2025-09-13 19:00:00,139.0
2025-09-13 20:00:00,139.0
2025-09-13 21:00:00,125.69
2025-09-13 22:00:00,89.87
2025-09-13 23:00:00,84.23
2025-09-14 00:00:00,77.23
2025-09-14 01:00:00,75.68
2025-09-14 02:00:00,71.86
2025-09-14 03:00:00,70.76
2025-09-14 04:00:00,70.76
2025-09-14 05:00:00,70.76
2025-09-14 06:00:00,71.86
2025-09-14 07:00:00,71.86
2025-09-14 08:00:00,70.76
2025-09-14 09:00:00,93.59
2025-09-14 10:00:00,101.14
2025-09-14 11:00:00,101.12
2025-09-14 12:00:00,101.12
2025-09-14 13:00:00,101.12
2025-09-14 14:00:00,101.11
2025-09-14 15:00:00,101.12
2025-09-14 16:00:00,101.13
2025-09-14 17:00:00,101.14
2025-09-14 18:00:00,101.15
2025-09-14 19:00:00,101.15
2025-09-14 20:00:00,100.82
2025-09-14 21:00:00,96.08
2025-09-14 22:00:00,93.19
2025-09-14 23:00:00,85.51
2025-09-15 00:00:00,71.8
2025-09-15 01:00:00,71.32
2025-09-15 02:00:00,71.32
2025-09-15 03:00:00,71.32
2025-09-15 04:00:00,71.32
2025-09-15 05:00:00,71.32
2025-09-15 06:00:00,72.08
2025-09-15 07:00:00,127.09
2025-09-15 08:00:00,127.09
2025-09-15 09:00:00,137.4
2025-09-15 10:00:00,137.4
2025-09-15 11:00:00,137.15
2025-09-15 12:00:00,136.79
2025-09-15 13:00:00,136.79
2025-09-15 14:00:00,136.79
2025-09-15 15:00:00,136.79
2025-09-15 16:00:00,136.79
2025-09-15 17:00:00,136.79
2025-09-15 18:00:00,137.79
2025-09-15 19:00:00,137.4
2025-09-15 20:00:00,137.4
2025-09-15 21:00:00,130.63
2025-09-15 22:00:00,127.09
2025-09-15 23:00:00,92.6
2025-09-16 00:00:00,123.91
2025-09-16 01:00:00,73.71
2025-09-16 02:00:00,73.71
2025-09-16 03:00:00,73.71
2025-09-16 04:00:00,73.71
2025-09-16 05:00:00,73.71
2025-09-16 06:00:00,91.81
2025-09-16 07:00:00,92.74
2025-09-16 08:00:00,125.86
2025-09-16 09:00:00,139.52
2025-09-16 10:00:00,139.5
2025-09-16 11:00:00,133.12
2025-09-16 12:00:00,133.12
2025-09-16 13:00:00,133.12
2025-09-16 14:00:00,140.35
2025-09-16 15:00:00,141.02
2025-09-16 16:00:00,141.02
2025-09-16 17:00:00,138.81
2025-09-16 18:00:00,139.1
2025-09-16 19:00:00,139.1
2025-09-16 20:00:00,139.1
2025-09-16 21:00:00,139.1
2025-09-16 22:00:00,139.1
2025-09-16 23:00:00,139.1
2025-09-17 00:00:00,93.49
2025-09-17 01:00:00,75.1
2025-09-17 02:00:00,74.92
2025-09-17 03:00:00,75.58
2025-09-17 04:00:00,74.92
2025-09-17 05:00:00,75.58
2025-09-17 06:00:00,91.74
2025-09-17 07:00:00,123.87
2025-09-17 08:00:00,133.68
2025-09-17 09:00:00,163.83
2025-09-17 10:00:00,142.35
2025-09-17 11:00:00,137.19
2025-09-17 12:00:00,137.19
2025-09-17 13:00:00,137.19
2025-09-17 14:00:00,137.19
2025-09-17 15:00:00,143.71
2025-09-17 16:00:00,137.19
2025-09-17 17:00:00,137.19
2025-09-17 18:00:00,137.36
2025-09-17 19:00:00,137.75
2025-09-17 20:00:00,137.75
2025-09-17 21:00:00,129.61
2025-09-17 22:00:00,125.83
2025-09-17 23:00:00,93.84
2025-09-18 00:00:00,76.77
2025-09-18 01:00:00,73.74
2025-09-18 02:00:00,71.52
2025-09-18 03:00:00,71.52
2025-09-18 04:00:00,71.52
2025-09-18 05:00:00,71.52
2025-09-18 06:00:00,74.27
2025-09-18 07:00:00,93.93
2025-09-18 08:00:00,122.94
2025-09-18 09:00:00,129.8
2025-09-18 10:00:00,129.62
2025-09-18 11:00:00,193.74
2025-09-18 12:00:00,129.56
2025-09-18 13:00:00,129.56
2025-09-18 14:00:00,129.56
2025-09-18 15:00:00,129.56
2025-09-18 16:00:00,129.62
2025-09-18 17:00:00,129.8
2025-09-18 18:00:00,129.92
2025-09-18 19:00:00,129.92
2025-09-18 20:00:00,130.45
2025-09-18 21:00:00,123.0
2025-09-18 22:00:00,123.0
2025-09-18 23:00:00,113.06
2025-09-19 00:00:00,78.18
2025-09-19 01:00:00,74.4
2025-09-19 02:00:00,74.4
2025-09-19 03:00:00,74.4
2025-09-19 04:00:00,74.4
2025-09-19 05:00:00,74.4
2025-09-19 06:00:00,91.97
2025-09-19 07:00:00,117.63
2025-09-19 08:00:00,121.43
2025-09-19 09:00:00,130.89
2025-09-19 10:00:00,131.23
2025-09-19 11:00:00,130.52
2025-09-19 12:00:00,130.02
2025-09-19 13:00:00,128.24
2025-09-19 14:00:00,162.72
2025-09-19 15:00:00,138.46
2025-09-19 16:00:00,138.46
2025-09-19 17:00:00,125.98
2025-09-19 18:00:00,125.98
2025-09-19 19:00:00,125.98
2025-09-19 20:00:00,121.43
2025-09-19 21:00:00,109.52
2025-09-19 22:00:00,109.52
2025-09-19 23:00:00,117.58
2025-09-20 00:00:00,77.31
2025-09-20 01:00:00,74.29
2025-09-20 02:00:00,74.29
2025-09-20 03:00:00,74.29
2025-09-20 04:00:00,74.29
2025-09-20 05:00:00,74.29
2025-09-20 06:00:00,74.29
2025-09-20 07:00:00,74.29
2025-09-20 08:00:00,74.29
2025-09-20 09:00:00,120.95
2025-09-20 10:00:00,120.95
2025-09-20 11:00:00,163.82
2025-09-20 12:00:00,141.42
2025-09-20 13:00:00,71.63
2025-09-20 14:00:00,71.63
2025-09-20 15:00:00,74.29
2025-09-20 16:00:00,74.29
2025-09-20 17:00:00,74.62
2025-09-20 18:00:00,110.44
2025-09-20 19:00:00,110.43
2025-09-20 20:00:00,85.66
2025-09-20 21:00:00,85.66
2025-09-20 22:00:00,85.66
2025-09-20 23:00:00,85.66
2025-09-21 00:00:00,74.6
2025-09-21 01:00:00,71.03
2025-09-21 02:00:00,70.24
2025-09-21 03:00:00,70.24
2025-09-21 04:00:00,70.24
2025-09-21 05:00:00,71.03
2025-09-21 06:00:00,71.03
2025-09-21 07:00:00,71.03
2025-09-21 08:00:00,69.73
2025-09-21 09:00:00,67.63
2025-09-21 10:00:00,119.41
2025-09-21 11:00:00,119.41
2025-09-21 12:00:00,93.77
2025-09-21 13:00:00,117.45
2025-09-21 14:00:00,117.45
2025-09-21 15:00:00,117.45
2025-09-21 16:00:00,93.83
2025-09-21 17:00:00,115.89
2025-09-21 18:00:00,105.91
2025-09-21 19:00:00,105.87
2025-09-21 20:00:00,117.45
2025-09-21 21:00:00,93.84
2025-09-21 22:00:00,93.4
2025-09-21 23:00:00,84.89
2025-09-22 00:00:00,75.77
2025-09-22 01:00:00,71.68
2025-09-22 02:00:00,71.68
2025-09-22 03:00:00,71.68
2025-09-22 04:00:00,71.68
2025-09-22 05:00:00,71.68
2025-09-22 06:00:00,71.92
2025-09-22 07:00:00,75.79
2025-09-22 08:00:00,120.65
2025-09-22 09:00:00,121.55
2025-09-22 10:00:00,132.38
2025-09-22 11:00:00,120.65
2025-09-22 12:00:00,126.59
2025-09-22 13:00:00,130.16
2025-09-22 14:00:00,120.65
2025-09-22 15:00:00,124.19
2025-09-22 16:00:00,120.65
2025-09-22 17:00:00,122.61
2025-09-22 18:00:00,126.13
2025-09-22 19:00:00,126.13
2025-09-22 20:00:00,126.13
2025-09-22 21:00:00,120.65
2025-09-22 22:00:00,118.7
2025-09-22 23:00:00,92.71
2025-09-23 00:00:00,78.41
2025-09-23 01:00:00,75.03
2025-09-23 02:00:00,71.57
2025-09-23 03:00:00,71.57
2025-09-23 04:00:00,71.57
2025-09-23 05:00:00,71.57
2025-09-23 06:00:00,77.68
2025-09-23 07:00:00,91.74
2025-09-23 08:00:00,123.1
2025-09-23 09:00:00,125.05
2025-09-23 10:00:00,128.96
2025-09-23 11:00:00,125.05
2025-09-23 12:00:00,125.05
2025-09-23 13:00:00,132.67
2025-09-23 14:00:00,132.67
2025-09-23 15:00:00,132.67
2025-09-23 16:00:00,133.31
2025-09-23 17:00:00,133.16
2025-09-23 18:00:00,126.54
2025-09-23 19:00:00,135.34
2025-09-23 20:00:00,125.05
2025-09-23 21:00:00,123.1
2025-09-23 22:00:00,123.1
2025-09-23 23:00:00,122.91
2025-09-24 00:00:00,89.9
2025-09-24 01:00:00,76.32
2025-09-24 02:00:00,76.32
2025-09-24 03:00:00,76.76
2025-09-24 04:00:00,76.76
2025-09-24 05:00:00,76.32
2025-09-24 06:00:00,76.41
2025-09-24 07:00:00,92.81
2025-09-24 08:00:00,100.09
2025-09-24 09:00:00,175.54
2025-09-24 10:00:00,131.42
2025-09-24 11:00:00,131.45
2025-09-24 12:00:00,100.85
2025-09-24 13:00:00,100.85
2025-09-24 14:00:00,131.34
2025-09-24 15:00:00,144.52
2025-09-24 16:00:00,120.78
2025-09-24 17:00:00,100.85
2025-09-24 18:00:00,140.66
2025-09-24 19:00:00,139.64
2025-09-24 20:00:00,131.4
2025-09-24 21:00:00,125.76
2025-09-24 22:00:00,96.28
2025-09-24 23:00:00,92.86
2025-09-25 00:00:00,106.15
2025-09-25 01:00:00,106.15
2025-09-25 02:00:00,106.15
2025-09-25 03:00:00,106.15
2025-09-25 04:00:00,106.24
2025-09-25 05:00:00,106.24
2025-09-25 06:00:00,106.24
2025-09-25 07:00:00,106.24
2025-09-25 08:00:00,106.15
2025-09-25 09:00:00,140.02
2025-09-25 10:00:00,175.38
2025-09-25 11:00:00,117.92
2025-09-25 12:00:00,105.78
2025-09-25 13:00:00,117.49
2025-09-25 14:00:00,117.54
2025-09-25 15:00:00,137.38
2025-09-25 16:00:00,124.46
2025-09-25 17:00:00,138.52
2025-09-25 18:00:00,139.35
2025-09-25 19:00:00,138.75
2025-09-25 20:00:00,126.56
2025-09-25 21:00:00,118.33
2025-09-25 22:00:00,135.53
2025-09-25 23:00:00,79.22
2025-09-26 00:00:00,78.16
2025-09-26 01:00:00,73.01
2025-09-26 02:00:00,73.01
2025-09-26 03:00:00,73.01
2025-09-26 04:00:00,71.52
2025-09-26 05:00:00,72.61
2025-09-26 06:00:00,75.82
2025-09-26 07:00:00,93.44
2025-09-26 08:00:00,128.58
2025-09-26 09:00:00,128.16
2025-09-26 10:00:00,128.04
2025-09-26 11:00:00,127.86
2025-09-26 12:00:00,127.8
2025-09-26 13:00:00,127.62
2025-09-26 14:00:00,127.62
2025-09-26 15:00:00,127.62
2025-09-26 16:00:00,127.8
2025-09-26 17:00:00,127.86
2025-09-26 18:00:00,121.33
2025-09-26 19:00:00,121.33
2025-09-26 20:00:00,139.71
2025-09-26 21:00:00,118.25
2025-09-26 22:00:00,100.05
2025-09-26 23:00:00,92.74
2025-09-27 00:00:00,77.25
2025-09-27 01:00:00,71.92
2025-09-27 02:00:00,71.63
2025-09-27 03:00:00,71.63
2025-09-27 04:00:00,71.63
2025-09-27 05:00:00,71.63
2025-09-27 06:00:00,71.92
2025-09-27 07:00:00,74.99
2025-09-27 08:00:00,71.63
2025-09-27 09:00:00,121.98
2025-09-27 10:00:00,93.09
2025-09-27 11:00:00,93.13
2025-09-27 12:00:00,92.86
2025-09-27 13:00:00,121.98
2025-09-27 14:00:00,123.93
2025-09-27 15:00:00,126.93
2025-09-27 16:00:00,123.93
2025-09-27 17:00:00,123.1
2025-09-27 18:00:00,111.99
2025-09-27 19:00:00,139.67
2025-09-27 20:00:00,103.12
2025-09-27 21:00:00,93.18
2025-09-27 22:00:00,92.83
2025-09-27 23:00:00,83.26
2025-09-28 00:00:00,72.05
2025-09-28 01:00:00,71.65
2025-09-28 02:00:00,71.65
2025-09-28 03:00:00,71.65
2025-09-28 04:00:00,71.65
2025-09-28 05:00:00,71.65
2025-09-28 06:00:00,71.65
2025-09-28 07:00:00,71.65
2025-09-28 08:00:00,71.65
2025-09-28 09:00:00,76.7
2025-09-28 10:00:00,128.43
2025-09-28 11:00:00,128.43
2025-09-28 12:00:00,128.43
2025-09-28 13:00:00,130.38
2025-09-28 14:00:00,96.62
2025-09-28 15:00:00,95.63
2025-09-28 16:00:00,78.25
2025-09-28 17:00:00,95.97
2025-09-28 18:00:00,95.94
2025-09-28 19:00:00,96.18
2025-09-28 20:00:00,91.16
2025-09-28 21:00:00,91.16
2025-09-28 22:00:00,91.16
2025-09-28 23:00:00,80.74
2025-09-29 00:00:00,72.39
2025-09-29 01:00:00,69.84
2025-09-29 02:00:00,69.22
2025-09-29 03:00:00,69.84
2025-09-29 04:00:00,69.2
2025-09-29 05:00:00,69.84
2025-09-29 06:00:00,72.71
2025-09-29 07:00:00,78.82
2025-09-29 08:00:00,78.82
2025-09-29 09:00:00,126.88
2025-09-29 10:00:00,126.88
2025-09-29 11:00:00,72.71
2025-09-29 12:00:00,72.71
2025-09-29 13:00:00,72.71
2025-09-29 14:00:00,86.72
2025-09-29 15:00:00,91.52
2025-09-29 16:00:00,91.29
2025-09-29 17:00:00,126.87
2025-09-29 18:00:00,139.7
2025-09-29 19:00:00,139.7
2025-09-29 20:00:00,129.45
2025-09-29 21:00:00,129.45
2025-09-29 22:00:00,88.55
2025-09-29 23:00:00,88.55
2025-09-30 00:00:00,77.32
2025-09-30 01:00:00,76.15
2025-09-30 02:00:00,75.49
2025-09-30 03:00:00,74.77
2025-09-30 04:00:00,75.04
2025-09-30 05:00:00,75.49
2025-09-30 06:00:00,75.96
2025-09-30 07:00:00,76.15
2025-09-30 08:00:00,91.52
2025-09-30 09:00:00,93.14
2025-09-30 10:00:00,140.46
2025-09-30 11:00:00,93.37
2025-09-30 12:00:00,92.89
2025-09-30 13:00:00,93.37
2025-09-30 14:00:00,93.36
2025-09-30 15:00:00,92.78
2025-09-30 16:00:00,108.21
2025-09-30 17:00:00,93.38
2025-09-30 18:00:00,129.58
2025-09-30 19:00:00,129.58
2025-09-30 20:00:00,129.58
2025-09-30 21:00:00,96.44
2025-09-30 22:00:00,96.44
2025-09-30 23:00:00,92.42
2025-10-01 00:00:00,98.63
2025-10-01 01:00:00,73.28
2025-10-01 02:00:00,71.64
2025-10-01 03:00:00,70.82
2025-10-01 04:00:00,69.26
2025-10-01 05:00:00,71.64
2025-10-01 06:00:00,76.65
2025-10-01 07:00:00,91.14
2025-10-01 08:00:00,91.14
2025-10-01 09:00:00,114.92
2025-10-01 10:00:00,114.92
2025-10-01 11:00:00,114.91
2025-10-01 12:00:00,91.11
2025-10-01 13:00:00,103.71
2025-10-01 14:00:00,103.7
2025-10-01 15:00:00,117.57
2025-10-01 16:00:00,130.5
2025-10-01 17:00:00,116.21
2025-10-01 18:00:00,136.13
2025-10-01 19:00:00,138.11
2025-10-01 20:00:00,117.17
2025-10-01 21:00:00,103.4
2025-10-01 22:00:00,103.12
2025-10-01 23:00:00,96.91
2025-10-02 00:00:00,74.18
2025-10-02 01:00:00,73.96
2025-10-02 02:00:00,73.96
2025-10-02 03:00:00,73.96
2025-10-02 04:00:00,73.96
2025-10-02 05:00:00,73.96
2025-10-02 06:00:00,73.96
2025-10-02 07:00:00,91.05
2025-10-02 08:00:00,118.3
2025-10-02 09:00:00,119.72
2025-10-02 10:00:00,124.02
2025-10-02 11:00:00,126.72
2025-10-02 12:00:00,124.02
2025-10-02 13:00:00,126.15
2025-10-02 14:00:00,124.02
2025-10-02 15:00:00,172.28
2025-10-02 16:00:00,121.87
2025-10-02 17:00:00,118.39
2025-10-02 18:00:00,119.72
2025-10-02 19:00:00,117.58
2025-10-02 20:00:00,119.72
2025-10-02 21:00:00,91.95
2025-10-02 22:00:00,91.78
2025-10-02 23:00:00,115.95
2025-10-03 00:00:00,102.21
2025-10-03 01:00:00,90.46
2025-10-03 02:00:00,74.97
2025-10-03 03:00:00,73.51
2025-10-03 04:00:00,73.51
2025-10-03 05:00:00,73.95
2025-10-03 06:00:00,91.13
2025-10-03 07:00:00,91.91
2025-10-03 08:00:00,115.5
2025-10-03 09:00:00,118.37
2025-10-03 10:00:00,118.37
2025-10-03 11:00:00,118.37
2025-10-03 12:00:00,115.5
2025-10-03 13:00:00,115.5
2025-10-03 14:00:00,115.5
2025-10-03 15:00:00,111.19
2025-10-03 16:00:00,111.19
2025-10-03 17:00:00,115.5
2025-10-03 18:00:00,115.5
2025-10-03 19:00:00,115.5
2025-10-03 20:00:00,115.5
2025-10-03 21:00:00,115.5
2025-10-03 22:00:00,115.5
2025-10-03 23:00:00,111.41
2025-10-04 00:00:00,73.28
2025-10-04 01:00:00,72.92
2025-10-04 02:00:00,72.51
2025-10-04 03:00:00,71.69
2025-10-04 04:00:00,71.36
2025-10-04 05:00:00,72.51
2025-10-04 06:00:00,72.92
2025-10-04 07:00:00,72.51
2025-10-04 08:00:00,72.51
2025-10-04 09:00:00,68.69
2025-10-04 10:00:00,139.9
2025-10-04 11:00:00,133.46
2025-10-04 12:00:00,68.69
2025-10-04 13:00:00,68.69
2025-10-04 14:00:00,68.69
2025-10-04 15:00:00,70.87
2025-10-04 16:00:00,72.92
2025-10-04 17:00:00,72.92
2025-10-04 18:00:00,72.92
2025-10-04 19:00:00,73.82
2025-10-04 20:00:00,73.82
2025-10-04 21:00:00,73.82
2025-10-04 22:00:00,73.82
2025-10-04 23:00:00,73.82
2025-10-05 00:00:00,72.32
2025-10-05 01:00:00,70.69
2025-10-05 02:00:00,70.69
2025-10-05 03:00:00,69.08
2025-10-05 04:00:00,69.08
2025-10-05 05:00:00,70.09
2025-10-05 06:00:00,70.69
2025-10-05 07:00:00,69.08
2025-10-05 08:00:00,67.07
2025-10-05 09:00:00,67.07
2025-10-05 10:00:00,67.07
2025-10-05 11:00:00,67.07
2025-10-05 12:00:00,66.23
2025-10-05 13:00:00,67.07
2025-10-05 14:00:00,67.07
2025-10-05 15:00:00,67.07
2025-10-05 16:00:00,69.08
2025-10-05 17:00:00,71.78
2025-10-05 18:00:00,71.78
2025-10-05 19:00:00,74.03
2025-10-05 20:00:00,74.03
2025-10-05 21:00:00,74.03
2025-10-05 22:00:00,74.03
2025-10-05 23:00:00,74.03
2025-10-06 00:00:00,69.19
2025-10-06 01:00:00,67.26
2025-10-06 02:00:00,67.02
2025-10-06 03:00:00,67.02
2025-10-06 04:00:00,67.02
2025-10-06 05:00:00,67.63
2025-10-06 06:00:00,69.08
2025-10-06 07:00:00,69.08
2025-10-06 08:00:00,66.92
2025-10-06 09:00:00,66.73
2025-10-06 10:00:00,67.02
2025-10-06 11:00:00,67.02
2025-10-06 12:00:00,67.02
2025-10-06 13:00:00,67.02
2025-10-06 14:00:00,66.59
2025-10-06 15:00:00,67.02
2025-10-06 16:00:00,67.02
2025-10-06 17:00:00,69.08
2025-10-06 18:00:00,69.08
2025-10-06 19:00:00,74.03
2025-10-06 20:00:00,74.03
2025-10-06 21:00:00,74.03
2025-10-06 22:00:00,74.03
2025-10-06 23:00:00,74.03
2025-10-07 00:00:00,69.31
2025-10-07 01:00:00,68.19
2025-10-07 02:00:00,67.64
2025-10-07 03:00:00,67.36
2025-10-07 04:00:00,67.36
2025-10-07 05:00:00,67.36
2025-10-07 06:00:00,67.64
2025-10-07 07:00:00,67.36
2025-10-07 08:00:00,65.56
2025-10-07 09:00:00,66.74
2025-10-07 10:00:00,67.36
2025-10-07 11:00:00,67.36
2025-10-07 12:00:00,67.26
2025-10-07 13:00:00,66.55
2025-10-07 14:00:00,64.93
2025-10-07 15:00:00,65.44
2025-10-07 16:00:00,67.36
2025-10-07 17:00:00,72.5
2025-10-07 18:00:00,72.5
2025-10-07 19:00:00,75.19
2025-10-07 20:00:00,75.19
2025-10-07 21:00:00,75.19
2025-10-07 22:00:00,75.19
2025-10-07 23:00:00,75.19
2025-10-08 00:00:00,67.31
2025-10-08 01:00:00,67.31
2025-10-08 02:00:00,67.31
2025-10-08 03:00:00,67.31
2025-10-08 04:00:00,67.31
2025-10-08 05:00:00,67.31
2025-10-08 06:00:00,67.31
2025-10-08 07:00:00,67.31
2025-10-08 08:00:00,67.31
2025-10-08 09:00:00,65.7
2025-10-08 10:00:00,66.06
2025-10-08 11:00:00,65.97
2025-10-08 12:00:00,0.0
2025-10-08 13:00:00,67.31
2025-10-08 14:00:00,66.17
2025-10-08 15:00:00,67.31
2025-10-08 16:00:00,67.31
2025-10-08 17:00:00,135.84
2025-10-08 18:00:00,136.52
2025-10-08 19:00:00,140.83
2025-10-08 20:00:00,80.42
2025-10-08 21:00:00,80.42
2025-10-08 22:00:00,80.42
2025-10-08 23:00:00,80.42
2025-10-09 00:00:00,69.13
2025-10-09 01:00:00,69.13
2025-10-09 02:00:00,68.08
2025-10-09 03:00:00,67.04
2025-10-09 04:00:00,68.08
2025-10-09 05:00:00,69.13
2025-10-09 06:00:00,69.13
2025-10-09 07:00:00,69.13
2025-10-09 08:00:00,65.59
2025-10-09 09:00:00,65.59
2025-10-09 10:00:00,71.74
2025-10-09 11:00:00,62.94
2025-10-09 12:00:00,6.64
2025-10-09 13:00:00,136.73
2025-10-09 14:00:00,71.75
2025-10-09 15:00:00,134.61
2025-10-09 16:00:00,92.86
2025-10-09 17:00:00,93.0
2025-10-09 18:00:00,92.92
2025-10-09 19:00:00,93.02
2025-10-09 20:00:00,93.03
2025-10-09 21:00:00,92.87
2025-10-09 22:00:00,92.6
2025-10-09 23:00:00,78.54
2025-10-10 00:00:00,102.41
2025-10-10 01:00:00,69.96
2025-10-10 02:00:00,68.45
2025-10-10 03:00:00,68.45
2025-10-10 04:00:00,68.26
2025-10-10 05:00:00,68.45
2025-10-10 06:00:00,90.07
2025-10-10 07:00:00,90.49
2025-10-10 08:00:00,108.8
2025-10-10 09:00:00,115.25
2025-10-10 10:00:00,118.12
2025-10-10 11:00:00,115.25
2025-10-10 12:00:00,114.71
2025-10-10 13:00:00,117.61
2025-10-10 14:00:00,115.25
2025-10-10 15:00:00,116.8
2025-10-10 16:00:00,115.25
2025-10-10 17:00:00,117.61
2025-10-10 18:00:00,129.2
2025-10-10 19:00:00,129.2
2025-10-10 20:00:00,129.2
2025-10-10 21:00:00,128.82
2025-10-10 22:00:00,113.1
2025-10-10 23:00:00,112.63
2025-10-11 00:00:00,94.91
2025-10-11 01:00:00,71.93
2025-10-11 02:00:00,71.35
2025-10-11 03:00:00,70.43
2025-10-11 04:00:00,71.35
2025-10-11 05:00:00,92.17
2025-10-11 06:00:00,92.39
2025-10-11 07:00:00,92.23
2025-10-11 08:00:00,69.28
2025-10-11 09:00:00,92.83
2025-10-11 10:00:00,93.09
2025-10-11 11:00:00,93.09
2025-10-11 12:00:00,0.0
2025-10-11 13:00:00,92.04
2025-10-11 14:00:00,93.08
2025-10-11 15:00:00,93.09
2025-10-11 16:00:00,93.09
2025-10-11 17:00:00,117.73
2025-10-11 18:00:00,117.66
2025-10-11 19:00:00,117.58
2025-10-11 20:00:00,93.43
2025-10-11 21:00:00,93.1
2025-10-11 22:00:00,93.03
2025-10-11 23:00:00,92.23
2025-10-12 00:00:00,72.99
2025-10-12 01:00:00,70.99
2025-10-12 02:00:00,69.8
2025-10-12 03:00:00,68.61
2025-10-12 04:00:00,68.61
2025-10-12 05:00:00,68.61
2025-10-12 06:00:00,70.34
2025-10-12 07:00:00,68.61
2025-10-12 08:00:00,68.0
2025-10-12 09:00:00,67.69
2025-10-12 10:00:00,67.69
2025-10-12 11:00:00,67.69
2025-10-12 12:00:00,67.69
2025-10-12 13:00:00,67.69
2025-10-12 14:00:00,68.0
2025-10-12 15:00:00,68.61
2025-10-12 16:00:00,92.95
2025-10-12 17:00:00,93.03
2025-10-12 18:00:00,93.7
2025-10-12 19:00:00,93.04
2025-10-12 20:00:00,93.04
2025-10-12 21:00:00,93.04
2025-10-12 22:00:00,93.9
2025-10-12 23:00:00,91.51
2025-10-13 00:00:00,68.71
2025-10-13 01:00:00,68.11
2025-10-13 02:00:00,68.11
2025-10-13 03:00:00,68.11
2025-10-13 04:00:00,68.11
2025-10-13 05:00:00,68.11
2025-10-13 06:00:00,71.97
2025-10-13 07:00:00,119.69
2025-10-13 08:00:00,126.69
2025-10-13 09:00:00,141.57
2025-10-13 10:00:00,134.39
2025-10-13 11:00:00,147.44
2025-10-13 12:00:00,126.46
2025-10-13 13:00:00,126.46
2025-10-13 14:00:00,126.46
2025-10-13 15:00:00,152.69
2025-10-13 16:00:00,124.74
2025-10-13 17:00:00,126.46
2025-10-13 18:00:00,134.39
2025-10-13 19:00:00,133.57
2025-10-13 20:00:00,133.57
2025-10-13 21:00:00,128.99
2025-10-13 22:00:00,118.61
2025-10-13 23:00:00,91.97
2025-10-14 00:00:00,96.1
2025-10-14 01:00:00,73.96
2025-10-14 02:00:00,73.96
2025-10-14 03:00:00,73.96
2025-10-14 04:00:00,73.96
2025-10-14 05:00:00,90.0
2025-10-14 06:00:00,102.96
2025-10-14 07:00:00,112.09
2025-10-14 08:00:00,122.26
2025-10-14 09:00:00,161.07
2025-10-14 10:00:00,137.52
2025-10-14 11:00:00,122.4
2025-10-14 12:00:00,121.81
2025-10-14 13:00:00,121.91
2025-10-14 14:00:00,137.48
2025-10-14 15:00:00,172.99
2025-10-14 16:00:00,133.85
2025-10-14 17:00:00,133.85
2025-10-14 18:00:00,122.32
2025-10-14 19:00:00,122.32
2025-10-14 20:00:00,122.33
2025-10-14 21:00:00,112.09
2025-10-14 22:00:00,109.87
2025-10-14 23:00:00,117.06
2025-10-15 00:00:00,106.06
2025-10-15 01:00:00,90.69
2025-10-15 02:00:00,90.57
2025-10-15 03:00:00,83.73
2025-10-15 04:00:00,83.73
2025-10-15 05:00:00,90.89
2025-10-15 06:00:00,109.96
2025-10-15 07:00:00,109.26
2025-10-15 08:00:00,117.24
2025-10-15 09:00:00,119.12
2025-10-15 10:00:00,138.09
2025-10-15 11:00:00,123.16
2025-10-15 12:00:00,119.04
2025-10-15 13:00:00,145.47
2025-10-15 14:00:00,123.15
2025-10-15 15:00:00,123.15
2025-10-15 16:00:00,136.82
2025-10-15 17:00:00,118.35
2025-10-15 18:00:00,129.75
2025-10-15 19:00:00,129.35
2025-10-15 20:00:00,129.7
2025-10-15 21:00:00,115.71
2025-10-15 22:00:00,109.26
2025-10-15 23:00:00,91.37
2025-10-16 00:00:00,102.41
2025-10-16 01:00:00,92.85
2025-10-16 02:00:00,92.85
2025-10-16 03:00:00,92.95
2025-10-16 04:00:00,92.85
2025-10-16 05:00:00,92.85
2025-10-16 06:00:00,102.8
2025-10-16 07:00:00,113.62
2025-10-16 08:00:00,116.72
2025-10-16 09:00:00,145.01
2025-10-16 10:00:00,144.99
2025-10-16 11:00:00,118.61
2025-10-16 12:00:00,117.02
2025-10-16 13:00:00,127.01
2025-10-16 14:00:00,127.01
2025-10-16 15:00:00,162.12
2025-10-16 16:00:00,128.12
2025-10-16 17:00:00,128.2
2025-10-16 18:00:00,128.26
2025-10-16 19:00:00,118.7
2025-10-16 20:00:00,117.09
2025-10-16 21:00:00,113.62
2025-10-16 22:00:00,113.62
2025-10-16 23:00:00,117.06
2025-10-17 00:00:00,107.15
2025-10-17 01:00:00,84.56
2025-10-17 02:00:00,73.05
2025-10-17 03:00:00,73.05
2025-10-17 04:00:00,73.05
2025-10-17 05:00:00,90.02
2025-10-17 06:00:00,102.33
2025-10-17 07:00:00,114.32
2025-10-17 08:00:00,117.24
2025-10-17 09:00:00,117.14
2025-10-17 10:00:00,125.72
2025-10-17 11:00:00,120.47
2025-10-17 12:00:00,114.74
2025-10-17 13:00:00,120.46
2025-10-17 14:00:00,120.46
2025-10-17 15:00:00,135.88
2025-10-17 16:00:00,135.88
2025-10-17 17:00:00,122.58
2025-10-17 18:00:00,128.42
2025-10-17 19:00:00,128.41
2025-10-17 20:00:00,129.61
2025-10-17 21:00:00,135.49
2025-10-17 22:00:00,128.11
2025-10-17 23:00:00,127.95
2025-10-18 00:00:00,92.31
2025-10-18 01:00:00,87.08
2025-10-18 02:00:00,72.22
2025-10-18 03:00:00,72.2
2025-10-18 04:00:00,72.25
2025-10-18 05:00:00,72.28
2025-10-18 06:00:00,72.28
2025-10-18 07:00:00,85.05
2025-10-18 08:00:00,91.55
2025-10-18 09:00:00,130.55
2025-10-18 10:00:00,130.41
2025-10-18 11:00:00,122.71
2025-10-18 12:00:00,93.43
2025-10-18 13:00:00,92.19
2025-10-18 14:00:00,93.43
2025-10-18 15:00:00,158.79
2025-10-18 16:00:00,93.43
2025-10-18 17:00:00,130.77
2025-10-18 18:00:00,130.95
2025-10-18 19:00:00,93.43
2025-10-18 20:00:00,92.23
2025-10-18 21:00:00,92.19
2025-10-18 22:00:00,92.13
2025-10-18 23:00:00,91.4
2025-10-19 00:00:00,72.61
2025-10-19 01:00:00,71.28
2025-10-19 02:00:00,68.97
2025-10-19 03:00:00,68.2
2025-10-19 04:00:00,68.2
2025-10-19 05:00:00,68.97
2025-10-19 06:00:00,69.74
2025-10-19 07:00:00,69.17
2025-10-19 08:00:00,66.97
2025-10-19 09:00:00,91.98
2025-10-19 10:00:00,91.98
2025-10-19 11:00:00,91.98
2025-10-19 12:00:00,91.98
2025-10-19 13:00:00,91.98
2025-10-19 14:00:00,91.98
2025-10-19 15:00:00,91.66
2025-10-19 16:00:00,91.8
2025-10-19 17:00:00,92.5
2025-10-19 18:00:00,92.5
2025-10-19 19:00:00,92.5
2025-10-19 20:00:00,92.5
2025-10-19 21:00:00,91.98
2025-10-19 22:00:00,91.55
2025-10-19 23:00:00,77.83
2025-10-20 00:00:00,71.89
2025-10-20 01:00:00,68.27
2025-10-20 02:00:00,67.23
2025-10-20 03:00:00,67.23
2025-10-20 04:00:00,67.23
2025-10-20 05:00:00,68.27
2025-10-20 06:00:00,74.73
2025-10-20 07:00:00,97.26
2025-10-20 08:00:00,143.35
2025-10-20 09:00:00,125.78
2025-10-20 10:00:00,125.53
2025-10-20 11:00:00,118.87
2025-10-20 12:00:00,110.74
2025-10-20 13:00:00,118.88
2025-10-20 14:00:00,118.87
2025-10-20 15:00:00,118.88
2025-10-20 16:00:00,118.82
2025-10-20 17:00:00,118.87
2025-10-20 18:00:00,140.52
2025-10-20 19:00:00,129.37
2025-10-20 20:00:00,118.81
2025-10-20 21:00:00,118.24
2025-10-20 22:00:00,129.07
2025-10-20 23:00:00,102.15
2025-10-21 00:00:00,111.61
2025-10-21 01:00:00,83.72
2025-10-21 02:00:00,82.47
2025-10-21 03:00:00,82.61
2025-10-21 04:00:00,84.44
2025-10-21 05:00:00,90.41
2025-10-21 06:00:00,97.31
2025-10-21 07:00:00,97.66
2025-10-21 08:00:00,126.57
2025-10-21 09:00:00,112.73
2025-10-21 10:00:00,112.61
2025-10-21 11:00:00,112.37
2025-10-21 12:00:00,112.28
2025-10-21 13:00:00,112.24
2025-10-21 14:00:00,112.24
2025-10-21 15:00:00,112.24
2025-10-21 16:00:00,130.12
2025-10-21 17:00:00,118.32
2025-10-21 18:00:00,126.4
2025-10-21 19:00:00,126.77
2025-10-21 20:00:00,118.32
2025-10-21 21:00:00,98.51
2025-10-21 22:00:00,98.48
2025-10-21 23:00:00,98.58
2025-10-22 00:00:00,106.66
2025-10-22 01:00:00,89.72
2025-10-22 02:00:00,89.76
2025-10-22 03:00:00,89.78
2025-10-22 04:00:00,89.67
2025-10-22 05:00:00,115.09
2025-10-22 06:00:00,97.3
2025-10-22 07:00:00,134.09
2025-10-22 08:00:00,120.56
2025-10-22 09:00:00,120.55
2025-10-22 10:00:00,120.55
2025-10-22 11:00:00,118.53
2025-10-22 12:00:00,118.53
2025-10-22 13:00:00,118.53
2025-10-22 14:00:00,118.53
2025-10-22 15:00:00,118.53
2025-10-22 16:00:00,118.53
2025-10-22 17:00:00,118.53
2025-10-22 18:00:00,118.52
2025-10-22 19:00:00,118.51
2025-10-22 20:00:00,114.1
2025-10-22 21:00:00,111.44
2025-10-22 22:00:00,111.61
2025-10-22 23:00:00,107.65
2025-10-23 00:00:00,105.77
2025-10-23 01:00:00,89.83
2025-10-23 02:00:00,74.94
2025-10-23 03:00:00,72.26
2025-10-23 04:00:00,72.94
2025-10-23 05:00:00,103.08
2025-10-23 06:00:00,103.34
2025-10-23 07:00:00,111.81
2025-10-23 08:00:00,117.51
2025-10-23 09:00:00,117.4
2025-10-23 10:00:00,117.17
2025-10-23 11:00:00,117.06
2025-10-23 12:00:00,113.96
2025-10-23 13:00:00,116.83
2025-10-23 14:00:00,116.83
2025-10-23 15:00:00,116.83
2025-10-23 16:00:00,113.96
2025-10-23 17:00:00,116.11
2025-10-23 18:00:00,125.02
2025-10-23 19:00:00,125.06
2025-10-23 20:00:00,125.04
2025-10-23 21:00:00,113.96
2025-10-23 22:00:00,113.96
2025-10-23 23:00:00,109.66
2025-10-24 00:00:00,109.13
2025-10-24 01:00:00,71.52
2025-10-24 02:00:00,70.45
2025-10-24 03:00:00,68.92
2025-10-24 04:00:00,69.68
2025-10-24 05:00:00,90.0
2025-10-24 06:00:00,102.67
2025-10-24 07:00:00,116.58
2025-10-24 08:00:00,119.13
2025-10-24 09:00:00,119.13
2025-10-24 10:00:00,119.13
2025-10-24 11:00:00,119.13
2025-10-24 12:00:00,119.13
2025-10-24 13:00:00,119.13
2025-10-24 14:00:00,119.13
2025-10-24 15:00:00,119.13
2025-10-24 16:00:00,116.43
2025-10-24 17:00:00,117.72
2025-10-24 18:00:00,117.83
2025-10-24 19:00:00,114.51
2025-10-24 20:00:00,114.51
2025-10-24 21:00:00,112.36
2025-10-24 22:00:00,112.36
2025-10-24 23:00:00,108.06
2025-10-25 00:00:00,91.13
2025-10-25 01:00:00,90.35
2025-10-25 02:00:00,74.32
2025-10-25 03:00:00,73.13
2025-10-25 04:00:00,73.13
2025-10-25 05:00:00,73.19
2025-10-25 06:00:00,90.31
2025-10-25 07:00:00,109.26
2025-10-25 08:00:00,90.1
2025-10-25 09:00:00,116.31
2025-10-25 10:00:00,118.45
2025-10-25 11:00:00,118.45
2025-10-25 12:00:00,118.45
2025-10-25 13:00:00,118.45
2025-10-25 14:00:00,116.31
2025-10-25 15:00:00,116.31
2025-10-25 16:00:00,109.87
2025-10-25 17:00:00,114.46
2025-10-25 18:00:00,116.31
2025-10-25 19:00:00,116.31
2025-10-25 20:00:00,116.31
2025-10-25 21:00:00,116.31
2025-10-25 22:00:00,116.31
2025-10-25 23:00:00,111.15
2025-10-26 00:00:00,77.2
2025-10-26 01:00:00,73.44
2025-10-26 02:00:00,71.42
2025-10-26 03:00:00,68.35
2025-10-26 04:00:00,68.5
2025-10-26 05:00:00,69.12
2025-10-26 06:00:00,72.63
2025-10-26 07:00:00,73.44
2025-10-26 08:00:00,71.71
2025-10-26 09:00:00,67.27
2025-10-26 10:00:00,67.27
2025-10-26 11:00:00,67.27
2025-10-26 12:00:00,63.12
2025-10-26 13:00:00,65.41
2025-10-26 14:00:00,65.49
2025-10-26 15:00:00,90.78
2025-10-26 16:00:00,90.78
2025-10-26 17:00:00,93.9
2025-10-26 18:00:00,93.9
2025-10-26 19:00:00,93.9
2025-10-26 20:00:00,93.9
2025-10-26 21:00:00,93.46
2025-10-26 22:00:00,90.78
2025-10-26 23:00:00,89.88
2025-10-27 00:00:00,75.47
2025-10-27 01:00:00,73.19
2025-10-27 02:00:00,73.19
2025-10-27 03:00:00,73.19
2025-10-27 04:00:00,73.19
2025-10-27 05:00:00,73.19
2025-10-27 06:00:00,102.31
2025-10-27 07:00:00,115.29
2025-10-27 08:00:00,132.75
2025-10-27 09:00:00,124.21
2025-10-27 10:00:00,125.66
2025-10-27 11:00:00,124.65
2025-10-27 12:00:00,112.36
2025-10-27 13:00:00,116.2
2025-10-27 14:00:00,112.36
2025-10-27 15:00:00,116.2
2025-10-27 16:00:00,118.96
2025-10-27 17:00:00,128.7
2025-10-27 18:00:00,134.54
2025-10-27 19:00:00,134.54
2025-10-27 20:00:00,134.54
2025-10-27 21:00:00,134.54
2025-10-27 22:00:00,125.93
2025-10-27 23:00:00,126.46
2025-10-28 00:00:00,115.98
2025-10-28 01:00:00,89.92
2025-10-28 02:00:00,90.01
2025-10-28 03:00:00,89.69
2025-10-28 04:00:00,89.99
2025-10-28 05:00:00,97.2
2025-10-28 06:00:00,119.73
2025-10-28 07:00:00,120.07
2025-10-28 08:00:00,120.09
2025-10-28 09:00:00,120.37
2025-10-28 10:00:00,126.72
2025-10-28 11:00:00,112.17
2025-10-28 12:00:00,112.16
2025-10-28 13:00:00,112.16
2025-10-28 14:00:00,118.96
2025-10-28 15:00:00,120.3
2025-10-28 16:00:00,130.55
2025-10-28 17:00:00,134.65
2025-10-28 18:00:00,134.09
2025-10-28 19:00:00,120.05
2025-10-28 20:00:00,117.85
2025-10-28 21:00:00,112.17
2025-10-28 22:00:00,99.93
2025-10-28 23:00:00,107.23
2025-10-29 00:00:00,117.21
2025-10-29 01:00:00,90.3
2025-10-29 02:00:00,89.79
2025-10-29 03:00:00,83.9
2025-10-29 04:00:00,89.67
2025-10-29 05:00:00,90.18
2025-10-29 06:00:00,111.18
2025-10-29 07:00:00,111.18
2025-10-29 08:00:00,119.63
2025-10-29 09:00:00,125.31
2025-10-29 10:00:00,120.79
2025-10-29 11:00:00,112.05
2025-10-29 12:00:00,111.97
2025-10-29 13:00:00,111.81
2025-10-29 14:00:00,117.13
2025-10-29 15:00:00,117.13
2025-10-29 16:00:00,132.78
2025-10-29 17:00:00,132.78
2025-10-29 18:00:00,134.19
2025-10-29 19:00:00,134.25
2025-10-29 20:00:00,134.25
2025-10-29 21:00:00,134.25
2025-10-29 22:00:00,109.86
2025-10-29 23:00:00,107.07
2025-10-30 00:00:00,131.79
2025-10-30 01:00:00,131.79
2025-10-30 02:00:00,89.72
2025-10-30 03:00:00,89.72
2025-10-30 04:00:00,89.62
2025-10-30 05:00:00,113.84
2025-10-30 06:00:00,118.07
2025-10-30 07:00:00,133.67
2025-10-30 08:00:00,125.18
2025-10-30 09:00:00,123.77
2025-10-30 10:00:00,130.82
2025-10-30 11:00:00,123.43
2025-10-30 12:00:00,120.22
2025-10-30 13:00:00,122.37
2025-10-30 14:00:00,122.37
2025-10-30 15:00:00,123.32
2025-10-30 16:00:00,123.0
2025-10-30 17:00:00,123.28
2025-10-30 18:00:00,134.44
2025-10-30 19:00:00,134.51
2025-10-30 20:00:00,134.64
2025-10-30 21:00:00,133.61
2025-10-30 22:00:00,133.61
2025-10-30 23:00:00,113.77
2025-10-31 00:00:00,116.72
2025-10-31 01:00:00,89.77
2025-10-31 02:00:00,90.19
2025-10-31 03:00:00,89.69
2025-10-31 04:00:00,89.56
2025-10-31 05:00:00,105.57
2025-10-31 06:00:00,117.22
2025-10-31 07:00:00,123.67
2025-10-31 08:00:00,127.22
2025-10-31 09:00:00,127.11
2025-10-31 10:00:00,126.88
2025-10-31 11:00:00,126.59
2025-10-31 12:00:00,123.67
2025-10-31 13:00:00,126.54
2025-10-31 14:00:00,123.67
2025-10-31 15:00:00,123.67
2025-10-31 16:00:00,123.67
2025-10-31 17:00:00,126.88
2025-10-31 18:00:00,138.36
2025-10-31 19:00:00,138.49
2025-10-31 20:00:00,123.67
2025-10-31 21:00:00,123.67
2025-10-31 22:00:00,122.98
2025-10-31 23:00:00,117.22
2025-11-01 00:00:00,108.25
2025-11-01 01:00:00,106.6
2025-11-01 02:00:00,100.35
2025-11-01 03:00:00,100.35
2025-11-01 04:00:00,100.35
2025-11-01 05:00:00,100.35
2025-11-01 06:00:00,111.74
2025-11-01 07:00:00,111.9
2025-11-01 08:00:00,111.9
2025-11-01 09:00:00,111.93
2025-11-01 10:00:00,115.45
2025-11-01 11:00:00,0.0
2025-11-01 12:00:00,0.0
2025-11-01 13:00:00,104.3
2025-11-01 14:00:00,102.32
2025-11-01 15:00:00,106.28
2025-11-01 16:00:00,114.19
2025-11-01 17:00:00,116.05
2025-11-01 18:00:00,115.7
2025-11-01 19:00:00,114.2
2025-11-01 20:00:00,114.2
2025-11-01 21:00:00,114.21
2025-11-01 22:00:00,108.25
2025-11-01 23:00:00,108.25
2025-11-02 00:00:00,109.07
2025-11-02 01:00:00,103.1
2025-11-02 02:00:00,103.1
2025-11-02 03:00:00,102.96
2025-11-02 04:00:00,103.1
2025-11-02 05:00:00,103.16
2025-11-02 06:00:00,103.99
2025-11-02 07:00:00,106.86
2025-11-02 08:00:00,106.89
2025-11-02 09:00:00,113.07
2025-11-02 10:00:00,109.06
2025-11-02 11:00:00,0.0
2025-11-02 12:00:00,0.0
2025-11-02 13:00:00,103.1
2025-11-02 14:00:00,112.86
2025-11-02 15:00:00,111.04
2025-11-02 16:00:00,109.06
2025-11-02 17:00:00,113.07
2025-11-02 18:00:00,127.84
2025-11-02 19:00:00,127.84
2025-11-02 20:00:00,113.38
2025-11-02 21:00:00,113.38
2025-11-02 22:00:00,113.44
2025-11-02 23:00:00,110.77
2025-11-03 00:00:00,85.47
2025-11-03 01:00:00,72.47
2025-11-03 02:00:00,72.47
2025-11-03 03:00:00,72.47
2025-11-03 04:00:00,72.47
2025-11-03 05:00:00,72.47
2025-11-03 06:00:00,89.74
2025-11-03 07:00:00,104.07
2025-11-03 08:00:00,122.29
2025-11-03 09:00:00,114.32
2025-11-03 10:00:00,116.03
2025-11-03 11:00:00,108.85
2025-11-03 12:00:00,108.19
2025-11-03 13:00:00,108.39
2025-11-03 14:00:00,108.61
2025-11-03 15:00:00,111.74
2025-11-03 16:00:00,108.7
2025-11-03 17:00:00,108.76
2025-11-03 18:00:00,118.77
2025-11-03 19:00:00,123.29
2025-11-03 20:00:00,123.29
2025-11-03 21:00:00,123.41
2025-11-03 22:00:00,123.41
2025-11-03 23:00:00,122.35
2025-11-04 00:00:00,122.03
2025-11-04 01:00:00,92.88
2025-11-04 02:00:00,92.88
2025-11-04 03:00:00,92.88
2025-11-04 04:00:00,92.88
2025-11-04 05:00:00,92.88
2025-11-04 06:00:00,94.5
2025-11-04 07:00:00,103.07
2025-11-04 08:00:00,103.0
2025-11-04 09:00:00,107.5
2025-11-04 10:00:00,118.68
2025-11-04 11:00:00,108.02
2025-11-04 12:00:00,105.55
2025-11-04 13:00:00,108.23
2025-11-04 14:00:00,108.28
2025-11-04 15:00:00,115.75
2025-11-04 16:00:00,108.23
2025-11-04 17:00:00,108.31
2025-11-04 18:00:00,122.5
2025-11-04 19:00:00,122.62
2025-11-04 20:00:00,122.62
2025-11-04 21:00:00,122.62
2025-11-04 22:00:00,107.73
2025-11-04 23:00:00,103.51
2025-11-05 00:00:00,116.13
2025-11-05 01:00:00,88.34
2025-11-05 02:00:00,84.03
2025-11-05 03:00:00,82.12
2025-11-05 04:00:00,83.27
2025-11-05 05:00:00,88.51
2025-11-05 06:00:00,107.09
2025-11-05 07:00:00,107.38
2025-11-05 08:00:00,109.18
2025-11-05 09:00:00,107.97
2025-11-05 10:00:00,113.48
2025-11-05 11:00:00,107.62
2025-11-05 12:00:00,107.39
2025-11-05 13:00:00,107.8
2025-11-05 14:00:00,108.08
2025-11-05 15:00:00,116.5
2025-11-05 16:00:00,115.77
2025-11-05 17:00:00,137.66
2025-11-05 18:00:00,116.77
2025-11-05 19:00:00,115.78
2025-11-05 20:00:00,109.7
2025-11-05 21:00:00,109.65
2025-11-05 22:00:00,109.15
2025-11-05 23:00:00,108.9
2025-11-06 00:00:00,108.66
2025-11-06 01:00:00,82.85
2025-11-06 02:00:00,74.11
2025-11-06 03:00:00,72.47
2025-11-06 04:00:00,72.47
2025-11-06 05:00:00,88.45
2025-11-06 06:00:00,108.29
2025-11-06 07:00:00,114.1
2025-11-06 08:00:00,119.37
2025-11-06 09:00:00,109.15
2025-11-06 10:00:00,116.6
2025-11-06 11:00:00,108.68
2025-11-06 12:00:00,107.94
2025-11-06 13:00:00,108.69
2025-11-06 14:00:00,109.12
2025-11-06 15:00:00,114.77
2025-11-06 16:00:00,108.8
2025-11-06 17:00:00,113.22
2025-11-06 18:00:00,127.4
2025-11-06 19:00:00,123.5
2025-11-06 20:00:00,123.5
2025-11-06 21:00:00,123.3
2025-11-06 22:00:00,104.61
2025-11-06 23:00:00,104.58
2025-11-07 00:00:00,91.08
2025-11-07 01:00:00,84.19
2025-11-07 02:00:00,84.19
2025-11-07 03:00:00,73.35
2025-11-07 04:00:00,73.35
2025-11-07 05:00:00,91.65
2025-11-07 06:00:00,92.75
2025-11-07 07:00:00,104.99
2025-11-07 08:00:00,108.39
2025-11-07 09:00:00,108.62
2025-11-07 10:00:00,108.49
2025-11-07 11:00:00,107.21
2025-11-07 12:00:00,106.74
2025-11-07 13:00:00,107.75
2025-11-07 14:00:00,112.09
2025-11-07 15:00:00,144.61
2025-11-07 16:00:00,111.56
2025-11-07 17:00:00,107.78
2025-11-07 18:00:00,107.78
2025-11-07 19:00:00,107.78
2025-11-07 20:00:00,107.78
2025-11-07 21:00:00,105.15
2025-11-07 22:00:00,105.15
2025-11-07 23:00:00,105.1
2025-11-08 00:00:00,86.49
2025-11-08 01:00:00,83.04
2025-11-08 02:00:00,77.78
2025-11-08 03:00:00,77.78
2025-11-08 04:00:00,77.78
2025-11-08 05:00:00,77.78
2025-11-08 06:00:00,84.05
2025-11-08 07:00:00,83.37
2025-11-08 08:00:00,77.78
2025-11-08 09:00:00,86.2
2025-11-08 10:00:00,91.17
2025-11-08 11:00:00,91.17
2025-11-08 12:00:00,91.17
2025-11-08 13:00:00,115.85
2025-11-08 14:00:00,115.85
2025-11-08 15:00:00,91.17
2025-11-08 16:00:00,90.6
2025-11-08 17:00:00,91.16
2025-11-08 18:00:00,89.32
2025-11-08 19:00:00,89.17
2025-11-08 20:00:00,90.03
2025-11-08 21:00:00,87.49
2025-11-08 22:00:00,87.22
2025-11-08 23:00:00,87.0
2025-11-09 00:00:00,72.52
2025-11-09 01:00:00,71.17
2025-11-09 02:00:00,69.81
2025-11-09 03:00:00,68.35
2025-11-09 04:00:00,68.35
2025-11-09 05:00:00,70.58
2025-11-09 06:00:00,76.82
2025-11-09 07:00:00,76.82
2025-11-09 08:00:00,70.34
2025-11-09 09:00:00,67.59
2025-11-09 10:00:00,79.83
2025-11-09 11:00:00,66.27
2025-11-09 12:00:00,56.52
2025-11-09 13:00:00,65.65
2025-11-09 14:00:00,67.59
2025-11-09 15:00:00,67.59
2025-11-09 16:00:00,71.17
2025-11-09 17:00:00,79.51
2025-11-09 18:00:00,89.93
2025-11-09 19:00:00,89.67
2025-11-09 20:00:00,89.67
2025-11-09 21:00:00,80.09
2025-11-09 22:00:00,80.09
2025-11-09 23:00:00,80.09
2025-11-10 00:00:00,72.44
2025-11-10 01:00:00,72.44
2025-11-10 02:00:00,72.44
2025-11-10 03:00:00,72.44
2025-11-10 04:00:00,72.44
2025-11-10 05:00:00,72.44
2025-11-10 06:00:00,90.88
2025-11-10 07:00:00,104.25
2025-11-10 08:00:00,122.29
2025-11-10 09:00:00,110.52
2025-11-10 10:00:00,110.52
2025-11-10 11:00:00,110.06
2025-11-10 12:00:00,106.29
2025-11-10 13:00:00,108.3
2025-11-10 14:00:00,104.59
2025-11-10 15:00:00,106.29
2025-11-10 16:00:00,111.6
2025-11-10 17:00:00,112.13
2025-11-10 18:00:00,119.52
2025-11-10 19:00:00,112.11
2025-11-10 20:00:00,111.88
2025-11-10 21:00:00,111.88
2025-11-10 22:00:00,111.88
2025-11-10 23:00:00,104.29
2025-11-11 00:00:00,106.07
2025-11-11 01:00:00,88.25
2025-11-11 02:00:00,83.21
2025-11-11 03:00:00,83.21
2025-11-11 04:00:00,83.21
2025-11-11 05:00:00,88.51
2025-11-11 06:00:00,108.99
2025-11-11 07:00:00,116.25
2025-11-11 08:00:00,109.76
2025-11-11 09:00:00,114.74
2025-11-11 10:00:00,123.2
2025-11-11 11:00:00,109.47
2025-11-11 12:00:00,107.99
2025-11-11 13:00:00,109.41
2025-11-11 14:00:00,109.68
2025-11-11 15:00:00,109.23
2025-11-11 16:00:00,109.24
2025-11-11 17:00:00,128.15
2025-11-11 18:00:00,128.21
2025-11-11 19:00:00,119.79
2025-11-11 20:00:00,119.79
2025-11-11 21:00:00,119.79
2025-11-11 22:00:00,109.29
2025-11-11 23:00:00,104.78
2025-11-12 00:00:00,90.36
2025-11-12 01:00:00,81.38
2025-11-12 02:00:00,78.97
2025-11-12 03:00:00,73.35
2025-11-12 04:00:00,78.21
2025-11-12 05:00:00,88.52
2025-11-12 06:00:00,109.9
2025-11-12 07:00:00,110.2
2025-11-12 08:00:00,113.08
2025-11-12 09:00:00,115.55
2025-11-12 10:00:00,110.7
2025-11-12 11:00:00,110.11
2025-11-12 12:00:00,106.43
2025-11-12 13:00:00,106.8
2025-11-12 14:00:00,108.43
2025-11-12 15:00:00,108.42
2025-11-12 16:00:00,115.29
2025-11-12 17:00:00,115.66
2025-11-12 18:00:00,119.66
2025-11-12 19:00:00,115.66
2025-11-12 20:00:00,106.43
2025-11-12 21:00:00,104.73
2025-11-12 22:00:00,104.73
2025-11-12 23:00:00,104.73
2025-11-13 00:00:00,90.36
2025-11-13 01:00:00,78.89
2025-11-13 02:00:00,78.78
2025-11-13 03:00:00,78.78
2025-11-13 04:00:00,78.78
2025-11-13 05:00:00,78.78
2025-11-13 06:00:00,94.01
2025-11-13 07:00:00,115.5
2025-11-13 08:00:00,152.09
2025-11-13 09:00:00,116.86
2025-11-13 10:00:00,116.72
2025-11-13 11:00:00,113.79
2025-11-13 12:00:00,104.01
2025-11-13 13:00:00,104.91
2025-11-13 14:00:00,110.14
2025-11-13 15:00:00,108.43
2025-11-13 16:00:00,108.44
2025-11-13 17:00:00,108.41
2025-11-13 18:00:00,104.46
2025-11-13 19:00:00,104.47
2025-11-13 20:00:00,92.62
2025-11-13 21:00:00,91.82
2025-11-13 22:00:00,92.21
2025-11-13 23:00:00,97.54
2025-11-14 00:00:00,93.16
2025-11-14 01:00:00,73.39
2025-11-14 02:00:00,73.39
2025-11-14 03:00:00,73.39
2025-11-14 04:00:00,73.39
2025-11-14 05:00:00,73.39
2025-11-14 06:00:00,91.98
2025-11-14 07:00:00,105.92
2025-11-14 08:00:00,110.81
2025-11-14 09:00:00,110.79
2025-11-14 10:00:00,110.45
2025-11-14 11:00:00,108.59
2025-11-14 12:00:00,106.58
2025-11-14 13:00:00,106.58
2025-11-14 14:00:00,106.58
2025-11-14 15:00:00,108.59
2025-11-14 16:00:00,108.36
2025-11-14 17:00:00,106.58
2025-11-14 18:00:00,106.58
2025-11-14 19:00:00,105.9
2025-11-14 20:00:00,105.91
2025-11-14 21:00:00,125.66
2025-11-14 22:00:00,105.89
2025-11-14 23:00:00,97.81
2025-11-15 00:00:00,90.55
2025-11-15 01:00:00,89.46
2025-11-15 02:00:00,89.14
2025-11-15 03:00:00,81.76
2025-11-15 04:00:00,88.97
2025-11-15 05:00:00,89.69
2025-11-15 06:00:00,89.79
2025-11-15 07:00:00,89.79
2025-11-15 08:00:00,88.77
2025-11-15 09:00:00,69.36
2025-11-15 10:00:00,67.9
2025-11-15 11:00:00,67.12
2025-11-15 12:00:00,0.0
2025-11-15 13:00:00,66.6
2025-11-15 14:00:00,67.9
2025-11-15 15:00:00,70.16
2025-11-15 16:00:00,89.33
2025-11-15 17:00:00,90.48
2025-11-15 18:00:00,90.23
2025-11-15 19:00:00,90.23
2025-11-15 20:00:00,90.85
2025-11-15 21:00:00,123.75
2025-11-15 22:00:00,90.23
2025-11-15 23:00:00,90.66
2025-11-16 00:00:00,89.56
2025-11-16 01:00:00,82.52
2025-11-16 02:00:00,71.74
2025-11-16 03:00:00,76.69
2025-11-16 04:00:00,71.74
2025-11-16 05:00:00,84.9
2025-11-16 06:00:00,85.98
2025-11-16 07:00:00,81.99
2025-11-16 08:00:00,69.38
2025-11-16 09:00:00,67.59
2025-11-16 10:00:00,67.59
2025-11-16 11:00:00,65.64
2025-11-16 12:00:00,0.0
2025-11-16 13:00:00,66.34
2025-11-16 14:00:00,67.59
2025-11-16 15:00:00,68.68
2025-11-16 16:00:00,80.6
2025-11-16 17:00:00,90.49
2025-11-16 18:00:00,90.49
2025-11-16 19:00:00,90.49
2025-11-16 20:00:00,90.49
2025-11-16 21:00:00,90.49
2025-11-16 22:00:00,90.49
2025-11-16 23:00:00,90.49
2025-11-17 00:00:00,113.24
2025-11-17 01:00:00,72.29
2025-11-17 02:00:00,72.29
2025-11-17 03:00:00,72.29
2025-11-17 04:00:00,72.29
2025-11-17 05:00:00,72.29
2025-11-17 06:00:00,88.55
2025-11-17 07:00:00,106.9
2025-11-17 08:00:00,109.65
2025-11-17 09:00:00,109.43
2025-11-17 10:00:00,110.88
2025-11-17 11:00:00,110.41
2025-11-17 12:00:00,109.65
2025-11-17 13:00:00,109.35
2025-11-17 14:00:00,109.41
2025-11-17 15:00:00,124.53
2025-11-17 16:00:00,109.65
2025-11-17 17:00:00,109.6
2025-11-17 18:00:00,108.16
2025-11-17 19:00:00,108.35
2025-11-17 20:00:00,124.7
2025-11-17 21:00:00,106.06
2025-11-17 22:00:00,106.06
2025-11-17 23:00:00,104.52
2025-11-18 00:00:00,105.99
2025-11-18 01:00:00,88.37
2025-11-18 02:00:00,85.65
2025-11-18 03:00:00,85.65
2025-11-18 04:00:00,85.65
2025-11-18 05:00:00,90.13
2025-11-18 06:00:00,103.43
2025-11-18 07:00:00,106.94
2025-11-18 08:00:00,122.7
2025-11-18 09:00:00,122.71
2025-11-18 10:00:00,107.57
2025-11-18 11:00:00,114.12
2025-11-18 12:00:00,107.23
2025-11-18 13:00:00,107.56
2025-11-18 14:00:00,114.12
2025-11-18 15:00:00,108.44
2025-11-18 16:00:00,119.33
2025-11-18 17:00:00,118.34
2025-11-18 18:00:00,118.34
2025-11-18 19:00:00,118.34
2025-11-18 20:00:00,118.34
2025-11-18 21:00:00,118.34
2025-11-18 22:00:00,118.34
2025-11-18 23:00:00,118.34
2025-11-19 00:00:00,92.11
2025-11-19 01:00:00,73.72
2025-11-19 02:00:00,73.23
2025-11-19 03:00:00,73.23
2025-11-19 04:00:00,73.23
2025-11-19 05:00:00,73.72
2025-11-19 06:00:00,92.61
2025-11-19 07:00:00,92.08
2025-11-19 08:00:00,123.66
2025-11-19 09:00:00,116.94
2025-11-19 10:00:00,117.68
2025-11-19 11:00:00,110.8
2025-11-19 12:00:00,110.8
2025-11-19 13:00:00,110.8
2025-11-19 14:00:00,110.8
2025-11-19 15:00:00,110.8
2025-11-19 16:00:00,117.44
2025-11-19 17:00:00,118.2
2025-11-19 18:00:00,118.16
2025-11-19 19:00:00,118.13
2025-11-19 20:00:00,118.13
2025-11-19 21:00:00,89.77
2025-11-19 22:00:00,89.44
2025-11-19 23:00:00,117.51
2025-11-20 00:00:00,85.53
2025-11-20 01:00:00,73.24
2025-11-20 02:00:00,73.24
2025-11-20 03:00:00,73.24
2025-11-20 04:00:00,73.24
2025-11-20 05:00:00,73.46
2025-11-20 06:00:00,89.22
2025-11-20 07:00:00,90.13
2025-11-20 08:00:00,125.73
2025-11-20 09:00:00,125.73
2025-11-20 10:00:00,115.77
2025-11-20 11:00:00,111.59
2025-11-20 12:00:00,105.87
2025-11-20 13:00:00,111.58
2025-11-20 14:00:00,111.58
2025-11-20 15:00:00,123.29
2025-11-20 16:00:00,120.58
2025-11-20 17:00:00,127.66
2025-11-20 18:00:00,127.95
2025-11-20 19:00:00,89.7
2025-11-20 20:00:00,119.68
2025-11-20 21:00:00,119.08
2025-11-20 22:00:00,73.46
2025-11-20 23:00:00,73.46
2025-11-21 00:00:00,72.24
2025-11-21 01:00:00,67.88
2025-11-21 02:00:00,67.87
2025-11-21 03:00:00,67.87
2025-11-21 04:00:00,67.87
2025-11-21 05:00:00,70.22
2025-11-21 06:00:00,84.19
2025-11-21 07:00:00,90.13
2025-11-21 08:00:00,94.29
2025-11-21 09:00:00,120.01
2025-11-21 10:00:00,112.02
2025-11-21 11:00:00,90.84
2025-11-21 12:00:00,67.87
2025-11-21 13:00:00,90.26
2025-11-21 14:00:00,90.64
2025-11-21 15:00:00,90.84
2025-11-21 16:00:00,90.84
2025-11-21 17:00:00,90.84
2025-11-21 18:00:00,90.84
2025-11-21 19:00:00,128.63
2025-11-21 20:00:00,89.48
2025-11-21 21:00:00,89.48
2025-11-21 22:00:00,89.48
2025-11-21 23:00:00,89.48
2025-11-22 00:00:00,118.13
2025-11-22 01:00:00,74.91
2025-11-22 02:00:00,70.88
2025-11-22 03:00:00,75.12
2025-11-22 04:00:00,70.88
2025-11-22 05:00:00,86.49
2025-11-22 06:00:00,91.96
2025-11-22 07:00:00,91.96
2025-11-22 08:00:00,73.74
2025-11-22 09:00:00,66.38
2025-11-22 10:00:00,65.78
2025-11-22 11:00:00,64.1
2025-11-22 12:00:00,0.0
2025-11-22 13:00:00,64.1
2025-11-22 14:00:00,65.78
2025-11-22 15:00:00,70.77
2025-11-22 16:00:00,109.75
2025-11-22 17:00:00,91.28
2025-11-22 18:00:00,128.28
2025-11-22 19:00:00,91.39
2025-11-22 20:00:00,91.39
2025-11-22 21:00:00,91.43
2025-11-22 22:00:00,91.51
2025-11-22 23:00:00,121.04
2025-11-23 00:00:00,89.64
2025-11-23 01:00:00,73.64
2025-11-23 02:00:00,73.64
2025-11-23 03:00:00,73.64
2025-11-23 04:00:00,73.64
2025-11-23 05:00:00,73.64
2025-11-23 06:00:00,73.64
2025-11-23 07:00:00,73.64
2025-11-23 08:00:00,69.96
2025-11-23 09:00:00,64.55
2025-11-23 10:00:00,63.54
2025-11-23 11:00:00,52.02
2025-11-23 12:00:00,56.78
2025-11-23 13:00:00,56.78
2025-11-23 14:00:00,64.55
2025-11-23 15:00:00,67.82
2025-11-23 16:00:00,69.96
2025-11-23 17:00:00,73.43
2025-11-23 18:00:00,73.43
2025-11-23 19:00:00,73.43
2025-11-23 20:00:00,123.31
2025-11-23 21:00:00,73.64
2025-11-23 22:00:00,73.64
2025-11-23 23:00:00,73.64
2025-11-24 00:00:00,122.63
2025-11-24 01:00:00,68.21
2025-11-24 02:00:00,68.21
2025-11-24 03:00:00,68.21
2025-11-24 04:00:00,68.21
2025-11-24 05:00:00,68.21
2025-11-24 06:00:00,68.65
2025-11-24 07:00:00,122.63
2025-11-24 08:00:00,125.75
2025-11-24 09:00:00,125.75
2025-11-24 10:00:00,124.71
2025-11-24 11:00:00,125.61
2025-11-24 12:00:00,107.43
2025-11-24 13:00:00,107.43
2025-11-24 14:00:00,76.85
2025-11-24 15:00:00,105.37
2025-11-24 16:00:00,105.37
2025-11-24 17:00:00,126.3
2025-11-24 18:00:00,126.47
2025-11-24 19:00:00,126.47
2025-11-24 20:00:00,83.99
2025-11-24 21:00:00,76.85
2025-11-24 22:00:00,76.07
2025-11-24 23:00:00,76.11
2025-11-25 00:00:00,68.75
2025-11-25 01:00:00,67.75
2025-11-25 02:00:00,67.75
2025-11-25 03:00:00,67.75
2025-11-25 04:00:00,67.75
2025-11-25 05:00:00,67.75
2025-11-25 06:00:00,70.83
2025-11-25 07:00:00,83.99
2025-11-25 08:00:00,109.56
2025-11-25 09:00:00,117.36
2025-11-25 10:00:00,119.36
2025-11-25 11:00:00,104.9
2025-11-25 12:00:00,104.9
2025-11-25 13:00:00,104.9
2025-11-25 14:00:00,104.9
2025-11-25 15:00:00,104.9
2025-11-25 16:00:00,104.9
2025-11-25 17:00:00,104.9
2025-11-25 18:00:00,119.99
2025-11-25 19:00:00,104.84
2025-11-25 20:00:00,76.41
2025-11-25 21:00:00,74.26
2025-11-25 22:00:00,76.41
2025-11-25 23:00:00,75.55
2025-11-26 00:00:00,71.23
2025-11-26 01:00:00,67.71
2025-11-26 02:00:00,67.71
2025-11-26 03:00:00,67.71
2025-11-26 04:00:00,67.71
2025-11-26 05:00:00,68.09
2025-11-26 06:00:00,75.15
2025-11-26 07:00:00,92.71
2025-11-26 08:00:00,125.08
2025-11-26 09:00:00,124.51
2025-11-26 10:00:00,104.92
2025-11-26 11:00:00,104.92
2025-11-26 12:00:00,0.0
2025-11-26 13:00:00,89.96
2025-11-26 14:00:00,89.96
2025-11-26 15:00:00,89.96
2025-11-26 16:00:00,89.87
2025-11-26 17:00:00,125.52
2025-11-26 18:00:00,127.95
2025-11-26 19:00:00,123.15
2025-11-26 20:00:00,125.23
2025-11-26 21:00:00,78.44
2025-11-26 22:00:00,78.44
2025-11-26 23:00:00,78.44
2025-11-27 00:00:00,75.15
2025-11-27 01:00:00,72.29
2025-11-27 02:00:00,72.29
2025-11-27 03:00:00,72.29
2025-11-27 04:00:00,72.29
2025-11-27 05:00:00,72.29
2025-11-27 06:00:00,75.54
2025-11-27 07:00:00,88.15
2025-11-27 08:00:00,105.59
2025-11-27 09:00:00,113.39
2025-11-27 10:00:00,116.57
2025-11-27 11:00:00,116.57
2025-11-27 12:00:00,105.01
2025-11-27 13:00:00,100.07
2025-11-27 14:00:00,93.91
2025-11-27 15:00:00,90.3
2025-11-27 16:00:00,90.3
2025-11-27 17:00:00,89.87
2025-11-27 18:00:00,119.69
2025-11-27 19:00:00,119.72
2025-11-27 20:00:00,119.72
2025-11-27 21:00:00,82.01
2025-11-27 22:00:00,82.54
2025-11-27 23:00:00,78.14
2025-11-28 00:00:00,86.57
2025-11-28 01:00:00,72.37
2025-11-28 02:00:00,72.37
2025-11-28 03:00:00,72.37
2025-11-28 04:00:00,72.37
2025-11-28 05:00:00,73.06
2025-11-28 06:00:00,89.47
2025-11-28 07:00:00,106.03
2025-11-28 08:00:00,117.02
2025-11-28 09:00:00,112.87
2025-11-28 10:00:00,112.9
2025-11-28 11:00:00,90.55
2025-11-28 12:00:00,89.53
2025-11-28 13:00:00,106.0
2025-11-28 14:00:00,109.23
2025-11-28 15:00:00,105.95
2025-11-28 16:00:00,117.02
2025-11-28 17:00:00,119.2
2025-11-28 18:00:00,118.79
2025-11-28 19:00:00,118.79
2025-11-28 20:00:00,118.79
2025-11-28 21:00:00,118.79
2025-11-28 22:00:00,118.79
2025-11-28 23:00:00,118.79
2025-11-29 00:00:00,117.43
2025-11-29 01:00:00,84.05
2025-11-29 02:00:00,71.04
2025-11-29 03:00:00,76.54
2025-11-29 04:00:00,78.03
2025-11-29 05:00:00,84.05
2025-11-29 06:00:00,91.96
2025-11-29 07:00:00,91.96
2025-11-29 08:00:00,84.05
2025-11-29 09:00:00,67.96
2025-11-29 10:00:00,67.96
2025-11-29 11:00:00,66.67
2025-11-29 12:00:00,0.0
2025-11-29 13:00:00,65.62
2025-11-29 14:00:00,67.96
2025-11-29 15:00:00,82.37
2025-11-29 16:00:00,91.15
2025-11-29 17:00:00,91.23
2025-11-29 18:00:00,91.23
2025-11-29 19:00:00,92.98
2025-11-29 20:00:00,92.98
2025-11-29 21:00:00,91.52
2025-11-29 22:00:00,91.28
2025-11-29 23:00:00,91.53
2025-11-30 00:00:00,70.88
2025-11-30 01:00:00,69.05
2025-11-30 02:00:00,67.96
2025-11-30 03:00:00,67.79
2025-11-30 04:00:00,67.79
2025-11-30 05:00:00,67.95
2025-11-30 06:00:00,69.05
2025-11-30 07:00:00,69.05
2025-11-30 08:00:00,67.79
2025-11-30 09:00:00,67.21
2025-11-30 10:00:00,67.02
2025-11-30 11:00:00,66.27
2025-11-30 12:00:00,65.62
2025-11-30 13:00:00,65.62
2025-11-30 14:00:00,67.02
2025-11-30 15:00:00,67.4
2025-11-30 16:00:00,69.05
2025-11-30 17:00:00,69.05
2025-11-30 18:00:00,69.05
2025-11-30 19:00:00,69.05
2025-11-30 20:00:00,71.52
2025-11-30 21:00:00,71.52
2025-11-30 22:00:00,71.52
2025-11-30 23:00:00,71.52
2025-12-01 00:00:00,70.53
2025-12-01 01:00:00,68.64
2025-12-01 02:00:00,68.64
2025-12-01 03:00:00,68.64
2025-12-01 04:00:00,68.64
2025-12-01 05:00:00,69.46
2025-12-01 06:00:00,70.53
2025-12-01 07:00:00,92.27
2025-12-01 08:00:00,115.65
2025-12-01 09:00:00,119.21
2025-12-01 10:00:00,119.21
2025-12-01 11:00:00,93.63
2025-12-01 12:00:00,72.42
2025-12-01 13:00:00,111.27
2025-12-01 14:00:00,95.38
2025-12-01 15:00:00,111.27
2025-12-01 16:00:00,119.21
2025-12-01 17:00:00,119.21
2025-12-01 18:00:00,119.21
2025-12-01 19:00:00,119.21
2025-12-01 20:00:00,119.21
2025-12-01 21:00:00,79.03
2025-12-01 22:00:00,79.03
2025-12-01 23:00:00,79.03
2025-12-02 00:00:00,73.53
2025-12-02 01:00:00,73.53
2025-12-02 02:00:00,68.96
2025-12-02 03:00:00,68.96
2025-12-02 04:00:00,68.96
2025-12-02 05:00:00,73.53
2025-12-02 06:00:00,73.53
2025-12-02 07:00:00,113.4
2025-12-02 08:00:00,114.34
2025-12-02 09:00:00,114.34
2025-12-02 10:00:00,114.34
2025-12-02 11:00:00,114.34
2025-12-02 12:00:00,113.4
2025-12-02 13:00:00,114.4
2025-12-02 14:00:00,114.4
2025-12-02 15:00:00,113.4
2025-12-02 16:00:00,113.4
2025-12-02 17:00:00,113.4
2025-12-02 18:00:00,113.4
2025-12-02 19:00:00,114.34
2025-12-02 20:00:00,114.34
2025-12-02 21:00:00,106.39
2025-12-02 22:00:00,85.67
2025-12-02 23:00:00,75.39
2025-12-03 00:00:00,78.95
2025-12-03 01:00:00,73.27
2025-12-03 02:00:00,73.27
2025-12-03 03:00:00,73.27
2025-12-03 04:00:00,73.27
2025-12-03 05:00:00,73.27
2025-12-03 06:00:00,73.27
2025-12-03 07:00:00,107.38
2025-12-03 08:00:00,112.89
2025-12-03 09:00:00,112.82
2025-12-03 10:00:00,112.84
2025-12-03 11:00:00,109.38
2025-12-03 12:00:00,108.33
2025-12-03 13:00:00,111.98
2025-12-03 14:00:00,112.84
2025-12-03 15:00:00,123.62
2025-12-03 16:00:00,112.84
2025-12-03 17:00:00,112.84
2025-12-03 18:00:00,112.84
2025-12-03 19:00:00,112.84
2025-12-03 20:00:00,112.84
2025-12-03 21:00:00,107.38
2025-12-03 22:00:00,87.02
2025-12-03 23:00:00,107.25
2025-12-04 00:00:00,74.55
2025-12-04 01:00:00,73.27
2025-12-04 02:00:00,73.27
2025-12-04 03:00:00,73.27
2025-12-04 04:00:00,73.27
2025-12-04 05:00:00,73.27
2025-12-04 06:00:00,74.55
2025-12-04 07:00:00,113.54
2025-12-04 08:00:00,114.67
2025-12-04 09:00:00,126.61
2025-12-04 10:00:00,114.57
2025-12-04 11:00:00,114.31
2025-12-04 12:00:00,91.91
2025-12-04 13:00:00,93.4
2025-12-04 14:00:00,93.4
2025-12-04 15:00:00,116.85
2025-12-04 16:00:00,116.69
2025-12-04 17:00:00,116.66
2025-12-04 18:00:00,124.33
2025-12-04 19:00:00,124.33
2025-12-04 20:00:00,93.04
2025-12-04 21:00:00,74.85
2025-12-04 22:00:00,77.78
2025-12-04 23:00:00,77.78
2025-12-05 00:00:00,74.94
2025-12-05 01:00:00,73.31
2025-12-05 02:00:00,73.31
2025-12-05 03:00:00,73.31
2025-12-05 04:00:00,73.31
2025-12-05 05:00:00,73.54
2025-12-05 06:00:00,76.78
2025-12-05 07:00:00,113.81
2025-12-05 08:00:00,115.9
2025-12-05 09:00:00,115.9
2025-12-05 10:00:00,115.2
2025-12-05 11:00:00,111.09
2025-12-05 12:00:00,100.88
2025-12-05 13:00:00,92.39
2025-12-05 14:00:00,93.75
2025-12-05 15:00:00,100.88
2025-12-05 16:00:00,112.43
2025-12-05 17:00:00,121.24
2025-12-05 18:00:00,121.79
2025-12-05 19:00:00,121.85
2025-12-05 20:00:00,121.18
2025-12-05 21:00:00,92.39
2025-12-05 22:00:00,93.6
2025-12-05 23:00:00,91.03
2025-12-06 00:00:00,122.59
2025-12-06 01:00:00,107.02
2025-12-06 02:00:00,90.44
2025-12-06 03:00:00,78.17
2025-12-06 04:00:00,91.99
2025-12-06 05:00:00,91.99
2025-12-06 06:00:00,87.98
2025-12-06 07:00:00,93.15
2025-12-06 08:00:00,93.15
2025-12-06 09:00:00,76.26
2025-12-06 10:00:00,140.21
2025-12-06 11:00:00,132.28
2025-12-06 12:00:00,6.28
2025-12-06 13:00:00,68.21
2025-12-06 14:00:00,71.68
2025-12-06 15:00:00,74.12
2025-12-06 16:00:00,90.59
2025-12-06 17:00:00,93.15
2025-12-06 18:00:00,93.15
2025-12-06 19:00:00,93.15
2025-12-06 20:00:00,93.15
2025-12-06 21:00:00,93.15
2025-12-06 22:00:00,93.15
2025-12-06 23:00:00,106.83
2025-12-07 00:00:00,72.47
2025-12-07 01:00:00,70.62
2025-12-07 02:00:00,70.62
2025-12-07 03:00:00,70.62
2025-12-07 04:00:00,70.62
2025-12-07 05:00:00,72.71
2025-12-07 06:00:00,76.44
2025-12-07 07:00:00,76.44
2025-12-07 08:00:00,76.44
2025-12-07 09:00:00,74.1
2025-12-07 10:00:00,72.71
2025-12-07 11:00:00,66.92
2025-12-07 12:00:00,58.76
2025-12-07 13:00:00,0.0
2025-12-07 14:00:00,66.38
2025-12-07 15:00:00,66.92
2025-12-07 16:00:00,86.6
2025-12-07 17:00:00,86.7
2025-12-07 18:00:00,94.43
2025-12-07 19:00:00,94.43
2025-12-07 20:00:00,94.43
2025-12-07 21:00:00,94.43
2025-12-07 22:00:00,94.43
2025-12-07 23:00:00,94.43
2025-12-08 00:00:00,77.28
2025-12-08 01:00:00,68.97
2025-12-08 02:00:00,68.97
2025-12-08 03:00:00,68.97
2025-12-08 04:00:00,68.97
2025-12-08 05:00:00,71.33
2025-12-08 06:00:00,72.79
2025-12-08 07:00:00,79.56
2025-12-08 08:00:00,120.85
2025-12-08 09:00:00,117.93
2025-12-08 10:00:00,93.36
2025-12-08 11:00:00,112.78
2025-12-08 12:00:00,96.9
2025-12-08 13:00:00,112.78
2025-12-08 14:00:00,120.73
2025-12-08 15:00:00,98.24
2025-12-08 16:00:00,120.73
2025-12-08 17:00:00,121.55
2025-12-08 18:00:00,121.67
2025-12-08 19:00:00,121.15
2025-12-08 20:00:00,120.62
2025-12-08 21:00:00,96.9
2025-12-08 22:00:00,104.84
2025-12-08 23:00:00,104.84
2025-12-09 00:00:00,73.38
2025-12-09 01:00:00,73.38
2025-12-09 02:00:00,73.38
2025-12-09 03:00:00,73.38
2025-12-09 04:00:00,73.38
2025-12-09 05:00:00,73.38
2025-12-09 06:00:00,76.6
2025-12-09 07:00:00,93.64
2025-12-09 08:00:00,115.99
2025-12-09 09:00:00,123.39
2025-12-09 10:00:00,115.84
2025-12-09 11:00:00,110.99
2025-12-09 12:00:00,91.23
2025-12-09 13:00:00,93.64
2025-12-09 14:00:00,95.0
2025-12-09 15:00:00,93.64
2025-12-09 16:00:00,114.67
2025-12-09 17:00:00,114.67
2025-12-09 18:00:00,114.67
2025-12-09 19:00:00,114.67
2025-12-09 20:00:00,106.73
2025-12-09 21:00:00,76.26
2025-12-09 22:00:00,76.26
2025-12-09 23:00:00,123.84
2025-12-10 00:00:00,79.56
2025-12-10 01:00:00,73.36
2025-12-10 02:00:00,73.36
2025-12-10 03:00:00,73.36
2025-12-10 04:00:00,73.36
2025-12-10 05:00:00,73.36
2025-12-10 06:00:00,123.95
2025-12-10 07:00:00,98.32
2025-12-10 08:00:00,98.89
2025-12-10 09:00:00,122.96
2025-12-10 10:00:00,115.22
2025-12-10 11:00:00,115.21
2025-12-10 12:00:00,119.27
2025-12-10 13:00:00,94.06
2025-12-10 14:00:00,113.64
2025-12-10 15:00:00,94.06
2025-12-10 16:00:00,125.19
2025-12-10 17:00:00,137.43
2025-12-10 18:00:00,93.37
2025-12-10 19:00:00,93.41
2025-12-10 20:00:00,77.81
2025-12-10 21:00:00,125.75
2025-12-10 22:00:00,100.42
2025-12-10 23:00:00,95.44
2025-12-11 00:00:00,105.14
2025-12-11 01:00:00,90.65
2025-12-11 02:00:00,73.17
2025-12-11 03:00:00,73.17
2025-12-11 04:00:00,73.17
2025-12-11 05:00:00,73.17
2025-12-11 06:00:00,98.6
2025-12-11 07:00:00,94.22
2025-12-11 08:00:00,114.49
2025-12-11 09:00:00,135.02
2025-12-11 10:00:00,116.58
2025-12-11 11:00:00,116.53
2025-12-11 12:00:00,0.0
2025-12-11 13:00:00,0.0
2025-12-11 14:00:00,94.27
2025-12-11 15:00:00,122.43
2025-12-11 16:00:00,94.43
2025-12-11 17:00:00,94.59
2025-12-11 18:00:00,94.5
2025-12-11 19:00:00,94.5
2025-12-11 20:00:00,93.29
2025-12-11 21:00:00,106.54
2025-12-11 22:00:00,98.6
2025-12-11 23:00:00,98.6
2025-12-12 00:00:00,74.98
2025-12-12 01:00:00,71.34
2025-12-12 02:00:00,70.07
2025-12-12 03:00:00,70.07
2025-12-12 04:00:00,70.07
2025-12-12 05:00:00,71.17
2025-12-12 06:00:00,74.98
2025-12-12 07:00:00,92.89
2025-12-12 08:00:00,96.71
2025-12-12 09:00:00,114.81
2025-12-12 10:00:00,114.83
2025-12-12 11:00:00,96.54
2025-12-12 12:00:00,95.61
2025-12-12 13:00:00,96.05
2025-12-12 14:00:00,96.46
2025-12-12 15:00:00,95.56
2025-12-12 16:00:00,115.62
2025-12-12 17:00:00,115.62
2025-12-12 18:00:00,92.89
2025-12-12 19:00:00,92.89
2025-12-12 20:00:00,102.11
2025-12-12 21:00:00,102.11
2025-12-12 22:00:00,102.11
2025-12-12 23:00:00,102.11
2025-12-13 00:00:00,79.03
2025-12-13 01:00:00,72.53
2025-12-13 02:00:00,71.95
2025-12-13 03:00:00,69.91
2025-12-13 04:00:00,69.91
2025-12-13 05:00:00,70.6
2025-12-13 06:00:00,73.13
2025-12-13 07:00:00,79.11
2025-12-13 08:00:00,79.08
2025-12-13 09:00:00,72.48
2025-12-13 10:00:00,71.64
2025-12-13 11:00:00,70.6
2025-12-13 12:00:00,70.2
2025-12-13 13:00:00,72.48
2025-12-13 14:00:00,77.85
2025-12-13 15:00:00,78.76
2025-12-13 16:00:00,115.48
2025-12-13 17:00:00,123.41
2025-12-13 18:00:00,123.41
2025-12-13 19:00:00,123.41
2025-12-13 20:00:00,78.87
2025-12-13 21:00:00,78.87
2025-12-13 22:00:00,78.87
2025-12-13 23:00:00,78.87
2025-12-14 00:00:00,79.1
2025-12-14 01:00:00,71.0
2025-12-14 02:00:00,71.0
2025-12-14 03:00:00,71.0
2025-12-14 04:00:00,71.0
2025-12-14 05:00:00,71.0
2025-12-14 06:00:00,71.0
2025-12-14 07:00:00,73.87
2025-12-14 08:00:00,71.0
2025-12-14 09:00:00,69.61
2025-12-14 10:00:00,66.47
2025-12-14 11:00:00,66.47
2025-12-14 12:00:00,66.47
2025-12-14 13:00:00,66.47
2025-12-14 14:00:00,66.47
2025-12-14 15:00:00,70.15
2025-12-14 16:00:00,73.87
2025-12-14 17:00:00,79.1
2025-12-14 18:00:00,123.24
2025-12-14 19:00:00,123.24
2025-12-14 20:00:00,79.92
2025-12-14 21:00:00,79.92
2025-12-14 22:00:00,79.92
2025-12-14 23:00:00,79.92
2025-12-15 00:00:00,79.34
2025-12-15 01:00:00,70.26
2025-12-15 02:00:00,69.53
2025-12-15 03:00:00,69.53
2025-12-15 04:00:00,69.53
2025-12-15 05:00:00,70.26
2025-12-15 06:00:00,71.99
2025-12-15 07:00:00,112.07
2025-12-15 08:00:00,115.99
2025-12-15 09:00:00,114.7
2025-12-15 10:00:00,95.99
2025-12-15 11:00:00,95.05
2025-12-15 12:00:00,92.39
2025-12-15 13:00:00,95.38
2025-12-15 14:00:00,95.86
2025-12-15 15:00:00,95.9
2025-12-15 16:00:00,114.1
2025-12-15 17:00:00,127.89
2025-12-15 18:00:00,158.13
2025-12-15 19:00:00,127.77
2025-12-15 20:00:00,92.39
2025-12-15 21:00:00,82.15
2025-12-15 22:00:00,98.65
2025-12-15 23:00:00,127.12
2025-12-16 00:00:00,79.34
2025-12-16 01:00:00,117.44
2025-12-16 02:00:00,73.27
2025-12-16 03:00:00,73.27
2025-12-16 04:00:00,73.27
2025-12-16 05:00:00,73.27
2025-12-16 06:00:00,73.27
2025-12-16 07:00:00,125.06
2025-12-16 08:00:00,96.33
2025-12-16 09:00:00,118.72
2025-12-16 10:00:00,122.81
2025-12-16 11:00:00,118.65
2025-12-16 12:00:00,125.6
2025-12-16 13:00:00,118.75
2025-12-16 14:00:00,94.14
2025-12-16 15:00:00,96.17
2025-12-16 16:00:00,94.14
2025-12-16 17:00:00,126.06
2025-12-16 18:00:00,126.67
2025-12-16 19:00:00,94.14
2025-12-16 20:00:00,102.54
2025-12-16 21:00:00,99.13
2025-12-16 22:00:00,107.07
2025-12-16 23:00:00,91.18
2025-12-17 00:00:00,74.72
2025-12-17 01:00:00,73.27
2025-12-17 02:00:00,73.27
2025-12-17 03:00:00,73.27
2025-12-17 04:00:00,73.27
2025-12-17 05:00:00,73.27
2025-12-17 06:00:00,74.72
2025-12-17 07:00:00,93.27
2025-12-17 08:00:00,113.69
2025-12-17 09:00:00,129.1
2025-12-17 10:00:00,119.74
2025-12-17 11:00:00,95.45
2025-12-17 12:00:00,116.46
2025-12-17 13:00:00,93.25
2025-12-17 14:00:00,93.25
2025-12-17 15:00:00,93.25
2025-12-17 16:00:00,93.25
2025-12-17 17:00:00,93.26
2025-12-17 18:00:00,93.27
2025-12-17 19:00:00,111.03
2025-12-17 20:00:00,118.01
2025-12-17 21:00:00,111.03
2025-12-17 22:00:00,111.03
2025-12-17 23:00:00,101.52
2025-12-18 00:00:00,112.91
2025-12-18 01:00:00,73.34
2025-12-18 02:00:00,73.34
2025-12-18 03:00:00,73.34
2025-12-18 04:00:00,73.34
2025-12-18 05:00:00,73.34
2025-12-18 06:00:00,74.76
2025-12-18 07:00:00,95.46
2025-12-18 08:00:00,97.86
2025-12-18 09:00:00,157.84
2025-12-18 10:00:00,95.46
2025-12-18 11:00:00,94.1
2025-12-18 12:00:00,67.88
2025-12-18 13:00:00,94.1
2025-12-18 14:00:00,92.74
2025-12-18 15:00:00,92.74
2025-12-18 16:00:00,95.46
2025-12-18 17:00:00,129.64
2025-12-18 18:00:00,129.64
2025-12-18 19:00:00,113.33
2025-12-18 20:00:00,117.46
2025-12-18 21:00:00,101.58
2025-12-18 22:00:00,101.58
2025-12-18 23:00:00,101.58
2025-12-19 00:00:00,74.46
2025-12-19 01:00:00,118.49
2025-12-19 02:00:00,73.31
2025-12-19 03:00:00,73.31
2025-12-19 04:00:00,73.31
2025-12-19 05:00:00,73.31
2025-12-19 06:00:00,74.46
2025-12-19 07:00:00,117.23
2025-12-19 08:00:00,115.76
2025-12-19 09:00:00,95.15
2025-12-19 10:00:00,116.77
2025-12-19 11:00:00,116.65
2025-12-19 12:00:00,117.23
2025-12-19 13:00:00,94.63
2025-12-19 14:00:00,93.34
2025-12-19 15:00:00,94.63
2025-12-19 16:00:00,94.63
2025-12-19 17:00:00,87.65
2025-12-19 18:00:00,117.23
2025-12-19 19:00:00,117.23
2025-12-19 20:00:00,102.11
2025-12-19 21:00:00,74.46
2025-12-19 22:00:00,98.45
2025-12-19 23:00:00,95.42
2025-12-20 00:00:00,77.95
2025-12-20 01:00:00,71.16
2025-12-20 02:00:00,71.16
2025-12-20 03:00:00,70.99
2025-12-20 04:00:00,70.99
2025-12-20 05:00:00,71.16
2025-12-20 06:00:00,71.16
2025-12-20 07:00:00,71.16
2025-12-20 08:00:00,71.16
2025-12-20 09:00:00,71.16
2025-12-20 10:00:00,71.16
2025-12-20 11:00:00,71.16
2025-12-20 12:00:00,70.69
2025-12-20 13:00:00,71.16
2025-12-20 14:00:00,71.16
2025-12-20 15:00:00,71.16
2025-12-20 16:00:00,71.16
2025-12-20 17:00:00,71.16
2025-12-20 18:00:00,102.26
2025-12-20 19:00:00,71.16
2025-12-20 20:00:00,71.16
2025-12-20 21:00:00,71.44
2025-12-20 22:00:00,71.44
2025-12-20 23:00:00,71.64
2025-12-21 00:00:00,72.1
2025-12-21 01:00:00,71.34
2025-12-21 02:00:00,70.18
2025-12-21 03:00:00,68.55
2025-12-21 04:00:00,69.99
2025-12-21 05:00:00,70.53
2025-12-21 06:00:00,71.34
2025-12-21 07:00:00,72.7
2025-12-21 08:00:00,72.7
2025-12-21 09:00:00,70.53
2025-12-21 10:00:00,68.29
2025-12-21 11:00:00,68.01
2025-12-21 12:00:00,68.01
2025-12-21 13:00:00,68.01
2025-12-21 14:00:00,68.29
2025-12-21 15:00:00,70.26
2025-12-21 16:00:00,72.5
2025-12-21 17:00:00,79.18
2025-12-21 18:00:00,79.39
2025-12-21 19:00:00,79.92
2025-12-21 20:00:00,79.92
2025-12-21 21:00:00,79.92
2025-12-21 22:00:00,79.92
2025-12-21 23:00:00,79.92
2025-12-22 00:00:00,79.34
2025-12-22 01:00:00,69.62
2025-12-22 02:00:00,69.62
2025-12-22 03:00:00,69.62
2025-12-22 04:00:00,69.62
2025-12-22 05:00:00,69.62
2025-12-22 06:00:00,72.53
2025-12-22 07:00:00,93.54
2025-12-22 08:00:00,96.74
2025-12-22 09:00:00,96.74
2025-12-22 10:00:00,96.3
2025-12-22 11:00:00,90.68
2025-12-22 12:00:00,76.69
2025-12-22 13:00:00,90.82
2025-12-22 14:00:00,91.75
2025-12-22 15:00:00,95.39
2025-12-22 16:00:00,95.65
2025-12-22 17:00:00,97.41
2025-12-22 18:00:00,125.29
2025-12-22 19:00:00,125.29
2025-12-22 20:00:00,95.72
2025-12-22 21:00:00,91.9
2025-12-22 22:00:00,109.14
2025-12-22 23:00:00,92.67
2025-12-23 00:00:00,76.07
2025-12-23 01:00:00,73.32
2025-12-23 02:00:00,73.32
2025-12-23 03:00:00,73.32
2025-12-23 04:00:00,73.32
2025-12-23 05:00:00,73.32
2025-12-23 06:00:00,76.07
2025-12-23 07:00:00,95.58
2025-12-23 08:00:00,96.48
2025-12-23 09:00:00,96.42
2025-12-23 10:00:00,94.22
2025-12-23 11:00:00,94.22
2025-12-23 12:00:00,117.2
2025-12-23 13:00:00,94.22
2025-12-23 14:00:00,96.42
2025-12-23 15:00:00,115.96
2025-12-23 16:00:00,95.58
2025-12-23 17:00:00,96.42
2025-12-23 18:00:00,95.58
2025-12-23 19:00:00,95.04
2025-12-23 20:00:00,112.23
2025-12-23 21:00:00,79.31
2025-12-23 22:00:00,79.31
2025-12-23 23:00:00,79.31
2025-12-24 00:00:00,73.32
2025-12-24 01:00:00,73.32
2025-12-24 02:00:00,73.32
2025-12-24 03:00:00,73.32
2025-12-24 04:00:00,73.32
2025-12-24 05:00:00,73.32
2025-12-24 06:00:00,73.32
2025-12-24 07:00:00,82.34
2025-12-24 08:00:00,115.78
2025-12-24 09:00:00,131.2
2025-12-24 10:00:00,125.57
2025-12-24 11:00:00,117.63
2025-12-24 12:00:00,109.68
2025-12-24 13:00:00,111.94
2025-12-24 14:00:00,94.09
2025-12-24 15:00:00,129.88
2025-12-24 16:00:00,109.68
2025-12-24 17:00:00,82.34
2025-12-24 18:00:00,109.68
2025-12-24 19:00:00,82.34
2025-12-24 20:00:00,74.66
2025-12-24 21:00:00,74.43
2025-12-24 22:00:00,74.23
2025-12-24 23:00:00,72.98
2025-12-25 00:00:00,84.3
2025-12-25 01:00:00,79.04
2025-12-25 02:00:00,73.49
2025-12-25 03:00:00,72.23
2025-12-25 04:00:00,71.92
2025-12-25 05:00:00,72.23
2025-12-25 06:00:00,73.94
2025-12-25 07:00:00,84.3
2025-12-25 08:00:00,79.13
2025-12-25 09:00:00,71.92
2025-12-25 10:00:00,68.82
2025-12-25 11:00:00,68.09
2025-12-25 12:00:00,66.69
2025-12-25 13:00:00,68.54
2025-12-25 14:00:00,68.82
2025-12-25 15:00:00,106.27
2025-12-25 16:00:00,114.23
2025-12-25 17:00:00,94.35
2025-12-25 18:00:00,94.61
2025-12-25 19:00:00,84.3
2025-12-25 20:00:00,84.3
2025-12-25 21:00:00,84.3
2025-12-25 22:00:00,94.32
2025-12-25 23:00:00,94.61
2025-12-26 00:00:00,79.34
2025-12-26 01:00:00,73.31
2025-12-26 02:00:00,73.31
2025-12-26 03:00:00,73.31
2025-12-26 04:00:00,73.31
2025-12-26 05:00:00,73.31
2025-12-26 06:00:00,73.31
2025-12-26 07:00:00,94.64
2025-12-26 08:00:00,118.16
2025-12-26 09:00:00,118.3
2025-12-26 10:00:00,94.41
2025-12-26 11:00:00,93.43
2025-12-26 12:00:00,91.74
2025-12-26 13:00:00,92.26
2025-12-26 14:00:00,92.26
2025-12-26 15:00:00,92.26
2025-12-26 16:00:00,95.4
2025-12-26 17:00:00,95.4
2025-12-26 18:00:00,95.45
2025-12-26 19:00:00,95.45
2025-12-26 20:00:00,93.95
2025-12-26 21:00:00,109.89
2025-12-26 22:00:00,109.89
2025-12-26 23:00:00,91.23
2025-12-27 00:00:00,80.72
2025-12-27 01:00:00,72.42
2025-12-27 02:00:00,72.35
2025-12-27 03:00:00,71.85
2025-12-27 04:00:00,71.75
2025-12-27 05:00:00,71.75
2025-12-27 06:00:00,73.04
2025-12-27 07:00:00,73.04
2025-12-27 08:00:00,73.04
2025-12-27 09:00:00,72.84
2025-12-27 10:00:00,71.36
2025-12-27 11:00:00,69.05
2025-12-27 12:00:00,67.76
2025-12-27 13:00:00,68.39
2025-12-27 14:00:00,115.47
2025-12-27 15:00:00,72.34
2025-12-27 16:00:00,75.23
2025-12-27 17:00:00,75.24
2025-12-27 18:00:00,75.24
2025-12-27 19:00:00,75.24
2025-12-27 20:00:00,121.47
2025-12-27 21:00:00,75.24
2025-12-27 22:00:00,75.24
2025-12-27 23:00:00,75.24
2025-12-28 00:00:00,72.5
2025-12-28 01:00:00,68.39
2025-12-28 02:00:00,68.3
2025-12-28 03:00:00,68.3
2025-12-28 04:00:00,68.3
2025-12-28 05:00:00,68.3
2025-12-28 06:00:00,70.09
2025-12-28 07:00:00,72.7
2025-12-28 08:00:00,70.44
2025-12-28 09:00:00,68.3
2025-12-28 10:00:00,68.3
2025-12-28 11:00:00,66.81
2025-12-28 12:00:00,65.39
2025-12-28 13:00:00,66.81
2025-12-28 14:00:00,68.3
2025-12-28 15:00:00,68.3
2025-12-28 16:00:00,71.7
2025-12-28 17:00:00,71.9
2025-12-28 18:00:00,72.1
2025-12-28 19:00:00,124.75
2025-12-28 20:00:00,124.75
2025-12-28 21:00:00,72.1
2025-12-28 22:00:00,72.3
2025-12-28 23:00:00,72.3
2025-12-29 00:00:00,67.45
2025-12-29 01:00:00,67.45
2025-12-29 02:00:00,67.45
2025-12-29 03:00:00,67.45
2025-12-29 04:00:00,67.45
2025-12-29 05:00:00,67.45
2025-12-29 06:00:00,67.45
2025-12-29 07:00:00,75.14
2025-12-29 08:00:00,113.17
2025-12-29 09:00:00,117.85
2025-12-29 10:00:00,94.32
2025-12-29 11:00:00,88.07
2025-12-29 12:00:00,86.07
2025-12-29 13:00:00,87.66
2025-12-29 14:00:00,87.66
2025-12-29 15:00:00,87.66
2025-12-29 16:00:00,86.07
2025-12-29 17:00:00,114.13
2025-12-29 18:00:00,114.13
2025-12-29 19:00:00,114.1
2025-12-29 20:00:00,84.78
2025-12-29 21:00:00,77.39
2025-12-29 22:00:00,77.39
2025-12-29 23:00:00,77.39
2025-12-30 00:00:00,94.52
2025-12-30 01:00:00,110.83
2025-12-30 02:00:00,94.95
2025-12-30 03:00:00,94.95
2025-12-30 04:00:00,94.95
2025-12-30 05:00:00,94.95
2025-12-30 06:00:00,82.09
2025-12-30 07:00:00,95.18
2025-12-30 08:00:00,130.68
2025-12-30 09:00:00,95.18
2025-12-30 10:00:00,94.74
2025-12-30 11:00:00,92.09
2025-12-30 12:00:00,43.06
2025-12-30 13:00:00,87.66
2025-12-30 14:00:00,87.65
2025-12-30 15:00:00,84.48
2025-12-30 16:00:00,95.0
2025-12-30 17:00:00,126.72
2025-12-30 18:00:00,95.0
2025-12-30 19:00:00,95.0
2025-12-30 20:00:00,118.78
2025-12-30 21:00:00,82.09
2025-12-30 22:00:00,117.63
2025-12-30 23:00:00,89.38
2025-12-31 00:00:00,72.34
2025-12-31 01:00:00,69.88
2025-12-31 02:00:00,69.88
2025-12-31 03:00:00,69.88
2025-12-31 04:00:00,69.88
2025-12-31 05:00:00,71.92
2025-12-31 06:00:00,74.14
2025-12-31 07:00:00,85.96
2025-12-31 08:00:00,116.83
2025-12-31 09:00:00,116.88
2025-12-31 10:00:00,94.97
2025-12-31 11:00:00,94.97
2025-12-31 12:00:00,94.97
2025-12-31 13:00:00,88.09
2025-12-31 14:00:00,94.54
2025-12-31 15:00:00,84.41
2025-12-31 16:00:00,86.07
2025-12-31 17:00:00,78.62
2025-12-31 18:00:00,78.65
2025-12-31 19:00:00,109.08
2025-12-31 20:00:00,109.08
2025-12-31 21:00:00,93.2
2025-12-31 22:00:00,101.14
2025-12-31 23:00:00,75.82
