latitude,longitude,elevation,utc_offset_seconds,timezone,timezone_abbreviation
33.497364,126.53465,63.0,32400,Asia/Seoul,GMT+9

time,temperature_2m (°C),relative_humidity_2m (%),wind_speed_10m (km/h),shortwave_radiation (W/m²)
2025-01-01T00:00,3.4,81,6.0,0.0
2025-01-01T01:00,2.6,82,5.0,0.0
2025-01-01T02:00,2.5,82,3.7,0.0
2025-01-01T03:00,2.5,83,3.2,0.0
2025-01-01T04:00,2.6,83,2.0,0.0
2025-01-01T05:00,2.7,82,1.4,0.0
2025-01-01T06:00,2.6,81,1.6,0.0
2025-01-01T07:00,2.7,81,1.5,0.0
2025-01-01T08:00,3.2,80,1.6,4.0
2025-01-01T09:00,6.0,72,4.2,95.0
2025-01-01T10:00,7.8,71,7.0,161.0
2025-01-01T11:00,8.3,67,7.3,287.0
2025-01-01T12:00,8.8,64,7.9,394.0
2025-01-01T13:00,9.1,61,9.3,472.0
2025-01-01T14:00,9.2,58,10.0,473.0
2025-01-01T15:00,9.0,58,11.5,441.0
2025-01-01T16:00,8.5,61,10.2,310.0
2025-01-01T17:00,7.6,65,7.0,144.0
2025-01-01T18:00,5.1,78,3.5,15.0
2025-01-01T19:00,5.1,76,1.7,0.0
2025-01-01T20:00,5.0,75,1.3,0.0
2025-01-01T21:00,4.7,76,0.9,0.0
2025-01-01T22:00,5.6,75,1.3,0.0
2025-01-01T23:00,6.1,73,1.1,0.0
2025-01-02T00:00,6.3,73,1.5,0.0
2025-01-02T01:00,6.3,73,1.4,0.0
2025-01-02T02:00,6.2,72,1.0,0.0
2025-01-02T03:00,5.8,74,2.4,0.0
2025-01-02T04:00,5.0,76,4.5,0.0
2025-01-02T05:00,5.5,74,6.3,0.0
2025-01-02T06:00,7.4,69,9.2,0.0
2025-01-02T07:00,7.6,70,7.7,0.0
2025-01-02T08:00,7.1,73,6.4,3.0
2025-01-02T09:00,8.2,73,7.2,67.0
2025-01-02T10:00,9.4,61,7.6,188.0
2025-01-02T11:00,9.7,62,8.5,271.0
2025-01-02T12:00,9.9,62,8.6,371.0
2025-01-02T13:00,10.0,62,9.8,439.0
2025-01-02T14:00,10.0,62,11.5,460.0
2025-01-02T15:00,9.3,67,12.3,344.0
2025-01-02T16:00,8.8,70,11.1,222.0
2025-01-02T17:00,8.3,72,12.2,110.0
2025-01-02T18:00,7.3,79,10.6,13.0
2025-01-02T19:00,6.9,81,10.2,0.0
2025-01-02T20:00,6.7,72,10.9,0.0
2025-01-02T21:00,6.0,69,10.1,0.0
2025-01-02T22:00,6.4,63,14.1,0.0
2025-01-02T23:00,6.0,67,13.3,0.0
2025-01-03T00:00,5.7,69,12.5,0.0
2025-01-03T01:00,5.3,69,11.9,0.0
2025-01-03T02:00,5.2,69,13.0,0.0
2025-01-03T03:00,5.0,70,14.6,0.0
2025-01-03T04:00,4.9,69,15.9,0.0
2025-01-03T05:00,4.9,67,16.0,0.0
2025-01-03T06:00,5.9,60,19.7,0.0
2025-01-03T07:00,6.4,59,21.8,0.0
2025-01-03T08:00,6.0,61,20.9,2.0
2025-01-03T09:00,6.1,60,21.1,53.0
2025-01-03T10:00,6.0,57,19.7,191.0
2025-01-03T11:00,6.0,57,19.4,346.0
2025-01-03T12:00,6.2,55,18.9,406.0
2025-01-03T13:00,6.1,54,19.7,393.0
2025-01-03T14:00,5.8,56,18.7,378.0
2025-01-03T15:00,5.8,54,18.0,396.0
2025-01-03T16:00,5.5,55,17.2,243.0
2025-01-03T17:00,5.0,60,16.4,104.0
2025-01-03T18:00,4.4,66,14.2,11.0
2025-01-03T19:00,4.0,68,13.8,0.0
2025-01-03T20:00,3.9,66,11.0,0.0
2025-01-03T21:00,4.1,62,8.6,0.0
2025-01-03T22:00,5.1,52,14.4,0.0
2025-01-03T23:00,4.9,57,11.4,0.0
2025-01-04T00:00,5.1,61,13.9,0.0
2025-01-04T01:00,5.3,62,13.6,0.0
2025-01-04T02:00,5.6,62,13.4,0.0
2025-01-04T03:00,5.9,60,14.3,0.0
2025-01-04T04:00,5.8,61,14.8,0.0
2025-01-04T05:00,5.7,62,14.1,0.0
2025-01-04T06:00,5.7,62,13.7,0.0
2025-01-04T07:00,5.4,65,12.9,0.0
2025-01-04T08:00,5.2,66,11.2,2.0
2025-01-04T09:00,6.1,58,10.8,73.0
2025-01-04T10:00,6.6,63,13.9,145.0
2025-01-04T11:00,6.6,65,11.1,160.0
2025-01-04T12:00,6.9,63,10.4,238.0
2025-01-04T13:00,7.2,60,10.7,304.0
2025-01-04T14:00,7.7,55,10.9,404.0
2025-01-04T15:00,7.7,52,10.7,376.0
2025-01-04T16:00,7.4,52,9.6,297.0
2025-01-04T17:00,6.5,57,7.6,151.0
2025-01-04T18:00,3.9,74,3.7,17.0
2025-01-04T19:00,3.1,76,4.1,0.0
2025-01-04T20:00,2.7,76,2.7,0.0
2025-01-04T21:00,2.7,65,2.4,0.0
2025-01-04T22:00,4.2,67,5.0,0.0
2025-01-04T23:00,4.5,62,5.8,0.0
2025-01-05T00:00,5.0,61,7.2,0.0
2025-01-05T01:00,5.6,63,6.4,0.0
2025-01-05T02:00,5.3,66,5.6,0.0
2025-01-05T03:00,5.0,68,5.3,0.0
2025-01-05T04:00,5.5,67,7.1,0.0
2025-01-05T05:00,5.8,65,8.1,0.0
2025-01-05T06:00,6.1,62,8.7,0.0
2025-01-05T07:00,6.3,65,9.2,0.0
2025-01-05T08:00,6.9,68,7.1,1.0
2025-01-05T09:00,7.9,75,11.3,38.0
2025-01-05T10:00,7.1,91,11.0,53.0
2025-01-05T11:00,7.8,90,9.3,96.0
2025-01-05T12:00,9.7,76,8.1,180.0
2025-01-05T13:00,10.2,74,12.0,198.0
2025-01-05T14:00,9.7,80,13.0,110.0
2025-01-05T15:00,9.5,83,13.7,106.0
2025-01-05T16:00,9.4,86,12.3,68.0
2025-01-05T17:00,8.5,91,14.7,36.0
2025-01-05T18:00,8.1,91,15.6,5.0
2025-01-05T19:00,8.2,90,17.2,0.0
2025-01-05T20:00,8.4,89,16.1,0.0
2025-01-05T21:00,7.9,88,17.2,0.0
2025-01-05T22:00,9.1,86,15.8,0.0
2025-01-05T23:00,8.4,90,15.2,0.0
2025-01-06T00:00,9.2,86,16.1,0.0
2025-01-06T01:00,9.1,83,15.6,0.0
2025-01-06T02:00,9.1,80,16.1,0.0
2025-01-06T03:00,9.2,78,17.7,0.0
2025-01-06T04:00,9.6,71,19.4,0.0
2025-01-06T05:00,9.7,65,20.8,0.0
2025-01-06T06:00,9.1,72,19.4,0.0
2025-01-06T07:00,8.9,76,18.4,0.0
2025-01-06T08:00,7.8,81,20.6,3.0
2025-01-06T09:00,8.9,75,19.2,63.0
2025-01-06T10:00,9.6,60,26.4,204.0
2025-01-06T11:00,8.5,69,28.7,299.0
2025-01-06T12:00,8.2,71,28.5,387.0
2025-01-06T13:00,8.0,65,30.1,388.0
2025-01-06T14:00,7.8,58,34.5,382.0
2025-01-06T15:00,7.2,58,36.3,352.0
2025-01-06T16:00,6.5,60,35.3,239.0
2025-01-06T17:00,5.9,66,34.1,120.0
2025-01-06T18:00,5.5,65,34.0,16.0
2025-01-06T19:00,5.1,69,32.5,0.0
2025-01-06T20:00,4.8,71,32.0,0.0
2025-01-06T21:00,4.8,68,32.5,0.0
2025-01-06T22:00,4.5,68,31.4,0.0
2025-01-06T23:00,4.2,80,28.9,0.0
2025-01-07T00:00,4.4,73,32.2,0.0
2025-01-07T01:00,4.2,70,30.0,0.0
2025-01-07T02:00,4.0,69,28.4,0.0
2025-01-07T03:00,3.8,71,27.0,0.0
2025-01-07T04:00,3.5,73,28.3,0.0
2025-01-07T05:00,3.8,72,30.2,0.0
2025-01-07T06:00,3.8,67,29.3,0.0
2025-01-07T07:00,3.4,80,26.6,0.0
2025-01-07T08:00,3.4,82,23.0,3.0
2025-01-07T09:00,3.0,83,23.9,76.0
2025-01-07T10:00,4.8,57,26.9,218.0
2025-01-07T11:00,5.3,51,26.9,341.0
2025-01-07T12:00,5.3,47,30.4,396.0
2025-01-07T13:00,5.5,62,31.3,396.0
2025-01-07T14:00,5.8,64,30.6,389.0
2025-01-07T15:00,5.7,63,32.8,352.0
2025-01-07T16:00,5.8,56,35.0,279.0
2025-01-07T17:00,5.7,57,32.8,121.0
2025-01-07T18:00,5.7,61,31.2,12.0
2025-01-07T19:00,5.8,56,28.9,0.0
2025-01-07T20:00,6.0,54,26.7,0.0
2025-01-07T21:00,6.0,56,25.5,0.0
2025-01-07T22:00,6.3,53,27.1,0.0
2025-01-07T23:00,6.2,54,27.7,0.0
2025-01-08T00:00,6.4,51,27.4,0.0
2025-01-08T01:00,6.4,48,28.4,0.0
2025-01-08T02:00,6.6,52,28.8,0.0
2025-01-08T03:00,6.7,53,28.4,0.0
2025-01-08T04:00,6.8,53,28.3,0.0
2025-01-08T05:00,6.3,57,23.7,0.0
2025-01-08T06:00,5.7,61,21.2,0.0
2025-01-08T07:00,5.5,66,18.7,0.0
2025-01-08T08:00,5.1,71,14.7,1.0
2025-01-08T09:00,5.3,76,12.5,40.0
2025-01-08T10:00,6.3,64,20.7,112.0
2025-01-08T11:00,6.6,68,18.0,169.0
2025-01-08T12:00,7.4,62,15.3,344.0
2025-01-08T13:00,7.9,59,20.7,404.0
2025-01-08T14:00,7.0,65,20.8,358.0
2025-01-08T15:00,5.8,79,20.9,255.0
2025-01-08T16:00,6.7,74,19.3,201.0
2025-01-08T17:00,6.2,77,22.2,68.0
2025-01-08T18:00,5.5,79,23.4,11.0
2025-01-08T19:00,5.7,82,20.2,0.0
2025-01-08T20:00,4.8,82,22.8,0.0
2025-01-08T21:00,4.3,84,20.3,0.0
2025-01-08T22:00,4.0,88,20.0,0.0
2025-01-08T23:00,3.9,89,21.9,0.0
2025-01-09T00:00,4.0,91,22.1,0.0
2025-01-09T01:00,3.5,78,25.7,0.0
2025-01-09T02:00,3.0,77,25.3,0.0
2025-01-09T03:00,2.9,81,24.0,0.0
2025-01-09T04:00,2.7,79,25.2,0.0
2025-01-09T05:00,2.4,79,25.4,0.0
2025-01-09T06:00,2.0,82,24.9,0.0
2025-01-09T07:00,1.8,81,25.9,0.0
2025-01-09T08:00,1.7,83,24.7,3.0
2025-01-09T09:00,1.8,81,26.4,75.0
2025-01-09T10:00,1.8,69,31.0,242.0
2025-01-09T11:00,2.0,68,32.5,376.0
2025-01-09T12:00,1.9,79,33.6,391.0
2025-01-09T13:00,2.7,77,37.1,480.0
2025-01-09T14:00,2.0,72,38.2,316.0
2025-01-09T15:00,1.3,80,32.2,308.0
2025-01-09T16:00,1.6,75,36.8,214.0
2025-01-09T17:00,0.9,78,36.4,105.0
2025-01-09T18:00,0.5,73,33.8,17.0
2025-01-09T19:00,1.1,72,38.6,0.0
2025-01-09T20:00,0.4,77,39.2,0.0
2025-01-09T21:00,0.5,73,36.7,0.0
2025-01-09T22:00,-0.2,77,38.0,0.0
2025-01-09T23:00,-0.2,74,33.4,0.0
2025-01-10T00:00,-0.3,72,32.0,0.0
2025-01-10T01:00,-0.4,72,30.5,0.0
2025-01-10T02:00,0.1,71,30.5,0.0
2025-01-10T03:00,-0.1,75,27.4,0.0
2025-01-10T04:00,-0.9,78,21.9,0.0
2025-01-10T05:00,-0.9,91,19.9,0.0
2025-01-10T06:00,-0.9,85,16.9,0.0
2025-01-10T07:00,-0.4,84,15.7,0.0
2025-01-10T08:00,-0.2,84,14.2,2.0
2025-01-10T09:00,0.1,83,14.7,63.0
2025-01-10T10:00,0.4,86,14.8,134.0
2025-01-10T11:00,0.7,86,12.6,278.0
2025-01-10T12:00,0.8,87,12.5,363.0
2025-01-10T13:00,0.9,87,14.3,398.0
2025-01-10T14:00,1.0,87,16.4,291.0
2025-01-10T15:00,1.3,84,16.0,317.0
2025-01-10T16:00,1.5,84,16.6,154.0
2025-01-10T17:00,1.7,81,16.6,86.0
2025-01-10T18:00,1.9,81,15.4,16.0
2025-01-10T19:00,2.0,82,16.2,0.0
2025-01-10T20:00,1.9,86,14.5,0.0
2025-01-10T21:00,1.9,87,14.2,0.0
2025-01-10T22:00,3.1,77,23.4,0.0
2025-01-10T23:00,3.1,76,20.6,0.0
2025-01-11T00:00,3.1,76,20.0,0.0
2025-01-11T01:00,2.5,87,17.9,0.0
2025-01-11T02:00,2.2,87,19.8,0.0
2025-01-11T03:00,2.4,88,15.2,0.0
2025-01-11T04:00,1.8,88,13.0,0.0
2025-01-11T05:00,2.6,87,17.3,0.0
2025-01-11T06:00,2.8,85,17.2,0.0
2025-01-11T07:00,2.9,82,18.0,0.0
2025-01-11T08:00,3.0,79,17.9,2.0
2025-01-11T09:00,3.3,73,17.2,75.0
2025-01-11T10:00,3.3,74,19.1,218.0
2025-01-11T11:00,3.4,72,18.6,344.0
2025-01-11T12:00,3.5,71,19.4,384.0
2025-01-11T13:00,3.3,73,19.6,362.0
2025-01-11T14:00,3.2,78,21.4,260.0
2025-01-11T15:00,3.3,77,19.6,228.0
2025-01-11T16:00,3.4,77,18.8,167.0
2025-01-11T17:00,3.4,77,18.0,74.0
2025-01-11T18:00,3.4,77,17.2,10.0
2025-01-11T19:00,3.3,76,17.4,0.0
2025-01-11T20:00,3.4,75,16.1,0.0
2025-01-11T21:00,3.3,76,15.6,0.0
2025-01-11T22:00,3.2,69,17.7,0.0
2025-01-11T23:00,3.2,72,16.8,0.0
2025-01-12T00:00,2.8,73,18.0,0.0
2025-01-12T01:00,2.4,79,16.6,0.0
2025-01-12T02:00,2.7,80,16.1,0.0
2025-01-12T03:00,3.0,78,16.3,0.0
2025-01-12T04:00,2.9,77,15.8,0.0
2025-01-12T05:00,2.7,82,14.0,0.0
2025-01-12T06:00,3.1,81,14.5,0.0
2025-01-12T07:00,3.0,76,14.6,0.0
2025-01-12T08:00,2.8,77,13.8,3.0
2025-01-12T09:00,3.0,73,12.2,82.0
2025-01-12T10:00,3.2,63,15.1,265.0
2025-01-12T11:00,3.3,67,14.4,388.0
2025-01-12T12:00,3.3,68,12.1,506.0
2025-01-12T13:00,3.1,72,10.2,510.0
2025-01-12T14:00,3.3,74,9.7,462.0
2025-01-12T15:00,3.5,72,10.9,381.0
2025-01-12T16:00,3.6,71,14.5,278.0
2025-01-12T17:00,3.3,72,12.9,132.0
2025-01-12T18:00,3.0,76,14.1,25.0
2025-01-12T19:00,3.1,74,14.5,0.0
2025-01-12T20:00,3.4,72,13.3,0.0
2025-01-12T21:00,4.1,71,14.1,0.0
2025-01-12T22:00,4.3,70,20.9,0.0
2025-01-12T23:00,4.8,71,23.4,0.0
2025-01-13T00:00,4.8,71,22.7,0.0
2025-01-13T01:00,4.8,72,20.5,0.0
2025-01-13T02:00,4.8,70,17.1,0.0
2025-01-13T03:00,4.7,70,15.7,0.0
2025-01-13T04:00,4.3,75,14.1,0.0
2025-01-13T05:00,4.3,75,12.3,0.0
2025-01-13T06:00,4.4,75,11.8,0.0
2025-01-13T07:00,4.4,76,13.7,0.0
2025-01-13T08:00,4.3,78,13.4,2.0
2025-01-13T09:00,4.4,77,10.8,50.0
2025-01-13T10:00,5.2,71,11.3,169.0
2025-01-13T11:00,5.3,72,11.2,250.0
2025-01-13T12:00,5.5,70,12.3,290.0
2025-01-13T13:00,5.5,71,11.5,237.0
2025-01-13T14:00,5.8,70,12.4,255.0
2025-01-13T15:00,6.0,67,13.0,225.0
2025-01-13T16:00,7.2,58,13.9,163.0
2025-01-13T17:00,7.1,57,11.4,74.0
2025-01-13T18:00,5.7,66,10.9,24.0
2025-01-13T19:00,4.8,69,9.8,0.0
2025-01-13T20:00,4.1,73,11.1,0.0
2025-01-13T21:00,3.3,69,14.9,0.0
2025-01-13T22:00,3.6,74,11.6,0.0
2025-01-13T23:00,3.3,73,12.0,0.0
2025-01-14T00:00,3.2,74,12.0,0.0
2025-01-14T01:00,3.5,74,12.8,0.0
2025-01-14T02:00,3.8,73,13.4,0.0
2025-01-14T03:00,5.0,73,14.8,0.0
2025-01-14T04:00,5.7,75,15.9,0.0
2025-01-14T05:00,6.2,76,17.0,0.0
2025-01-14T06:00,6.4,78,16.2,0.0
2025-01-14T07:00,6.4,79,16.5,0.0
2025-01-14T08:00,7.1,77,16.8,3.0
2025-01-14T09:00,8.7,72,16.5,71.0
2025-01-14T10:00,10.7,63,14.4,185.0
2025-01-14T11:00,11.8,55,16.1,322.0
2025-01-14T12:00,12.2,51,16.6,370.0
2025-01-14T13:00,12.6,52,15.7,490.0
2025-01-14T14:00,12.6,53,15.2,468.0
2025-01-14T15:00,12.3,56,15.8,416.0
2025-01-14T16:00,11.8,59,16.0,306.0
2025-01-14T17:00,10.9,65,13.4,120.0
2025-01-14T18:00,9.4,71,13.0,26.0
2025-01-14T19:00,8.5,76,15.2,0.0
2025-01-14T20:00,8.8,76,17.6,0.0
2025-01-14T21:00,8.5,83,11.9,0.0
2025-01-14T22:00,8.6,91,15.5,0.0
2025-01-14T23:00,7.8,85,15.1,0.0
2025-01-15T00:00,7.3,84,17.0,0.0
2025-01-15T01:00,6.7,85,17.6,0.0
2025-01-15T02:00,6.2,86,17.3,0.0
2025-01-15T03:00,5.9,84,20.7,0.0
2025-01-15T04:00,5.3,85,21.9,0.0
2025-01-15T05:00,4.9,84,21.2,0.0
2025-01-15T06:00,4.4,84,21.3,0.0
2025-01-15T07:00,3.9,83,18.7,0.0
2025-01-15T08:00,3.7,80,19.0,2.0
2025-01-15T09:00,3.5,77,19.5,54.0
2025-01-15T10:00,4.5,57,27.1,116.0
2025-01-15T11:00,4.1,59,26.5,141.0
2025-01-15T12:00,3.7,62,26.7,165.0
2025-01-15T13:00,3.0,68,26.6,234.0
2025-01-15T14:00,2.9,64,25.0,152.0
2025-01-15T15:00,3.3,65,26.8,170.0
2025-01-15T16:00,3.0,66,26.5,106.0
2025-01-15T17:00,3.0,65,25.0,51.0
2025-01-15T18:00,2.7,71,24.3,10.0
2025-01-15T19:00,2.4,76,24.2,0.0
2025-01-15T20:00,2.8,68,22.9,0.0
2025-01-15T21:00,2.5,75,20.1,0.0
2025-01-15T22:00,3.0,67,22.7,0.0
2025-01-15T23:00,3.0,70,21.9,0.0
2025-01-16T00:00,3.0,69,20.6,0.0
2025-01-16T01:00,3.0,70,20.1,0.0
2025-01-16T02:00,2.9,72,18.3,0.0
2025-01-16T03:00,2.9,69,15.9,0.0
2025-01-16T04:00,3.1,67,15.7,0.0
2025-01-16T05:00,3.1,69,15.6,0.0
2025-01-16T06:00,3.1,70,14.7,0.0
2025-01-16T07:00,3.3,70,14.7,0.0
2025-01-16T08:00,3.4,72,14.7,2.0
2025-01-16T09:00,4.2,69,17.0,41.0
2025-01-16T10:00,5.2,61,20.6,118.0
2025-01-16T11:00,5.6,59,21.9,176.0
2025-01-16T12:00,5.7,62,22.9,268.0
2025-01-16T13:00,6.0,61,22.3,288.0
2025-01-16T14:00,6.3,58,22.2,320.0
2025-01-16T15:00,6.6,58,22.6,297.0
2025-01-16T16:00,6.3,65,21.2,131.0
2025-01-16T17:00,6.6,63,19.8,57.0
2025-01-16T18:00,6.8,60,19.3,17.0
2025-01-16T19:00,6.7,61,18.8,0.0
2025-01-16T20:00,6.4,65,17.6,0.0
2025-01-16T21:00,6.0,68,15.9,0.0
2025-01-16T22:00,6.1,69,17.2,0.0
2025-01-16T23:00,6.0,66,16.5,0.0
2025-01-17T00:00,5.9,65,16.3,0.0
2025-01-17T01:00,5.8,65,16.3,0.0
2025-01-17T02:00,5.9,64,16.2,0.0
2025-01-17T03:00,5.7,65,16.1,0.0
2025-01-17T04:00,5.7,67,15.4,0.0
2025-01-17T05:00,5.6,68,13.4,0.0
2025-01-17T06:00,5.6,67,11.7,0.0
2025-01-17T07:00,5.2,75,10.1,0.0
2025-01-17T08:00,5.5,77,9.8,2.0
2025-01-17T09:00,5.8,73,10.6,36.0
2025-01-17T10:00,6.2,65,14.2,119.0
2025-01-17T11:00,6.4,64,13.4,337.0
2025-01-17T12:00,6.2,65,12.3,467.0
2025-01-17T13:00,5.8,67,12.2,526.0
2025-01-17T14:00,5.4,62,11.8,540.0
2025-01-17T15:00,5.3,58,10.7,495.0
2025-01-17T16:00,5.1,60,10.0,350.0
2025-01-17T17:00,4.6,66,8.9,163.0
2025-01-17T18:00,3.8,74,6.8,28.0
2025-01-17T19:00,3.6,77,5.0,0.0
2025-01-17T20:00,2.5,82,4.0,0.0
2025-01-17T21:00,2.1,80,1.7,0.0
2025-01-17T22:00,3.2,84,3.6,0.0
2025-01-17T23:00,2.6,84,1.6,0.0
2025-01-18T00:00,2.1,85,1.7,0.0
2025-01-18T01:00,2.1,82,1.3,0.0
2025-01-18T02:00,2.4,80,0.7,0.0
2025-01-18T03:00,2.7,79,0.8,0.0
2025-01-18T04:00,3.0,79,1.5,0.0
2025-01-18T05:00,3.1,78,1.9,0.0
2025-01-18T06:00,3.0,79,2.3,0.0
2025-01-18T07:00,3.2,80,1.4,0.0
2025-01-18T08:00,3.1,81,2.4,3.0
2025-01-18T09:00,5.5,77,3.1,83.0
2025-01-18T10:00,7.7,61,3.6,240.0
2025-01-18T11:00,8.7,56,5.0,374.0
2025-01-18T12:00,9.0,57,6.0,430.0
2025-01-18T13:00,9.0,60,6.7,468.0
2025-01-18T14:00,8.9,62,6.8,420.0
2025-01-18T15:00,8.6,64,6.4,349.0
2025-01-18T16:00,8.2,67,5.4,265.0
2025-01-18T17:00,6.9,76,3.0,129.0
2025-01-18T18:00,4.5,79,2.2,28.0
2025-01-18T19:00,3.9,81,3.1,0.0
2025-01-18T20:00,3.4,85,3.6,0.0
2025-01-18T21:00,3.7,84,3.2,0.0
2025-01-18T22:00,4.5,84,1.7,0.0
2025-01-18T23:00,3.7,86,2.1,0.0
2025-01-19T00:00,3.6,90,3.0,0.0
2025-01-19T01:00,4.5,88,3.7,0.0
2025-01-19T02:00,4.9,87,4.4,0.0
2025-01-19T03:00,5.1,87,7.5,0.0
2025-01-19T04:00,4.2,83,10.2,0.0
2025-01-19T05:00,4.5,80,9.3,0.0
2025-01-19T06:00,4.7,81,8.0,0.0
2025-01-19T07:00,5.0,78,6.8,0.0
2025-01-19T08:00,5.5,73,9.3,3.0
2025-01-19T09:00,7.7,68,11.1,81.0
2025-01-19T10:00,9.2,63,5.3,263.0
2025-01-19T11:00,10.2,64,5.0,417.0
2025-01-19T12:00,10.5,64,7.9,481.0
2025-01-19T13:00,10.7,60,8.7,466.0
2025-01-19T14:00,10.7,64,10.2,502.0
2025-01-19T15:00,10.5,68,10.6,449.0
2025-01-19T16:00,10.3,68,11.4,311.0
2025-01-19T17:00,9.7,68,11.7,170.0
2025-01-19T18:00,8.3,76,9.2,33.0
2025-01-19T19:00,7.7,78,10.5,0.0
2025-01-19T20:00,7.3,77,10.0,0.0
2025-01-19T21:00,6.8,79,11.3,0.0
2025-01-19T22:00,6.8,83,9.0,0.0
2025-01-19T23:00,6.5,83,10.5,0.0
2025-01-20T00:00,7.1,80,11.7,0.0
2025-01-20T01:00,7.4,80,12.6,0.0
2025-01-20T02:00,7.9,80,13.5,0.0
2025-01-20T03:00,8.3,80,13.7,0.0
2025-01-20T04:00,8.6,72,15.9,0.0
2025-01-20T05:00,8.5,70,15.3,0.0
2025-01-20T06:00,8.5,71,14.6,0.0
2025-01-20T07:00,8.6,70,14.5,0.0
2025-01-20T08:00,8.2,72,14.0,4.0
2025-01-20T09:00,8.4,72,14.4,95.0
2025-01-20T10:00,9.2,55,13.1,294.0
2025-01-20T11:00,9.4,56,14.3,455.0
2025-01-20T12:00,9.5,53,14.7,567.0
2025-01-20T13:00,9.4,54,15.4,615.0
2025-01-20T14:00,9.1,60,16.7,600.0
2025-01-20T15:00,8.8,59,18.6,496.0
2025-01-20T16:00,8.4,59,18.4,280.0
2025-01-20T17:00,8.0,61,17.3,131.0
2025-01-20T18:00,7.0,69,16.5,33.0
2025-01-20T19:00,6.2,74,14.8,0.0
2025-01-20T20:00,5.8,75,13.3,0.0
2025-01-20T21:00,6.2,68,12.6,0.0
2025-01-20T22:00,6.9,66,15.9,0.0
2025-01-20T23:00,6.6,70,14.2,0.0
2025-01-21T00:00,6.4,72,12.4,0.0
2025-01-21T01:00,6.3,72,12.1,0.0
2025-01-21T02:00,6.1,75,11.7,0.0
2025-01-21T03:00,5.8,79,10.7,0.0
2025-01-21T04:00,5.6,78,8.6,0.0
2025-01-21T05:00,5.4,77,7.3,0.0
2025-01-21T06:00,4.8,81,5.8,0.0
2025-01-21T07:00,3.7,82,3.5,0.0
2025-01-21T08:00,4.1,81,1.5,5.0
2025-01-21T09:00,6.2,76,3.3,104.0
2025-01-21T10:00,7.5,70,4.8,288.0
2025-01-21T11:00,8.0,67,7.5,452.0
2025-01-21T12:00,8.4,64,6.9,563.0
2025-01-21T13:00,8.6,63,7.7,614.0
2025-01-21T14:00,8.8,60,8.0,598.0
2025-01-21T15:00,8.7,61,8.6,518.0
2025-01-21T16:00,8.3,66,8.6,381.0
2025-01-21T17:00,7.6,72,6.5,205.0
2025-01-21T18:00,5.1,86,2.7,42.0
2025-01-21T19:00,4.7,85,1.2,0.0
2025-01-21T20:00,4.4,79,1.1,0.0
2025-01-21T21:00,4.3,70,1.1,0.0
2025-01-21T22:00,4.9,59,1.1,0.0
2025-01-21T23:00,5.1,51,0.2,0.0
2025-01-22T00:00,5.4,52,0.6,0.0
2025-01-22T01:00,5.0,62,1.5,0.0
2025-01-22T02:00,4.8,72,1.3,0.0
2025-01-22T03:00,4.8,73,0.8,0.0
2025-01-22T04:00,4.7,74,0.6,0.0
2025-01-22T05:00,5.1,69,0.4,0.0
2025-01-22T06:00,5.0,61,1.0,0.0
2025-01-22T07:00,4.6,60,3.0,0.0
2025-01-22T08:00,4.6,60,3.5,4.0
2025-01-22T09:00,6.8,62,2.5,94.0
2025-01-22T10:00,10.0,45,3.9,232.0
2025-01-22T11:00,10.6,45,5.4,301.0
2025-01-22T12:00,11.1,48,6.2,387.0
2025-01-22T13:00,10.8,52,7.0,383.0
2025-01-22T14:00,10.6,53,7.3,376.0
2025-01-22T15:00,9.9,56,6.8,260.0
2025-01-22T16:00,9.4,59,6.4,221.0
2025-01-22T17:00,8.0,70,3.8,147.0
2025-01-22T18:00,5.8,72,2.7,25.0
2025-01-22T19:00,5.5,70,3.3,0.0
2025-01-22T20:00,5.7,69,2.1,0.0
2025-01-22T21:00,5.4,70,2.1,0.0
2025-01-22T22:00,6.3,76,1.8,0.0
2025-01-22T23:00,6.5,77,2.1,0.0
2025-01-23T00:00,6.5,79,1.5,0.0
2025-01-23T01:00,6.7,78,1.3,0.0
2025-01-23T02:00,6.6,79,2.2,0.0
2025-01-23T03:00,6.0,82,1.1,0.0
2025-01-23T04:00,6.0,80,1.4,0.0
2025-01-23T05:00,6.0,83,2.5,0.0
2025-01-23T06:00,5.6,87,1.7,0.0
2025-01-23T07:00,5.2,88,1.4,0.0
2025-01-23T08:00,5.2,87,2.1,5.0
2025-01-23T09:00,7.4,83,4.2,98.0
2025-01-23T10:00,10.0,82,4.1,285.0
2025-01-23T11:00,10.8,79,7.2,451.0
2025-01-23T12:00,11.1,76,8.6,563.0
2025-01-23T13:00,11.3,71,8.2,597.0
2025-01-23T14:00,11.3,62,8.6,583.0
2025-01-23T15:00,10.9,59,7.9,497.0
2025-01-23T16:00,10.6,54,6.2,375.0
2025-01-23T17:00,9.9,53,5.7,208.0
2025-01-23T18:00,7.3,70,3.2,40.0
2025-01-23T19:00,6.7,64,3.6,0.0
2025-01-23T20:00,6.7,52,2.3,0.0
2025-01-23T21:00,6.3,43,2.6,0.0
2025-01-23T22:00,7.8,46,0.6,0.0
2025-01-23T23:00,8.0,45,1.3,0.0
2025-01-24T00:00,8.1,53,2.2,0.0
2025-01-24T01:00,8.1,66,1.4,0.0
2025-01-24T02:00,7.5,73,2.0,0.0
2025-01-24T03:00,7.0,75,2.7,0.0
2025-01-24T04:00,6.2,78,5.0,0.0
2025-01-24T05:00,6.6,78,5.8,0.0
2025-01-24T06:00,6.1,78,5.6,0.0
2025-01-24T07:00,6.6,76,6.7,0.0
2025-01-24T08:00,7.8,72,9.0,6.0
2025-01-24T09:00,9.7,69,12.6,113.0
2025-01-24T10:00,11.1,64,14.7,207.0
2025-01-24T11:00,12.0,62,14.9,318.0
2025-01-24T12:00,12.7,63,15.4,514.0
2025-01-24T13:00,12.8,64,15.8,590.0
2025-01-24T14:00,12.5,67,17.0,584.0
2025-01-24T15:00,11.8,72,17.6,522.0
2025-01-24T16:00,11.2,74,16.7,351.0
2025-01-24T17:00,10.3,77,14.8,154.0
2025-01-24T18:00,9.4,84,12.8,31.0
2025-01-24T19:00,9.3,82,11.8,0.0
2025-01-24T20:00,9.1,78,11.7,0.0
2025-01-24T21:00,8.8,73,12.3,0.0
2025-01-24T22:00,9.4,65,12.1,0.0
2025-01-24T23:00,9.5,60,12.8,0.0
2025-01-25T00:00,9.4,61,13.6,0.0
2025-01-25T01:00,9.1,66,13.8,0.0
2025-01-25T02:00,9.1,67,14.2,0.0
2025-01-25T03:00,9.2,67,14.4,0.0
2025-01-25T04:00,9.1,67,15.7,0.0
2025-01-25T05:00,8.9,69,15.4,0.0
2025-01-25T06:00,8.6,72,17.2,0.0
2025-01-25T07:00,8.3,75,19.2,0.0
2025-01-25T08:00,8.2,74,19.2,5.0
2025-01-25T09:00,8.9,67,22.2,103.0
2025-01-25T10:00,9.6,51,22.4,293.0
2025-01-25T11:00,10.1,49,23.4,471.0
2025-01-25T12:00,10.0,57,25.1,572.0
2025-01-25T13:00,10.1,63,25.3,514.0
2025-01-25T14:00,9.3,75,25.3,288.0
2025-01-25T15:00,9.2,80,27.5,309.0
2025-01-25T16:00,9.4,76,28.1,260.0
2025-01-25T17:00,9.1,76,26.3,103.0
2025-01-25T18:00,8.8,76,27.7,25.0
2025-01-25T19:00,8.6,76,27.6,0.0
2025-01-25T20:00,8.4,77,26.7,0.0
2025-01-25T21:00,8.3,76,26.8,0.0
2025-01-25T22:00,8.5,61,23.5,0.0
2025-01-25T23:00,8.2,64,24.2,0.0
2025-01-26T00:00,7.8,68,24.1,0.0
2025-01-26T01:00,7.8,69,22.8,0.0
2025-01-26T02:00,7.8,69,22.7,0.0
2025-01-26T03:00,7.7,70,21.1,0.0
2025-01-26T04:00,7.5,71,20.3,0.0
2025-01-26T05:00,7.5,70,19.3,0.0
2025-01-26T06:00,7.4,69,19.3,0.0
2025-01-26T07:00,7.4,71,19.4,0.0
2025-01-26T08:00,7.3,75,17.9,3.0
2025-01-26T09:00,8.1,67,17.2,51.0
2025-01-26T10:00,8.2,59,17.6,64.0
2025-01-26T11:00,8.6,61,17.0,115.0
2025-01-26T12:00,8.6,64,14.3,109.0
2025-01-26T13:00,7.8,75,14.2,78.0
2025-01-26T14:00,7.1,83,18.1,108.0
2025-01-26T15:00,6.9,87,14.2,82.0
2025-01-26T16:00,6.9,89,14.5,57.0
2025-01-26T17:00,7.0,89,12.6,30.0
2025-01-26T18:00,6.8,90,11.9,6.0
2025-01-26T19:00,6.8,90,10.8,0.0
2025-01-26T20:00,6.8,90,7.1,0.0
2025-01-26T21:00,6.7,89,5.1,0.0
2025-01-26T22:00,7.1,93,9.0,0.0
2025-01-26T23:00,6.7,93,5.6,0.0
2025-01-27T00:00,6.6,92,4.3,0.0
2025-01-27T01:00,6.3,91,6.8,0.0
2025-01-27T02:00,6.2,93,13.5,0.0
2025-01-27T03:00,6.3,95,19.0,0.0
2025-01-27T04:00,6.2,91,19.0,0.0
2025-01-27T05:00,5.8,91,21.0,0.0
2025-01-27T06:00,5.8,91,20.5,0.0
2025-01-27T07:00,5.2,89,21.0,0.0
2025-01-27T08:00,4.6,92,24.9,2.0
2025-01-27T09:00,4.2,95,24.8,25.0
2025-01-27T10:00,4.3,78,28.3,42.0
2025-01-27T11:00,4.2,75,30.2,128.0
2025-01-27T12:00,4.4,67,32.1,259.0
2025-01-27T13:00,4.5,62,33.4,339.0
2025-01-27T14:00,4.4,62,35.9,426.0
2025-01-27T15:00,4.0,63,33.6,392.0
2025-01-27T16:00,3.3,66,33.2,261.0
2025-01-27T17:00,2.9,65,30.5,155.0
2025-01-27T18:00,2.6,65,29.8,35.0
2025-01-27T19:00,2.8,68,32.0,0.0
2025-01-27T20:00,2.8,65,30.9,0.0
2025-01-27T21:00,2.7,67,31.5,0.0
2025-01-27T22:00,2.6,69,35.0,0.0
2025-01-27T23:00,2.4,66,35.1,0.0
2025-01-28T00:00,2.5,67,34.0,0.0
2025-01-28T01:00,1.8,77,32.4,0.0
2025-01-28T02:00,1.9,77,30.5,0.0
2025-01-28T03:00,2.1,79,32.1,0.0
2025-01-28T04:00,1.6,80,29.5,0.0
2025-01-28T05:00,2.1,77,33.1,0.0
2025-01-28T06:00,2.2,79,32.6,0.0
2025-01-28T07:00,1.8,74,32.8,0.0
2025-01-28T08:00,1.5,79,29.7,6.0
2025-01-28T09:00,2.2,75,31.0,98.0
2025-01-28T10:00,2.1,74,33.5,247.0
2025-01-28T11:00,2.6,72,34.3,402.0
2025-01-28T12:00,2.7,65,32.9,450.0
2025-01-28T13:00,2.7,67,37.3,401.0
2025-01-28T14:00,2.9,60,34.4,459.0
2025-01-28T15:00,3.0,67,37.0,375.0
2025-01-28T16:00,2.8,70,36.9,281.0
2025-01-28T17:00,2.8,71,36.2,142.0
2025-01-28T18:00,2.8,74,36.7,33.0
2025-01-28T19:00,2.5,71,33.9,0.0
2025-01-28T20:00,2.6,70,34.8,0.0
2025-01-28T21:00,2.4,75,35.6,0.0
2025-01-28T22:00,2.2,71,32.8,0.0
2025-01-28T23:00,1.9,71,32.5,0.0
2025-01-29T00:00,2.2,71,32.9,0.0
2025-01-29T01:00,2.1,79,31.9,0.0
2025-01-29T02:00,2.3,78,32.0,0.0
2025-01-29T03:00,2.1,81,31.4,0.0
2025-01-29T04:00,2.1,79,30.7,0.0
2025-01-29T05:00,1.6,79,29.2,0.0
2025-01-29T06:00,1.9,81,29.5,0.0
2025-01-29T07:00,2.0,81,27.9,0.0
2025-01-29T08:00,1.8,81,26.7,5.0
2025-01-29T09:00,2.0,79,28.3,77.0
2025-01-29T10:00,2.2,73,28.4,216.0
2025-01-29T11:00,2.5,68,30.1,337.0
2025-01-29T12:00,2.6,68,30.8,360.0
2025-01-29T13:00,2.8,68,30.4,311.0
2025-01-29T14:00,3.0,68,30.4,324.0
2025-01-29T15:00,3.0,69,30.1,258.0
2025-01-29T16:00,3.1,69,28.4,204.0
2025-01-29T17:00,2.9,70,24.9,119.0
2025-01-29T18:00,2.8,70,23.8,30.0
2025-01-29T19:00,2.6,70,22.1,0.0
2025-01-29T20:00,2.6,70,19.1,0.0
2025-01-29T21:00,2.5,70,16.0,0.0
2025-01-29T22:00,2.6,71,15.6,0.0
2025-01-29T23:00,2.5,74,12.1,0.0
2025-01-30T00:00,2.2,75,9.3,0.0
2025-01-30T01:00,1.6,79,6.6,0.0
2025-01-30T02:00,1.0,79,4.3,0.0
2025-01-30T03:00,0.2,76,2.5,0.0
2025-01-30T04:00,-0.5,79,3.1,0.0
2025-01-30T05:00,-0.9,80,4.0,0.0
2025-01-30T06:00,-0.7,80,5.3,0.0
2025-01-30T07:00,-0.6,75,5.8,0.0
2025-01-30T08:00,-0.6,71,5.6,7.0
2025-01-30T09:00,1.3,75,4.5,113.0
2025-01-30T10:00,5.0,25,3.1,312.0
2025-01-30T11:00,6.1,21,0.2,487.0
2025-01-30T12:00,6.6,25,2.3,610.0
2025-01-30T13:00,7.1,29,4.5,661.0
2025-01-30T14:00,7.1,37,5.4,644.0
2025-01-30T15:00,6.8,44,4.8,562.0
2025-01-30T16:00,6.4,48,4.7,418.0
2025-01-30T17:00,5.7,52,6.0,235.0
2025-01-30T18:00,3.4,63,7.7,59.0
2025-01-30T19:00,2.2,65,8.2,0.0
2025-01-30T20:00,1.7,57,6.9,0.0
2025-01-30T21:00,1.9,52,5.2,0.0
2025-01-30T22:00,1.6,66,3.8,0.0
2025-01-30T23:00,1.8,63,3.6,0.0
2025-01-31T00:00,2.3,63,2.9,0.0
2025-01-31T01:00,2.6,63,2.4,0.0
2025-01-31T02:00,2.5,66,3.4,0.0
2025-01-31T03:00,2.5,69,2.5,0.0
2025-01-31T04:00,2.6,71,2.8,0.0
2025-01-31T05:00,3.0,72,2.9,0.0
2025-01-31T06:00,3.4,71,3.4,0.0
2025-01-31T07:00,3.9,70,3.3,0.0
2025-01-31T08:00,4.8,70,3.8,7.0
2025-01-31T09:00,7.6,65,3.1,91.0
2025-01-31T10:00,9.4,63,5.3,164.0
2025-01-31T11:00,10.6,61,7.4,258.0
2025-01-31T12:00,10.6,63,9.2,262.0
2025-01-31T13:00,11.2,60,8.2,372.0
2025-01-31T14:00,11.5,58,5.6,341.0
2025-01-31T15:00,10.6,64,6.8,158.0
2025-01-31T16:00,10.6,65,7.8,188.0
2025-01-31T17:00,8.7,73,9.0,38.0
2025-01-31T18:00,8.0,76,10.1,13.0
2025-01-31T19:00,6.7,86,7.5,0.0
2025-01-31T20:00,7.1,83,9.8,0.0
2025-01-31T21:00,6.1,89,7.0,0.0
2025-01-31T22:00,7.9,91,5.4,0.0
2025-01-31T23:00,8.0,91,8.0,0.0
2025-02-01T00:00,8.2,91,11.5,0.0
2025-02-01T01:00,8.6,92,13.8,0.0
2025-02-01T02:00,8.8,92,14.3,0.0
2025-02-01T03:00,8.9,92,13.0,0.0
2025-02-01T04:00,8.9,93,14.8,0.0
2025-02-01T05:00,9.3,93,17.5,0.0
2025-02-01T06:00,9.9,95,21.5,0.0
2025-02-01T07:00,10.1,96,24.4,0.0
2025-02-01T08:00,10.1,96,26.4,0.0
2025-02-01T09:00,9.8,95,31.1,8.0
2025-02-01T10:00,9.4,96,33.4,13.0
2025-02-01T11:00,8.8,96,36.2,22.0
2025-02-01T12:00,8.0,96,35.4,25.0
2025-02-01T13:00,7.4,97,35.7,35.0
2025-02-01T14:00,7.0,96,31.9,69.0
2025-02-01T15:00,7.6,95,27.7,57.0
2025-02-01T16:00,7.9,94,27.8,41.0
2025-02-01T17:00,8.1,94,26.1,48.0
2025-02-01T18:00,7.5,96,25.5,15.0
2025-02-01T19:00,7.3,96,23.9,0.0
2025-02-01T20:00,7.1,97,23.2,0.0
2025-02-01T21:00,7.4,94,24.4,0.0
2025-02-01T22:00,7.6,95,20.5,0.0
2025-02-01T23:00,7.7,93,16.8,0.0
2025-02-02T00:00,7.6,94,15.4,0.0
2025-02-02T01:00,7.6,94,13.8,0.0
2025-02-02T02:00,7.3,97,11.4,0.0
2025-02-02T03:00,7.1,97,11.6,0.0
2025-02-02T04:00,7.2,95,13.5,0.0
2025-02-02T05:00,7.1,95,10.9,0.0
2025-02-02T06:00,7.0,97,10.2,0.0
2025-02-02T07:00,6.9,98,8.9,0.0
2025-02-02T08:00,6.8,97,7.5,4.0
2025-02-02T09:00,7.0,93,9.7,74.0
2025-02-02T10:00,8.1,86,9.4,234.0
2025-02-02T11:00,8.4,78,8.9,291.0
2025-02-02T12:00,8.2,77,9.1,267.0
2025-02-02T13:00,8.6,70,10.5,565.0
2025-02-02T14:00,8.6,64,9.5,544.0
2025-02-02T15:00,8.5,61,10.0,526.0
2025-02-02T16:00,8.0,61,10.2,320.0
2025-02-02T17:00,7.4,64,9.7,185.0
2025-02-02T18:00,6.6,70,9.2,44.0
2025-02-02T19:00,6.2,74,10.2,0.0
2025-02-02T20:00,6.1,75,12.4,0.0
2025-02-02T21:00,5.8,75,12.2,0.0
2025-02-02T22:00,6.1,81,11.8,0.0
2025-02-02T23:00,6.1,79,10.7,0.0
2025-02-03T00:00,5.8,81,12.6,0.0
2025-02-03T01:00,6.0,79,17.1,0.0
2025-02-03T02:00,6.4,79,21.3,0.0
2025-02-03T03:00,6.0,85,20.8,0.0
2025-02-03T04:00,5.7,89,21.1,0.0
2025-02-03T05:00,5.6,89,21.7,0.0
2025-02-03T06:00,5.6,86,22.8,0.0
2025-02-03T07:00,5.1,89,26.0,0.0
2025-02-03T08:00,5.0,82,29.3,3.0
2025-02-03T09:00,4.9,74,30.7,50.0
2025-02-03T10:00,5.0,62,30.5,281.0
2025-02-03T11:00,4.6,62,29.4,408.0
2025-02-03T12:00,4.0,62,29.9,387.0
2025-02-03T13:00,3.5,63,29.9,345.0
2025-02-03T14:00,2.8,66,31.2,235.0
2025-02-03T15:00,2.7,62,32.2,229.0
2025-02-03T16:00,2.4,63,32.7,190.0
2025-02-03T17:00,2.0,65,31.2,106.0
2025-02-03T18:00,1.5,69,28.3,44.0
2025-02-03T19:00,1.5,67,25.5,0.0
2025-02-03T20:00,1.7,64,25.9,0.0
2025-02-03T21:00,2.0,64,26.9,0.0
2025-02-03T22:00,2.2,67,32.1,0.0
2025-02-03T23:00,1.9,82,28.6,0.0
2025-02-04T00:00,0.6,80,30.2,0.0
2025-02-04T01:00,0.5,76,28.0,0.0
2025-02-04T02:00,0.3,73,29.3,0.0
2025-02-04T03:00,0.9,69,31.6,0.0
2025-02-04T04:00,0.7,82,27.1,0.0
2025-02-04T05:00,0.5,78,30.7,0.0
2025-02-04T06:00,0.6,79,29.1,0.0
2025-02-04T07:00,0.9,74,30.8,0.0
2025-02-04T08:00,0.3,76,30.7,8.0
2025-02-04T09:00,-0.0,84,28.2,107.0
2025-02-04T10:00,0.3,73,35.6,275.0
2025-02-04T11:00,-0.1,66,35.8,427.0
2025-02-04T12:00,0.2,72,34.9,565.0
2025-02-04T13:00,0.6,70,34.5,611.0
2025-02-04T14:00,0.7,70,34.3,571.0
2025-02-04T15:00,1.1,72,34.0,554.0
2025-02-04T16:00,1.3,70,32.4,398.0
2025-02-04T17:00,1.0,65,32.2,238.0
2025-02-04T18:00,0.9,68,29.7,81.0
2025-02-04T19:00,0.5,73,26.6,0.0
2025-02-04T20:00,0.7,73,25.2,0.0
2025-02-04T21:00,0.5,76,23.5,0.0
2025-02-04T22:00,0.6,72,22.7,0.0
2025-02-04T23:00,0.7,72,26.3,0.0
2025-02-05T00:00,0.8,75,27.0,0.0
2025-02-05T01:00,0.3,80,26.8,0.0
2025-02-05T02:00,0.3,82,24.5,0.0
2025-02-05T03:00,0.3,80,24.8,0.0
2025-02-05T04:00,0.9,81,22.9,0.0
2025-02-05T05:00,0.8,81,25.3,0.0
2025-02-05T06:00,1.1,70,32.6,0.0
2025-02-05T07:00,1.7,74,33.4,0.0
2025-02-05T08:00,1.2,70,35.2,13.0
2025-02-05T09:00,1.2,79,32.9,140.0
2025-02-05T10:00,2.2,66,37.6,341.0
2025-02-05T11:00,1.8,72,34.1,496.0
2025-02-05T12:00,2.5,77,31.0,560.0
2025-02-05T13:00,2.7,73,32.0,579.0
2025-02-05T14:00,2.3,72,32.4,468.0
2025-02-05T15:00,2.0,78,28.3,464.0
2025-02-05T16:00,2.9,73,33.4,387.0
2025-02-05T17:00,2.3,81,30.7,198.0
2025-02-05T18:00,2.8,84,28.7,55.0
2025-02-05T19:00,3.0,75,35.4,0.0
2025-02-05T20:00,0.8,85,29.1,0.0
2025-02-05T21:00,-0.2,86,18.6,0.0
2025-02-05T22:00,0.7,78,23.0,0.0
2025-02-05T23:00,0.7,74,24.2,0.0
2025-02-06T00:00,0.4,75,22.2,0.0
2025-02-06T01:00,0.2,75,20.9,0.0
2025-02-06T02:00,0.4,74,21.9,0.0
2025-02-06T03:00,0.7,72,22.9,0.0
2025-02-06T04:00,0.7,73,23.3,0.0
2025-02-06T05:00,0.7,74,21.9,0.0
2025-02-06T06:00,0.9,74,20.4,0.0
2025-02-06T07:00,1.1,73,19.4,0.0
2025-02-06T08:00,1.1,74,18.3,11.0
2025-02-06T09:00,1.4,73,19.3,121.0
2025-02-06T10:00,2.0,70,22.1,250.0
2025-02-06T11:00,2.1,72,23.0,248.0
2025-02-06T12:00,2.0,72,24.5,348.0
2025-02-06T13:00,2.3,71,24.5,419.0
2025-02-06T14:00,2.3,72,24.5,478.0
2025-02-06T15:00,2.4,71,23.9,439.0
2025-02-06T16:00,2.4,71,24.4,308.0
2025-02-06T17:00,2.4,71,21.3,184.0
2025-02-06T18:00,2.3,72,18.0,64.0
2025-02-06T19:00,2.5,74,16.1,0.0
2025-02-06T20:00,1.8,82,15.3,0.0
2025-02-06T21:00,1.9,84,14.8,0.0
2025-02-06T22:00,1.9,70,15.2,0.0
2025-02-06T23:00,2.4,74,14.8,0.0
2025-02-07T00:00,3.1,69,16.6,0.0
2025-02-07T01:00,3.5,66,23.9,0.0
2025-02-07T02:00,3.5,65,25.8,0.0
2025-02-07T03:00,3.7,70,25.8,0.0
2025-02-07T04:00,3.1,80,27.0,0.0
2025-02-07T05:00,3.8,78,28.6,0.0
2025-02-07T06:00,4.5,73,34.3,0.0
2025-02-07T07:00,4.0,77,36.5,0.0
2025-02-07T08:00,3.8,81,30.8,9.0
2025-02-07T09:00,3.7,80,35.0,100.0
2025-02-07T10:00,3.8,78,42.9,226.0
2025-02-07T11:00,2.3,78,41.4,399.0
2025-02-07T12:00,1.8,82,38.8,546.0
2025-02-07T13:00,1.5,76,44.3,517.0
2025-02-07T14:00,0.6,75,41.6,500.0
2025-02-07T15:00,-0.1,78,41.0,448.0
2025-02-07T16:00,0.0,75,41.1,386.0
2025-02-07T17:00,-0.1,75,40.4,244.0
2025-02-07T18:00,-0.8,64,40.3,71.0
2025-02-07T19:00,-0.1,75,38.3,0.0
2025-02-07T20:00,-0.3,74,35.9,0.0
2025-02-07T21:00,-0.7,66,36.0,0.0
2025-02-07T22:00,-1.2,77,26.2,0.0
2025-02-07T23:00,-1.5,75,27.6,0.0
2025-02-08T00:00,-0.4,82,30.4,0.0
2025-02-08T01:00,-0.5,88,29.8,0.0
2025-02-08T02:00,-0.2,82,30.7,0.0
2025-02-08T03:00,0.4,73,34.4,0.0
2025-02-08T04:00,-0.0,73,34.9,0.0
2025-02-08T05:00,-0.2,79,31.4,0.0
2025-02-08T06:00,-0.4,82,28.2,0.0
2025-02-08T07:00,-0.3,84,26.8,0.0
2025-02-08T08:00,-0.7,87,25.1,13.0
2025-02-08T09:00,-0.9,85,21.6,124.0
2025-02-08T10:00,-0.4,80,28.3,297.0
2025-02-08T11:00,-0.1,84,22.7,445.0
2025-02-08T12:00,0.2,80,22.9,517.0
2025-02-08T13:00,0.7,75,25.8,572.0
2025-02-08T14:00,0.8,74,26.2,648.0
2025-02-08T15:00,1.0,76,26.0,504.0
2025-02-08T16:00,1.4,76,26.6,331.0
2025-02-08T17:00,1.3,77,26.6,212.0
2025-02-08T18:00,1.0,81,24.0,70.0
2025-02-08T19:00,0.9,81,22.9,1.0
2025-02-08T20:00,0.8,79,22.4,0.0
2025-02-08T21:00,0.8,77,20.3,0.0
2025-02-08T22:00,0.9,75,18.1,0.0
2025-02-08T23:00,1.0,76,15.4,0.0
2025-02-09T00:00,0.9,78,13.6,0.0
2025-02-09T01:00,1.0,79,13.4,0.0
2025-02-09T02:00,1.0,81,14.1,0.0
2025-02-09T03:00,1.0,82,14.6,0.0
2025-02-09T04:00,1.0,82,14.7,0.0
2025-02-09T05:00,1.1,80,14.9,0.0
2025-02-09T06:00,1.1,80,14.9,0.0
2025-02-09T07:00,1.1,80,14.4,0.0
2025-02-09T08:00,1.1,82,13.4,6.0
2025-02-09T09:00,1.3,82,13.5,68.0
2025-02-09T10:00,1.7,78,17.6,139.0
2025-02-09T11:00,1.8,79,17.7,238.0
2025-02-09T12:00,2.0,77,18.5,322.0
2025-02-09T13:00,2.1,76,19.8,401.0
2025-02-09T14:00,2.0,77,20.5,395.0
2025-02-09T15:00,2.3,79,19.2,310.0
2025-02-09T16:00,2.4,75,20.9,216.0
2025-02-09T17:00,2.2,77,19.5,129.0
2025-02-09T18:00,2.2,77,17.3,37.0
2025-02-09T19:00,2.2,77,15.9,0.0
2025-02-09T20:00,2.0,79,14.4,0.0
2025-02-09T21:00,1.8,80,13.2,0.0
2025-02-09T22:00,2.0,81,13.8,0.0
2025-02-09T23:00,2.0,81,12.7,0.0
2025-02-10T00:00,2.0,80,12.1,0.0
2025-02-10T01:00,2.0,82,12.5,0.0
2025-02-10T02:00,1.9,82,13.4,0.0
2025-02-10T03:00,2.0,77,14.2,0.0
2025-02-10T04:00,2.0,75,14.5,0.0
2025-02-10T05:00,2.0,76,13.8,0.0
2025-02-10T06:00,2.0,78,13.0,0.0
2025-02-10T07:00,2.0,78,12.2,0.0
2025-02-10T08:00,1.9,81,10.8,10.0
2025-02-10T09:00,2.5,79,11.0,80.0
2025-02-10T10:00,2.8,74,15.5,223.0
2025-02-10T11:00,2.9,76,15.8,303.0
2025-02-10T12:00,2.9,72,16.5,453.0
2025-02-10T13:00,3.1,70,17.6,500.0
2025-02-10T14:00,3.2,70,16.6,496.0
2025-02-10T15:00,3.2,69,13.4,523.0
2025-02-10T16:00,3.2,70,11.0,426.0
2025-02-10T17:00,2.9,70,8.6,277.0
2025-02-10T18:00,0.8,79,4.6,94.0
2025-02-10T19:00,0.1,76,0.9,1.0
2025-02-10T20:00,-1.4,78,0.8,0.0
2025-02-10T21:00,-2.5,77,2.1,0.0
2025-02-10T22:00,-1.3,75,1.9,0.0
2025-02-10T23:00,-1.4,70,2.8,0.0
2025-02-11T00:00,-1.7,68,3.4,0.0
2025-02-11T01:00,-1.9,70,3.7,0.0
2025-02-11T02:00,-1.4,68,3.7,0.0
2025-02-11T03:00,-1.3,64,3.4,0.0
2025-02-11T04:00,-1.5,59,2.8,0.0
2025-02-11T05:00,-1.2,61,2.9,0.0
2025-02-11T06:00,-0.7,67,2.7,0.0
2025-02-11T07:00,-0.1,70,4.0,0.0
2025-02-11T08:00,0.2,71,5.9,17.0
2025-02-11T09:00,2.0,77,7.5,162.0
2025-02-11T10:00,4.7,49,6.8,383.0
2025-02-11T11:00,6.1,45,8.8,564.0
2025-02-11T12:00,6.8,52,10.5,686.0
2025-02-11T13:00,7.3,56,13.0,739.0
2025-02-11T14:00,7.7,55,12.1,720.0
2025-02-11T15:00,7.8,55,10.4,633.0
2025-02-11T16:00,7.7,58,9.5,485.0
2025-02-11T17:00,6.9,65,8.3,293.0
2025-02-11T18:00,5.4,72,8.0,94.0
2025-02-11T19:00,3.7,75,8.2,1.0
2025-02-11T20:00,4.0,78,8.5,0.0
2025-02-11T21:00,4.9,79,7.3,0.0
2025-02-11T22:00,6.0,76,5.8,0.0
2025-02-11T23:00,6.1,77,5.0,0.0
2025-02-12T00:00,6.3,78,5.5,0.0
2025-02-12T01:00,6.6,78,5.6,0.0
2025-02-12T02:00,6.3,87,5.6,0.0
2025-02-12T03:00,6.4,89,4.2,0.0
2025-02-12T04:00,6.8,89,5.1,0.0
2025-02-12T05:00,7.4,87,5.4,0.0
2025-02-12T06:00,8.6,86,7.4,0.0
2025-02-12T07:00,10.8,89,17.8,0.0
2025-02-12T08:00,12.3,93,27.6,2.0
2025-02-12T09:00,12.4,96,27.0,41.0
2025-02-12T10:00,12.3,94,33.1,145.0
2025-02-12T11:00,12.5,88,33.4,231.0
2025-02-12T12:00,12.0,88,32.9,237.0
2025-02-12T13:00,11.2,93,32.5,212.0
2025-02-12T14:00,10.7,91,30.5,176.0
2025-02-12T15:00,10.3,90,32.0,179.0
2025-02-12T16:00,9.9,88,32.5,126.0
2025-02-12T17:00,8.6,90,33.6,92.0
2025-02-12T18:00,8.3,90,31.4,25.0
2025-02-12T19:00,7.7,91,30.6,0.0
2025-02-12T20:00,7.4,88,30.7,0.0
2025-02-12T21:00,6.6,87,34.9,0.0
2025-02-12T22:00,5.8,77,31.8,0.0
2025-02-12T23:00,5.1,63,30.1,0.0
2025-02-13T00:00,4.5,64,30.5,0.0
2025-02-13T01:00,4.1,69,30.7,0.0
2025-02-13T02:00,3.9,67,29.4,0.0
2025-02-13T03:00,3.6,65,28.8,0.0
2025-02-13T04:00,3.2,66,27.2,0.0
2025-02-13T05:00,2.9,65,26.0,0.0
2025-02-13T06:00,2.5,64,23.3,0.0
2025-02-13T07:00,2.3,65,21.0,0.0
2025-02-13T08:00,2.3,64,17.3,8.0
2025-02-13T09:00,2.5,62,13.9,68.0
2025-02-13T10:00,3.2,54,14.8,241.0
2025-02-13T11:00,4.1,52,13.3,473.0
2025-02-13T12:00,4.8,53,13.7,642.0
2025-02-13T13:00,5.2,55,12.8,723.0
2025-02-13T14:00,5.5,56,12.2,708.0
2025-02-13T15:00,5.6,57,11.7,628.0
2025-02-13T16:00,5.5,60,11.5,485.0
2025-02-13T17:00,5.0,63,12.0,296.0
2025-02-13T18:00,4.0,70,11.3,100.0
2025-02-13T19:00,3.3,75,10.2,2.0
2025-02-13T20:00,2.8,75,7.0,0.0
2025-02-13T21:00,1.9,78,5.8,0.0
2025-02-13T22:00,3.3,72,7.7,0.0
2025-02-13T23:00,2.1,75,5.2,0.0
2025-02-14T00:00,1.8,75,5.6,0.0
2025-02-14T01:00,1.7,73,4.5,0.0
2025-02-14T02:00,2.2,71,2.2,0.0
2025-02-14T03:00,2.1,71,1.7,0.0
2025-02-14T04:00,2.1,72,1.7,0.0
2025-02-14T05:00,2.1,74,1.0,0.0
2025-02-14T06:00,2.0,75,0.5,0.0
2025-02-14T07:00,1.7,75,1.6,0.0
2025-02-14T08:00,2.6,74,2.3,22.0
2025-02-14T09:00,6.5,60,1.7,177.0
2025-02-14T10:00,7.7,51,2.5,377.0
2025-02-14T11:00,8.6,48,6.3,544.0
2025-02-14T12:00,8.9,57,9.2,650.0
2025-02-14T13:00,8.2,67,9.6,628.0
2025-02-14T14:00,7.7,70,6.0,408.0
2025-02-14T15:00,7.6,69,6.0,282.0
2025-02-14T16:00,7.5,70,5.6,234.0
2025-02-14T17:00,7.2,72,5.1,181.0
2025-02-14T18:00,5.4,81,0.7,53.0
2025-02-14T19:00,4.9,81,0.2,1.0
2025-02-14T20:00,4.0,81,0.5,0.0
2025-02-14T21:00,3.9,83,0.7,0.0
2025-02-14T22:00,4.5,88,3.2,0.0
2025-02-14T23:00,4.5,85,3.8,0.0
2025-02-15T00:00,3.6,80,1.6,0.0
2025-02-15T01:00,3.4,79,1.5,0.0
2025-02-15T02:00,4.7,76,0.4,0.0
2025-02-15T03:00,5.1,76,0.7,0.0
2025-02-15T04:00,4.6,78,0.7,0.0
2025-02-15T05:00,3.3,78,1.5,0.0
2025-02-15T06:00,4.1,78,0.8,0.0
2025-02-15T07:00,4.5,78,0.2,0.0
2025-02-15T08:00,6.0,75,0.9,5.0
2025-02-15T09:00,7.5,76,0.9,46.0
2025-02-15T10:00,8.3,72,2.2,76.0
2025-02-15T11:00,8.6,76,0.8,120.0
2025-02-15T12:00,9.0,78,2.0,170.0
2025-02-15T13:00,9.3,78,4.4,188.0
2025-02-15T14:00,9.1,83,2.3,125.0
2025-02-15T15:00,9.4,85,3.4,131.0
2025-02-15T16:00,9.3,87,3.0,89.0
2025-02-15T17:00,8.5,94,4.7,37.0
2025-02-15T18:00,8.3,93,7.9,14.0
2025-02-15T19:00,7.9,93,6.1,0.0
2025-02-15T20:00,7.8,93,5.4,0.0
2025-02-15T21:00,7.9,95,6.6,0.0
2025-02-15T22:00,7.0,92,6.5,0.0
2025-02-15T23:00,7.5,88,7.5,0.0
2025-02-16T00:00,7.4,88,6.1,0.0
2025-02-16T01:00,6.3,92,5.6,0.0
2025-02-16T02:00,6.4,94,4.9,0.0
2025-02-16T03:00,6.5,93,4.6,0.0
2025-02-16T04:00,6.4,94,3.6,0.0
2025-02-16T05:00,6.5,94,5.1,0.0
2025-02-16T06:00,7.1,93,4.6,0.0
2025-02-16T07:00,6.7,90,3.5,0.0
2025-02-16T08:00,7.3,88,4.2,16.0
2025-02-16T09:00,8.0,90,6.1,126.0
2025-02-16T10:00,9.0,89,9.8,199.0
2025-02-16T11:00,9.8,79,9.9,343.0
2025-02-16T12:00,10.9,69,14.3,578.0
2025-02-16T13:00,11.0,65,18.1,685.0
2025-02-16T14:00,11.8,59,15.7,675.0
2025-02-16T15:00,11.3,64,16.8,625.0
2025-02-16T16:00,10.9,68,17.2,489.0
2025-02-16T17:00,10.4,74,17.9,302.0
2025-02-16T18:00,9.5,82,17.3,105.0
2025-02-16T19:00,9.2,84,17.9,3.0
2025-02-16T20:00,9.0,87,17.6,0.0
2025-02-16T21:00,8.9,91,18.2,0.0
2025-02-16T22:00,8.2,84,19.2,0.0
2025-02-16T23:00,7.1,83,17.7,0.0
2025-02-17T00:00,6.5,92,16.2,0.0
2025-02-17T01:00,6.3,90,16.8,0.0
2025-02-17T02:00,5.7,89,19.6,0.0
2025-02-17T03:00,5.1,83,21.8,0.0
2025-02-17T04:00,4.6,79,23.0,0.0
2025-02-17T05:00,4.0,72,23.5,0.0
2025-02-17T06:00,3.4,67,23.1,0.0
2025-02-17T07:00,2.8,58,20.8,0.0
2025-02-17T08:00,2.6,59,18.9,27.0
2025-02-17T09:00,3.3,58,20.0,191.0
2025-02-17T10:00,4.8,53,25.8,319.0
2025-02-17T11:00,5.2,50,24.2,468.0
2025-02-17T12:00,5.5,52,23.3,519.0
2025-02-17T13:00,5.7,51,25.3,522.0
2025-02-17T14:00,6.0,50,25.8,557.0
2025-02-17T15:00,5.9,52,26.6,441.0
2025-02-17T16:00,5.6,53,24.6,307.0
2025-02-17T17:00,5.4,54,27.1,157.0
2025-02-17T18:00,5.0,58,25.9,48.0
2025-02-17T19:00,4.7,61,24.2,2.0
2025-02-17T20:00,4.2,61,23.6,0.0
2025-02-17T21:00,3.7,62,22.7,0.0
2025-02-17T22:00,4.0,63,23.7,0.0
2025-02-17T23:00,3.7,68,21.9,0.0
2025-02-18T00:00,3.2,71,22.2,0.0
2025-02-18T01:00,2.8,75,22.0,0.0
2025-02-18T02:00,2.5,75,22.3,0.0
2025-02-18T03:00,2.2,75,22.9,0.0
2025-02-18T04:00,1.9,77,23.7,0.0
2025-02-18T05:00,1.9,73,25.2,0.0
2025-02-18T06:00,2.2,68,25.8,0.0
2025-02-18T07:00,2.4,68,24.7,0.0
2025-02-18T08:00,2.6,66,24.3,9.0
2025-02-18T09:00,2.9,63,23.8,80.0
2025-02-18T10:00,3.3,58,23.1,243.0
2025-02-18T11:00,3.5,62,22.2,313.0
2025-02-18T12:00,3.5,63,20.5,380.0
2025-02-18T13:00,3.5,62,20.3,476.0
2025-02-18T14:00,3.8,57,21.3,609.0
2025-02-18T15:00,4.0,54,23.6,493.0
2025-02-18T16:00,3.9,55,24.6,410.0
2025-02-18T17:00,3.5,58,23.9,226.0
2025-02-18T18:00,3.3,58,23.6,60.0
2025-02-18T19:00,3.3,61,22.5,2.0
2025-02-18T20:00,3.7,59,21.9,0.0
2025-02-18T21:00,3.8,59,20.9,0.0
2025-02-18T22:00,3.5,61,20.1,0.0
2025-02-18T23:00,3.8,61,21.1,0.0
2025-02-19T00:00,3.7,64,21.0,0.0
2025-02-19T01:00,3.3,66,20.1,0.0
2025-02-19T02:00,3.0,67,20.0,0.0
2025-02-19T03:00,3.2,61,21.9,0.0
2025-02-19T04:00,3.3,62,23.0,0.0
2025-02-19T05:00,3.4,63,23.7,0.0
2025-02-19T06:00,3.3,63,22.7,0.0
2025-02-19T07:00,3.4,62,23.0,0.0
2025-02-19T08:00,3.8,60,25.5,17.0
2025-02-19T09:00,4.1,59,27.0,87.0
2025-02-19T10:00,4.1,59,25.7,199.0
2025-02-19T11:00,4.3,58,25.0,341.0
2025-02-19T12:00,4.6,56,25.4,403.0
2025-02-19T13:00,4.8,55,25.7,437.0
2025-02-19T14:00,4.5,58,25.4,523.0
2025-02-19T15:00,4.2,59,24.4,503.0
2025-02-19T16:00,3.7,60,23.6,376.0
2025-02-19T17:00,3.1,64,23.0,194.0
2025-02-19T18:00,2.6,67,21.4,67.0
2025-02-19T19:00,2.3,69,19.2,3.0
2025-02-19T20:00,2.1,68,17.3,0.0
2025-02-19T21:00,2.0,69,16.9,0.0
2025-02-19T22:00,1.6,68,14.8,0.0
2025-02-19T23:00,1.9,66,15.2,0.0
2025-02-20T00:00,1.9,67,15.4,0.0
2025-02-20T01:00,1.7,69,15.2,0.0
2025-02-20T02:00,1.6,71,15.0,0.0
2025-02-20T03:00,1.5,73,15.1,0.0
2025-02-20T04:00,1.5,72,14.9,0.0
2025-02-20T05:00,1.7,68,13.2,0.0
2025-02-20T06:00,2.0,68,13.7,0.0
2025-02-20T07:00,2.3,66,14.8,0.0
2025-02-20T08:00,2.6,67,16.0,11.0
2025-02-20T09:00,3.0,66,16.3,72.0
2025-02-20T10:00,4.3,54,18.1,337.0
2025-02-20T11:00,4.8,51,17.7,478.0
2025-02-20T12:00,5.2,53,19.4,546.0
2025-02-20T13:00,4.8,59,18.6,580.0
2025-02-20T14:00,4.7,57,18.0,623.0
2025-02-20T15:00,4.5,58,19.4,607.0
2025-02-20T16:00,3.8,61,18.1,485.0
2025-02-20T17:00,3.2,60,17.7,255.0
2025-02-20T18:00,2.5,62,16.0,89.0
2025-02-20T19:00,2.1,66,13.6,4.0
2025-02-20T20:00,2.0,67,14.4,0.0
2025-02-20T21:00,1.8,64,13.5,0.0
2025-02-20T22:00,2.1,58,16.1,0.0
2025-02-20T23:00,2.0,60,16.1,0.0
2025-02-21T00:00,1.9,63,16.3,0.0
2025-02-21T01:00,1.8,62,16.5,0.0
2025-02-21T02:00,1.8,62,15.8,0.0
2025-02-21T03:00,2.0,61,16.4,0.0
2025-02-21T04:00,2.0,62,17.0,0.0
2025-02-21T05:00,2.2,62,17.5,0.0
2025-02-21T06:00,2.0,67,18.6,0.0
2025-02-21T07:00,1.8,71,16.7,0.0
2025-02-21T08:00,2.3,66,16.1,10.0
2025-02-21T09:00,2.9,60,18.0,62.0
2025-02-21T10:00,4.4,48,20.1,246.0
2025-02-21T11:00,4.7,52,21.7,488.0
2025-02-21T12:00,4.5,56,19.7,623.0
2025-02-21T13:00,4.4,55,19.7,651.0
2025-02-21T14:00,4.3,55,20.9,662.0
2025-02-21T15:00,3.9,54,21.5,585.0
2025-02-21T16:00,3.6,51,20.6,449.0
2025-02-21T17:00,3.3,53,20.1,245.0
2025-02-21T18:00,2.7,57,18.8,97.0
2025-02-21T19:00,2.2,61,15.8,5.0
2025-02-21T20:00,1.7,69,13.8,0.0
2025-02-21T21:00,1.2,74,11.6,0.0
2025-02-21T22:00,1.1,75,9.2,0.0
2025-02-21T23:00,0.9,77,8.7,0.0
2025-02-22T00:00,1.0,74,8.8,0.0
2025-02-22T01:00,1.4,71,9.0,0.0
2025-02-22T02:00,1.8,68,10.3,0.0
2025-02-22T03:00,1.8,72,11.7,0.0
2025-02-22T04:00,1.7,76,12.8,0.0
2025-02-22T05:00,2.0,71,13.2,0.0
2025-02-22T06:00,2.6,63,15.5,0.0
2025-02-22T07:00,2.8,64,17.9,0.0
2025-02-22T08:00,3.4,63,21.4,13.0
2025-02-22T09:00,3.5,65,23.3,62.0
2025-02-22T10:00,4.4,58,24.6,192.0
2025-02-22T11:00,3.0,79,20.4,273.0
2025-02-22T12:00,4.0,71,18.8,476.0
2025-02-22T13:00,4.4,70,19.5,530.0
2025-02-22T14:00,4.4,68,22.6,417.0
2025-02-22T15:00,4.4,64,23.1,362.0
2025-02-22T16:00,4.1,65,21.6,301.0
2025-02-22T17:00,3.5,67,19.3,179.0
2025-02-22T18:00,2.9,68,17.0,82.0
2025-02-22T19:00,2.4,70,15.6,4.0
2025-02-22T20:00,1.9,74,14.7,0.0
2025-02-22T21:00,2.0,69,13.4,0.0
2025-02-22T22:00,2.2,65,16.9,0.0
2025-02-22T23:00,2.0,67,18.4,0.0
2025-02-23T00:00,2.1,67,19.7,0.0
2025-02-23T01:00,2.0,71,18.8,0.0
2025-02-23T02:00,2.2,68,19.8,0.0
2025-02-23T03:00,1.9,73,20.1,0.0
2025-02-23T04:00,2.0,70,20.6,0.0
2025-02-23T05:00,1.8,74,23.2,0.0
2025-02-23T06:00,1.6,73,23.0,0.0
2025-02-23T07:00,1.3,75,21.2,0.0
2025-02-23T08:00,1.2,74,19.7,11.0
2025-02-23T09:00,1.7,68,22.0,68.0
2025-02-23T10:00,2.3,60,24.1,180.0
2025-02-23T11:00,2.4,59,25.4,238.0
2025-02-23T12:00,2.3,60,26.6,265.0
2025-02-23T13:00,2.5,58,27.0,359.0
2025-02-23T14:00,2.4,62,27.7,447.0
2025-02-23T15:00,2.2,64,27.6,482.0
2025-02-23T16:00,2.3,60,27.8,392.0
2025-02-23T17:00,2.0,60,29.0,253.0
2025-02-23T18:00,1.7,57,27.9,97.0
2025-02-23T19:00,0.7,81,23.5,5.0
2025-02-23T20:00,0.9,80,25.7,0.0
2025-02-23T21:00,0.8,81,24.1,0.0
2025-02-23T22:00,1.6,65,30.5,0.0
2025-02-23T23:00,1.6,72,29.1,0.0
2025-02-24T00:00,1.3,69,29.9,0.0
2025-02-24T01:00,1.2,70,29.8,0.0
2025-02-24T02:00,1.7,57,31.0,0.0
2025-02-24T03:00,1.8,58,30.0,0.0
2025-02-24T04:00,1.6,57,28.9,0.0
2025-02-24T05:00,1.7,63,28.9,0.0
2025-02-24T06:00,1.5,67,25.8,0.0
2025-02-24T07:00,1.6,65,26.0,0.0
2025-02-24T08:00,2.4,63,26.0,25.0
2025-02-24T09:00,2.4,69,25.0,83.0
2025-02-24T10:00,2.2,67,24.6,187.0
2025-02-24T11:00,2.4,68,23.3,371.0
2025-02-24T12:00,2.6,70,22.4,355.0
2025-02-24T13:00,2.8,71,22.7,420.0
2025-02-24T14:00,3.0,72,22.4,418.0
2025-02-24T15:00,3.2,70,21.9,423.0
2025-02-24T16:00,3.3,68,20.4,373.0
2025-02-24T17:00,3.9,62,18.0,294.0
2025-02-24T18:00,3.3,65,16.7,122.0
2025-02-24T19:00,2.8,70,15.0,7.0
2025-02-24T20:00,2.5,73,12.1,0.0
2025-02-24T21:00,1.6,79,7.5,0.0
2025-02-24T22:00,1.8,75,7.4,0.0
2025-02-24T23:00,0.6,79,6.3,0.0
2025-02-25T00:00,-0.2,81,4.2,0.0
2025-02-25T01:00,-0.2,83,2.9,0.0
2025-02-25T02:00,-0.5,85,1.9,0.0
2025-02-25T03:00,-1.2,88,3.2,0.0
2025-02-25T04:00,-1.3,89,3.6,0.0
2025-02-25T05:00,-0.8,87,3.5,0.0
2025-02-25T06:00,-1.2,84,4.1,0.0
2025-02-25T07:00,-0.2,84,5.5,0.0
2025-02-25T08:00,2.3,86,7.8,43.0
2025-02-25T09:00,3.9,85,7.1,217.0
2025-02-25T10:00,5.7,74,9.0,427.0
2025-02-25T11:00,6.5,68,10.1,602.0
2025-02-25T12:00,7.2,62,11.4,557.0
2025-02-25T13:00,7.3,63,12.3,474.0
2025-02-25T14:00,7.9,61,13.2,496.0
2025-02-25T15:00,7.6,62,13.3,263.0
2025-02-25T16:00,7.4,64,14.3,167.0
2025-02-25T17:00,7.0,65,14.7,104.0
2025-02-25T18:00,6.2,71,16.9,21.0
2025-02-25T19:00,5.7,76,18.3,2.0
2025-02-25T20:00,5.6,77,17.4,0.0
2025-02-25T21:00,5.0,78,16.8,0.0
2025-02-25T22:00,5.6,83,15.7,0.0
2025-02-25T23:00,5.2,83,16.2,0.0
2025-02-26T00:00,5.7,78,18.1,0.0
2025-02-26T01:00,6.4,74,18.2,0.0
2025-02-26T02:00,7.3,70,19.2,0.0
2025-02-26T03:00,7.5,66,20.2,0.0
2025-02-26T04:00,7.4,66,19.0,0.0
2025-02-26T05:00,7.1,69,18.0,0.0
2025-02-26T06:00,6.7,73,17.0,0.0
2025-02-26T07:00,6.3,75,14.2,0.0
2025-02-26T08:00,6.6,71,11.9,38.0
2025-02-26T09:00,7.8,67,11.6,200.0
2025-02-26T10:00,8.6,64,13.0,419.0
2025-02-26T11:00,9.2,61,13.2,572.0
2025-02-26T12:00,9.5,61,13.0,686.0
2025-02-26T13:00,9.9,59,13.6,763.0
2025-02-26T14:00,9.8,60,13.8,677.0
2025-02-26T15:00,9.8,62,13.5,658.0
2025-02-26T16:00,9.5,64,12.4,497.0
2025-02-26T17:00,8.9,70,10.6,320.0
2025-02-26T18:00,7.8,80,7.0,115.0
2025-02-26T19:00,6.0,86,5.2,8.0
2025-02-26T20:00,5.6,83,5.3,0.0
2025-02-26T21:00,5.3,77,5.3,0.0
2025-02-26T22:00,5.9,85,5.8,0.0
2025-02-26T23:00,5.1,84,7.0,0.0
2025-02-27T00:00,4.6,76,6.7,0.0
2025-02-27T01:00,4.6,69,4.7,0.0
2025-02-27T02:00,4.8,60,3.5,0.0
2025-02-27T03:00,4.6,53,2.5,0.0
2025-02-27T04:00,4.0,47,2.0,0.0
2025-02-27T05:00,3.7,49,1.8,0.0
2025-02-27T06:00,3.4,51,2.6,0.0
2025-02-27T07:00,3.2,55,2.2,0.0
2025-02-27T08:00,5.8,56,2.2,39.0
2025-02-27T09:00,8.8,55,5.4,142.0
2025-02-27T10:00,10.5,53,9.0,329.0
2025-02-27T11:00,12.1,48,9.4,373.0
2025-02-27T12:00,13.1,40,7.5,453.0
2025-02-27T13:00,13.4,31,6.0,450.0
2025-02-27T14:00,12.3,34,3.6,262.0
2025-02-27T15:00,10.1,57,8.9,199.0
2025-02-27T16:00,8.8,77,4.2,76.0
2025-02-27T17:00,8.3,89,6.5,56.0
2025-02-27T18:00,7.9,90,5.4,32.0
2025-02-27T19:00,7.6,88,2.9,3.0
2025-02-27T20:00,7.4,92,5.0,0.0
2025-02-27T21:00,7.6,92,6.7,0.0
2025-02-27T22:00,8.7,83,5.2,0.0
2025-02-27T23:00,9.1,82,5.6,0.0
2025-02-28T00:00,9.1,83,4.2,0.0
2025-02-28T01:00,9.1,87,4.2,0.0
2025-02-28T02:00,9.4,88,3.8,0.0
2025-02-28T03:00,9.4,86,2.0,0.0
2025-02-28T04:00,9.0,90,0.7,0.0
2025-02-28T05:00,9.3,90,1.9,0.0
2025-02-28T06:00,9.6,89,2.3,0.0
2025-02-28T07:00,10.5,88,1.5,0.0
2025-02-28T08:00,11.0,93,7.2,21.0
2025-02-28T09:00,11.4,95,4.3,92.0
2025-02-28T10:00,11.9,94,8.1,124.0
2025-02-28T11:00,13.3,84,7.9,214.0
2025-02-28T12:00,14.5,80,11.5,552.0
2025-02-28T13:00,14.4,84,12.0,735.0
2025-02-28T14:00,14.1,87,10.3,737.0
2025-02-28T15:00,13.5,90,8.2,625.0
2025-02-28T16:00,13.0,92,5.5,464.0
2025-02-28T17:00,12.3,94,7.6,238.0
2025-02-28T18:00,12.0,94,8.9,87.0
2025-02-28T19:00,11.7,94,7.6,6.0
2025-02-28T20:00,11.5,93,5.1,0.0
2025-02-28T21:00,10.1,92,3.0,0.0
2025-02-28T22:00,9.4,93,4.6,0.0
2025-02-28T23:00,8.4,90,3.3,0.0
2025-03-01T00:00,7.7,92,2.1,0.0
2025-03-01T01:00,7.8,92,0.5,0.0
2025-03-01T02:00,8.0,88,0.2,0.0
2025-03-01T03:00,8.1,85,0.9,0.0
2025-03-01T04:00,8.1,83,1.1,0.0
2025-03-01T05:00,9.1,83,1.4,0.0
2025-03-01T06:00,10.3,80,1.6,0.0
2025-03-01T07:00,10.7,80,2.6,0.0
2025-03-01T08:00,11.4,83,3.3,20.0
2025-03-01T09:00,13.1,85,5.3,77.0
2025-03-01T10:00,15.1,83,4.5,226.0
2025-03-01T11:00,16.6,83,1.8,347.0
2025-03-01T12:00,16.2,89,2.3,276.0
2025-03-01T13:00,17.2,90,3.9,375.0
2025-03-01T14:00,18.4,88,3.7,412.0
2025-03-01T15:00,18.2,92,7.2,298.0
2025-03-01T16:00,17.2,99,2.7,296.0
2025-03-01T17:00,17.2,99,4.2,125.0
2025-03-01T18:00,17.0,98,4.9,59.0
2025-03-01T19:00,17.1,93,9.2,5.0
2025-03-01T20:00,17.5,92,11.9,0.0
2025-03-01T21:00,17.3,92,9.0,0.0
2025-03-01T22:00,16.0,94,8.8,0.0
2025-03-01T23:00,16.5,93,9.2,0.0
2025-03-02T00:00,16.4,93,7.3,0.0
2025-03-02T01:00,16.2,92,7.7,0.0
2025-03-02T02:00,16.1,91,6.8,0.0
2025-03-02T03:00,15.9,91,4.8,0.0
2025-03-02T04:00,15.1,92,2.7,0.0
2025-03-02T05:00,14.8,93,1.9,0.0
2025-03-02T06:00,15.5,91,5.2,0.0
2025-03-02T07:00,15.6,91,4.7,0.0
2025-03-02T08:00,15.8,92,7.8,16.0
2025-03-02T09:00,16.4,96,8.5,71.0
2025-03-02T10:00,19.1,92,6.9,232.0
2025-03-02T11:00,20.7,86,3.9,413.0
2025-03-02T12:00,20.7,91,5.2,518.0
2025-03-02T13:00,18.6,100,2.2,219.0
2025-03-02T14:00,18.8,100,4.8,283.0
2025-03-02T15:00,17.7,100,4.6,135.0
2025-03-02T16:00,17.9,98,5.2,202.0
2025-03-02T17:00,18.2,98,4.7,121.0
2025-03-02T18:00,17.5,100,6.2,75.0
2025-03-02T19:00,16.9,100,3.9,4.0
2025-03-02T20:00,16.3,100,1.8,0.0
2025-03-02T21:00,17.0,97,3.9,0.0
2025-03-02T22:00,16.8,98,1.7,0.0
2025-03-02T23:00,16.8,98,8.5,0.0
2025-03-03T00:00,16.5,100,11.4,0.0
2025-03-03T01:00,15.6,100,13.5,0.0
2025-03-03T02:00,15.0,98,14.1,0.0
2025-03-03T03:00,14.5,97,13.7,0.0
2025-03-03T04:00,13.8,96,21.1,0.0
2025-03-03T05:00,13.0,96,23.6,0.0
2025-03-03T06:00,12.1,96,26.5,0.0
2025-03-03T07:00,11.5,96,29.0,0.0
2025-03-03T08:00,10.9,95,32.7,7.0
2025-03-03T09:00,10.4,95,36.2,40.0
2025-03-03T10:00,9.3,96,37.9,67.0
2025-03-03T11:00,8.6,95,41.9,59.0
2025-03-03T12:00,9.0,88,44.0,182.0
2025-03-03T13:00,9.4,81,43.8,154.0
2025-03-03T14:00,9.7,82,44.5,171.0
2025-03-03T15:00,9.1,93,39.8,86.0
2025-03-03T16:00,9.1,93,40.5,80.0
2025-03-03T17:00,9.2,91,42.3,52.0
2025-03-03T18:00,8.9,94,39.8,15.0
2025-03-03T19:00,8.7,94,40.8,2.0
2025-03-03T20:00,8.6,95,39.8,0.0
2025-03-03T21:00,8.6,94,41.2,0.0
2025-03-03T22:00,8.4,91,39.1,0.0
2025-03-03T23:00,8.6,89,38.7,0.0
2025-03-04T00:00,8.5,90,39.6,0.0
2025-03-04T01:00,8.8,89,36.5,0.0
2025-03-04T02:00,8.9,90,39.3,0.0
2025-03-04T03:00,8.9,93,38.2,0.0
2025-03-04T04:00,9.1,93,37.8,0.0
2025-03-04T05:00,9.2,93,38.0,0.0
2025-03-04T06:00,9.3,95,38.2,0.0
2025-03-04T07:00,9.5,94,36.9,0.0
2025-03-04T08:00,9.5,95,38.3,5.0
2025-03-04T09:00,9.9,93,35.7,35.0
2025-03-04T10:00,9.0,91,35.7,45.0
2025-03-04T11:00,9.1,94,31.3,41.0
2025-03-04T12:00,9.5,95,30.3,95.0
2025-03-04T13:00,9.8,94,31.0,99.0
2025-03-04T14:00,8.3,97,31.3,142.0
2025-03-04T15:00,7.6,96,27.6,113.0
2025-03-04T16:00,7.7,96,27.9,68.0
2025-03-04T17:00,7.8,95,25.1,30.0
2025-03-04T18:00,7.8,95,25.1,61.0
2025-03-04T19:00,7.6,95,25.6,6.0
2025-03-04T20:00,7.9,94,25.3,0.0
2025-03-04T21:00,7.9,94,24.6,0.0
2025-03-04T22:00,7.5,92,23.0,0.0
2025-03-04T23:00,7.6,90,18.3,0.0
2025-03-05T00:00,7.6,89,17.8,0.0
2025-03-05T01:00,7.5,91,19.3,0.0
2025-03-05T02:00,7.6,89,13.6,0.0
2025-03-05T03:00,7.8,87,10.5,0.0
2025-03-05T04:00,7.7,87,11.8,0.0
2025-03-05T05:00,7.5,89,10.6,0.0
2025-03-05T06:00,7.4,90,10.1,0.0
2025-03-05T07:00,7.3,90,8.8,0.0
2025-03-05T08:00,7.5,88,8.6,17.0
2025-03-05T09:00,7.8,85,9.5,80.0
2025-03-05T10:00,8.2,82,10.2,120.0
2025-03-05T11:00,8.7,80,9.9,241.0
2025-03-05T12:00,8.7,80,10.0,299.0
2025-03-05T13:00,8.6,81,9.6,298.0
2025-03-05T14:00,8.9,79,9.2,360.0
2025-03-05T15:00,8.6,80,10.4,324.0
2025-03-05T16:00,7.9,83,10.1,194.0
2025-03-05T17:00,7.3,84,9.5,84.0
2025-03-05T18:00,7.1,86,9.0,38.0
2025-03-05T19:00,6.7,91,7.0,3.0
2025-03-05T20:00,6.7,92,8.5,0.0
2025-03-05T21:00,6.5,92,7.7,0.0
2025-03-05T22:00,6.5,87,11.6,0.0
2025-03-05T23:00,6.1,89,11.4,0.0
2025-03-06T00:00,5.8,93,10.3,0.0
2025-03-06T01:00,5.8,93,8.8,0.0
2025-03-06T02:00,5.8,92,7.1,0.0
2025-03-06T03:00,5.8,93,7.1,0.0
2025-03-06T04:00,5.5,98,7.9,0.0
2025-03-06T05:00,5.7,98,10.1,0.0
2025-03-06T06:00,5.8,98,12.4,0.0
2025-03-06T07:00,5.9,95,13.7,0.0
2025-03-06T08:00,6.0,93,14.4,27.0
2025-03-06T09:00,6.3,88,16.2,97.0
2025-03-06T10:00,6.7,80,15.7,156.0
2025-03-06T11:00,7.2,76,17.5,367.0
2025-03-06T12:00,7.4,69,17.9,433.0
2025-03-06T13:00,8.0,63,21.3,597.0
2025-03-06T14:00,8.0,63,20.8,625.0
2025-03-06T15:00,8.0,61,22.4,589.0
2025-03-06T16:00,7.7,62,22.5,490.0
2025-03-06T17:00,7.3,63,21.7,342.0
2025-03-06T18:00,6.5,64,19.9,145.0
2025-03-06T19:00,5.7,69,16.9,14.0
2025-03-06T20:00,5.4,74,16.6,0.0
2025-03-06T21:00,5.2,72,14.9,0.0
2025-03-06T22:00,5.1,71,15.3,0.0
2025-03-06T23:00,4.8,74,13.2,0.0
2025-03-07T00:00,4.4,77,9.6,0.0
2025-03-07T01:00,3.9,81,7.9,0.0
2025-03-07T02:00,3.8,82,9.4,0.0
2025-03-07T03:00,3.8,82,8.3,0.0
2025-03-07T04:00,2.6,84,4.4,0.0
2025-03-07T05:00,2.9,82,1.4,0.0
2025-03-07T06:00,2.8,82,1.6,0.0
2025-03-07T07:00,2.4,83,2.4,0.0
2025-03-07T08:00,4.9,78,4.8,64.0
2025-03-07T09:00,6.9,72,7.6,255.0
2025-03-07T10:00,8.3,68,9.5,447.0
2025-03-07T11:00,9.9,59,10.3,482.0
2025-03-07T12:00,10.6,57,11.4,453.0
2025-03-07T13:00,11.0,54,11.9,447.0
2025-03-07T14:00,10.8,55,11.0,339.0
2025-03-07T15:00,10.8,55,7.8,350.0
2025-03-07T16:00,10.1,54,7.9,206.0
2025-03-07T17:00,9.7,55,3.6,126.0
2025-03-07T18:00,8.8,68,4.5,44.0
2025-03-07T19:00,7.8,83,8.5,5.0
2025-03-07T20:00,7.5,88,6.4,0.0
2025-03-07T21:00,7.3,88,3.3,0.0
2025-03-07T22:00,8.0,85,8.5,0.0
2025-03-07T23:00,7.8,82,10.6,0.0
2025-03-08T00:00,7.6,76,13.4,0.0
2025-03-08T01:00,7.3,70,12.9,0.0
2025-03-08T02:00,7.3,69,11.2,0.0
2025-03-08T03:00,7.4,69,10.2,0.0
2025-03-08T04:00,7.1,73,8.5,0.0
2025-03-08T05:00,6.9,75,6.8,0.0
2025-03-08T06:00,6.7,78,6.2,0.0
2025-03-08T07:00,6.6,79,5.6,0.0
2025-03-08T08:00,7.5,77,6.6,32.0
2025-03-08T09:00,9.1,67,5.1,170.0
2025-03-08T10:00,9.1,70,4.5,133.0
2025-03-08T11:00,10.1,65,4.1,215.0
2025-03-08T12:00,10.5,64,1.1,268.0
2025-03-08T13:00,10.9,64,3.1,309.0
2025-03-08T14:00,10.3,70,8.2,321.0
2025-03-08T15:00,9.2,78,10.0,295.0
2025-03-08T16:00,9.0,80,8.1,157.0
2025-03-08T17:00,9.0,80,6.1,93.0
2025-03-08T18:00,8.8,81,5.9,68.0
2025-03-08T19:00,7.5,90,2.2,11.0
2025-03-08T20:00,7.0,88,0.4,0.0
2025-03-08T21:00,5.9,90,1.1,0.0
2025-03-08T22:00,5.8,88,2.5,0.0
2025-03-08T23:00,5.3,84,1.1,0.0
2025-03-09T00:00,5.2,82,0.7,0.0
2025-03-09T01:00,5.8,83,1.0,0.0
2025-03-09T02:00,5.9,87,1.5,0.0
2025-03-09T03:00,5.4,87,2.9,0.0
2025-03-09T04:00,5.2,88,1.5,0.0
2025-03-09T05:00,4.8,88,1.4,0.0
2025-03-09T06:00,4.4,88,0.8,0.0
2025-03-09T07:00,4.5,86,1.0,0.0
2025-03-09T08:00,6.9,81,3.4,74.0
2025-03-09T09:00,8.7,67,7.4,274.0
2025-03-09T10:00,9.5,56,8.7,486.0
2025-03-09T11:00,10.3,56,10.3,656.0
2025-03-09T12:00,10.8,55,11.3,772.0
2025-03-09T13:00,11.0,55,12.3,822.0
2025-03-09T14:00,11.3,51,11.6,802.0
2025-03-09T15:00,11.2,51,12.9,711.0
2025-03-09T16:00,11.0,50,11.9,564.0
2025-03-09T17:00,10.8,48,10.4,365.0
2025-03-09T18:00,10.1,54,8.3,165.0
2025-03-09T19:00,8.3,65,5.6,16.0
2025-03-09T20:00,7.6,62,5.4,0.0
2025-03-09T21:00,7.5,54,5.6,0.0
2025-03-09T22:00,7.4,56,4.8,0.0
2025-03-09T23:00,6.9,53,3.9,0.0
2025-03-10T00:00,6.4,52,4.2,0.0
2025-03-10T01:00,6.3,50,5.1,0.0
2025-03-10T02:00,6.5,50,5.8,0.0
2025-03-10T03:00,6.6,50,6.7,0.0
2025-03-10T04:00,6.1,53,6.8,0.0
2025-03-10T05:00,5.8,59,6.8,0.0
2025-03-10T06:00,5.6,66,5.9,0.0
2025-03-10T07:00,5.7,70,5.9,0.0
2025-03-10T08:00,8.2,69,6.8,65.0
2025-03-10T09:00,9.0,72,7.9,61.0
2025-03-10T10:00,10.4,75,10.3,104.0
2025-03-10T11:00,11.8,66,9.6,225.0
2025-03-10T12:00,12.8,60,6.5,307.0
2025-03-10T13:00,12.8,59,7.6,243.0
2025-03-10T14:00,12.2,62,9.2,124.0
2025-03-10T15:00,12.1,64,10.8,122.0
2025-03-10T16:00,12.0,66,12.6,165.0
2025-03-10T17:00,11.7,69,12.2,101.0
2025-03-10T18:00,11.0,75,12.1,34.0
2025-03-10T19:00,10.5,77,11.2,5.0
2025-03-10T20:00,10.5,77,11.1,0.0
2025-03-10T21:00,10.2,79,10.6,0.0
2025-03-10T22:00,9.4,81,8.0,0.0
2025-03-10T23:00,9.7,80,8.1,0.0
2025-03-11T00:00,9.8,81,6.6,0.0
2025-03-11T01:00,9.7,82,4.8,0.0
2025-03-11T02:00,9.8,79,3.3,0.0
2025-03-11T03:00,10.3,75,4.8,0.0
2025-03-11T04:00,9.7,76,3.3,0.0
2025-03-11T05:00,10.3,75,7.4,0.0
2025-03-11T06:00,10.6,79,9.7,0.0
2025-03-11T07:00,10.9,84,10.9,0.0
2025-03-11T08:00,11.3,87,12.2,19.0
2025-03-11T09:00,11.6,86,15.1,74.0
2025-03-11T10:00,11.3,92,15.2,103.0
2025-03-11T11:00,12.2,86,14.5,209.0
2025-03-11T12:00,12.5,84,14.2,212.0
2025-03-11T13:00,13.0,82,13.0,215.0
2025-03-11T14:00,13.5,79,11.6,231.0
2025-03-11T15:00,13.8,78,11.3,209.0
2025-03-11T16:00,14.8,74,9.7,283.0
2025-03-11T17:00,14.3,76,12.1,192.0
2025-03-11T18:00,13.7,79,10.1,99.0
2025-03-11T19:00,11.5,88,3.9,15.0
2025-03-11T20:00,10.2,90,3.1,0.0
2025-03-11T21:00,11.2,91,7.0,0.0
2025-03-11T22:00,11.4,89,5.2,0.0
2025-03-11T23:00,10.9,90,1.5,0.0
2025-03-12T00:00,10.3,90,1.5,0.0
2025-03-12T01:00,10.1,89,2.2,0.0
2025-03-12T02:00,9.4,87,2.0,0.0
2025-03-12T03:00,9.2,87,2.0,0.0
2025-03-12T04:00,9.6,86,1.1,0.0
2025-03-12T05:00,9.4,88,0.9,0.0
2025-03-12T06:00,9.6,85,0.5,0.0
2025-03-12T07:00,9.9,83,0.2,0.0
2025-03-12T08:00,12.2,83,1.4,50.0
2025-03-12T09:00,13.1,79,1.1,168.0
2025-03-12T10:00,13.8,79,4.0,244.0
2025-03-12T11:00,13.9,83,6.6,300.0
2025-03-12T12:00,13.2,87,5.2,262.0
2025-03-12T13:00,13.7,84,4.5,361.0
2025-03-12T14:00,13.6,81,5.8,354.0
2025-03-12T15:00,13.3,79,4.3,224.0
2025-03-12T16:00,13.3,78,3.9,175.0
2025-03-12T17:00,13.2,79,2.1,143.0
2025-03-12T18:00,12.9,82,2.0,61.0
2025-03-12T19:00,11.5,89,1.5,7.0
2025-03-12T20:00,11.1,89,1.6,0.0
2025-03-12T21:00,10.9,90,1.5,0.0
2025-03-12T22:00,11.3,90,5.7,0.0
2025-03-12T23:00,10.7,96,4.8,0.0
2025-03-13T00:00,10.3,97,6.2,0.0
2025-03-13T01:00,10.0,98,6.2,0.0
2025-03-13T02:00,9.3,99,7.2,0.0
2025-03-13T03:00,9.2,98,1.3,0.0
2025-03-13T04:00,9.2,97,1.9,0.0
2025-03-13T05:00,8.7,96,2.0,0.0
2025-03-13T06:00,8.5,96,2.2,0.0
2025-03-13T07:00,8.3,94,4.2,0.0
2025-03-13T08:00,8.8,85,6.4,20.0
2025-03-13T09:00,9.2,76,10.0,51.0
2025-03-13T10:00,11.4,63,15.7,180.0
2025-03-13T11:00,11.7,66,14.6,195.0
2025-03-13T12:00,11.8,52,16.8,196.0
2025-03-13T13:00,12.0,48,16.9,320.0
2025-03-13T14:00,13.3,42,18.7,738.0
2025-03-13T15:00,13.5,40,18.9,694.0
2025-03-13T16:00,13.3,38,20.8,457.0
2025-03-13T17:00,13.0,43,22.4,389.0
2025-03-13T18:00,12.1,47,21.5,173.0
2025-03-13T19:00,11.2,44,19.1,19.0
2025-03-13T20:00,11.7,44,20.4,0.0
2025-03-13T21:00,11.9,43,19.3,0.0
2025-03-13T22:00,12.4,43,16.4,0.0
2025-03-13T23:00,12.2,46,13.6,0.0
2025-03-14T00:00,12.1,47,15.1,0.0
2025-03-14T01:00,11.9,45,13.8,0.0
2025-03-14T02:00,12.3,46,13.6,0.0
2025-03-14T03:00,11.8,57,13.6,0.0
2025-03-14T04:00,11.0,76,17.2,0.0
2025-03-14T05:00,10.8,83,17.2,0.0
2025-03-14T06:00,10.8,79,17.0,0.0
2025-03-14T07:00,11.0,72,16.5,0.0
2025-03-14T08:00,11.1,67,17.8,22.0
2025-03-14T09:00,12.2,62,19.8,170.0
2025-03-14T10:00,13.8,44,22.9,440.0
2025-03-14T11:00,13.9,43,25.4,358.0
2025-03-14T12:00,15.1,46,26.8,638.0
2025-03-14T13:00,14.9,51,27.7,525.0
2025-03-14T14:00,14.7,54,28.3,494.0
2025-03-14T15:00,14.7,58,27.7,424.0
2025-03-14T16:00,13.9,64,27.2,206.0
2025-03-14T17:00,13.5,69,26.6,182.0
2025-03-14T18:00,12.9,74,27.0,68.0
2025-03-14T19:00,12.6,72,27.3,7.0
2025-03-14T20:00,12.5,69,28.4,0.0
2025-03-14T21:00,12.3,73,29.0,0.0
2025-03-14T22:00,12.3,71,27.5,0.0
2025-03-14T23:00,12.5,70,27.5,0.0
2025-03-15T00:00,11.3,85,26.3,0.0
2025-03-15T01:00,11.1,89,24.5,0.0
2025-03-15T02:00,11.1,91,25.7,0.0
2025-03-15T03:00,10.8,94,30.8,0.0
2025-03-15T04:00,10.3,95,38.5,0.0
2025-03-15T05:00,10.2,94,37.0,0.0
2025-03-15T06:00,9.9,94,36.0,0.0
2025-03-15T07:00,9.5,95,36.6,0.0
2025-03-15T08:00,9.3,95,37.1,9.0
2025-03-15T09:00,9.3,93,39.4,22.0
2025-03-15T10:00,8.9,91,37.5,74.0
2025-03-15T11:00,9.3,89,34.8,62.0
2025-03-15T12:00,9.8,84,34.4,96.0
2025-03-15T13:00,10.1,84,34.1,139.0
2025-03-15T14:00,10.1,87,33.1,118.0
2025-03-15T15:00,10.2,89,32.4,124.0
2025-03-15T16:00,10.0,91,32.4,107.0
2025-03-15T17:00,9.7,94,30.2,66.0
2025-03-15T18:00,9.2,96,28.4,28.0
2025-03-15T19:00,9.0,95,27.8,4.0
2025-03-15T20:00,9.0,94,28.7,0.0
2025-03-15T21:00,9.1,90,26.8,0.0
2025-03-15T22:00,8.8,86,21.9,0.0
2025-03-15T23:00,8.8,83,18.6,0.0
2025-03-16T00:00,8.7,79,14.0,0.0
2025-03-16T01:00,8.7,78,12.1,0.0
2025-03-16T02:00,8.5,80,12.3,0.0
2025-03-16T03:00,8.1,82,9.3,0.0
2025-03-16T04:00,8.1,84,7.8,0.0
2025-03-16T05:00,8.1,84,7.0,0.0
2025-03-16T06:00,8.0,85,9.7,0.0
2025-03-16T07:00,7.7,89,14.1,1.0
2025-03-16T08:00,7.4,86,18.8,59.0
2025-03-16T09:00,7.5,81,21.6,169.0
2025-03-16T10:00,7.3,79,16.7,120.0
2025-03-16T11:00,6.7,84,19.7,113.0
2025-03-16T12:00,7.0,82,23.2,241.0
2025-03-16T13:00,6.4,83,27.4,193.0
2025-03-16T14:00,5.8,79,31.1,168.0
2025-03-16T15:00,5.2,77,33.0,96.0
2025-03-16T16:00,5.3,64,36.3,132.0
2025-03-16T17:00,4.8,61,37.9,144.0
2025-03-16T18:00,4.3,58,39.4,109.0
2025-03-16T19:00,3.8,66,37.5,18.0
2025-03-16T20:00,3.2,54,37.4,0.0
2025-03-16T21:00,3.2,55,40.4,0.0
2025-03-16T22:00,3.0,67,35.9,0.0
2025-03-16T23:00,2.6,75,32.4,0.0
2025-03-17T00:00,3.2,65,38.8,0.0
2025-03-17T01:00,3.4,58,38.1,0.0
2025-03-17T02:00,3.1,58,36.0,0.0
2025-03-17T03:00,3.3,59,34.5,0.0
2025-03-17T04:00,3.6,57,35.9,0.0
2025-03-17T05:00,3.5,58,33.9,0.0
2025-03-17T06:00,3.6,55,31.9,0.0
2025-03-17T07:00,3.5,55,28.8,2.0
2025-03-17T08:00,3.9,55,25.5,62.0
2025-03-17T09:00,4.3,54,24.6,198.0
2025-03-17T10:00,4.5,53,26.1,225.0
2025-03-17T11:00,5.1,52,25.7,397.0
2025-03-17T12:00,5.5,51,24.4,583.0
2025-03-17T13:00,5.9,48,25.1,653.0
2025-03-17T14:00,6.1,47,23.9,721.0
2025-03-17T15:00,6.1,46,22.2,695.0
2025-03-17T16:00,6.2,43,20.6,567.0
2025-03-17T17:00,5.7,47,16.5,374.0
2025-03-17T18:00,5.1,52,13.0,182.0
2025-03-17T19:00,4.1,61,10.7,24.0
2025-03-17T20:00,3.5,64,10.7,0.0
2025-03-17T21:00,3.0,66,12.2,0.0
2025-03-17T22:00,3.0,59,13.0,0.0
2025-03-17T23:00,3.7,55,17.7,0.0
2025-03-18T00:00,3.8,57,18.4,0.0
2025-03-18T01:00,3.9,60,19.7,0.0
2025-03-18T02:00,4.7,65,21.6,0.0
2025-03-18T03:00,5.1,71,23.4,0.0
2025-03-18T04:00,4.4,88,32.5,0.0
2025-03-18T05:00,5.7,80,25.0,0.0
2025-03-18T06:00,5.4,75,26.1,0.0
2025-03-18T07:00,4.8,74,27.4,2.0
2025-03-18T08:00,4.2,74,30.1,77.0
2025-03-18T09:00,4.4,75,31.5,249.0
2025-03-18T10:00,5.4,43,35.5,486.0
2025-03-18T11:00,4.6,50,37.0,584.0
2025-03-18T12:00,4.0,67,34.7,641.0
2025-03-18T13:00,4.6,58,39.6,762.0
2025-03-18T14:00,4.6,63,35.0,700.0
2025-03-18T15:00,4.7,62,37.0,626.0
2025-03-18T16:00,4.6,59,34.7,525.0
2025-03-18T17:00,4.4,55,36.2,293.0
2025-03-18T18:00,4.0,56,35.3,150.0
2025-03-18T19:00,3.6,63,34.0,17.0
2025-03-18T20:00,3.3,62,32.8,0.0
2025-03-18T21:00,3.5,63,32.3,0.0
2025-03-18T22:00,3.6,59,32.2,0.0
2025-03-18T23:00,3.3,64,30.4,0.0
2025-03-19T00:00,3.5,64,30.0,0.0
2025-03-19T01:00,3.3,62,29.2,0.0
2025-03-19T02:00,3.4,61,29.2,0.0
2025-03-19T03:00,3.4,62,27.6,0.0
2025-03-19T04:00,3.4,63,24.5,0.0
2025-03-19T05:00,3.2,64,22.9,0.0
2025-03-19T06:00,2.9,70,19.5,0.0
2025-03-19T07:00,3.0,70,17.0,1.0
2025-03-19T08:00,3.3,69,15.1,28.0
2025-03-19T09:00,3.8,64,16.0,105.0
2025-03-19T10:00,4.1,58,19.7,209.0
2025-03-19T11:00,4.6,57,18.6,335.0
2025-03-19T12:00,5.0,56,18.3,431.0
2025-03-19T13:00,5.3,54,18.7,469.0
2025-03-19T14:00,5.6,54,19.4,518.0
2025-03-19T15:00,5.7,52,19.6,459.0
2025-03-19T16:00,5.9,50,19.5,503.0
2025-03-19T17:00,5.4,56,15.7,376.0
2025-03-19T18:00,4.8,61,13.4,184.0
2025-03-19T19:00,3.8,70,11.7,24.0
2025-03-19T20:00,3.8,70,10.2,0.0
2025-03-19T21:00,3.8,70,8.6,0.0
2025-03-19T22:00,4.4,64,10.0,0.0
2025-03-19T23:00,4.5,66,9.6,0.0
2025-03-20T00:00,4.4,70,8.5,0.0
2025-03-20T01:00,4.5,72,11.3,0.0
2025-03-20T02:00,4.9,73,14.0,0.0
2025-03-20T03:00,5.5,72,15.7,0.0
2025-03-20T04:00,5.9,70,17.9,0.0
2025-03-20T05:00,6.1,66,19.9,0.0
2025-03-20T06:00,6.4,61,21.3,0.0
2025-03-20T07:00,6.8,61,22.3,4.0
2025-03-20T08:00,8.1,62,22.6,108.0
2025-03-20T09:00,10.0,58,22.3,312.0
2025-03-20T10:00,11.5,54,23.8,521.0
2025-03-20T11:00,12.4,51,25.3,693.0
2025-03-20T12:00,12.9,50,27.0,810.0
2025-03-20T13:00,13.1,51,28.6,840.0
2025-03-20T14:00,13.0,52,29.3,815.0
2025-03-20T15:00,12.9,53,28.5,714.0
2025-03-20T16:00,12.7,54,27.5,582.0
2025-03-20T17:00,12.2,55,25.5,396.0
2025-03-20T18:00,11.2,61,24.3,185.0
2025-03-20T19:00,10.1,62,25.2,26.0
2025-03-20T20:00,10.0,58,26.3,0.0
2025-03-20T21:00,10.1,55,27.1,0.0
2025-03-20T22:00,10.3,52,28.1,0.0
2025-03-20T23:00,10.4,51,30.1,0.0
2025-03-21T00:00,10.7,48,30.8,0.0
2025-03-21T01:00,10.9,48,30.7,0.0
2025-03-21T02:00,11.0,51,30.1,0.0
2025-03-21T03:00,11.0,54,30.7,0.0
2025-03-21T04:00,11.5,56,31.7,0.0
2025-03-21T05:00,12.1,57,33.3,0.0
2025-03-21T06:00,12.4,60,34.4,0.0
2025-03-21T07:00,12.3,65,32.2,5.0
2025-03-21T08:00,13.3,62,31.0,117.0
2025-03-21T09:00,15.1,58,28.0,326.0
2025-03-21T10:00,16.8,51,26.9,535.0
2025-03-21T11:00,17.7,47,26.5,705.0
2025-03-21T12:00,18.5,42,26.6,819.0
2025-03-21T13:00,18.9,41,27.1,869.0
2025-03-21T14:00,18.9,40,28.3,847.0
2025-03-21T15:00,18.6,40,28.6,757.0
2025-03-21T16:00,18.4,39,27.6,609.0
2025-03-21T17:00,17.6,41,26.4,412.0
2025-03-21T18:00,16.5,38,28.4,196.0
2025-03-21T19:00,15.8,32,29.2,29.0
2025-03-21T20:00,15.5,32,29.9,0.0
2025-03-21T21:00,15.1,35,30.8,0.0
2025-03-21T22:00,15.7,30,31.4,0.0
2025-03-21T23:00,15.6,37,30.7,0.0
2025-03-22T00:00,15.8,41,29.8,0.0
2025-03-22T01:00,16.1,44,30.2,0.0
2025-03-22T02:00,16.1,48,30.7,0.0
2025-03-22T03:00,15.8,50,29.4,0.0
2025-03-22T04:00,15.4,50,27.2,0.0
2025-03-22T05:00,15.4,44,26.2,0.0
2025-03-22T06:00,16.0,35,26.0,0.0
2025-03-22T07:00,16.2,33,27.8,6.0
2025-03-22T08:00,16.6,38,28.3,126.0
2025-03-22T09:00,17.9,38,26.9,338.0
2025-03-22T10:00,19.5,36,27.3,549.0
2025-03-22T11:00,20.3,37,27.8,720.0
2025-03-22T12:00,20.5,36,28.6,835.0
2025-03-22T13:00,20.5,36,29.9,885.0
2025-03-22T14:00,20.3,36,29.8,862.0
2025-03-22T15:00,20.1,36,29.2,772.0
2025-03-22T16:00,19.7,36,28.6,619.0
2025-03-22T17:00,18.7,39,26.7,419.0
2025-03-22T18:00,17.5,35,28.3,201.0
2025-03-22T19:00,17.0,29,29.5,30.0
2025-03-22T20:00,17.2,27,30.2,0.0
2025-03-22T21:00,17.0,30,30.3,0.0
2025-03-22T22:00,17.3,30,31.6,0.0
2025-03-22T23:00,17.5,33,30.5,0.0
2025-03-23T00:00,17.7,35,29.8,0.0
2025-03-23T01:00,17.8,35,30.2,0.0
2025-03-23T02:00,17.6,36,30.7,0.0
2025-03-23T03:00,17.5,38,29.9,0.0
2025-03-23T04:00,17.5,37,29.2,0.0
2025-03-23T05:00,17.4,35,28.9,0.0
2025-03-23T06:00,17.4,33,28.4,0.0
2025-03-23T07:00,17.4,33,27.9,7.0
2025-03-23T08:00,18.4,33,26.4,130.0
2025-03-23T09:00,20.0,30,24.5,344.0
2025-03-23T10:00,21.7,26,22.4,560.0
2025-03-23T11:00,22.4,25,22.7,731.0
2025-03-23T12:00,22.5,23,23.1,845.0
2025-03-23T13:00,22.7,25,23.9,892.0
2025-03-23T14:00,22.6,26,24.5,866.0
2025-03-23T15:00,22.7,29,22.3,739.0
2025-03-23T16:00,22.5,29,20.8,598.0
2025-03-23T17:00,21.4,40,15.7,355.0
2025-03-23T18:00,20.3,39,12.7,187.0
2025-03-23T19:00,17.7,44,11.6,30.0
2025-03-23T20:00,16.3,48,12.6,0.0
2025-03-23T21:00,15.5,51,13.5,0.0
2025-03-23T22:00,16.3,44,16.1,0.0
2025-03-23T23:00,17.3,36,19.2,0.0
2025-03-24T00:00,18.3,29,27.2,0.0
2025-03-24T01:00,19.1,23,27.4,0.0
2025-03-24T02:00,19.2,27,24.9,0.0
2025-03-24T03:00,16.6,54,32.1,0.0
2025-03-24T04:00,15.5,59,26.3,0.0
2025-03-24T05:00,14.9,62,17.1,0.0
2025-03-24T06:00,15.1,71,21.7,0.0
2025-03-24T07:00,16.2,58,21.0,5.0
2025-03-24T08:00,18.0,51,26.5,111.0
2025-03-24T09:00,19.0,49,24.0,333.0
2025-03-24T10:00,19.8,53,27.5,532.0
2025-03-24T11:00,20.4,52,29.0,703.0
2025-03-24T12:00,21.2,47,27.1,819.0
2025-03-24T13:00,21.9,43,27.0,868.0
2025-03-24T14:00,22.1,43,28.1,849.0
2025-03-24T15:00,21.7,46,29.0,760.0
2025-03-24T16:00,21.2,47,28.8,608.0
2025-03-24T17:00,20.5,49,27.5,412.0
2025-03-24T18:00,19.4,47,31.2,199.0
2025-03-24T19:00,18.3,47,31.5,31.0
2025-03-24T20:00,18.6,44,32.7,0.0
2025-03-24T21:00,18.9,43,32.6,0.0
2025-03-24T22:00,19.2,45,34.7,0.0
2025-03-24T23:00,18.8,47,34.0,0.0
2025-03-25T00:00,18.4,48,32.0,0.0
2025-03-25T01:00,18.1,48,30.5,0.0
2025-03-25T02:00,17.9,47,29.4,0.0
2025-03-25T03:00,17.9,46,27.4,0.0
2025-03-25T04:00,17.8,47,25.2,0.0
2025-03-25T05:00,17.7,48,23.7,0.0
2025-03-25T06:00,17.8,48,23.7,0.0
2025-03-25T07:00,18.3,48,25.1,8.0
2025-03-25T08:00,19.9,46,26.2,134.0
2025-03-25T09:00,21.2,46,24.5,342.0
2025-03-25T10:00,23.5,40,27.5,547.0
2025-03-25T11:00,24.3,39,30.2,713.0
2025-03-25T12:00,25.0,35,30.7,826.0
2025-03-25T13:00,25.5,33,30.8,871.0
2025-03-25T14:00,25.8,31,32.1,849.0
2025-03-25T15:00,25.5,32,32.4,761.0
2025-03-25T16:00,24.9,34,32.9,612.0
2025-03-25T17:00,23.9,37,32.6,417.0
2025-03-25T18:00,22.6,35,36.4,202.0
2025-03-25T19:00,21.9,36,36.4,33.0
2025-03-25T20:00,21.7,37,33.7,0.0
2025-03-25T21:00,17.5,63,25.4,0.0
2025-03-25T22:00,19.6,41,21.1,0.0
2025-03-25T23:00,18.2,44,16.6,0.0
2025-03-26T00:00,15.7,55,11.9,0.0
2025-03-26T01:00,14.2,64,7.6,0.0
2025-03-26T02:00,13.7,67,4.6,0.0
2025-03-26T03:00,14.5,59,5.2,0.0
2025-03-26T04:00,13.4,60,1.6,0.0
2025-03-26T05:00,13.8,57,1.1,0.0
2025-03-26T06:00,14.3,55,0.6,0.0
2025-03-26T07:00,15.3,54,1.0,9.0
2025-03-26T08:00,18.6,49,2.1,139.0
2025-03-26T09:00,20.7,53,2.3,349.0
2025-03-26T10:00,22.3,57,3.2,555.0
2025-03-26T11:00,23.9,60,2.3,723.0
2025-03-26T12:00,24.2,67,4.3,837.0
2025-03-26T13:00,23.2,76,4.7,887.0
2025-03-26T14:00,22.7,83,3.8,852.0
2025-03-26T15:00,22.6,83,5.3,758.0
2025-03-26T16:00,22.3,83,7.3,628.0
2025-03-26T17:00,21.3,85,5.3,430.0
2025-03-26T18:00,19.9,93,5.0,198.0
2025-03-26T19:00,19.1,100,7.5,27.0
2025-03-26T20:00,19.0,100,6.8,0.0
2025-03-26T21:00,19.1,100,7.9,0.0
2025-03-26T22:00,18.3,86,9.6,0.0
2025-03-26T23:00,18.7,81,9.4,0.0
2025-03-27T00:00,19.6,82,13.0,0.0
2025-03-27T01:00,20.3,89,18.0,0.0
2025-03-27T02:00,21.0,88,19.3,0.0
2025-03-27T03:00,20.9,87,21.6,0.0
2025-03-27T04:00,21.6,87,23.8,0.0
2025-03-27T05:00,21.8,84,22.7,0.0
2025-03-27T06:00,21.3,85,20.7,0.0
2025-03-27T07:00,21.0,85,19.8,6.0
2025-03-27T08:00,21.8,77,19.2,75.0
2025-03-27T09:00,24.0,68,19.7,227.0
2025-03-27T10:00,23.6,68,11.2,314.0
2025-03-27T11:00,24.0,71,1.8,418.0
2025-03-27T12:00,22.2,82,5.0,303.0
2025-03-27T13:00,20.7,96,4.0,223.0
2025-03-27T14:00,18.8,92,13.7,180.0
2025-03-27T15:00,17.3,100,18.2,79.0
2025-03-27T16:00,13.6,99,23.8,193.0
2025-03-27T17:00,11.6,100,16.5,39.0
2025-03-27T18:00,11.6,97,12.4,25.0
2025-03-27T19:00,11.9,79,10.7,11.0
2025-03-27T20:00,11.1,70,12.9,0.0
2025-03-27T21:00,10.2,59,14.0,0.0
2025-03-27T22:00,9.7,59,13.7,0.0
2025-03-27T23:00,9.1,76,14.0,0.0
2025-03-28T00:00,8.7,81,13.5,0.0
2025-03-28T01:00,8.7,81,16.2,0.0
2025-03-28T02:00,8.2,81,13.6,0.0
2025-03-28T03:00,7.8,90,14.2,0.0
2025-03-28T04:00,7.3,86,19.8,0.0
2025-03-28T05:00,7.1,82,16.7,0.0
2025-03-28T06:00,7.1,73,17.1,0.0
2025-03-28T07:00,7.2,68,16.7,4.0
2025-03-28T08:00,7.4,69,17.1,51.0
2025-03-28T09:00,7.6,67,20.6,180.0
2025-03-28T10:00,8.0,67,26.9,393.0
2025-03-28T11:00,8.1,66,28.2,582.0
2025-03-28T12:00,8.1,67,27.1,658.0
2025-03-28T13:00,8.3,65,25.6,788.0
2025-03-28T14:00,8.3,65,26.6,755.0
2025-03-28T15:00,8.0,65,25.5,622.0
2025-03-28T16:00,7.5,67,23.6,367.0
2025-03-28T17:00,7.3,67,22.5,316.0
2025-03-28T18:00,7.1,64,20.1,127.0
2025-03-28T19:00,6.9,65,18.8,19.0
2025-03-28T20:00,6.8,64,15.7,0.0
2025-03-28T21:00,6.9,66,13.2,0.0
2025-03-28T22:00,7.0,55,15.3,0.0
2025-03-28T23:00,6.9,62,17.3,0.0
2025-03-29T00:00,6.6,69,19.1,0.0
2025-03-29T01:00,6.5,69,16.3,0.0
2025-03-29T02:00,6.5,67,11.6,0.0
2025-03-29T03:00,6.4,70,12.8,0.0
2025-03-29T04:00,5.6,75,11.8,0.0
2025-03-29T05:00,5.6,74,9.1,0.0
2025-03-29T06:00,4.7,79,6.7,0.0
2025-03-29T07:00,5.0,80,8.1,12.0
2025-03-29T08:00,6.4,71,12.7,144.0
2025-03-29T09:00,7.1,64,13.4,347.0
2025-03-29T10:00,7.8,59,11.4,491.0
2025-03-29T11:00,8.3,53,11.8,624.0
2025-03-29T12:00,8.3,51,14.4,608.0
2025-03-29T13:00,8.1,52,16.3,524.0
2025-03-29T14:00,8.0,56,19.7,457.0
2025-03-29T15:00,7.6,62,21.8,349.0
2025-03-29T16:00,7.5,62,22.7,252.0
2025-03-29T17:00,7.4,62,22.5,227.0
2025-03-29T18:00,6.3,70,20.8,108.0
2025-03-29T19:00,6.1,69,18.8,23.0
2025-03-29T20:00,5.9,65,18.4,0.0
2025-03-29T21:00,5.7,64,19.7,0.0
2025-03-29T22:00,4.8,56,22.0,0.0
2025-03-29T23:00,4.3,54,20.3,0.0
2025-03-30T00:00,4.2,49,20.4,0.0
2025-03-30T01:00,3.8,53,17.0,0.0
2025-03-30T02:00,3.7,55,17.1,0.0
2025-03-30T03:00,3.6,54,17.0,0.0
2025-03-30T04:00,3.7,54,15.5,0.0
2025-03-30T05:00,3.6,55,14.0,0.0
2025-03-30T06:00,2.5,64,9.2,0.0
2025-03-30T07:00,2.7,65,11.6,14.0
2025-03-30T08:00,4.0,51,11.6,155.0
2025-03-30T09:00,4.9,45,10.1,362.0
2025-03-30T10:00,6.0,36,11.3,587.0
2025-03-30T11:00,6.5,33,10.3,758.0
2025-03-30T12:00,6.9,33,8.8,873.0
2025-03-30T13:00,7.2,34,9.0,915.0
2025-03-30T14:00,7.0,36,11.0,870.0
2025-03-30T15:00,6.8,43,10.2,771.0
2025-03-30T16:00,6.8,47,12.0,611.0
2025-03-30T17:00,6.4,49,12.1,367.0
2025-03-30T18:00,6.0,49,12.0,193.0
2025-03-30T19:00,5.5,54,11.9,33.0
2025-03-30T20:00,5.4,57,10.4,0.0
2025-03-30T21:00,5.4,57,10.3,0.0
2025-03-30T22:00,5.3,60,8.8,0.0
2025-03-30T23:00,4.4,69,4.6,0.0
2025-03-31T00:00,3.2,73,3.5,0.0
2025-03-31T01:00,3.0,73,4.7,0.0
2025-03-31T02:00,3.1,75,5.2,0.0
2025-03-31T03:00,2.9,75,4.9,0.0
2025-03-31T04:00,3.1,74,3.8,0.0
2025-03-31T05:00,3.7,72,1.8,0.0
2025-03-31T06:00,3.8,71,0.9,0.0
2025-03-31T07:00,4.4,72,1.6,15.0
2025-03-31T08:00,7.0,66,4.0,158.0
2025-03-31T09:00,8.0,60,5.8,371.0
2025-03-31T10:00,9.1,41,6.1,581.0
2025-03-31T11:00,9.8,39,5.0,749.0
2025-03-31T12:00,10.3,39,6.7,860.0
2025-03-31T13:00,10.4,41,8.0,888.0
2025-03-31T14:00,10.4,44,8.1,842.0
2025-03-31T15:00,10.2,47,7.6,778.0
2025-03-31T16:00,9.9,47,6.0,628.0
2025-03-31T17:00,9.4,49,6.0,380.0
2025-03-31T18:00,8.9,51,5.7,172.0
2025-03-31T19:00,6.9,70,3.4,34.0
2025-03-31T20:00,6.7,72,3.2,0.0
2025-03-31T21:00,6.4,71,2.3,0.0
2025-03-31T22:00,6.6,78,3.4,0.0
2025-03-31T23:00,6.1,79,3.5,0.0
2025-04-01T00:00,6.2,79,2.8,0.0
2025-04-01T01:00,5.8,81,4.1,0.0
2025-04-01T02:00,6.0,79,1.5,0.0
2025-04-01T03:00,5.4,81,2.3,0.0
2025-04-01T04:00,5.2,83,2.3,0.0
2025-04-01T05:00,5.1,82,1.7,0.0
2025-04-01T06:00,5.1,80,1.7,0.0
2025-04-01T07:00,5.6,81,3.6,15.0
2025-04-01T08:00,8.3,76,6.4,115.0
2025-04-01T09:00,9.3,70,6.7,259.0
2025-04-01T10:00,10.6,60,12.5,495.0
2025-04-01T11:00,11.3,58,14.0,698.0
2025-04-01T12:00,12.1,55,15.0,848.0
2025-04-01T13:00,12.4,53,16.5,905.0
2025-04-01T14:00,12.4,53,15.6,870.0
2025-04-01T15:00,12.2,51,14.8,766.0
2025-04-01T16:00,12.0,50,14.5,637.0
2025-04-01T17:00,11.4,51,15.2,404.0
2025-04-01T18:00,10.7,55,14.5,222.0
2025-04-01T19:00,9.6,61,12.5,42.0
2025-04-01T20:00,9.7,57,13.1,0.0
2025-04-01T21:00,9.5,56,8.0,0.0
2025-04-01T22:00,9.4,68,8.5,0.0
2025-04-01T23:00,8.6,76,6.1,0.0
2025-04-02T00:00,7.3,78,4.7,0.0
2025-04-02T01:00,7.0,76,5.3,0.0
2025-04-02T02:00,6.7,75,5.4,0.0
2025-04-02T03:00,6.4,73,5.2,0.0
2025-04-02T04:00,6.3,70,4.3,0.0
2025-04-02T05:00,6.2,67,3.8,0.0
2025-04-02T06:00,6.0,63,3.9,0.0
2025-04-02T07:00,7.0,57,4.5,19.0
2025-04-02T08:00,10.2,56,4.5,171.0
2025-04-02T09:00,11.8,44,4.3,385.0
2025-04-02T10:00,12.5,46,5.4,589.0
2025-04-02T11:00,13.3,43,5.6,756.0
2025-04-02T12:00,14.3,39,6.3,867.0
2025-04-02T13:00,14.2,41,9.7,910.0
2025-04-02T14:00,13.9,43,9.5,881.0
2025-04-02T15:00,13.3,44,10.1,785.0
2025-04-02T16:00,12.9,47,13.0,630.0
2025-04-02T17:00,12.0,53,15.5,430.0
2025-04-02T18:00,10.8,62,15.3,215.0
2025-04-02T19:00,10.1,65,12.6,32.0
2025-04-02T20:00,10.8,51,14.2,0.0
2025-04-02T21:00,9.6,69,16.1,0.0
2025-04-02T22:00,8.6,80,11.8,0.0
2025-04-02T23:00,8.1,90,10.3,0.0
2025-04-03T00:00,8.5,90,10.1,0.0
2025-04-03T01:00,8.5,89,10.3,0.0
2025-04-03T02:00,8.4,90,10.5,0.0
2025-04-03T03:00,8.3,88,11.2,0.0
2025-04-03T04:00,8.2,88,10.2,0.0
2025-04-03T05:00,8.0,90,9.9,0.0
2025-04-03T06:00,7.9,89,10.8,0.0
2025-04-03T07:00,8.2,85,11.8,9.0
2025-04-03T08:00,8.6,81,14.0,78.0
2025-04-03T09:00,9.1,77,13.2,219.0
2025-04-03T10:00,10.2,63,17.7,508.0
2025-04-03T11:00,10.5,61,17.1,658.0
2025-04-03T12:00,10.4,65,13.8,745.0
2025-04-03T13:00,10.7,65,13.1,780.0
2025-04-03T14:00,10.7,66,13.2,678.0
2025-04-03T15:00,10.1,69,13.4,500.0
2025-04-03T16:00,9.7,70,12.1,368.0
2025-04-03T17:00,9.4,71,8.4,253.0
2025-04-03T18:00,9.0,72,6.4,118.0
2025-04-03T19:00,8.7,74,4.8,24.0
2025-04-03T20:00,8.4,77,1.9,0.0
2025-04-03T21:00,8.0,81,1.9,0.0
2025-04-03T22:00,8.5,77,0.6,0.0
2025-04-03T23:00,8.3,77,0.2,0.0
2025-04-04T00:00,7.8,80,0.7,0.0
2025-04-04T01:00,7.1,86,2.4,0.0
2025-04-04T02:00,7.0,88,2.2,0.0
2025-04-04T03:00,7.5,87,0.6,0.0
2025-04-04T04:00,7.2,88,0.9,0.0
2025-04-04T05:00,7.7,88,0.9,0.0
2025-04-04T06:00,8.0,85,1.0,0.0
2025-04-04T07:00,8.5,84,0.6,13.0
2025-04-04T08:00,9.5,75,0.0,100.0
2025-04-04T09:00,10.7,67,3.2,280.0
2025-04-04T10:00,12.1,60,5.3,530.0
2025-04-04T11:00,12.3,66,10.1,661.0
2025-04-04T12:00,12.6,70,11.4,821.0
2025-04-04T13:00,12.0,77,13.2,787.0
2025-04-04T14:00,11.7,79,10.9,773.0
2025-04-04T15:00,11.8,80,8.6,672.0
2025-04-04T16:00,12.3,77,9.2,582.0
2025-04-04T17:00,11.3,82,9.6,394.0
2025-04-04T18:00,10.2,84,8.7,145.0
2025-04-04T19:00,9.8,86,3.1,21.0
2025-04-04T20:00,9.4,91,3.8,0.0
2025-04-04T21:00,9.1,91,2.0,0.0
2025-04-04T22:00,9.5,89,0.2,0.0
2025-04-04T23:00,8.8,90,1.6,0.0
2025-04-05T00:00,8.6,90,2.8,0.0
2025-04-05T01:00,8.5,92,3.0,0.0
2025-04-05T02:00,8.3,92,2.4,0.0
2025-04-05T03:00,9.3,83,4.9,0.0
2025-04-05T04:00,9.8,71,4.2,0.0
2025-04-05T05:00,10.2,67,6.2,0.0
2025-04-05T06:00,10.1,72,4.3,0.0
2025-04-05T07:00,10.9,65,7.4,10.0
2025-04-05T08:00,11.8,68,5.1,39.0
2025-04-05T09:00,13.7,61,2.3,184.0
2025-04-05T10:00,14.5,71,4.5,431.0
2025-04-05T11:00,15.1,57,6.1,484.0
2025-04-05T12:00,15.5,43,15.0,523.0
2025-04-05T13:00,14.6,60,17.2,381.0
2025-04-05T14:00,13.4,78,8.3,167.0
2025-04-05T15:00,15.9,64,17.1,581.0
2025-04-05T16:00,15.7,67,22.5,470.0
2025-04-05T17:00,15.2,67,23.1,372.0
2025-04-05T18:00,14.3,71,20.2,204.0
2025-04-05T19:00,13.0,79,19.2,43.0
2025-04-05T20:00,12.4,80,19.7,0.0
2025-04-05T21:00,11.9,86,19.4,0.0
2025-04-05T22:00,11.3,97,16.8,0.0
2025-04-05T23:00,10.9,94,16.1,0.0
2025-04-06T00:00,10.2,90,11.5,0.0
2025-04-06T01:00,9.5,85,7.7,0.0
2025-04-06T02:00,7.7,88,5.0,0.0
2025-04-06T03:00,6.7,84,4.3,0.0
2025-04-06T04:00,6.8,71,4.8,0.0
2025-04-06T05:00,6.7,54,4.6,0.0
2025-04-06T06:00,6.7,47,4.6,0.0
2025-04-06T07:00,8.6,46,5.3,25.0
2025-04-06T08:00,11.1,44,7.9,182.0
2025-04-06T09:00,12.2,42,8.3,398.0
2025-04-06T10:00,12.7,43,7.5,604.0
2025-04-06T11:00,13.2,43,8.8,768.0
2025-04-06T12:00,13.6,42,10.2,876.0
2025-04-06T13:00,14.1,41,11.1,918.0
2025-04-06T14:00,14.2,44,12.5,889.0
2025-04-06T15:00,13.8,47,13.0,793.0
2025-04-06T16:00,13.6,47,10.9,638.0
2025-04-06T17:00,13.3,47,9.3,443.0
2025-04-06T18:00,13.0,44,7.7,229.0
2025-04-06T19:00,10.8,59,4.4,48.0
2025-04-06T20:00,10.3,57,4.6,0.0
2025-04-06T21:00,10.0,53,3.5,0.0
2025-04-06T22:00,10.0,41,1.7,0.0
2025-04-06T23:00,10.4,46,1.0,0.0
2025-04-07T00:00,9.6,49,2.0,0.0
2025-04-07T01:00,8.8,42,4.3,0.0
2025-04-07T02:00,8.8,39,3.6,0.0
2025-04-07T03:00,9.1,36,2.4,0.0
2025-04-07T04:00,10.0,30,2.2,0.0
2025-04-07T05:00,9.1,32,4.7,0.0
2025-04-07T06:00,10.0,29,6.0,0.0
2025-04-07T07:00,10.6,31,7.2,27.0
2025-04-07T08:00,13.3,49,7.1,190.0
2025-04-07T09:00,17.4,39,3.6,408.0
2025-04-07T10:00,17.5,50,4.9,614.0
2025-04-07T11:00,17.8,61,6.5,779.0
2025-04-07T12:00,18.1,66,6.0,887.0
2025-04-07T13:00,18.8,67,4.6,927.0
2025-04-07T14:00,19.7,57,1.9,863.0
2025-04-07T15:00,20.1,48,2.2,750.0
2025-04-07T16:00,20.0,39,4.6,561.0
2025-04-07T17:00,19.2,35,5.8,337.0
2025-04-07T18:00,17.7,44,6.8,194.0
2025-04-07T19:00,15.3,49,8.3,42.0
2025-04-07T20:00,14.4,40,12.1,0.0
2025-04-07T21:00,13.9,38,14.4,0.0
2025-04-07T22:00,13.7,41,15.7,0.0
2025-04-07T23:00,13.8,41,16.6,0.0
2025-04-08T00:00,13.4,40,18.9,0.0
2025-04-08T01:00,14.7,32,23.0,0.0
2025-04-08T02:00,16.3,25,27.0,0.0
2025-04-08T03:00,17.4,21,29.6,0.0
2025-04-08T04:00,17.9,18,32.9,0.0
2025-04-08T05:00,17.5,19,34.1,0.0
2025-04-08T06:00,17.0,22,34.5,0.0
2025-04-08T07:00,17.1,28,34.7,28.0
2025-04-08T08:00,18.2,32,34.0,186.0
2025-04-08T09:00,19.6,35,31.8,397.0
2025-04-08T10:00,21.5,27,28.0,603.0
2025-04-08T11:00,20.9,32,27.8,765.0
2025-04-08T12:00,20.4,39,27.1,868.0
2025-04-08T13:00,20.1,46,25.9,901.0
2025-04-08T14:00,19.9,51,24.8,867.0
2025-04-08T15:00,19.3,56,23.0,771.0
2025-04-08T16:00,18.2,63,19.8,620.0
2025-04-08T17:00,17.0,70,15.3,428.0
2025-04-08T18:00,15.5,77,11.4,219.0
2025-04-08T19:00,14.5,81,9.0,46.0
2025-04-08T20:00,14.2,77,6.7,0.0
2025-04-08T21:00,12.6,87,4.3,0.0
2025-04-08T22:00,12.7,34,3.8,0.0
2025-04-08T23:00,12.0,38,1.7,0.0
2025-04-09T00:00,11.6,39,0.8,0.0
2025-04-09T01:00,11.4,37,0.6,0.0
2025-04-09T02:00,11.2,41,0.4,0.0
2025-04-09T03:00,11.1,31,0.8,0.0
2025-04-09T04:00,11.3,23,2.7,0.0
2025-04-09T05:00,11.1,21,3.1,0.0
2025-04-09T06:00,10.5,21,3.1,0.0
2025-04-09T07:00,11.8,32,2.8,30.0
2025-04-09T08:00,15.2,33,3.9,194.0
2025-04-09T09:00,17.1,35,4.8,406.0
2025-04-09T10:00,18.4,44,5.6,607.0
2025-04-09T11:00,19.2,52,7.4,745.0
2025-04-09T12:00,20.0,56,9.0,861.0
2025-04-09T13:00,20.4,55,9.4,815.0
2025-04-09T14:00,20.5,55,7.4,589.0
2025-04-09T15:00,20.2,56,7.1,480.0
2025-04-09T16:00,20.0,59,3.7,423.0
2025-04-09T17:00,19.1,65,2.7,265.0
2025-04-09T18:00,18.7,72,5.1,131.0
2025-04-09T19:00,17.5,85,6.5,21.0
2025-04-09T20:00,15.2,97,12.1,0.0
2025-04-09T21:00,14.8,97,6.8,0.0
2025-04-09T22:00,16.0,93,2.9,0.0
2025-04-09T23:00,16.3,92,6.5,0.0
2025-04-10T00:00,16.5,91,10.9,0.0
2025-04-10T01:00,16.4,89,9.4,0.0
2025-04-10T02:00,16.2,88,11.9,0.0
2025-04-10T03:00,16.1,87,15.0,0.0
2025-04-10T04:00,15.9,84,15.2,0.0
2025-04-10T05:00,16.0,77,11.8,0.0
2025-04-10T06:00,15.0,82,11.3,0.0
2025-04-10T07:00,14.3,93,15.0,21.0
2025-04-10T08:00,15.4,83,14.1,107.0
2025-04-10T09:00,14.7,91,14.5,156.0
2025-04-10T10:00,15.8,88,13.0,478.0
2025-04-10T11:00,16.2,86,12.2,684.0
2025-04-10T12:00,16.6,77,12.2,785.0
2025-04-10T13:00,16.8,70,14.3,865.0
2025-04-10T14:00,15.9,77,15.0,858.0
2025-04-10T15:00,15.6,73,15.4,771.0
2025-04-10T16:00,15.7,58,14.4,616.0
2025-04-10T17:00,14.0,60,16.2,397.0
2025-04-10T18:00,12.4,70,15.1,194.0
2025-04-10T19:00,11.0,83,12.7,46.0
2025-04-10T20:00,10.3,85,9.6,0.0
2025-04-10T21:00,10.0,78,6.9,0.0
2025-04-10T22:00,11.2,67,6.6,0.0
2025-04-10T23:00,10.1,69,4.9,0.0
2025-04-11T00:00,9.4,70,3.2,0.0
2025-04-11T01:00,9.5,66,1.3,0.0
2025-04-11T02:00,9.8,62,0.4,0.0
2025-04-11T03:00,9.5,65,1.5,0.0
2025-04-11T04:00,9.1,69,1.9,0.0
2025-04-11T05:00,9.2,72,1.2,0.0
2025-04-11T06:00,9.1,74,1.2,0.0
2025-04-11T07:00,10.4,72,0.4,34.0
2025-04-11T08:00,13.0,64,2.4,203.0
2025-04-11T09:00,15.1,55,3.1,419.0
2025-04-11T10:00,16.8,73,6.6,612.0
2025-04-11T11:00,17.0,79,7.6,771.0
2025-04-11T12:00,17.0,83,8.3,872.0
2025-04-11T13:00,17.1,84,8.2,907.0
2025-04-11T14:00,17.5,83,8.1,874.0
2025-04-11T15:00,17.6,82,9.5,779.0
2025-04-11T16:00,17.9,81,8.7,628.0
2025-04-11T17:00,17.8,82,6.8,414.0
2025-04-11T18:00,17.3,84,3.5,217.0
2025-04-11T19:00,15.1,92,0.5,49.0
2025-04-11T20:00,14.3,93,2.9,0.0
2025-04-11T21:00,14.4,90,2.7,0.0
2025-04-11T22:00,14.0,87,2.9,0.0
2025-04-11T23:00,14.1,74,4.3,0.0
2025-04-12T00:00,13.9,68,6.9,0.0
2025-04-12T01:00,13.6,66,7.2,0.0
2025-04-12T02:00,13.3,63,6.0,0.0
2025-04-12T03:00,13.4,59,7.9,0.0
2025-04-12T04:00,13.9,58,9.4,0.0
2025-04-12T05:00,14.1,58,11.2,0.0
2025-04-12T06:00,14.9,56,13.1,0.0
2025-04-12T07:00,15.8,55,15.8,12.0
2025-04-12T08:00,17.3,56,15.8,73.0
2025-04-12T09:00,18.8,57,12.4,170.0
2025-04-12T10:00,17.0,66,10.3,85.0
2025-04-12T11:00,19.0,66,9.4,210.0
2025-04-12T12:00,19.3,64,10.3,184.0
2025-04-12T13:00,18.9,70,12.8,204.0
2025-04-12T14:00,18.1,85,10.9,175.0
2025-04-12T15:00,17.2,100,10.2,144.0
2025-04-12T16:00,17.2,100,7.4,113.0
2025-04-12T17:00,16.5,89,22.6,59.0
2025-04-12T18:00,16.3,87,41.0,31.0
2025-04-12T19:00,16.2,87,49.5,7.0
2025-04-12T20:00,16.5,89,34.2,0.0
2025-04-12T21:00,16.8,89,17.4,0.0
2025-04-12T22:00,8.7,100,37.0,0.0
2025-04-12T23:00,8.2,92,30.1,0.0
2025-04-13T00:00,7.7,94,25.1,0.0
2025-04-13T01:00,7.6,84,20.9,0.0
2025-04-13T02:00,7.3,82,25.5,0.0
2025-04-13T03:00,7.3,81,31.9,0.0
2025-04-13T04:00,7.9,71,33.4,0.0
2025-04-13T05:00,8.3,59,32.7,0.0
2025-04-13T06:00,8.4,56,30.0,0.0
2025-04-13T07:00,8.9,56,28.6,39.0
2025-04-13T08:00,9.9,51,32.4,208.0
2025-04-13T09:00,11.0,41,35.5,409.0
2025-04-13T10:00,12.1,33,40.2,479.0
2025-04-13T11:00,12.3,35,41.6,466.0
2025-04-13T12:00,12.5,38,44.0,607.0
2025-04-13T13:00,12.3,40,39.9,689.0
2025-04-13T14:00,12.2,39,40.4,902.0
2025-04-13T15:00,11.5,42,36.7,634.0
2025-04-13T16:00,11.1,48,36.0,434.0
2025-04-13T17:00,10.4,51,34.9,313.0
2025-04-13T18:00,9.9,49,32.7,151.0
2025-04-13T19:00,9.4,50,28.1,55.0
2025-04-13T20:00,9.2,53,21.6,0.0
2025-04-13T21:00,8.6,58,19.7,0.0
2025-04-13T22:00,8.4,53,14.2,0.0
2025-04-13T23:00,8.6,53,11.4,0.0
2025-04-14T00:00,9.0,53,10.3,0.0
2025-04-14T01:00,10.0,49,11.7,0.0
2025-04-14T02:00,8.5,57,4.9,0.0
2025-04-14T03:00,9.2,82,20.3,0.0
2025-04-14T04:00,10.6,84,34.1,0.0
2025-04-14T05:00,10.8,85,30.3,0.0
2025-04-14T06:00,11.4,77,30.0,0.0
2025-04-14T07:00,11.7,74,27.7,28.0
2025-04-14T08:00,11.9,76,25.7,179.0
2025-04-14T09:00,12.8,70,26.0,335.0
2025-04-14T10:00,13.9,48,32.1,612.0
2025-04-14T11:00,14.0,48,34.1,748.0
2025-04-14T12:00,14.0,44,37.5,796.0
2025-04-14T13:00,13.5,49,42.1,881.0
2025-04-14T14:00,12.5,53,38.7,711.0
2025-04-14T15:00,11.7,56,39.1,392.0
2025-04-14T16:00,12.0,55,42.9,589.0
2025-04-14T17:00,11.0,65,39.8,226.0
2025-04-14T18:00,10.6,73,40.5,44.0
2025-04-14T19:00,10.0,79,44.3,19.0
2025-04-14T20:00,9.1,86,42.5,0.0
2025-04-14T21:00,8.5,81,38.0,0.0
2025-04-14T22:00,8.9,70,39.3,0.0
2025-04-14T23:00,8.3,78,36.8,0.0
2025-04-15T00:00,8.2,78,34.1,0.0
2025-04-15T01:00,8.1,80,31.8,0.0
2025-04-15T02:00,8.0,79,31.0,0.0
2025-04-15T03:00,7.8,77,28.8,0.0
2025-04-15T04:00,7.8,76,26.3,0.0
2025-04-15T05:00,7.8,74,24.6,0.0
2025-04-15T06:00,7.7,73,22.0,0.0
2025-04-15T07:00,7.9,72,18.8,34.0
2025-04-15T08:00,8.7,67,18.5,170.0
2025-04-15T09:00,9.4,65,15.6,368.0
2025-04-15T10:00,10.8,52,16.9,625.0
2025-04-15T11:00,11.7,47,17.7,786.0
2025-04-15T12:00,12.4,45,18.5,887.0
2025-04-15T13:00,13.0,47,20.2,923.0
2025-04-15T14:00,13.5,50,20.6,892.0
2025-04-15T15:00,13.9,52,21.1,795.0
2025-04-15T16:00,14.1,53,21.3,642.0
2025-04-15T17:00,14.3,54,20.2,447.0
2025-04-15T18:00,14.0,57,17.3,237.0
2025-04-15T19:00,13.1,61,17.0,57.0
2025-04-15T20:00,12.9,58,17.5,0.0
2025-04-15T21:00,13.3,54,16.0,0.0
2025-04-15T22:00,13.1,58,14.4,0.0
2025-04-15T23:00,14.1,49,14.6,0.0
2025-04-16T00:00,15.1,43,16.3,0.0
2025-04-16T01:00,16.1,39,19.5,0.0
2025-04-16T02:00,17.0,35,22.4,0.0
2025-04-16T03:00,17.1,34,24.5,0.0
2025-04-16T04:00,17.2,37,25.2,0.0
2025-04-16T05:00,17.5,41,28.0,0.0
2025-04-16T06:00,17.9,42,29.9,0.0
2025-04-16T07:00,18.7,42,30.2,42.0
2025-04-16T08:00,20.1,41,29.4,210.0
2025-04-16T09:00,21.3,40,27.3,399.0
2025-04-16T10:00,22.2,39,23.3,556.0
2025-04-16T11:00,22.9,36,22.0,653.0
2025-04-16T12:00,23.1,35,21.1,686.0
2025-04-16T13:00,22.9,36,19.5,686.0
2025-04-16T14:00,22.7,37,21.0,718.0
2025-04-16T15:00,22.1,40,19.7,607.0
2025-04-16T16:00,21.3,46,17.7,489.0
2025-04-16T17:00,20.5,50,15.2,369.0
2025-04-16T18:00,19.3,52,17.8,208.0
2025-04-16T19:00,17.9,55,13.0,50.0
2025-04-16T20:00,16.7,62,12.0,0.0
2025-04-16T21:00,16.3,60,17.1,0.0
2025-04-16T22:00,16.7,60,16.4,0.0
2025-04-16T23:00,16.3,65,16.3,0.0
2025-04-17T00:00,16.0,69,15.2,0.0
2025-04-17T01:00,16.3,73,15.7,0.0
2025-04-17T02:00,16.8,77,18.2,0.0
2025-04-17T03:00,16.9,79,18.0,0.0
2025-04-17T04:00,17.7,79,19.3,0.0
2025-04-17T05:00,17.7,82,17.0,0.0
2025-04-17T06:00,17.7,83,17.4,0.0
2025-04-17T07:00,18.4,82,18.1,32.0
2025-04-17T08:00,19.8,78,17.1,144.0
2025-04-17T09:00,21.3,77,15.1,308.0
2025-04-17T10:00,22.0,80,8.7,450.0
2025-04-17T11:00,22.7,78,7.1,584.0
2025-04-17T12:00,23.3,75,6.8,700.0
2025-04-17T13:00,24.0,72,8.1,756.0
2025-04-17T14:00,24.2,70,6.3,769.0
2025-04-17T15:00,23.9,72,6.4,697.0
2025-04-17T16:00,23.2,77,6.3,520.0
2025-04-17T17:00,22.3,79,7.8,364.0
2025-04-17T18:00,21.2,78,11.9,175.0
2025-04-17T19:00,20.0,86,13.0,39.0
2025-04-17T20:00,19.3,89,14.1,0.0
2025-04-17T21:00,19.2,90,14.5,0.0
2025-04-17T22:00,18.7,95,11.5,0.0
2025-04-17T23:00,18.5,95,11.1,0.0
2025-04-18T00:00,18.2,94,9.0,0.0
2025-04-18T01:00,18.3,92,13.7,0.0
2025-04-18T02:00,19.4,76,23.6,0.0
2025-04-18T03:00,20.7,64,29.1,0.0
2025-04-18T04:00,20.3,63,27.9,0.0
2025-04-18T05:00,20.3,62,25.7,0.0
2025-04-18T06:00,20.3,66,23.5,0.0
2025-04-18T07:00,20.8,67,22.5,44.0
2025-04-18T08:00,22.4,67,19.0,203.0
2025-04-18T09:00,24.1,66,13.6,408.0
2025-04-18T10:00,24.9,66,12.0,595.0
2025-04-18T11:00,25.5,63,10.2,744.0
2025-04-18T12:00,25.8,63,11.0,834.0
2025-04-18T13:00,25.6,64,14.0,851.0
2025-04-18T14:00,25.5,65,13.3,807.0
2025-04-18T15:00,25.3,70,9.4,716.0
2025-04-18T16:00,24.6,71,5.9,570.0
2025-04-18T17:00,23.2,85,3.0,343.0
2025-04-18T18:00,22.0,91,4.5,176.0
2025-04-18T19:00,21.2,94,6.0,35.0
2025-04-18T20:00,20.3,95,3.6,0.0
2025-04-18T21:00,19.1,96,5.8,0.0
2025-04-18T22:00,19.4,96,8.4,0.0
2025-04-18T23:00,18.4,99,8.4,0.0
2025-04-19T00:00,17.7,97,7.7,0.0
2025-04-19T01:00,17.2,97,6.0,0.0
2025-04-19T02:00,16.8,96,6.9,0.0
2025-04-19T03:00,16.5,95,6.2,0.0
2025-04-19T04:00,16.2,94,6.5,0.0
2025-04-19T05:00,16.1,93,8.7,0.0
2025-04-19T06:00,15.9,93,7.1,0.0
2025-04-19T07:00,16.8,91,6.9,42.0
2025-04-19T08:00,18.4,91,3.2,194.0
2025-04-19T09:00,19.8,94,3.7,405.0
2025-04-19T10:00,20.4,91,2.3,405.0
2025-04-19T11:00,20.6,89,3.3,452.0
2025-04-19T12:00,21.7,89,2.9,691.0
2025-04-19T13:00,22.5,94,3.3,778.0
2025-04-19T14:00,22.7,89,4.3,782.0
2025-04-19T15:00,22.6,88,1.2,686.0
2025-04-19T16:00,21.7,92,5.8,388.0
2025-04-19T17:00,20.8,89,7.6,148.0
2025-04-19T18:00,20.1,92,7.3,87.0
2025-04-19T19:00,19.4,98,2.7,28.0
2025-04-19T20:00,18.9,98,5.7,0.0
2025-04-19T21:00,18.8,99,5.8,0.0
2025-04-19T22:00,18.8,95,9.6,0.0
2025-04-19T23:00,18.4,98,7.2,0.0
2025-04-20T00:00,18.1,100,4.7,0.0
2025-04-20T01:00,17.9,99,5.1,0.0
2025-04-20T02:00,17.6,99,5.0,0.0
2025-04-20T03:00,17.0,100,2.9,0.0
2025-04-20T04:00,17.0,100,4.8,0.0
2025-04-20T05:00,16.7,100,7.0,0.0
2025-04-20T06:00,16.5,100,6.5,0.0
2025-04-20T07:00,16.6,99,7.2,38.0
2025-04-20T08:00,17.5,97,6.1,151.0
2025-04-20T09:00,17.6,96,7.4,265.0
2025-04-20T10:00,18.6,96,7.8,342.0
2025-04-20T11:00,17.9,95,6.2,379.0
2025-04-20T12:00,18.3,93,4.6,310.0
2025-04-20T13:00,18.3,93,3.2,285.0
2025-04-20T14:00,19.4,91,4.9,359.0
2025-04-20T15:00,20.6,87,7.1,433.0
2025-04-20T16:00,19.8,95,10.2,478.0
2025-04-20T17:00,18.4,98,9.9,279.0
2025-04-20T18:00,18.6,97,10.7,98.0
2025-04-20T19:00,18.3,98,12.8,33.0
2025-04-20T20:00,18.3,99,13.0,0.0
2025-04-20T21:00,18.1,100,12.4,0.0
2025-04-20T22:00,18.2,97,13.4,0.0
2025-04-20T23:00,18.0,97,14.2,0.0
2025-04-21T00:00,18.0,95,12.9,0.0
2025-04-21T01:00,18.0,94,11.9,0.0
2025-04-21T02:00,18.0,94,10.4,0.0
2025-04-21T03:00,17.7,95,7.7,0.0
2025-04-21T04:00,17.4,97,11.4,0.0
2025-04-21T05:00,17.6,95,14.1,0.0
2025-04-21T06:00,17.3,96,13.4,0.0
2025-04-21T07:00,17.5,94,13.1,38.0
2025-04-21T08:00,18.8,92,13.6,163.0
2025-04-21T09:00,20.4,87,13.2,335.0
2025-04-21T10:00,21.0,85,15.7,460.0
2025-04-21T11:00,22.2,79,17.5,620.0
2025-04-21T12:00,23.2,76,16.9,741.0
2025-04-21T13:00,23.4,77,16.4,691.0
2025-04-21T14:00,24.0,74,14.6,673.0
2025-04-21T15:00,23.5,79,13.5,547.0
2025-04-21T16:00,23.4,81,9.8,477.0
2025-04-21T17:00,22.8,86,9.8,333.0
2025-04-21T18:00,22.1,86,9.5,202.0
2025-04-21T19:00,20.8,88,9.7,49.0
2025-04-21T20:00,19.9,89,9.5,0.0
2025-04-21T21:00,19.5,90,8.3,0.0
2025-04-21T22:00,19.6,91,9.1,0.0
2025-04-21T23:00,19.6,91,8.3,0.0
2025-04-22T00:00,19.7,92,9.0,0.0
2025-04-22T01:00,19.4,95,6.5,0.0
2025-04-22T02:00,19.2,98,4.6,0.0
2025-04-22T03:00,19.0,100,4.6,0.0
2025-04-22T04:00,18.9,100,5.4,0.0
2025-04-22T05:00,18.9,100,4.9,0.0
2025-04-22T06:00,18.7,100,6.3,0.0
2025-04-22T07:00,18.9,99,8.7,8.0
2025-04-22T08:00,19.1,100,8.3,36.0
2025-04-22T09:00,19.2,100,8.5,27.0
2025-04-22T10:00,20.0,99,1.8,101.0
2025-04-22T11:00,20.4,98,4.8,137.0
2025-04-22T12:00,20.9,97,6.6,266.0
2025-04-22T13:00,21.7,84,13.0,417.0
2025-04-22T14:00,21.4,85,15.6,296.0
2025-04-22T15:00,20.8,87,23.1,358.0
2025-04-22T16:00,21.1,84,25.2,354.0
2025-04-22T17:00,20.3,84,24.3,302.0
2025-04-22T18:00,19.0,88,22.0,164.0
2025-04-22T19:00,17.4,93,22.4,42.0
2025-04-22T20:00,17.4,93,20.9,0.0
2025-04-22T21:00,16.3,97,20.1,0.0
2025-04-22T22:00,14.9,99,15.4,0.0
2025-04-22T23:00,14.8,98,13.5,0.0
2025-04-23T00:00,14.4,99,13.1,0.0
2025-04-23T01:00,14.1,98,13.4,0.0
2025-04-23T02:00,14.0,96,11.9,0.0
2025-04-23T03:00,14.0,94,10.0,0.0
2025-04-23T04:00,13.9,94,8.4,0.0
2025-04-23T05:00,14.2,92,8.0,0.0
2025-04-23T06:00,14.1,93,8.9,0.0
2025-04-23T07:00,14.1,93,7.2,26.0
2025-04-23T08:00,14.7,92,5.4,108.0
2025-04-23T09:00,15.7,90,3.5,224.0
2025-04-23T10:00,15.8,91,8.1,250.0
2025-04-23T11:00,15.6,90,6.2,284.0
2025-04-23T12:00,16.4,89,2.0,324.0
2025-04-23T13:00,16.9,88,8.0,442.0
2025-04-23T14:00,16.0,90,7.6,393.0
2025-04-23T15:00,15.8,90,6.0,290.0
2025-04-23T16:00,15.9,89,6.0,241.0
2025-04-23T17:00,15.2,90,6.1,144.0
2025-04-23T18:00,15.2,89,6.2,106.0
2025-04-23T19:00,15.0,89,7.3,39.0
2025-04-23T20:00,14.5,91,8.8,0.0
2025-04-23T21:00,14.2,92,7.9,0.0
2025-04-23T22:00,14.2,92,7.7,0.0
2025-04-23T23:00,13.3,94,6.7,0.0
2025-04-24T00:00,12.6,93,5.2,0.0
2025-04-24T01:00,12.5,95,9.3,0.0
2025-04-24T02:00,12.6,95,11.6,0.0
2025-04-24T03:00,12.7,94,13.4,0.0
2025-04-24T04:00,12.9,90,8.6,0.0
2025-04-24T05:00,11.7,89,3.7,0.0
2025-04-24T06:00,11.9,87,2.9,0.0
2025-04-24T07:00,13.8,86,3.8,61.0
2025-04-24T08:00,15.2,80,5.4,249.0
2025-04-24T09:00,16.3,72,6.4,466.0
2025-04-24T10:00,17.7,63,7.7,660.0
2025-04-24T11:00,18.1,66,9.1,818.0
2025-04-24T12:00,18.4,68,11.8,916.0
2025-04-24T13:00,18.4,64,13.2,952.0
2025-04-24T14:00,18.5,60,12.9,909.0
2025-04-24T15:00,18.5,54,13.2,782.0
2025-04-24T16:00,18.1,51,14.5,667.0
2025-04-24T17:00,17.0,49,14.1,451.0
2025-04-24T18:00,16.2,46,13.8,144.0
2025-04-24T19:00,16.0,48,13.1,26.0
2025-04-24T20:00,16.0,56,13.6,0.0
2025-04-24T21:00,14.5,72,13.5,0.0
2025-04-24T22:00,13.4,83,10.4,0.0
2025-04-24T23:00,13.2,72,8.2,0.0
2025-04-25T00:00,12.9,62,9.1,0.0
2025-04-25T01:00,12.2,64,8.9,0.0
2025-04-25T02:00,11.8,63,6.7,0.0
2025-04-25T03:00,11.4,63,4.6,0.0
2025-04-25T04:00,10.6,70,2.3,0.0
2025-04-25T05:00,11.0,65,0.7,0.0
2025-04-25T06:00,10.9,62,0.2,0.0
2025-04-25T07:00,11.9,54,1.6,50.0
2025-04-25T08:00,12.4,50,4.5,152.0
2025-04-25T09:00,13.2,46,6.5,366.0
2025-04-25T10:00,14.0,43,8.3,468.0
2025-04-25T11:00,14.4,41,8.1,575.0
2025-04-25T12:00,14.9,39,8.3,667.0
2025-04-25T13:00,15.4,35,7.7,847.0
2025-04-25T14:00,15.6,36,6.4,880.0
2025-04-25T15:00,15.7,36,8.0,848.0
2025-04-25T16:00,15.3,42,10.1,687.0
2025-04-25T17:00,14.8,47,10.3,487.0
2025-04-25T18:00,13.9,52,10.3,271.0
2025-04-25T19:00,12.4,64,7.5,78.0
2025-04-25T20:00,10.5,70,4.3,1.0
2025-04-25T21:00,10.9,62,1.1,0.0
2025-04-25T22:00,10.3,52,4.4,0.0
2025-04-25T23:00,10.1,43,4.8,0.0
2025-04-26T00:00,10.0,41,4.8,0.0
2025-04-26T01:00,10.0,36,5.2,0.0
2025-04-26T02:00,10.1,32,5.4,0.0
2025-04-26T03:00,10.0,31,4.4,0.0
2025-04-26T04:00,10.3,30,2.6,0.0
2025-04-26T05:00,10.8,28,1.1,0.0
2025-04-26T06:00,10.8,28,1.1,0.0
2025-04-26T07:00,13.3,36,0.4,65.0
2025-04-26T08:00,15.0,28,0.4,237.0
2025-04-26T09:00,16.3,30,1.2,458.0
2025-04-26T10:00,17.9,29,6.3,667.0
2025-04-26T11:00,18.7,32,8.8,822.0
2025-04-26T12:00,19.5,36,8.5,922.0
2025-04-26T13:00,20.0,42,8.6,956.0
2025-04-26T14:00,19.9,47,7.8,923.0
2025-04-26T15:00,19.6,51,6.7,823.0
2025-04-26T16:00,18.8,54,7.7,667.0
2025-04-26T17:00,17.2,53,7.0,465.0
2025-04-26T18:00,16.1,59,4.2,259.0
2025-04-26T19:00,14.4,78,3.1,76.0
2025-04-26T20:00,13.9,82,3.0,1.0
2025-04-26T21:00,13.4,81,3.1,0.0
2025-04-26T22:00,13.7,74,4.4,0.0
2025-04-26T23:00,13.4,61,4.2,0.0
2025-04-27T00:00,14.0,46,3.5,0.0
2025-04-27T01:00,14.7,36,1.1,0.0
2025-04-27T02:00,14.9,34,0.5,0.0
2025-04-27T03:00,15.0,33,1.1,0.0
2025-04-27T04:00,15.5,33,0.4,0.0
2025-04-27T05:00,15.5,34,0.6,0.0
2025-04-27T06:00,15.0,40,0.4,0.0
2025-04-27T07:00,16.2,47,1.5,45.0
2025-04-27T08:00,17.6,53,6.5,242.0
2025-04-27T09:00,18.8,57,5.2,470.0
2025-04-27T10:00,18.8,71,3.2,530.0
2025-04-27T11:00,19.8,76,5.5,740.0
2025-04-27T12:00,20.1,79,6.3,875.0
2025-04-27T13:00,20.3,78,6.5,783.0
2025-04-27T14:00,19.5,82,5.9,512.0
2025-04-27T15:00,19.5,79,7.5,552.0
2025-04-27T16:00,18.8,85,2.5,330.0
2025-04-27T17:00,18.2,89,2.7,151.0
2025-04-27T18:00,17.4,91,5.1,47.0
2025-04-27T19:00,15.7,96,5.1,13.0
2025-04-27T20:00,15.5,97,3.4,0.0
2025-04-27T21:00,15.5,97,1.0,0.0
2025-04-27T22:00,14.8,100,0.9,0.0
2025-04-27T23:00,14.9,99,6.0,0.0
2025-04-28T00:00,15.3,97,1.9,0.0
2025-04-28T01:00,14.9,98,0.4,0.0
2025-04-28T02:00,14.6,99,3.9,0.0
2025-04-28T03:00,14.5,99,5.2,0.0
2025-04-28T04:00,14.2,99,2.9,0.0
2025-04-28T05:00,14.3,100,4.3,0.0
2025-04-28T06:00,14.2,99,5.5,0.0
2025-04-28T07:00,14.2,98,3.8,15.0
2025-04-28T08:00,14.4,96,2.9,67.0
2025-04-28T09:00,15.1,91,4.5,198.0
2025-04-28T10:00,15.8,86,3.6,355.0
2025-04-28T11:00,16.9,75,4.7,563.0
2025-04-28T12:00,16.8,76,11.7,704.0
2025-04-28T13:00,16.3,79,13.6,803.0
2025-04-28T14:00,16.4,77,14.9,871.0
2025-04-28T15:00,15.3,78,14.2,818.0
2025-04-28T16:00,15.6,70,12.8,672.0
2025-04-28T17:00,15.1,70,12.8,479.0
2025-04-28T18:00,14.0,71,14.2,270.0
2025-04-28T19:00,12.7,78,13.2,80.0
2025-04-28T20:00,12.7,65,11.7,1.0
2025-04-28T21:00,12.6,57,10.6,0.0
2025-04-28T22:00,12.2,76,11.9,0.0
2025-04-28T23:00,11.7,78,11.4,0.0
2025-04-29T00:00,11.4,76,11.2,0.0
2025-04-29T01:00,10.8,77,9.4,0.0
2025-04-29T02:00,10.3,77,7.6,0.0
2025-04-29T03:00,9.6,76,5.7,0.0
2025-04-29T04:00,9.4,69,5.2,0.0
2025-04-29T05:00,9.0,65,4.8,0.0
2025-04-29T06:00,8.9,65,4.5,1.0
2025-04-29T07:00,11.5,62,4.4,76.0
2025-04-29T08:00,13.2,58,4.8,267.0
2025-04-29T09:00,14.4,54,7.1,485.0
2025-04-29T10:00,15.2,53,8.2,677.0
2025-04-29T11:00,15.7,56,8.4,830.0
2025-04-29T12:00,16.4,53,8.3,929.0
2025-04-29T13:00,17.1,46,7.0,965.0
2025-04-29T14:00,17.7,36,5.8,934.0
2025-04-29T15:00,18.2,30,4.6,836.0
2025-04-29T16:00,18.6,28,4.5,682.0
2025-04-29T17:00,18.2,34,4.9,486.0
2025-04-29T18:00,16.9,44,4.2,270.0
2025-04-29T19:00,14.6,62,2.8,81.0
2025-04-29T20:00,13.9,59,3.2,1.0
2025-04-29T21:00,14.4,50,2.3,0.0
2025-04-29T22:00,13.9,44,3.9,0.0
2025-04-29T23:00,13.9,48,2.8,0.0
2025-04-30T00:00,14.9,44,1.5,0.0
2025-04-30T01:00,14.9,47,1.0,0.0
2025-04-30T02:00,15.0,49,0.8,0.0
2025-04-30T03:00,14.4,53,2.4,0.0
2025-04-30T04:00,14.5,49,2.2,0.0
2025-04-30T05:00,14.6,46,1.3,0.0
2025-04-30T06:00,14.5,48,1.3,1.0
2025-04-30T07:00,16.4,53,1.6,72.0
2025-04-30T08:00,18.3,58,1.8,239.0
2025-04-30T09:00,19.1,59,2.0,432.0
2025-04-30T10:00,19.3,74,5.2,639.0
2025-04-30T11:00,19.4,79,7.5,776.0
2025-04-30T12:00,19.5,74,8.6,847.0
2025-04-30T13:00,19.6,67,9.8,926.0
2025-04-30T14:00,19.8,63,10.0,921.0
2025-04-30T15:00,19.6,65,9.6,823.0
2025-04-30T16:00,19.0,69,8.8,677.0
2025-04-30T17:00,18.4,74,6.5,485.0
2025-04-30T18:00,17.7,83,2.4,273.0
2025-04-30T19:00,15.3,93,1.8,84.0
2025-04-30T20:00,14.1,82,6.0,1.0
2025-04-30T21:00,13.6,70,7.2,0.0
2025-04-30T22:00,13.6,81,6.0,0.0
2025-04-30T23:00,13.7,87,5.3,0.0
2025-05-01T00:00,13.7,88,5.8,0.0
2025-05-01T01:00,13.7,88,6.8,0.0
2025-05-01T02:00,13.8,86,6.3,0.0
2025-05-01T03:00,14.0,85,6.2,0.0
2025-05-01T04:00,14.4,86,6.1,0.0
2025-05-01T05:00,14.4,87,5.5,0.0
2025-05-01T06:00,14.6,87,5.6,1.0
2025-05-01T07:00,16.8,84,9.1,69.0
2025-05-01T08:00,19.0,73,8.2,236.0
2025-05-01T09:00,20.2,72,10.0,381.0
2025-05-01T10:00,20.9,64,8.8,450.0
2025-05-01T11:00,20.7,64,18.9,451.0
2025-05-01T12:00,20.4,68,19.3,538.0
2025-05-01T13:00,19.7,75,22.7,463.0
2025-05-01T14:00,20.1,75,19.7,474.0
2025-05-01T15:00,18.6,85,16.9,184.0
2025-05-01T16:00,17.7,91,18.2,27.0
2025-05-01T17:00,17.7,87,21.3,47.0
2025-05-01T18:00,17.6,88,20.3,74.0
2025-05-01T19:00,16.2,97,19.5,23.0
2025-05-01T20:00,15.6,97,15.1,1.0
2025-05-01T21:00,15.4,96,13.5,0.0
2025-05-01T22:00,15.4,93,15.2,0.0
2025-05-01T23:00,14.5,99,16.1,0.0
2025-05-02T00:00,14.0,99,15.7,0.0
2025-05-02T01:00,13.2,97,13.5,0.0
2025-05-02T02:00,12.4,91,12.9,0.0
2025-05-02T03:00,12.0,83,13.1,0.0
2025-05-02T04:00,11.6,80,11.4,0.0
2025-05-02T05:00,11.4,75,10.5,0.0
2025-05-02T06:00,11.0,78,9.2,1.0
2025-05-02T07:00,12.2,71,11.4,83.0
2025-05-02T08:00,13.4,58,12.7,272.0
2025-05-02T09:00,14.2,55,12.3,484.0
2025-05-02T10:00,15.7,41,9.6,681.0
2025-05-02T11:00,16.4,39,9.7,833.0
2025-05-02T12:00,16.6,41,11.7,927.0
2025-05-02T13:00,16.6,43,12.6,955.0
2025-05-02T14:00,16.7,41,9.6,921.0
2025-05-02T15:00,17.3,36,6.3,825.0
2025-05-02T16:00,17.3,36,7.6,672.0
2025-05-02T17:00,16.7,41,4.7,480.0
2025-05-02T18:00,15.8,50,5.4,271.0
2025-05-02T19:00,14.3,69,5.2,84.0
2025-05-02T20:00,13.1,75,2.2,2.0
2025-05-02T21:00,13.2,71,1.4,0.0
2025-05-02T22:00,13.0,54,1.6,0.0
2025-05-02T23:00,13.2,53,0.4,0.0
2025-05-03T00:00,13.4,49,0.9,0.0
2025-05-03T01:00,13.0,45,2.6,0.0
2025-05-03T02:00,13.8,39,4.3,0.0
2025-05-03T03:00,12.8,43,2.9,0.0
2025-05-03T04:00,12.8,43,2.9,0.0
2025-05-03T05:00,13.2,53,3.8,0.0
2025-05-03T06:00,13.8,54,5.6,1.0
2025-05-03T07:00,15.0,55,9.4,72.0
2025-05-03T08:00,18.8,44,18.6,249.0
2025-05-03T09:00,21.0,38,27.0,375.0
2025-05-03T10:00,22.2,43,32.5,615.0
2025-05-03T11:00,22.1,52,35.2,718.0
2025-05-03T12:00,21.4,63,36.6,670.0
2025-05-03T13:00,20.8,74,34.2,515.0
2025-05-03T14:00,19.3,82,31.0,295.0
2025-05-03T15:00,18.9,84,30.5,458.0
2025-05-03T16:00,16.4,92,27.4,466.0
2025-05-03T17:00,14.6,87,15.9,313.0
2025-05-03T18:00,13.8,82,11.7,227.0
2025-05-03T19:00,12.7,85,10.1,88.0
2025-05-03T20:00,11.5,91,5.9,2.0
2025-05-03T21:00,10.4,89,3.1,0.0
2025-05-03T22:00,10.3,88,3.4,0.0
2025-05-03T23:00,10.0,87,2.2,0.0
2025-05-04T00:00,9.5,87,4.0,0.0
2025-05-04T01:00,9.2,88,3.7,0.0
2025-05-04T02:00,9.0,83,4.0,0.0
2025-05-04T03:00,9.1,74,3.0,0.0
2025-05-04T04:00,9.1,68,3.0,0.0
2025-05-04T05:00,9.3,63,2.3,0.0
2025-05-04T06:00,9.3,62,2.1,2.0
2025-05-04T07:00,12.1,60,1.6,88.0
2025-05-04T08:00,13.9,52,1.8,281.0
2025-05-04T09:00,15.1,48,2.8,497.0
2025-05-04T10:00,16.0,43,4.4,698.0
2025-05-04T11:00,16.6,43,5.7,852.0
2025-05-04T12:00,16.9,44,6.1,949.0
2025-05-04T13:00,17.4,43,6.1,982.0
2025-05-04T14:00,17.2,49,8.4,947.0
2025-05-04T15:00,17.1,53,6.3,847.0
2025-05-04T16:00,16.7,57,5.4,691.0
2025-05-04T17:00,16.3,57,4.1,496.0
2025-05-04T18:00,15.8,58,3.9,282.0
2025-05-04T19:00,14.1,75,0.4,90.0
2025-05-04T20:00,13.3,73,0.0,2.0
2025-05-04T21:00,13.1,70,0.2,0.0
2025-05-04T22:00,13.2,66,0.6,0.0
2025-05-04T23:00,12.8,65,0.9,0.0
2025-05-05T00:00,12.7,60,1.4,0.0
2025-05-05T01:00,12.8,54,1.8,0.0
2025-05-05T02:00,12.2,50,4.4,0.0
2025-05-05T03:00,12.5,38,5.7,0.0
2025-05-05T04:00,13.1,27,6.0,0.0
2025-05-05T05:00,13.2,23,6.6,0.0
2025-05-05T06:00,13.2,26,8.7,2.0
2025-05-05T07:00,13.7,46,8.8,72.0
2025-05-05T08:00,16.2,66,8.8,221.0
2025-05-05T09:00,18.5,54,7.8,412.0
2025-05-05T10:00,17.3,53,12.9,310.0
2025-05-05T11:00,17.3,60,11.0,186.0
2025-05-05T12:00,17.7,56,4.3,215.0
2025-05-05T13:00,16.8,55,9.4,180.0
2025-05-05T14:00,14.6,73,9.5,143.0
2025-05-05T15:00,13.8,91,12.8,87.0
2025-05-05T16:00,12.9,92,18.4,52.0
2025-05-05T17:00,13.2,93,7.8,38.0
2025-05-05T18:00,13.2,96,9.4,20.0
2025-05-05T19:00,13.2,95,10.6,9.0
2025-05-05T20:00,13.3,93,10.6,0.0
2025-05-05T21:00,13.7,94,9.4,0.0
2025-05-05T22:00,13.2,92,7.1,0.0
2025-05-05T23:00,14.2,91,9.2,0.0
2025-05-06T00:00,14.6,92,10.9,0.0
2025-05-06T01:00,14.5,97,12.6,0.0
2025-05-06T02:00,14.2,98,15.7,0.0
2025-05-06T03:00,13.7,98,15.2,0.0
2025-05-06T04:00,13.8,99,13.7,0.0
2025-05-06T05:00,14.0,98,13.2,0.0
2025-05-06T06:00,14.0,97,14.1,0.0
2025-05-06T07:00,14.5,97,10.3,44.0
2025-05-06T08:00,15.1,94,9.2,111.0
2025-05-06T09:00,14.8,95,10.1,110.0
2025-05-06T10:00,15.7,92,6.4,194.0
2025-05-06T11:00,16.5,90,7.0,325.0
2025-05-06T12:00,16.1,93,7.4,493.0
2025-05-06T13:00,16.2,87,5.8,454.0
2025-05-06T14:00,16.7,86,14.1,700.0
2025-05-06T15:00,15.4,89,13.4,520.0
2025-05-06T16:00,14.7,89,15.6,281.0
2025-05-06T17:00,14.4,90,17.8,240.0
2025-05-06T18:00,13.8,90,15.8,182.0
2025-05-06T19:00,13.2,92,12.2,63.0
2025-05-06T20:00,12.3,95,8.3,3.0
2025-05-06T21:00,11.7,93,5.2,0.0
2025-05-06T22:00,11.8,83,5.5,0.0
2025-05-06T23:00,11.2,80,4.5,0.0
2025-05-07T00:00,11.0,76,4.3,0.0
2025-05-07T01:00,10.7,74,3.3,0.0
2025-05-07T02:00,10.7,73,3.1,0.0
2025-05-07T03:00,10.5,77,3.9,0.0
2025-05-07T04:00,10.2,84,4.0,0.0
2025-05-07T05:00,10.2,85,2.1,0.0
2025-05-07T06:00,10.4,86,0.8,3.0
2025-05-07T07:00,12.4,81,1.7,91.0
2025-05-07T08:00,13.8,77,3.4,280.0
2025-05-07T09:00,15.1,72,4.8,491.0
2025-05-07T10:00,16.2,72,6.3,680.0
2025-05-07T11:00,16.6,76,8.8,828.0
2025-05-07T12:00,16.8,77,8.6,849.0
2025-05-07T13:00,16.5,76,7.4,813.0
2025-05-07T14:00,16.5,75,5.3,661.0
2025-05-07T15:00,16.5,71,5.8,588.0
2025-05-07T16:00,16.6,68,5.6,473.0
2025-05-07T17:00,16.0,69,4.5,281.0
2025-05-07T18:00,15.6,66,2.8,168.0
2025-05-07T19:00,15.3,76,0.4,52.0
2025-05-07T20:00,14.6,75,1.6,2.0
2025-05-07T21:00,13.8,80,1.1,0.0
2025-05-07T22:00,14.0,81,0.0,0.0
2025-05-07T23:00,12.7,85,1.1,0.0
2025-05-08T00:00,12.1,86,1.1,0.0
2025-05-08T01:00,12.2,84,0.5,0.0
2025-05-08T02:00,12.0,83,0.7,0.0
2025-05-08T03:00,11.9,80,1.2,0.0
2025-05-08T04:00,12.0,77,1.8,0.0
2025-05-08T05:00,11.7,75,4.8,0.0
2025-05-08T06:00,11.8,73,3.9,3.0
2025-05-08T07:00,14.3,71,3.5,90.0
2025-05-08T08:00,16.3,70,3.0,275.0
2025-05-08T09:00,17.7,68,4.2,483.0
2025-05-08T10:00,19.3,58,8.5,675.0
2025-05-08T11:00,20.7,49,7.9,823.0
2025-05-08T12:00,21.4,48,5.6,918.0
2025-05-08T13:00,21.8,49,6.6,943.0
2025-05-08T14:00,21.8,50,9.3,903.0
2025-05-08T15:00,21.1,55,15.1,649.0
2025-05-08T16:00,20.3,56,15.6,472.0
2025-05-08T17:00,19.1,60,12.3,234.0
2025-05-08T18:00,18.4,65,9.0,150.0
2025-05-08T19:00,17.2,69,7.3,44.0
2025-05-08T20:00,16.4,73,6.7,1.0
2025-05-08T21:00,16.4,78,5.9,0.0
2025-05-08T22:00,16.5,82,4.5,0.0
2025-05-08T23:00,16.4,87,3.9,0.0
2025-05-09T00:00,16.0,94,2.7,0.0
2025-05-09T01:00,16.0,96,6.0,0.0
2025-05-09T02:00,16.2,96,10.3,0.0
2025-05-09T03:00,16.8,97,15.9,0.0
2025-05-09T04:00,17.3,97,8.1,0.0
2025-05-09T05:00,17.2,97,7.1,0.0
2025-05-09T06:00,17.4,96,17.9,0.0
2025-05-09T07:00,17.7,92,31.8,19.0
2025-05-09T08:00,19.0,89,40.1,36.0
2025-05-09T09:00,19.5,91,27.7,97.0
2025-05-09T10:00,19.9,90,24.4,25.0
2025-05-09T11:00,20.3,91,15.2,76.0
2025-05-09T12:00,20.9,93,17.4,136.0
2025-05-09T13:00,20.9,91,25.8,130.0
2025-05-09T14:00,21.1,92,23.8,122.0
2025-05-09T15:00,20.9,93,15.4,97.0
2025-05-09T16:00,20.9,90,18.7,98.0
2025-05-09T17:00,20.7,91,29.7,61.0
2025-05-09T18:00,20.0,91,35.7,35.0
2025-05-09T19:00,18.9,92,37.9,27.0
2025-05-09T20:00,18.0,86,41.9,2.0
2025-05-09T21:00,17.5,83,43.9,0.0
2025-05-09T22:00,16.3,86,40.9,0.0
2025-05-09T23:00,15.4,89,41.1,0.0
2025-05-10T00:00,14.6,92,38.8,0.0
2025-05-10T01:00,14.3,92,36.3,0.0
2025-05-10T02:00,14.3,89,34.3,0.0
2025-05-10T03:00,14.0,91,31.3,0.0
2025-05-10T04:00,13.6,93,29.0,0.0
2025-05-10T05:00,13.5,92,27.0,0.0
2025-05-10T06:00,13.6,92,24.4,2.0
2025-05-10T07:00,14.3,86,25.8,69.0
2025-05-10T08:00,15.0,83,27.5,244.0
2025-05-10T09:00,15.6,78,28.7,425.0
2025-05-10T10:00,16.4,73,24.6,417.0
2025-05-10T11:00,16.7,76,28.7,525.0
2025-05-10T12:00,16.3,80,32.2,669.0
2025-05-10T13:00,16.2,77,32.9,399.0
2025-05-10T14:00,16.5,76,33.2,588.0
2025-05-10T15:00,16.4,78,31.8,619.0
2025-05-10T16:00,16.0,79,32.3,521.0
2025-05-10T17:00,15.5,82,29.6,414.0
2025-05-10T18:00,14.7,80,28.7,252.0
2025-05-10T19:00,14.1,83,26.7,69.0
2025-05-10T20:00,13.7,87,25.4,3.0
2025-05-10T21:00,13.7,89,23.3,0.0
2025-05-10T22:00,13.6,86,23.2,0.0
2025-05-10T23:00,13.6,86,22.0,0.0
2025-05-11T00:00,13.6,87,21.7,0.0
2025-05-11T01:00,13.4,88,20.8,0.0
2025-05-11T02:00,13.6,83,22.2,0.0
2025-05-11T03:00,13.9,79,23.3,0.0
2025-05-11T04:00,14.1,78,21.5,0.0
2025-05-11T05:00,14.4,75,21.1,0.0
2025-05-11T06:00,14.5,75,21.8,1.0
2025-05-11T07:00,14.6,76,21.2,22.0
2025-05-11T08:00,15.1,76,19.9,79.0
2025-05-11T09:00,15.3,76,18.1,111.0
2025-05-11T10:00,16.3,69,15.1,169.0
2025-05-11T11:00,17.6,61,15.0,394.0
2025-05-11T12:00,18.2,62,16.0,534.0
2025-05-11T13:00,17.8,72,19.3,504.0
2025-05-11T14:00,17.9,67,20.7,618.0
2025-05-11T15:00,17.7,70,19.5,505.0
2025-05-11T16:00,17.8,73,21.9,583.0
2025-05-11T17:00,17.4,74,21.4,457.0
2025-05-11T18:00,17.0,75,19.1,265.0
2025-05-11T19:00,16.2,78,18.7,95.0
2025-05-11T20:00,15.4,79,18.3,4.0
2025-05-11T21:00,15.4,74,17.6,0.0
2025-05-11T22:00,15.2,73,16.0,0.0
2025-05-11T23:00,15.2,69,14.8,0.0
2025-05-12T00:00,14.7,72,15.2,0.0
2025-05-12T01:00,14.4,74,15.6,0.0
2025-05-12T02:00,14.5,73,16.2,0.0
2025-05-12T03:00,14.6,70,15.2,0.0
2025-05-12T04:00,14.5,66,14.0,0.0
2025-05-12T05:00,14.4,66,14.7,0.0
2025-05-12T06:00,14.3,66,13.4,4.0
2025-05-12T07:00,15.9,67,11.2,101.0
2025-05-12T08:00,18.7,58,8.6,294.0
2025-05-12T09:00,19.8,46,7.0,503.0
2025-05-12T10:00,20.0,62,5.2,690.0
2025-05-12T11:00,20.4,70,8.0,836.0
2025-05-12T12:00,21.0,68,7.2,926.0
2025-05-12T13:00,21.2,69,5.1,933.0
2025-05-12T14:00,21.3,76,3.3,912.0
2025-05-12T15:00,21.5,77,3.1,826.0
2025-05-12T16:00,21.3,80,4.7,679.0
2025-05-12T17:00,20.8,80,5.1,493.0
2025-05-12T18:00,20.0,81,4.2,290.0
2025-05-12T19:00,18.8,87,3.5,102.0
2025-05-12T20:00,17.7,83,3.5,5.0
2025-05-12T21:00,18.0,70,1.7,0.0
2025-05-12T22:00,18.3,66,1.8,0.0
2025-05-12T23:00,19.3,54,0.8,0.0
2025-05-13T00:00,19.1,53,0.8,0.0
2025-05-13T01:00,18.8,53,0.8,0.0
2025-05-13T02:00,18.3,54,0.4,0.0
2025-05-13T03:00,17.9,51,1.6,0.0
2025-05-13T04:00,17.5,47,2.7,0.0
2025-05-13T05:00,17.2,46,4.0,0.0
2025-05-13T06:00,18.0,43,2.5,5.0
2025-05-13T07:00,20.5,49,1.8,104.0
2025-05-13T08:00,21.5,52,3.6,297.0
2025-05-13T09:00,22.0,60,2.1,508.0
2025-05-13T10:00,21.1,83,1.6,681.0
2025-05-13T11:00,21.2,95,3.9,810.0
2025-05-13T12:00,21.5,90,3.4,930.0
2025-05-13T13:00,22.0,86,2.3,949.0
2025-05-13T14:00,22.4,83,3.3,839.0
2025-05-13T15:00,22.2,83,6.9,773.0
2025-05-13T16:00,21.3,91,7.6,661.0
2025-05-13T17:00,20.8,99,6.3,459.0
2025-05-13T18:00,20.4,100,3.6,276.0
2025-05-13T19:00,19.1,97,0.7,103.0
2025-05-13T20:00,17.1,89,1.9,5.0
2025-05-13T21:00,15.9,81,2.0,0.0
2025-05-13T22:00,15.0,75,4.2,0.0
2025-05-13T23:00,14.4,71,4.4,0.0
2025-05-14T00:00,14.3,67,4.4,0.0
2025-05-14T01:00,14.1,67,3.7,0.0
2025-05-14T02:00,13.7,68,3.4,0.0
2025-05-14T03:00,13.4,68,4.0,0.0
2025-05-14T04:00,13.3,68,2.9,0.0
2025-05-14T05:00,13.3,69,3.7,0.0
2025-05-14T06:00,13.7,69,4.7,5.0
2025-05-14T07:00,15.8,74,4.3,103.0
2025-05-14T08:00,19.3,74,1.4,297.0
2025-05-14T09:00,20.3,72,1.9,507.0
2025-05-14T10:00,20.9,82,5.0,676.0
2025-05-14T11:00,22.0,81,6.7,825.0
2025-05-14T12:00,23.0,73,7.2,892.0
2025-05-14T13:00,23.6,72,6.2,904.0
2025-05-14T14:00,23.7,73,4.2,837.0
2025-05-14T15:00,23.4,75,2.5,640.0
2025-05-14T16:00,22.9,84,1.7,451.0
2025-05-14T17:00,22.4,94,2.1,324.0
2025-05-14T18:00,21.7,96,3.2,130.0
2025-05-14T19:00,21.0,94,4.5,50.0
2025-05-14T20:00,20.3,94,3.5,3.0
2025-05-14T21:00,20.0,92,5.4,0.0
2025-05-14T22:00,20.5,88,6.2,0.0
2025-05-14T23:00,20.5,87,5.6,0.0
2025-05-15T00:00,20.3,89,6.5,0.0
2025-05-15T01:00,20.4,89,5.6,0.0
2025-05-15T02:00,20.0,91,6.5,0.0
2025-05-15T03:00,20.1,90,9.9,0.0
2025-05-15T04:00,19.4,93,2.3,0.0
2025-05-15T05:00,19.7,92,4.9,0.0
2025-05-15T06:00,20.1,91,7.8,2.0
2025-05-15T07:00,21.3,90,7.9,59.0
2025-05-15T08:00,22.7,85,8.1,176.0
2025-05-15T09:00,22.8,85,5.9,140.0
2025-05-15T10:00,22.1,97,2.2,154.0
2025-05-15T11:00,22.1,98,6.7,153.0
2025-05-15T12:00,21.9,93,7.7,221.0
2025-05-15T13:00,20.8,99,6.3,199.0
2025-05-15T14:00,19.9,100,7.6,300.0
2025-05-15T15:00,21.6,97,4.7,320.0
2025-05-15T16:00,21.8,97,2.9,295.0
2025-05-15T17:00,20.9,100,2.8,137.0
2025-05-15T18:00,21.2,100,5.9,66.0
2025-05-15T19:00,20.7,100,7.2,19.0
2025-05-15T20:00,20.6,100,4.9,1.0
2025-05-15T21:00,20.6,100,5.8,0.0
2025-05-15T22:00,21.2,100,4.4,0.0
2025-05-15T23:00,20.6,100,5.8,0.0
2025-05-16T00:00,20.6,100,5.2,0.0
2025-05-16T01:00,20.8,98,7.3,0.0
2025-05-16T02:00,21.0,96,8.0,0.0
2025-05-16T03:00,20.9,96,8.0,0.0
2025-05-16T04:00,20.7,96,6.7,0.0
2025-05-16T05:00,20.6,97,5.5,0.0
2025-05-16T06:00,20.3,98,4.7,2.0
2025-05-16T07:00,20.7,99,5.6,26.0
2025-05-16T08:00,21.5,98,5.8,56.0
2025-05-16T09:00,21.8,99,5.5,49.0
2025-05-16T10:00,20.8,100,1.7,138.0
2025-05-16T11:00,21.3,97,9.3,105.0
2025-05-16T12:00,21.5,100,15.5,77.0
2025-05-16T13:00,20.7,98,14.4,74.0
2025-05-16T14:00,20.6,99,13.6,119.0
2025-05-16T15:00,20.6,96,20.6,72.0
2025-05-16T16:00,21.9,90,29.0,50.0
2025-05-16T17:00,21.4,90,15.8,65.0
2025-05-16T18:00,21.4,88,23.0,27.0
2025-05-16T19:00,20.8,91,20.3,12.0
2025-05-16T20:00,21.3,88,27.0,1.0
2025-05-16T21:00,21.5,89,29.8,0.0
2025-05-16T22:00,20.8,85,35.0,0.0
2025-05-16T23:00,20.0,85,34.9,0.0
2025-05-17T00:00,19.8,81,34.4,0.0
2025-05-17T01:00,18.8,85,34.2,0.0
2025-05-17T02:00,18.0,87,35.5,0.0
2025-05-17T03:00,17.4,89,35.4,0.0
2025-05-17T04:00,17.4,91,32.9,0.0
2025-05-17T05:00,17.2,92,28.7,0.0
2025-05-17T06:00,17.4,91,25.3,5.0
2025-05-17T07:00,18.4,86,20.3,78.0
2025-05-17T08:00,19.8,79,18.7,270.0
2025-05-17T09:00,20.6,77,17.2,453.0
2025-05-17T10:00,20.9,84,12.0,635.0
2025-05-17T11:00,20.7,86,16.9,761.0
2025-05-17T12:00,20.7,85,17.5,890.0
2025-05-17T13:00,21.8,82,16.0,938.0
2025-05-17T14:00,22.6,80,12.8,887.0
2025-05-17T15:00,22.7,82,12.7,820.0
2025-05-17T16:00,22.8,82,10.0,628.0
2025-05-17T17:00,22.9,81,7.7,368.0
2025-05-17T18:00,22.8,83,4.9,289.0
2025-05-17T19:00,21.1,91,6.6,100.0
2025-05-17T20:00,20.4,85,11.3,6.0
2025-05-17T21:00,20.3,73,21.2,0.0
2025-05-17T22:00,19.4,71,19.4,0.0
2025-05-17T23:00,19.6,81,17.0,0.0
2025-05-18T00:00,18.4,90,18.2,0.0
2025-05-18T01:00,17.0,98,18.1,0.0
2025-05-18T02:00,16.1,99,13.6,0.0
2025-05-18T03:00,15.9,99,10.4,0.0
2025-05-18T04:00,15.2,98,8.0,0.0
2025-05-18T05:00,15.0,96,6.9,0.0
2025-05-18T06:00,14.5,97,7.0,3.0
2025-05-18T07:00,14.4,94,8.8,55.0
2025-05-18T08:00,14.1,93,10.1,125.0
2025-05-18T09:00,14.9,89,9.6,345.0
2025-05-18T10:00,16.1,83,8.6,494.0
2025-05-18T11:00,16.8,76,10.3,764.0
2025-05-18T12:00,17.1,71,9.7,861.0
2025-05-18T13:00,16.5,75,7.5,609.0
2025-05-18T14:00,17.4,70,7.4,755.0
2025-05-18T15:00,18.3,64,5.9,808.0
2025-05-18T16:00,17.8,69,5.7,537.0
2025-05-18T17:00,18.2,70,4.1,475.0
2025-05-18T18:00,17.4,76,3.7,235.0
2025-05-18T19:00,16.6,81,3.0,90.0
2025-05-18T20:00,15.5,89,2.2,6.0
2025-05-18T21:00,15.3,92,0.9,0.0
2025-05-18T22:00,15.7,85,5.8,0.0
2025-05-18T23:00,15.2,90,3.5,0.0
2025-05-19T00:00,15.6,87,3.5,0.0
2025-05-19T01:00,14.9,84,2.3,0.0
2025-05-19T02:00,15.3,74,2.8,0.0
2025-05-19T03:00,15.1,60,0.5,0.0
2025-05-19T04:00,15.3,50,0.5,0.0
2025-05-19T05:00,15.4,31,4.0,0.0
2025-05-19T06:00,17.1,34,3.2,5.0
2025-05-19T07:00,18.8,55,5.5,100.0
2025-05-19T08:00,20.9,71,6.4,142.0
2025-05-19T09:00,22.3,79,9.2,294.0
2025-05-19T10:00,22.7,90,4.6,589.0
2025-05-19T11:00,23.6,87,5.8,792.0
2025-05-19T12:00,24.2,87,4.0,904.0
2025-05-19T13:00,24.0,89,4.9,938.0
2025-05-19T14:00,24.1,88,6.5,908.0
2025-05-19T15:00,24.0,87,6.6,816.0
2025-05-19T16:00,23.9,91,4.7,671.0
2025-05-19T17:00,23.7,94,4.7,493.0
2025-05-19T18:00,22.9,98,6.0,257.0
2025-05-19T19:00,21.6,100,7.1,103.0
2025-05-19T20:00,20.5,97,7.9,6.0
2025-05-19T21:00,20.2,93,7.7,0.0
2025-05-19T22:00,20.7,94,7.6,0.0
2025-05-19T23:00,20.7,93,8.3,0.0
2025-05-20T00:00,20.3,93,9.3,0.0
2025-05-20T01:00,19.6,93,10.3,0.0
2025-05-20T02:00,19.4,93,10.9,0.0
2025-05-20T03:00,19.8,91,11.7,0.0
2025-05-20T04:00,19.6,92,11.6,0.0
2025-05-20T05:00,19.3,92,10.4,0.0
2025-05-20T06:00,19.5,90,8.1,7.0
2025-05-20T07:00,21.3,91,6.2,104.0
2025-05-20T08:00,22.7,90,3.5,254.0
2025-05-20T09:00,23.0,99,4.5,393.0
2025-05-20T10:00,23.4,96,8.8,449.0
2025-05-20T11:00,24.0,98,7.7,658.0
2025-05-20T12:00,24.2,100,5.7,683.0
2025-05-20T13:00,24.9,100,6.6,831.0
2025-05-20T14:00,24.9,100,5.1,765.0
2025-05-20T15:00,24.0,100,5.4,532.0
2025-05-20T16:00,23.9,98,5.9,403.0
2025-05-20T17:00,23.5,99,5.5,216.0
2025-05-20T18:00,23.3,99,2.8,124.0
2025-05-20T19:00,22.7,100,1.6,36.0
2025-05-20T20:00,22.4,100,1.7,3.0
2025-05-20T21:00,22.0,100,2.1,0.0
2025-05-20T22:00,19.9,100,6.3,0.0
2025-05-20T23:00,19.7,100,6.9,0.0
2025-05-21T00:00,19.6,100,5.9,0.0
2025-05-21T01:00,20.2,100,5.2,0.0
2025-05-21T02:00,20.2,100,4.5,0.0
2025-05-21T03:00,20.4,100,4.1,0.0
2025-05-21T04:00,20.3,100,4.4,0.0
2025-05-21T05:00,19.6,100,4.7,0.0
2025-05-21T06:00,19.5,100,5.0,6.0
2025-05-21T07:00,21.2,100,5.4,75.0
2025-05-21T08:00,22.2,100,6.8,180.0
2025-05-21T09:00,23.2,100,4.0,229.0
2025-05-21T10:00,23.3,88,16.3,159.0
2025-05-21T11:00,23.1,94,13.0,112.0
2025-05-21T12:00,22.8,100,12.3,122.0
2025-05-21T13:00,22.7,100,10.7,121.0
2025-05-21T14:00,22.5,100,8.6,107.0
2025-05-21T15:00,22.0,100,8.3,55.0
2025-05-21T16:00,20.9,100,13.3,117.0
2025-05-21T17:00,20.3,100,14.1,129.0
2025-05-21T18:00,19.7,100,6.7,63.0
2025-05-21T19:00,19.3,100,8.2,14.0
2025-05-21T20:00,19.7,100,7.2,2.0
2025-05-21T21:00,19.3,100,7.1,0.0
2025-05-21T22:00,19.2,100,3.1,0.0
2025-05-21T23:00,18.9,100,1.4,0.0
2025-05-22T00:00,19.8,99,4.5,0.0
2025-05-22T01:00,19.4,100,4.8,0.0
2025-05-22T02:00,19.5,100,5.8,0.0
2025-05-22T03:00,19.9,100,4.8,0.0
2025-05-22T04:00,19.4,100,4.6,0.0
2025-05-22T05:00,19.2,100,6.3,0.0
2025-05-22T06:00,19.5,100,5.9,4.0
2025-05-22T07:00,19.8,100,6.1,58.0
2025-05-22T08:00,19.8,100,6.5,98.0
2025-05-22T09:00,21.0,95,4.0,200.0
2025-05-22T10:00,22.7,98,2.2,516.0
2025-05-22T11:00,22.9,100,2.4,697.0
2025-05-22T12:00,22.8,99,6.7,795.0
2025-05-22T13:00,21.8,97,9.1,816.0
2025-05-22T14:00,22.4,90,7.9,764.0
2025-05-22T15:00,21.9,92,7.9,560.0
2025-05-22T16:00,22.0,90,5.9,411.0
2025-05-22T17:00,21.5,94,7.1,381.0
2025-05-22T18:00,20.1,97,5.7,235.0
2025-05-22T19:00,19.2,98,5.0,74.0
2025-05-22T20:00,19.0,97,5.5,4.0
2025-05-22T21:00,19.5,95,5.5,0.0
2025-05-22T22:00,19.5,100,8.5,0.0
2025-05-22T23:00,19.6,100,6.1,0.0
2025-05-23T00:00,19.7,100,4.4,0.0
2025-05-23T01:00,19.7,100,3.3,0.0
2025-05-23T02:00,19.5,100,1.9,0.0
2025-05-23T03:00,19.2,100,8.1,0.0
2025-05-23T04:00,18.7,100,11.9,0.0
2025-05-23T05:00,18.3,100,13.2,0.0
2025-05-23T06:00,18.1,100,14.0,3.0
2025-05-23T07:00,18.0,99,16.0,41.0
2025-05-23T08:00,18.5,94,18.2,123.0
2025-05-23T09:00,19.0,91,19.2,184.0
2025-05-23T10:00,18.6,89,23.6,179.0
2025-05-23T11:00,18.9,87,21.9,181.0
2025-05-23T12:00,19.0,87,21.7,165.0
2025-05-23T13:00,18.9,87,21.3,156.0
2025-05-23T14:00,18.8,85,21.6,153.0
2025-05-23T15:00,18.6,86,19.9,125.0
2025-05-23T16:00,18.0,93,19.3,75.0
2025-05-23T17:00,17.5,97,20.4,60.0
2025-05-23T18:00,17.0,97,21.8,31.0
2025-05-23T19:00,17.0,97,19.1,16.0
2025-05-23T20:00,17.0,95,21.8,2.0
2025-05-23T21:00,17.0,95,22.2,0.0
2025-05-23T22:00,17.2,96,21.1,0.0
2025-05-23T23:00,17.2,96,19.9,0.0
2025-05-24T00:00,17.0,98,15.3,0.0
2025-05-24T01:00,16.9,98,15.9,0.0
2025-05-24T02:00,16.6,98,16.0,0.0
2025-05-24T03:00,15.9,98,20.3,0.0
2025-05-24T04:00,15.6,96,22.0,0.0
2025-05-24T05:00,15.5,96,16.1,0.0
2025-05-24T06:00,15.5,94,16.6,2.0
2025-05-24T07:00,15.5,94,13.7,29.0
2025-05-24T08:00,15.4,94,9.8,47.0
2025-05-24T09:00,15.6,92,10.1,98.0
2025-05-24T10:00,15.6,93,10.3,129.0
2025-05-24T11:00,15.8,91,10.3,180.0
2025-05-24T12:00,15.5,92,9.0,158.0
2025-05-24T13:00,15.7,89,6.2,210.0
2025-05-24T14:00,16.5,83,2.6,296.0
2025-05-24T15:00,16.8,80,4.7,301.0
2025-05-24T16:00,16.7,82,10.6,335.0
2025-05-24T17:00,16.1,85,13.5,296.0
2025-05-24T18:00,15.5,84,13.1,202.0
2025-05-24T19:00,15.4,80,13.7,103.0
2025-05-24T20:00,14.4,90,16.3,9.0
2025-05-24T21:00,14.3,93,16.3,0.0
2025-05-24T22:00,14.8,95,16.4,0.0
2025-05-24T23:00,14.7,92,15.5,0.0
2025-05-25T00:00,14.6,94,14.6,0.0
2025-05-25T01:00,14.5,96,14.1,0.0
2025-05-25T02:00,14.7,95,13.0,0.0
2025-05-25T03:00,14.7,97,13.0,0.0
2025-05-25T04:00,14.8,97,11.2,0.0
2025-05-25T05:00,14.8,96,8.5,0.0
2025-05-25T06:00,14.8,97,5.1,5.0
2025-05-25T07:00,15.3,93,4.4,76.0
2025-05-25T08:00,15.9,87,5.5,190.0
2025-05-25T09:00,16.6,81,5.0,392.0
2025-05-25T10:00,17.2,76,5.8,691.0
2025-05-25T11:00,17.9,70,3.6,840.0
2025-05-25T12:00,18.8,64,5.2,933.0
2025-05-25T13:00,18.8,65,5.1,973.0
2025-05-25T14:00,19.2,62,4.2,938.0
2025-05-25T15:00,19.6,60,4.5,842.0
2025-05-25T16:00,19.3,64,5.0,692.0
2025-05-25T17:00,18.3,69,6.4,510.0
2025-05-25T18:00,17.4,73,8.5,309.0
2025-05-25T19:00,16.8,77,9.7,121.0
2025-05-25T20:00,16.5,75,9.6,10.0
2025-05-25T21:00,16.3,71,7.7,0.0
2025-05-25T22:00,16.2,65,6.0,0.0
2025-05-25T23:00,15.7,65,5.0,0.0
2025-05-26T00:00,15.7,62,4.0,0.0
2025-05-26T01:00,15.9,58,2.1,0.0
2025-05-26T02:00,16.6,54,0.9,0.0
2025-05-26T03:00,16.9,53,0.5,0.0
2025-05-26T04:00,16.2,54,1.1,0.0
2025-05-26T05:00,15.2,58,3.5,0.0
2025-05-26T06:00,15.5,58,4.2,8.0
2025-05-26T07:00,17.8,54,4.7,110.0
2025-05-26T08:00,19.1,52,4.8,281.0
2025-05-26T09:00,20.2,51,4.1,472.0
2025-05-26T10:00,20.9,46,4.6,607.0
2025-05-26T11:00,21.7,46,4.6,823.0
2025-05-26T12:00,22.0,46,4.1,931.0
2025-05-26T13:00,21.9,51,4.9,967.0
2025-05-26T14:00,21.6,52,4.6,934.0
2025-05-26T15:00,21.3,48,5.9,841.0
2025-05-26T16:00,20.7,50,7.2,698.0
2025-05-26T17:00,20.4,52,8.5,515.0
2025-05-26T18:00,19.9,55,9.0,313.0
2025-05-26T19:00,19.0,61,9.8,121.0
2025-05-26T20:00,18.5,51,8.3,10.0
2025-05-26T21:00,17.7,45,5.2,0.0
2025-05-26T22:00,17.9,32,3.1,0.0
2025-05-26T23:00,17.5,33,3.1,0.0
2025-05-27T00:00,16.9,35,3.2,0.0
2025-05-27T01:00,17.1,34,2.7,0.0
2025-05-27T02:00,17.2,35,1.7,0.0
2025-05-27T03:00,17.0,36,1.0,0.0
2025-05-27T04:00,16.8,38,1.4,0.0
2025-05-27T05:00,17.1,38,0.6,0.0
2025-05-27T06:00,17.4,42,0.4,9.0
2025-05-27T07:00,19.0,52,1.1,117.0
2025-05-27T08:00,20.2,47,1.3,305.0
2025-05-27T09:00,21.2,51,0.8,506.0
2025-05-27T10:00,21.5,56,3.2,687.0
2025-05-27T11:00,21.6,58,5.8,831.0
2025-05-27T12:00,21.5,64,5.8,923.0
2025-05-27T13:00,21.6,62,5.2,955.0
2025-05-27T14:00,21.7,58,4.0,926.0
2025-05-27T15:00,21.8,54,3.1,837.0
2025-05-27T16:00,21.8,52,2.3,694.0
2025-05-27T17:00,21.7,51,1.7,512.0
2025-05-27T18:00,21.1,53,3.1,311.0
2025-05-27T19:00,19.6,73,1.9,123.0
2025-05-27T20:00,18.7,57,1.4,11.0
2025-05-27T21:00,18.5,48,1.2,0.0
2025-05-27T22:00,18.5,41,2.0,0.0
2025-05-27T23:00,18.0,42,2.1,0.0
2025-05-28T00:00,18.0,42,1.8,0.0
2025-05-28T01:00,18.2,41,0.9,0.0
2025-05-28T02:00,18.1,41,0.9,0.0
2025-05-28T03:00,17.9,41,1.5,0.0
2025-05-28T04:00,18.0,40,1.9,0.0
2025-05-28T05:00,17.6,40,2.4,0.0
2025-05-28T06:00,17.3,45,4.8,8.0
2025-05-28T07:00,19.5,44,4.6,83.0
2025-05-28T08:00,20.1,52,7.3,200.0
2025-05-28T09:00,20.8,57,7.4,333.0
2025-05-28T10:00,21.9,58,7.6,515.0
2025-05-28T11:00,22.6,60,9.7,707.0
2025-05-28T12:00,22.6,64,10.5,757.0
2025-05-28T13:00,22.6,67,11.3,784.0
2025-05-28T14:00,22.6,70,10.8,724.0
2025-05-28T15:00,22.5,71,11.0,690.0
2025-05-28T16:00,22.2,74,9.6,574.0
2025-05-28T17:00,22.1,78,7.9,378.0
2025-05-28T18:00,21.6,83,6.0,215.0
2025-05-28T19:00,20.7,89,4.4,86.0
2025-05-28T20:00,19.5,89,2.2,8.0
2025-05-28T21:00,18.7,88,2.8,0.0
2025-05-28T22:00,17.7,92,1.7,0.0
2025-05-28T23:00,18.2,81,1.9,0.0
2025-05-29T00:00,18.4,69,3.5,0.0
2025-05-29T01:00,19.3,57,5.9,0.0
2025-05-29T02:00,18.9,59,8.7,0.0
2025-05-29T03:00,19.0,57,8.0,0.0
2025-05-29T04:00,18.5,59,8.5,0.0
2025-05-29T05:00,17.9,59,8.9,0.0
2025-05-29T06:00,18.1,58,9.7,10.0
2025-05-29T07:00,19.3,61,11.4,118.0
2025-05-29T08:00,20.9,63,10.2,305.0
2025-05-29T09:00,21.1,68,12.9,506.0
2025-05-29T10:00,21.4,75,13.6,688.0
2025-05-29T11:00,21.6,76,14.6,822.0
2025-05-29T12:00,22.2,68,13.5,913.0
2025-05-29T13:00,22.5,66,14.9,944.0
2025-05-29T14:00,21.7,69,15.3,875.0
2025-05-29T15:00,21.9,63,13.4,821.0
2025-05-29T16:00,21.5,63,11.1,685.0
2025-05-29T17:00,21.1,63,9.4,507.0
2025-05-29T18:00,19.8,65,7.7,311.0
2025-05-29T19:00,19.4,61,6.4,123.0
2025-05-29T20:00,18.6,62,4.5,11.0
2025-05-29T21:00,18.1,64,4.5,0.0
2025-05-29T22:00,18.0,76,8.1,0.0
2025-05-29T23:00,18.2,75,4.0,0.0
2025-05-30T00:00,17.9,74,2.4,0.0
2025-05-30T01:00,16.6,82,0.3,0.0
2025-05-30T02:00,15.8,83,1.5,0.0
2025-05-30T03:00,15.8,80,0.2,0.0
2025-05-30T04:00,15.5,77,2.7,0.0
2025-05-30T05:00,16.3,71,1.9,0.0
2025-05-30T06:00,17.4,69,0.7,10.0
2025-05-30T07:00,19.5,65,1.0,117.0
2025-05-30T08:00,19.2,72,3.7,303.0
2025-05-30T09:00,19.7,72,5.1,503.0
2025-05-30T10:00,20.8,67,2.9,688.0
2025-05-30T11:00,20.9,68,4.5,833.0
2025-05-30T12:00,21.2,67,3.8,924.0
2025-05-30T13:00,21.3,68,4.6,956.0
2025-05-30T14:00,21.1,70,4.8,926.0
2025-05-30T15:00,20.9,71,5.9,839.0
2025-05-30T16:00,20.8,71,3.2,700.0
2025-05-30T17:00,20.7,69,6.7,517.0
2025-05-30T18:00,19.7,62,7.2,316.0
2025-05-30T19:00,19.5,61,5.5,127.0
2025-05-30T20:00,17.9,57,4.3,12.0
2025-05-30T21:00,18.5,48,5.8,0.0
2025-05-30T22:00,17.4,59,2.9,0.0
2025-05-30T23:00,16.8,61,1.2,0.0
2025-05-31T00:00,16.4,63,1.9,0.0
2025-05-31T01:00,15.9,67,2.2,0.0
2025-05-31T02:00,15.6,68,1.0,0.0
2025-05-31T03:00,15.6,67,1.3,0.0
2025-05-31T04:00,15.5,69,1.6,0.0
2025-05-31T05:00,15.7,69,1.3,0.0
2025-05-31T06:00,16.3,69,1.5,10.0
2025-05-31T07:00,18.4,64,0.7,101.0
2025-05-31T08:00,19.2,68,1.2,237.0
2025-05-31T09:00,20.1,71,3.8,447.0
2025-05-31T10:00,21.2,76,6.4,658.0
2025-05-31T11:00,21.1,79,6.9,581.0
2025-05-31T12:00,21.1,79,6.7,484.0
2025-05-31T13:00,21.7,78,8.4,702.0
2025-05-31T14:00,21.3,79,8.7,710.0
2025-05-31T15:00,20.7,80,6.3,511.0
2025-05-31T16:00,20.2,82,5.5,335.0
2025-05-31T17:00,19.4,83,6.9,308.0
2025-05-31T18:00,19.3,82,5.7,169.0
2025-05-31T19:00,19.5,85,9.0,67.0
2025-05-31T20:00,18.8,91,2.3,5.0
2025-05-31T21:00,18.1,92,2.0,0.0
2025-05-31T22:00,17.4,90,2.9,0.0
2025-05-31T23:00,17.3,90,3.3,0.0
2025-06-01T00:00,17.1,85,1.1,0.0
2025-06-01T01:00,17.2,81,1.9,0.0
2025-06-01T02:00,16.6,82,2.8,0.0
2025-06-01T03:00,17.0,78,1.2,0.0
2025-06-01T04:00,16.6,76,2.7,0.0
2025-06-01T05:00,16.9,71,1.0,0.0
2025-06-01T06:00,17.5,67,0.4,9.0
2025-06-01T07:00,19.3,61,2.7,121.0
2025-06-01T08:00,20.0,66,2.2,279.0
2025-06-01T09:00,20.6,72,2.3,390.0
2025-06-01T10:00,21.1,79,4.4,528.0
2025-06-01T11:00,21.8,84,5.0,786.0
2025-06-01T12:00,22.0,84,7.6,877.0
2025-06-01T13:00,21.7,83,7.9,796.0
2025-06-01T14:00,22.4,77,9.1,917.0
2025-06-01T15:00,22.5,75,9.6,799.0
2025-06-01T16:00,22.8,71,7.2,675.0
2025-06-01T17:00,23.1,67,3.2,510.0
2025-06-01T18:00,22.7,69,0.9,286.0
2025-06-01T19:00,21.4,76,5.9,68.0
2025-06-01T20:00,20.2,82,5.9,6.0
2025-06-01T21:00,19.5,82,3.3,0.0
2025-06-01T22:00,19.4,76,2.3,0.0
2025-06-01T23:00,19.3,72,1.3,0.0
2025-06-02T00:00,19.0,70,1.0,0.0
2025-06-02T01:00,18.5,74,1.0,0.0
2025-06-02T02:00,18.4,73,0.9,0.0
2025-06-02T03:00,18.2,76,0.4,0.0
2025-06-02T04:00,17.8,78,1.0,0.0
2025-06-02T05:00,17.5,84,3.9,0.0
2025-06-02T06:00,17.4,86,5.4,4.0
2025-06-02T07:00,17.3,93,9.0,29.0
2025-06-02T08:00,18.0,90,12.2,58.0
2025-06-02T09:00,18.4,90,11.7,91.0
2025-06-02T10:00,18.4,94,10.8,119.0
2025-06-02T11:00,18.1,92,15.8,131.0
2025-06-02T12:00,18.6,84,18.8,216.0
2025-06-02T13:00,19.3,80,17.8,257.0
2025-06-02T14:00,18.7,85,16.8,111.0
2025-06-02T15:00,18.9,88,17.6,159.0
2025-06-02T16:00,19.0,90,15.7,141.0
2025-06-02T17:00,19.2,94,20.2,140.0
2025-06-02T18:00,18.4,98,18.8,35.0
2025-06-02T19:00,18.4,99,19.3,19.0
2025-06-02T20:00,18.5,98,18.9,2.0
2025-06-02T21:00,18.5,98,21.1,0.0
2025-06-02T22:00,17.7,98,24.7,0.0
2025-06-02T23:00,17.5,99,20.6,0.0
2025-06-03T00:00,17.3,99,18.2,0.0
2025-06-03T01:00,17.0,99,13.8,0.0
2025-06-03T02:00,16.9,99,13.4,0.0
2025-06-03T03:00,16.7,98,12.1,0.0
2025-06-03T04:00,16.5,98,8.5,0.0
2025-06-03T05:00,16.7,97,6.5,0.0
2025-06-03T06:00,16.9,97,5.6,3.0
2025-06-03T07:00,17.1,95,8.5,61.0
2025-06-03T08:00,17.6,86,8.2,176.0
2025-06-03T09:00,18.4,84,10.3,418.0
2025-06-03T10:00,19.2,81,12.1,677.0
2025-06-03T11:00,19.6,79,14.3,828.0
2025-06-03T12:00,19.8,80,15.7,883.0
2025-06-03T13:00,20.1,76,17.1,894.0
2025-06-03T14:00,20.0,79,17.1,906.0
2025-06-03T15:00,20.3,74,16.9,843.0
2025-06-03T16:00,20.4,73,18.2,708.0
2025-06-03T17:00,19.9,78,20.1,528.0
2025-06-03T18:00,19.4,84,19.2,327.0
2025-06-03T19:00,18.7,88,17.7,134.0
2025-06-03T20:00,18.2,87,16.5,14.0
2025-06-03T21:00,18.7,70,16.0,0.0
2025-06-03T22:00,20.1,40,12.3,0.0
2025-06-03T23:00,19.9,40,13.4,0.0
2025-06-04T00:00,20.0,40,13.3,0.0
2025-06-04T01:00,20.0,38,14.6,0.0
2025-06-04T02:00,19.6,39,16.5,0.0
2025-06-04T03:00,20.0,36,16.4,0.0
2025-06-04T04:00,20.3,34,16.7,0.0
2025-06-04T05:00,20.2,34,17.8,0.0
2025-06-04T06:00,20.0,40,20.5,11.0
2025-06-04T07:00,20.9,44,20.8,122.0
2025-06-04T08:00,22.5,43,21.1,293.0
2025-06-04T09:00,23.8,39,23.1,501.0
2025-06-04T10:00,24.5,33,26.8,625.0
2025-06-04T11:00,25.2,40,28.1,809.0
2025-06-04T12:00,25.2,57,27.1,905.0
2025-06-04T13:00,24.6,66,29.5,943.0
2025-06-04T14:00,24.1,70,28.8,912.0
2025-06-04T15:00,23.1,75,27.5,838.0
2025-06-04T16:00,22.7,71,23.5,709.0
2025-06-04T17:00,22.2,64,20.9,536.0
2025-06-04T18:00,21.5,60,18.9,336.0
2025-06-04T19:00,20.9,53,17.8,142.0
2025-06-04T20:00,20.7,43,15.2,15.0
2025-06-04T21:00,20.8,37,13.9,0.0
2025-06-04T22:00,21.2,27,14.0,0.0
2025-06-04T23:00,20.4,30,11.8,0.0
2025-06-05T00:00,19.8,33,10.8,0.0
2025-06-05T01:00,19.4,35,8.0,0.0
2025-06-05T02:00,17.9,39,5.5,0.0
2025-06-05T03:00,17.9,37,5.3,0.0
2025-06-05T04:00,18.0,36,4.7,0.0
2025-06-05T05:00,18.2,37,3.8,0.0
2025-06-05T06:00,19.2,39,1.8,12.0
2025-06-05T07:00,21.1,44,2.4,129.0
2025-06-05T08:00,21.7,48,3.2,324.0
2025-06-05T09:00,22.6,50,1.7,531.0
2025-06-05T10:00,23.2,51,2.4,714.0
2025-06-05T11:00,23.9,55,3.6,861.0
2025-06-05T12:00,24.3,56,5.8,954.0
2025-06-05T13:00,24.6,53,5.8,985.0
2025-06-05T14:00,24.5,51,6.4,916.0
2025-06-05T15:00,24.1,49,6.6,848.0
2025-06-05T16:00,23.9,54,3.3,709.0
2025-06-05T17:00,23.9,63,1.5,443.0
2025-06-05T18:00,23.3,70,2.3,274.0
2025-06-05T19:00,22.3,80,0.0,96.0
2025-06-05T20:00,20.9,83,2.1,11.0
2025-06-05T21:00,21.4,67,2.1,0.0
2025-06-05T22:00,20.9,54,2.6,0.0
2025-06-05T23:00,19.6,51,1.3,0.0
2025-06-06T00:00,21.2,42,4.6,0.0
2025-06-06T01:00,20.9,42,5.0,0.0
2025-06-06T02:00,21.3,42,5.6,0.0
2025-06-06T03:00,21.8,43,5.6,0.0
2025-06-06T04:00,22.0,43,4.4,0.0
2025-06-06T05:00,21.4,45,3.3,0.0
2025-06-06T06:00,21.8,47,2.6,11.0
2025-06-06T07:00,23.2,47,3.0,78.0
2025-06-06T08:00,23.7,60,4.0,154.0
2025-06-06T09:00,24.6,64,2.8,271.0
2025-06-06T10:00,23.8,81,2.4,356.0
2025-06-06T11:00,24.9,83,5.1,660.0
2025-06-06T12:00,24.5,83,5.9,534.0
2025-06-06T13:00,25.3,75,7.7,850.0
2025-06-06T14:00,24.5,73,5.1,641.0
2025-06-06T15:00,24.7,77,6.3,596.0
2025-06-06T16:00,24.5,81,8.2,461.0
2025-06-06T17:00,23.2,87,1.2,255.0
2025-06-06T18:00,23.1,87,0.9,201.0
2025-06-06T19:00,21.7,100,1.3,67.0
2025-06-06T20:00,20.0,100,1.7,14.0
2025-06-06T21:00,19.9,81,3.9,0.0
2025-06-06T22:00,20.0,57,3.8,0.0
2025-06-06T23:00,20.4,51,5.9,0.0
2025-06-07T00:00,19.6,51,3.5,0.0
2025-06-07T01:00,18.6,55,2.9,0.0
2025-06-07T02:00,18.3,58,2.9,0.0
2025-06-07T03:00,18.5,59,2.3,0.0
2025-06-07T04:00,18.6,59,3.3,0.0
2025-06-07T05:00,19.3,58,3.1,0.0
2025-06-07T06:00,19.2,60,2.8,10.0
2025-06-07T07:00,20.6,68,3.4,94.0
2025-06-07T08:00,23.2,64,0.7,199.0
2025-06-07T09:00,22.3,69,2.2,172.0
2025-06-07T10:00,23.1,69,2.2,265.0
2025-06-07T11:00,22.4,86,1.7,222.0
2025-06-07T12:00,24.3,83,4.2,653.0
2025-06-07T13:00,25.1,83,3.5,710.0
2025-06-07T14:00,23.4,89,1.6,224.0
2025-06-07T15:00,23.4,96,3.5,262.0
2025-06-07T16:00,22.9,93,4.3,226.0
2025-06-07T17:00,22.9,92,1.8,214.0
2025-06-07T18:00,22.5,95,3.1,191.0
2025-06-07T19:00,21.6,99,1.7,79.0
2025-06-07T20:00,21.5,93,6.3,6.0
2025-06-07T21:00,21.5,87,2.4,0.0
2025-06-07T22:00,21.6,97,4.0,0.0
2025-06-07T23:00,22.1,91,4.2,0.0
2025-06-08T00:00,21.6,90,0.2,0.0
2025-06-08T01:00,21.2,92,2.3,0.0
2025-06-08T02:00,21.1,90,2.8,0.0
2025-06-08T03:00,21.6,87,3.9,0.0
2025-06-08T04:00,21.3,88,1.3,0.0
2025-06-08T05:00,21.3,88,1.8,0.0
2025-06-08T06:00,21.7,86,2.2,4.0
2025-06-08T07:00,22.2,85,0.4,34.0
2025-06-08T08:00,21.7,87,1.8,66.0
2025-06-08T09:00,22.0,87,2.9,58.0
2025-06-08T10:00,22.7,97,0.4,158.0
2025-06-08T11:00,21.7,98,3.3,125.0
2025-06-08T12:00,23.2,98,9.5,250.0
2025-06-08T13:00,23.3,98,7.9,166.0
2025-06-08T14:00,23.8,94,4.7,279.0
2025-06-08T15:00,23.6,93,1.5,224.0
2025-06-08T16:00,22.4,98,5.2,133.0
2025-06-08T17:00,21.9,96,1.9,152.0
2025-06-08T18:00,21.4,98,2.5,83.0
2025-06-08T19:00,21.6,94,3.4,38.0
2025-06-08T20:00,21.1,92,3.3,7.0
2025-06-08T21:00,20.6,88,2.7,0.0
2025-06-08T22:00,21.2,85,7.6,0.0
2025-06-08T23:00,20.6,88,4.8,0.0
2025-06-09T00:00,19.6,90,3.8,0.0
2025-06-09T01:00,19.3,89,3.8,0.0
2025-06-09T02:00,19.4,88,4.8,0.0
2025-06-09T03:00,19.9,86,7.6,0.0
2025-06-09T04:00,20.2,86,11.1,0.0
2025-06-09T05:00,20.2,85,12.7,0.0
2025-06-09T06:00,20.4,86,13.4,4.0
2025-06-09T07:00,20.4,89,14.3,21.0
2025-06-09T08:00,21.2,88,16.8,109.0
2025-06-09T09:00,23.1,80,16.2,368.0
2025-06-09T10:00,23.0,83,16.6,376.0
2025-06-09T11:00,22.9,82,18.6,324.0
2025-06-09T12:00,24.0,74,15.7,403.0
2025-06-09T13:00,25.0,68,15.7,512.0
2025-06-09T14:00,25.9,62,15.5,638.0
2025-06-09T15:00,25.5,66,14.3,522.0
2025-06-09T16:00,24.8,71,14.0,372.0
2025-06-09T17:00,24.6,73,12.1,272.0
2025-06-09T18:00,24.1,77,9.3,201.0
2025-06-09T19:00,23.0,84,7.9,125.0
2025-06-09T20:00,21.6,88,4.7,16.0
2025-06-09T21:00,21.0,86,3.3,0.0
2025-06-09T22:00,20.3,77,6.9,0.0
2025-06-09T23:00,20.0,78,4.8,0.0
2025-06-10T00:00,20.4,77,5.9,0.0
2025-06-10T01:00,20.0,82,4.1,0.0
2025-06-10T02:00,19.4,84,3.3,0.0
2025-06-10T03:00,19.6,82,0.6,0.0
2025-06-10T04:00,18.5,86,4.3,0.0
2025-06-10T05:00,19.9,76,6.3,0.0
2025-06-10T06:00,21.2,77,9.3,6.0
2025-06-10T07:00,22.1,81,9.7,60.0
2025-06-10T08:00,22.6,85,4.5,162.0
2025-06-10T09:00,23.1,87,6.0,391.0
2025-06-10T10:00,24.3,77,9.5,651.0
2025-06-10T11:00,25.0,80,9.2,756.0
2025-06-10T12:00,24.6,88,6.5,651.0
2025-06-10T13:00,23.4,94,7.0,449.0
2025-06-10T14:00,22.9,89,9.7,535.0
2025-06-10T15:00,21.5,89,6.9,274.0
2025-06-10T16:00,21.2,90,9.6,153.0
2025-06-10T17:00,21.5,89,9.6,257.0
2025-06-10T18:00,22.0,84,10.0,127.0
2025-06-10T19:00,21.1,88,9.5,40.0
2025-06-10T20:00,20.1,93,9.8,7.0
2025-06-10T21:00,19.9,92,10.7,0.0
2025-06-10T22:00,19.6,84,9.1,0.0
2025-06-10T23:00,19.4,87,9.2,0.0
2025-06-11T00:00,19.2,89,8.6,0.0
2025-06-11T01:00,19.4,90,9.0,0.0
2025-06-11T02:00,19.5,92,9.1,0.0
2025-06-11T03:00,19.1,96,8.9,0.0
2025-06-11T04:00,19.1,98,6.9,0.0
2025-06-11T05:00,18.8,99,4.2,0.0
2025-06-11T06:00,18.9,95,1.7,6.0
2025-06-11T07:00,19.8,82,1.8,55.0
2025-06-11T08:00,19.4,84,6.7,153.0
2025-06-11T09:00,20.0,75,4.4,438.0
2025-06-11T10:00,21.1,73,2.5,533.0
2025-06-11T11:00,21.7,63,3.5,554.0
2025-06-11T12:00,22.7,56,5.5,784.0
2025-06-11T13:00,22.9,57,5.4,890.0
2025-06-11T14:00,22.8,63,6.1,810.0
2025-06-11T15:00,22.8,70,5.0,802.0
2025-06-11T16:00,23.0,71,3.9,698.0
2025-06-11T17:00,22.6,75,4.2,516.0
2025-06-11T18:00,22.1,78,3.5,321.0
2025-06-11T19:00,21.5,81,4.2,141.0
2025-06-11T20:00,20.4,89,4.7,16.0
2025-06-11T21:00,21.1,86,7.4,0.0
2025-06-11T22:00,20.7,86,9.3,0.0
2025-06-11T23:00,20.6,88,8.3,0.0
2025-06-12T00:00,20.1,91,9.8,0.0
2025-06-12T01:00,20.3,84,10.1,0.0
2025-06-12T02:00,20.4,78,6.6,0.0
2025-06-12T03:00,20.7,74,5.2,0.0
2025-06-12T04:00,20.6,74,7.3,0.0
2025-06-12T05:00,20.4,72,3.2,0.0
2025-06-12T06:00,20.6,72,2.1,2.0
2025-06-12T07:00,21.1,76,1.1,22.0
2025-06-12T08:00,22.0,69,2.3,146.0
2025-06-12T09:00,21.7,76,1.7,94.0
2025-06-12T10:00,21.3,83,2.5,82.0
2025-06-12T11:00,21.8,84,7.3,319.0
2025-06-12T12:00,20.0,93,3.1,175.0
2025-06-12T13:00,20.1,98,3.2,125.0
2025-06-12T14:00,20.7,93,4.7,154.0
2025-06-12T15:00,20.6,97,8.9,134.0
2025-06-12T16:00,21.0,96,6.9,196.0
2025-06-12T17:00,21.4,94,4.5,151.0
2025-06-12T18:00,21.4,96,2.0,82.0
2025-06-12T19:00,21.5,97,2.0,57.0
2025-06-12T20:00,21.0,97,2.9,7.0
2025-06-12T21:00,21.0,95,5.0,0.0
2025-06-12T22:00,21.2,93,4.6,0.0
2025-06-12T23:00,20.7,94,2.9,0.0
2025-06-13T00:00,20.7,94,2.1,0.0
2025-06-13T01:00,21.0,93,2.1,0.0
2025-06-13T02:00,21.0,93,3.0,0.0
2025-06-13T03:00,21.0,93,3.2,0.0
2025-06-13T04:00,21.4,91,3.5,0.0
2025-06-13T05:00,21.8,91,2.6,0.0
2025-06-13T06:00,21.8,92,1.5,3.0
2025-06-13T07:00,22.8,92,6.4,66.0
2025-06-13T08:00,23.9,95,7.3,111.0
2025-06-13T09:00,25.3,94,6.4,253.0
2025-06-13T10:00,25.7,96,7.6,362.0
2025-06-13T11:00,25.6,98,8.1,249.0
2025-06-13T12:00,26.9,90,8.1,425.0
2025-06-13T13:00,27.0,91,8.2,426.0
2025-06-13T14:00,27.2,92,8.3,369.0
2025-06-13T15:00,27.2,89,6.0,289.0
2025-06-13T16:00,27.1,89,7.7,189.0
2025-06-13T17:00,25.6,100,10.9,82.0
2025-06-13T18:00,25.3,100,8.6,74.0
2025-06-13T19:00,24.7,100,9.6,24.0
2025-06-13T20:00,24.2,99,7.5,2.0
2025-06-13T21:00,24.0,99,7.1,0.0
2025-06-13T22:00,23.9,100,3.1,0.0
2025-06-13T23:00,23.6,100,4.0,0.0
2025-06-14T00:00,23.3,100,3.4,0.0
2025-06-14T01:00,23.4,98,3.2,0.0
2025-06-14T02:00,23.2,98,3.1,0.0
2025-06-14T03:00,23.1,97,5.9,0.0
2025-06-14T04:00,22.9,98,1.8,0.0
2025-06-14T05:00,23.1,96,4.8,0.0
2025-06-14T06:00,23.4,95,6.9,2.0
2025-06-14T07:00,23.5,96,9.4,13.0
2025-06-14T08:00,23.3,98,6.8,9.0
2025-06-14T09:00,22.9,100,7.2,24.0
2025-06-14T10:00,24.6,97,14.0,144.0
2025-06-14T11:00,25.9,89,18.1,283.0
2025-06-14T12:00,26.3,88,18.4,465.0
2025-06-14T13:00,25.1,89,19.5,396.0
2025-06-14T14:00,23.2,96,15.5,374.0
2025-06-14T15:00,23.2,92,15.7,445.0
2025-06-14T16:00,23.8,89,18.7,572.0
2025-06-14T17:00,23.9,88,21.2,481.0
2025-06-14T18:00,23.3,90,19.9,289.0
2025-06-14T19:00,22.8,88,19.2,104.0
2025-06-14T20:00,22.8,83,21.1,13.0
2025-06-14T21:00,23.0,79,20.8,0.0
2025-06-14T22:00,23.4,79,18.2,0.0
2025-06-14T23:00,23.8,76,17.2,0.0
2025-06-15T00:00,23.9,75,16.9,0.0
2025-06-15T01:00,23.9,75,17.0,0.0
2025-06-15T02:00,24.1,76,15.7,0.0
2025-06-15T03:00,24.0,79,12.3,0.0
2025-06-15T04:00,23.2,85,8.0,0.0
2025-06-15T05:00,22.5,88,2.8,0.0
2025-06-15T06:00,22.9,87,2.4,9.0
2025-06-15T07:00,23.9,90,4.1,104.0
2025-06-15T08:00,24.7,91,5.1,233.0
2025-06-15T09:00,24.7,99,3.4,293.0
2025-06-15T10:00,26.0,99,4.9,304.0
2025-06-15T11:00,25.8,99,6.6,722.0
2025-06-15T12:00,25.8,93,6.5,613.0
2025-06-15T13:00,26.4,100,4.8,629.0
2025-06-15T14:00,26.1,99,3.1,468.0
2025-06-15T15:00,27.0,92,5.6,483.0
2025-06-15T16:00,26.9,88,2.9,319.0
2025-06-15T17:00,26.3,94,3.1,122.0
2025-06-15T18:00,25.1,100,4.3,65.0
2025-06-15T19:00,24.5,100,3.0,20.0
2025-06-15T20:00,24.4,100,4.5,2.0
2025-06-15T21:00,24.3,98,12.2,0.0
2025-06-15T22:00,24.5,96,9.2,0.0
2025-06-15T23:00,24.2,97,6.6,0.0
2025-06-16T00:00,24.2,96,8.8,0.0
2025-06-16T01:00,24.3,95,12.4,0.0
2025-06-16T02:00,24.4,92,18.2,0.0
2025-06-16T03:00,24.2,92,25.7,0.0
2025-06-16T04:00,24.7,89,25.8,0.0
2025-06-16T05:00,24.7,88,25.4,0.0
2025-06-16T06:00,23.6,93,25.1,2.0
2025-06-16T07:00,22.7,92,19.0,21.0
2025-06-16T08:00,22.6,91,16.7,80.0
2025-06-16T09:00,22.3,91,14.6,71.0
2025-06-16T10:00,22.9,95,9.9,78.0
2025-06-16T11:00,23.7,90,19.5,105.0
2025-06-16T12:00,26.3,72,24.5,821.0
2025-06-16T13:00,26.5,73,25.2,838.0
2025-06-16T14:00,26.8,68,23.9,747.0
2025-06-16T15:00,27.4,62,22.5,819.0
2025-06-16T16:00,27.3,61,19.1,661.0
2025-06-16T17:00,26.3,69,14.3,252.0
2025-06-16T18:00,26.2,71,13.8,270.0
2025-06-16T19:00,25.1,73,13.1,142.0
2025-06-16T20:00,23.4,77,13.3,20.0
2025-06-16T21:00,22.5,79,15.0,0.0
2025-06-16T22:00,22.7,75,14.1,0.0
2025-06-16T23:00,22.5,76,14.0,0.0
2025-06-17T00:00,22.2,79,16.6,0.0
2025-06-17T01:00,22.2,78,16.6,0.0
2025-06-17T02:00,22.6,73,17.4,0.0
2025-06-17T03:00,23.0,71,20.9,0.0
2025-06-17T04:00,23.4,69,20.5,0.0
2025-06-17T05:00,23.9,67,20.2,0.0
2025-06-17T06:00,24.5,65,20.8,10.0
2025-06-17T07:00,25.7,68,19.4,102.0
2025-06-17T08:00,27.7,67,18.1,281.0
2025-06-17T09:00,28.9,66,14.5,456.0
2025-06-17T10:00,29.1,69,9.8,528.0
2025-06-17T11:00,29.7,72,9.4,639.0
2025-06-17T12:00,29.8,73,12.4,705.0
2025-06-17T13:00,30.3,71,14.0,836.0
2025-06-17T14:00,30.1,70,14.4,785.0
2025-06-17T15:00,29.6,70,14.0,609.0
2025-06-17T16:00,29.4,71,13.2,659.0
2025-06-17T17:00,28.2,79,12.2,356.0
2025-06-17T18:00,27.5,82,9.8,298.0
2025-06-17T19:00,26.4,84,10.2,139.0
2025-06-17T20:00,25.3,85,10.5,19.0
2025-06-17T21:00,24.7,86,11.2,0.0
2025-06-17T22:00,23.7,80,11.0,0.0
2025-06-17T23:00,23.2,76,13.1,0.0
2025-06-18T00:00,23.0,68,13.0,0.0
2025-06-18T01:00,22.9,61,12.9,0.0
2025-06-18T02:00,23.0,57,12.7,0.0
2025-06-18T03:00,23.1,53,13.3,0.0
2025-06-18T04:00,23.2,51,12.5,0.0
2025-06-18T05:00,23.2,50,10.4,0.0
2025-06-18T06:00,23.2,52,7.2,11.0
2025-06-18T07:00,24.6,59,3.0,126.0
2025-06-18T08:00,25.5,66,1.0,310.0
2025-06-18T09:00,25.5,72,3.2,510.0
2025-06-18T10:00,25.2,80,3.8,695.0
2025-06-18T11:00,25.3,93,4.9,835.0
2025-06-18T12:00,25.8,95,4.7,927.0
2025-06-18T13:00,26.2,93,6.1,956.0
2025-06-18T14:00,26.0,95,5.2,931.0
2025-06-18T15:00,25.9,99,4.2,842.0
2025-06-18T16:00,26.2,96,3.3,703.0
2025-06-18T17:00,26.3,96,2.4,539.0
2025-06-18T18:00,25.9,97,3.4,341.0
2025-06-18T19:00,25.1,99,1.8,147.0
2025-06-18T20:00,22.9,100,1.7,20.0
2025-06-18T21:00,22.8,93,3.1,0.0
2025-06-18T22:00,22.0,90,2.7,0.0
2025-06-18T23:00,21.3,88,6.5,0.0
2025-06-19T00:00,21.6,84,6.5,0.0
2025-06-19T01:00,21.7,85,5.5,0.0
2025-06-19T02:00,22.0,86,5.9,0.0
2025-06-19T03:00,22.6,86,6.7,0.0
2025-06-19T04:00,22.3,90,6.1,0.0
2025-06-19T05:00,22.4,94,6.6,0.0
2025-06-19T06:00,22.0,98,3.7,7.0
2025-06-19T07:00,23.6,95,7.0,76.0
2025-06-19T08:00,25.4,95,5.3,192.0
2025-06-19T09:00,25.9,97,2.0,404.0
2025-06-19T10:00,27.7,88,5.3,564.0
2025-06-19T11:00,28.7,83,5.5,696.0
2025-06-19T12:00,29.4,81,3.7,775.0
2025-06-19T13:00,29.6,75,3.1,690.0
2025-06-19T14:00,29.7,74,5.4,694.0
2025-06-19T15:00,30.2,67,5.6,688.0
2025-06-19T16:00,29.4,77,1.1,541.0
2025-06-19T17:00,29.1,82,1.1,392.0
2025-06-19T18:00,28.4,86,1.6,238.0
2025-06-19T19:00,27.5,93,3.0,101.0
2025-06-19T20:00,26.4,99,4.6,15.0
2025-06-19T21:00,26.0,98,5.3,0.0
2025-06-19T22:00,25.6,97,7.0,0.0
2025-06-19T23:00,25.3,97,5.5,0.0
2025-06-20T00:00,25.1,96,6.0,0.0
2025-06-20T01:00,25.0,95,6.9,0.0
2025-06-20T02:00,25.0,95,6.8,0.0
2025-06-20T03:00,24.9,95,6.5,0.0
2025-06-20T04:00,24.9,95,6.8,0.0
2025-06-20T05:00,24.6,96,3.8,0.0
2025-06-20T06:00,24.7,96,7.6,3.0
2025-06-20T07:00,25.4,96,6.7,46.0
2025-06-20T08:00,26.2,96,4.8,115.0
2025-06-20T09:00,27.3,95,5.4,292.0
2025-06-20T10:00,27.5,87,11.7,206.0
2025-06-20T11:00,28.4,77,12.4,377.0
2025-06-20T12:00,29.0,74,14.2,520.0
2025-06-20T13:00,29.3,73,17.7,637.0
2025-06-20T14:00,28.4,77,18.7,338.0
2025-06-20T15:00,27.5,81,21.8,190.0
2025-06-20T16:00,27.1,82,22.2,105.0
2025-06-20T17:00,26.7,86,18.8,53.0
2025-06-20T18:00,26.4,88,17.0,34.0
2025-06-20T19:00,26.2,89,16.5,22.0
2025-06-20T20:00,26.1,88,16.3,6.0
2025-06-20T21:00,26.2,87,16.9,0.0
2025-06-20T22:00,26.8,84,21.5,0.0
2025-06-20T23:00,26.8,83,20.6,0.0
2025-06-21T00:00,26.7,83,21.3,0.0
2025-06-21T01:00,26.5,84,20.3,0.0
2025-06-21T02:00,26.5,82,20.7,0.0
2025-06-21T03:00,26.4,80,21.9,0.0
2025-06-21T04:00,26.2,80,24.2,0.0
2025-06-21T05:00,26.0,83,24.1,0.0
2025-06-21T06:00,26.0,84,21.8,2.0
2025-06-21T07:00,26.0,85,20.0,19.0
2025-06-21T08:00,26.3,86,19.9,96.0
2025-06-21T09:00,26.7,85,18.7,136.0
2025-06-21T10:00,27.1,88,17.2,159.0
2025-06-21T11:00,27.4,85,15.9,246.0
2025-06-21T12:00,28.2,81,15.2,378.0
2025-06-21T13:00,28.5,80,12.4,409.0
2025-06-21T14:00,28.1,83,10.1,416.0
2025-06-21T15:00,27.8,84,10.2,296.0
2025-06-21T16:00,27.3,85,11.5,198.0
2025-06-21T17:00,26.9,85,11.4,98.0
2025-06-21T18:00,25.7,96,8.6,41.0
2025-06-21T19:00,25.6,94,10.7,33.0
2025-06-21T20:00,25.4,91,13.6,2.0
2025-06-21T21:00,24.9,92,19.3,0.0
2025-06-21T22:00,25.4,89,17.8,0.0
2025-06-21T23:00,25.4,89,16.8,0.0
2025-06-22T00:00,24.8,90,21.1,0.0
2025-06-22T01:00,22.7,99,18.4,0.0
2025-06-22T02:00,22.4,99,11.7,0.0
2025-06-22T03:00,21.3,99,7.1,0.0
2025-06-22T04:00,21.4,98,1.5,0.0
2025-06-22T05:00,21.3,98,2.4,0.0
2025-06-22T06:00,20.8,99,5.1,1.0
2025-06-22T07:00,20.3,98,8.1,8.0
2025-06-22T08:00,20.2,98,8.8,33.0
2025-06-22T09:00,20.7,94,8.3,87.0
2025-06-22T10:00,22.3,76,6.1,149.0
2025-06-22T11:00,22.2,73,6.1,323.0
2025-06-22T12:00,23.4,69,6.6,526.0
2025-06-22T13:00,23.0,73,5.6,389.0
2025-06-22T14:00,24.0,71,4.6,506.0
2025-06-22T15:00,24.7,76,6.2,759.0
2025-06-22T16:00,24.0,83,4.6,577.0
2025-06-22T17:00,23.6,80,3.8,421.0
2025-06-22T18:00,22.9,82,1.9,142.0
2025-06-22T19:00,22.2,87,1.5,49.0
2025-06-22T20:00,21.4,91,0.4,11.0
2025-06-22T21:00,21.4,88,0.4,0.0
2025-06-22T22:00,21.0,91,1.8,0.0
2025-06-22T23:00,20.7,92,2.7,0.0
2025-06-23T00:00,20.6,90,2.6,0.0
2025-06-23T01:00,20.9,82,0.6,0.0
2025-06-23T02:00,21.2,77,0.4,0.0
2025-06-23T03:00,20.8,78,1.0,0.0
2025-06-23T04:00,20.1,77,3.3,0.0
2025-06-23T05:00,20.6,71,3.8,0.0
2025-06-23T06:00,20.7,71,4.5,10.0
2025-06-23T07:00,22.3,68,7.3,98.0
2025-06-23T08:00,23.3,69,6.7,223.0
2025-06-23T09:00,24.1,69,6.3,350.0
2025-06-23T10:00,25.0,74,9.4,637.0
2025-06-23T11:00,25.5,77,11.0,793.0
2025-06-23T12:00,26.3,77,11.7,885.0
2025-06-23T13:00,26.9,72,12.3,889.0
2025-06-23T14:00,26.7,72,14.4,779.0
2025-06-23T15:00,26.5,74,14.3,651.0
2025-06-23T16:00,25.8,74,12.8,344.0
2025-06-23T17:00,25.2,76,9.0,202.0
2025-06-23T18:00,24.7,79,5.1,131.0
2025-06-23T19:00,23.9,84,7.9,50.0
2025-06-23T20:00,23.1,86,11.6,15.0
2025-06-23T21:00,22.8,84,12.8,0.0
2025-06-23T22:00,22.6,89,12.1,0.0
2025-06-23T23:00,23.1,89,13.3,0.0
2025-06-24T00:00,23.5,90,13.3,0.0
2025-06-24T01:00,23.4,91,12.0,0.0
2025-06-24T02:00,23.2,93,10.6,0.0
2025-06-24T03:00,23.1,94,11.3,0.0
2025-06-24T04:00,22.7,98,12.3,0.0
2025-06-24T05:00,22.5,99,10.1,0.0
2025-06-24T06:00,22.6,99,8.3,4.0
2025-06-24T07:00,23.1,99,6.1,56.0
2025-06-24T08:00,23.2,99,1.4,45.0
2025-06-24T09:00,23.3,100,4.8,83.0
2025-06-24T10:00,25.2,95,3.9,216.0
2025-06-24T11:00,26.4,88,2.7,465.0
2025-06-24T12:00,26.9,87,3.2,561.0
2025-06-24T13:00,27.1,86,5.4,430.0
2025-06-24T14:00,27.4,83,3.8,502.0
2025-06-24T15:00,27.3,87,2.9,488.0
2025-06-24T16:00,26.7,90,2.7,380.0
2025-06-24T17:00,26.2,91,1.1,296.0
2025-06-24T18:00,25.5,94,5.0,151.0
2025-06-24T19:00,25.1,93,3.3,62.0
2025-06-24T20:00,24.4,94,3.6,14.0
2025-06-24T21:00,23.8,92,6.2,0.0
2025-06-24T22:00,22.9,90,10.3,0.0
2025-06-24T23:00,22.1,91,13.9,0.0
2025-06-25T00:00,21.5,91,15.2,0.0
2025-06-25T01:00,21.3,88,17.3,0.0
2025-06-25T02:00,21.2,85,17.8,0.0
2025-06-25T03:00,21.0,84,18.9,0.0
2025-06-25T04:00,20.7,84,18.6,0.0
2025-06-25T05:00,20.7,81,16.9,0.0
2025-06-25T06:00,21.0,79,17.4,9.0
2025-06-25T07:00,22.0,77,18.4,110.0
2025-06-25T08:00,23.2,75,18.6,285.0
2025-06-25T09:00,24.4,71,18.4,461.0
2025-06-25T10:00,24.6,74,19.0,640.0
2025-06-25T11:00,25.2,71,16.9,785.0
2025-06-25T12:00,26.1,70,15.1,895.0
2025-06-25T13:00,26.0,76,16.5,932.0
2025-06-25T14:00,26.2,73,15.4,919.0
2025-06-25T15:00,26.1,74,15.7,830.0
2025-06-25T16:00,25.9,76,16.2,709.0
2025-06-25T17:00,25.7,75,15.1,531.0
2025-06-25T18:00,25.3,76,13.3,336.0
2025-06-25T19:00,24.4,81,11.8,144.0
2025-06-25T20:00,23.4,84,10.5,21.0
2025-06-25T21:00,22.8,83,9.0,0.0
2025-06-25T22:00,22.9,69,9.3,0.0
2025-06-25T23:00,22.9,66,9.9,0.0
2025-06-26T00:00,22.5,66,12.8,0.0
2025-06-26T01:00,22.3,66,13.2,0.0
2025-06-26T02:00,22.1,65,12.4,0.0
2025-06-26T03:00,22.6,64,10.0,0.0
2025-06-26T04:00,23.0,63,11.5,0.0
2025-06-26T05:00,22.9,63,12.3,0.0
2025-06-26T06:00,23.1,65,10.2,5.0
2025-06-26T07:00,23.7,69,11.2,92.0
2025-06-26T08:00,24.7,68,12.0,176.0
2025-06-26T09:00,25.9,69,7.2,282.0
2025-06-26T10:00,25.4,72,7.9,646.0
2025-06-26T11:00,25.0,78,8.2,586.0
2025-06-26T12:00,25.0,82,6.8,652.0
2025-06-26T13:00,25.2,85,7.7,721.0
2025-06-26T14:00,25.4,83,8.0,881.0
2025-06-26T15:00,25.4,80,7.0,831.0
2025-06-26T16:00,25.5,78,4.7,674.0
2025-06-26T17:00,25.1,80,5.4,517.0
2025-06-26T18:00,24.1,83,2.5,324.0
2025-06-26T19:00,24.0,86,2.7,148.0
2025-06-26T20:00,22.8,91,2.3,22.0
2025-06-26T21:00,22.8,90,0.2,0.0
2025-06-26T22:00,22.7,86,1.8,0.0
2025-06-26T23:00,22.8,84,0.9,0.0
2025-06-27T00:00,22.5,85,1.3,0.0
2025-06-27T01:00,22.1,85,1.3,0.0
2025-06-27T02:00,22.0,81,3.3,0.0
2025-06-27T03:00,22.8,70,1.5,0.0
2025-06-27T04:00,22.8,67,0.3,0.0
2025-06-27T05:00,21.6,70,2.2,0.0
2025-06-27T06:00,22.4,68,4.0,9.0
2025-06-27T07:00,24.4,79,4.6,111.0
2025-06-27T08:00,26.1,79,2.3,291.0
2025-06-27T09:00,26.6,79,6.1,475.0
2025-06-27T10:00,27.1,81,7.6,650.0
2025-06-27T11:00,27.3,73,9.4,676.0
2025-06-27T12:00,27.8,72,9.1,884.0
2025-06-27T13:00,28.0,75,8.4,938.0
2025-06-27T14:00,28.3,78,9.4,908.0
2025-06-27T15:00,27.9,82,11.2,767.0
2025-06-27T16:00,27.5,87,9.8,686.0
2025-06-27T17:00,26.5,92,6.2,459.0
2025-06-27T18:00,26.2,96,2.5,247.0
2025-06-27T19:00,26.2,98,3.6,132.0
2025-06-27T20:00,25.6,100,3.8,19.0
2025-06-27T21:00,25.3,99,3.1,0.0
2025-06-27T22:00,25.4,99,5.2,0.0
2025-06-27T23:00,25.1,99,6.3,0.0
2025-06-28T00:00,24.5,98,4.6,0.0
2025-06-28T01:00,24.5,93,5.9,0.0
2025-06-28T02:00,24.3,91,4.1,0.0
2025-06-28T03:00,24.2,91,3.1,0.0
2025-06-28T04:00,24.3,90,3.0,0.0
2025-06-28T05:00,24.5,89,4.8,0.0
2025-06-28T06:00,24.5,90,5.8,7.0
2025-06-28T07:00,25.4,93,4.1,92.0
2025-06-28T08:00,26.6,91,3.1,254.0
2025-06-28T09:00,27.3,94,4.3,431.0
2025-06-28T10:00,28.5,89,2.4,593.0
2025-06-28T11:00,28.8,90,5.8,789.0
2025-06-28T12:00,28.2,93,6.1,904.0
2025-06-28T13:00,28.4,91,4.0,912.0
2025-06-28T14:00,28.6,90,5.2,887.0
2025-06-28T15:00,28.2,92,6.6,820.0
2025-06-28T16:00,27.7,92,5.8,694.0
2025-06-28T17:00,27.5,93,4.6,526.0
2025-06-28T18:00,27.2,95,4.4,322.0
2025-06-28T19:00,26.6,97,6.5,143.0
2025-06-28T20:00,25.8,100,5.4,21.0
2025-06-28T21:00,25.2,100,2.2,0.0
2025-06-28T22:00,25.0,100,2.9,0.0
2025-06-28T23:00,24.7,100,4.9,0.0
2025-06-29T00:00,24.8,96,5.8,0.0
2025-06-29T01:00,24.2,96,5.1,0.0
2025-06-29T02:00,23.9,94,5.1,0.0
2025-06-29T03:00,23.7,91,5.4,0.0
2025-06-29T04:00,23.6,89,5.6,0.0
2025-06-29T05:00,23.4,87,4.8,0.0
2025-06-29T06:00,23.6,86,5.8,8.0
2025-06-29T07:00,25.3,87,5.1,104.0
2025-06-29T08:00,26.9,82,3.1,271.0
2025-06-29T09:00,27.3,89,5.0,450.0
2025-06-29T10:00,28.3,89,4.6,633.0
2025-06-29T11:00,28.4,89,4.6,780.0
2025-06-29T12:00,28.5,88,4.7,889.0
2025-06-29T13:00,28.2,90,4.9,891.0
2025-06-29T14:00,28.3,89,4.3,889.0
2025-06-29T15:00,28.5,88,3.6,823.0
2025-06-29T16:00,28.5,89,4.6,689.0
2025-06-29T17:00,28.0,92,5.4,516.0
2025-06-29T18:00,27.4,97,5.4,313.0
2025-06-29T19:00,26.5,99,1.9,140.0
2025-06-29T20:00,25.6,100,3.8,20.0
2025-06-29T21:00,25.2,97,4.7,0.0
2025-06-29T22:00,25.3,99,3.1,0.0
2025-06-29T23:00,24.7,100,3.4,0.0
2025-06-30T00:00,24.6,97,2.4,0.0
2025-06-30T01:00,24.5,95,2.5,0.0
2025-06-30T02:00,24.3,93,3.3,0.0
2025-06-30T03:00,24.2,91,3.0,0.0
2025-06-30T04:00,24.1,89,3.2,0.0
2025-06-30T05:00,24.0,88,3.2,0.0
2025-06-30T06:00,24.0,88,3.8,8.0
2025-06-30T07:00,25.6,89,4.3,98.0
2025-06-30T08:00,27.0,83,3.2,250.0
2025-06-30T09:00,27.2,90,4.0,436.0
2025-06-30T10:00,27.6,94,4.9,561.0
2025-06-30T11:00,28.3,90,6.7,688.0
2025-06-30T12:00,28.3,92,6.3,803.0
2025-06-30T13:00,28.4,93,6.4,874.0
2025-06-30T14:00,28.6,86,6.1,786.0
2025-06-30T15:00,28.9,87,5.4,756.0
2025-06-30T16:00,28.7,89,5.5,640.0
2025-06-30T17:00,28.7,90,4.8,496.0
2025-06-30T18:00,28.3,94,3.9,321.0
2025-06-30T19:00,27.4,98,1.8,145.0
2025-06-30T20:00,26.5,100,1.5,21.0
2025-06-30T21:00,25.9,99,1.5,0.0
2025-06-30T22:00,25.7,100,2.9,0.0
2025-06-30T23:00,25.3,100,4.5,0.0
2025-07-01T00:00,25.3,96,4.4,0.0
2025-07-01T01:00,25.1,95,3.0,0.0
2025-07-01T02:00,24.6,96,2.9,0.0
2025-07-01T03:00,24.4,96,4.1,0.0
2025-07-01T04:00,24.5,95,4.0,0.0
2025-07-01T05:00,24.4,94,3.5,0.0
2025-07-01T06:00,24.4,94,2.6,8.0
2025-07-01T07:00,26.1,94,3.3,98.0
2025-07-01T08:00,28.2,86,3.2,270.0
2025-07-01T09:00,28.9,88,4.8,430.0
2025-07-01T10:00,29.7,85,6.1,600.0
2025-07-01T11:00,30.0,83,8.9,746.0
2025-07-01T12:00,29.8,85,10.4,842.0
2025-07-01T13:00,29.8,85,9.2,855.0
2025-07-01T14:00,29.8,85,8.4,855.0
2025-07-01T15:00,29.9,85,8.6,749.0
2025-07-01T16:00,29.6,85,8.3,616.0
2025-07-01T17:00,29.3,86,8.7,465.0
2025-07-01T18:00,28.6,87,6.8,259.0
2025-07-01T19:00,28.0,88,3.3,102.0
2025-07-01T20:00,27.8,89,1.7,14.0
2025-07-01T21:00,27.6,92,0.3,0.0
2025-07-01T22:00,27.3,94,1.2,0.0
2025-07-01T23:00,26.4,97,1.2,0.0
2025-07-02T00:00,26.0,95,2.8,0.0
2025-07-02T01:00,25.5,95,2.3,0.0
2025-07-02T02:00,25.2,94,2.3,0.0
2025-07-02T03:00,25.2,93,4.2,0.0
2025-07-02T04:00,25.0,93,3.2,0.0
2025-07-02T05:00,25.0,93,2.3,0.0
2025-07-02T06:00,25.5,90,3.6,7.0
2025-07-02T07:00,26.6,89,3.0,100.0
2025-07-02T08:00,27.3,91,1.5,251.0
2025-07-02T09:00,28.0,91,3.4,434.0
2025-07-02T10:00,28.6,88,4.9,619.0
2025-07-02T11:00,29.2,87,4.3,771.0
2025-07-02T12:00,29.4,87,6.7,872.0
2025-07-02T13:00,29.1,88,8.8,926.0
2025-07-02T14:00,29.2,87,7.8,876.0
2025-07-02T15:00,29.2,87,9.2,790.0
2025-07-02T16:00,28.8,87,10.2,644.0
2025-07-02T17:00,28.2,88,9.4,427.0
2025-07-02T18:00,27.9,87,9.6,235.0
2025-07-02T19:00,27.5,87,8.0,94.0
2025-07-02T20:00,27.4,88,4.8,14.0
2025-07-02T21:00,26.3,96,0.9,0.0
2025-07-02T22:00,26.1,99,0.7,0.0
2025-07-02T23:00,26.2,99,0.9,0.0
2025-07-03T00:00,26.2,97,2.4,0.0
2025-07-03T01:00,26.0,96,3.8,0.0
2025-07-03T02:00,25.0,95,3.6,0.0
2025-07-03T03:00,24.3,93,3.6,0.0
2025-07-03T04:00,24.4,90,4.7,0.0
2025-07-03T05:00,24.3,86,3.5,0.0
2025-07-03T06:00,24.3,78,1.6,8.0
2025-07-03T07:00,25.9,76,1.8,109.0
2025-07-03T08:00,27.1,81,5.3,285.0
2025-07-03T09:00,27.7,85,5.9,465.0
2025-07-03T10:00,29.3,81,7.0,652.0
2025-07-03T11:00,29.8,79,9.3,798.0
2025-07-03T12:00,29.6,78,11.1,889.0
2025-07-03T13:00,29.4,77,8.9,923.0
2025-07-03T14:00,29.5,77,7.6,878.0
2025-07-03T15:00,29.4,78,7.4,815.0
2025-07-03T16:00,28.9,80,5.8,629.0
2025-07-03T17:00,28.6,83,4.4,490.0
2025-07-03T18:00,28.1,87,4.4,330.0
2025-07-03T19:00,27.6,90,3.2,153.0
2025-07-03T20:00,26.5,96,2.2,22.0
2025-07-03T21:00,25.5,98,1.7,0.0
2025-07-03T22:00,25.0,93,1.0,0.0
2025-07-03T23:00,24.4,92,1.7,0.0
2025-07-04T00:00,24.1,89,2.3,0.0
2025-07-04T01:00,24.0,87,2.6,0.0
2025-07-04T02:00,24.1,87,4.1,0.0
2025-07-04T03:00,23.7,89,2.8,0.0
2025-07-04T04:00,23.5,89,2.9,0.0
2025-07-04T05:00,23.5,88,3.5,0.0
2025-07-04T06:00,23.9,85,4.2,8.0
2025-07-04T07:00,25.8,80,5.9,111.0
2025-07-04T08:00,27.6,73,5.1,292.0
2025-07-04T09:00,28.3,73,5.0,485.0
2025-07-04T10:00,30.4,59,2.5,671.0
2025-07-04T11:00,30.8,61,4.5,811.0
2025-07-04T12:00,31.0,64,7.5,900.0
2025-07-04T13:00,31.0,67,8.7,932.0
2025-07-04T14:00,31.1,69,7.2,893.0
2025-07-04T15:00,31.2,70,4.7,816.0
2025-07-04T16:00,31.2,72,4.5,676.0
2025-07-04T17:00,30.3,75,5.7,499.0
2025-07-04T18:00,29.4,79,5.3,240.0
2025-07-04T19:00,28.4,82,5.2,123.0
2025-07-04T20:00,27.3,87,2.0,17.0
2025-07-04T21:00,26.7,91,2.6,0.0
2025-07-04T22:00,26.3,91,2.7,0.0
2025-07-04T23:00,26.0,89,5.1,0.0
2025-07-05T00:00,25.5,90,5.5,0.0
2025-07-05T01:00,25.1,89,6.9,0.0
2025-07-05T02:00,25.0,88,6.6,0.0
2025-07-05T03:00,24.9,88,5.5,0.0
2025-07-05T04:00,24.7,89,5.2,0.0
2025-07-05T05:00,24.6,89,5.2,0.0
2025-07-05T06:00,24.6,89,5.5,7.0
2025-07-05T07:00,26.1,85,5.5,93.0
2025-07-05T08:00,28.0,79,2.2,278.0
2025-07-05T09:00,29.0,76,3.2,455.0
2025-07-05T10:00,29.7,72,5.2,623.0
2025-07-05T11:00,30.3,73,5.5,766.0
2025-07-05T12:00,31.1,71,6.3,863.0
2025-07-05T13:00,31.7,67,7.7,923.0
2025-07-05T14:00,32.3,60,10.8,882.0
2025-07-05T15:00,32.7,55,12.0,809.0
2025-07-05T16:00,32.6,55,10.8,689.0
2025-07-05T17:00,31.9,59,8.5,502.0
2025-07-05T18:00,31.0,63,5.5,269.0
2025-07-05T19:00,30.0,67,2.1,117.0
2025-07-05T20:00,29.0,71,0.8,17.0
2025-07-05T21:00,28.4,75,2.1,0.0
2025-07-05T22:00,27.4,81,4.5,0.0
2025-07-05T23:00,26.7,83,5.3,0.0
2025-07-06T00:00,26.3,84,8.9,0.0
2025-07-06T01:00,26.5,84,9.4,0.0
2025-07-06T02:00,26.4,85,11.1,0.0
2025-07-06T03:00,26.2,86,10.9,0.0
2025-07-06T04:00,26.2,87,11.2,0.0
2025-07-06T05:00,26.3,86,12.6,0.0
2025-07-06T06:00,26.3,86,13.3,6.0
2025-07-06T07:00,27.5,81,12.8,89.0
2025-07-06T08:00,29.1,76,9.6,261.0
2025-07-06T09:00,30.7,69,10.2,468.0
2025-07-06T10:00,31.8,62,10.1,657.0
2025-07-06T11:00,32.5,59,14.0,793.0
2025-07-06T12:00,32.4,63,17.8,871.0
2025-07-06T13:00,32.2,66,18.6,902.0
2025-07-06T14:00,32.3,66,18.0,896.0
2025-07-06T15:00,32.4,67,17.2,803.0
2025-07-06T16:00,32.4,65,16.3,660.0
2025-07-06T17:00,32.0,64,15.6,502.0
2025-07-06T18:00,31.2,67,13.4,291.0
2025-07-06T19:00,30.5,70,9.9,119.0
2025-07-06T20:00,29.5,74,8.8,17.0
2025-07-06T21:00,28.6,78,7.4,0.0
2025-07-06T22:00,27.5,81,5.0,0.0
2025-07-06T23:00,27.1,80,9.9,0.0
2025-07-07T00:00,27.3,80,9.9,0.0
2025-07-07T01:00,26.5,83,7.0,0.0
2025-07-07T02:00,25.2,86,6.2,0.0
2025-07-07T03:00,25.1,81,6.5,0.0
2025-07-07T04:00,25.1,82,6.6,0.0
2025-07-07T05:00,24.6,84,5.8,0.0
2025-07-07T06:00,24.3,85,4.7,6.0
2025-07-07T07:00,26.0,82,6.1,94.0
2025-07-07T08:00,28.5,74,5.3,287.0
2025-07-07T09:00,29.6,70,4.3,487.0
2025-07-07T10:00,30.8,65,6.6,676.0
2025-07-07T11:00,30.7,70,10.2,819.0
2025-07-07T12:00,30.3,71,8.7,876.0
2025-07-07T13:00,30.2,69,9.3,876.0
2025-07-07T14:00,29.7,70,7.1,827.0
2025-07-07T15:00,29.8,71,5.9,719.0
2025-07-07T16:00,29.7,72,4.6,608.0
2025-07-07T17:00,29.7,74,4.4,506.0
2025-07-07T18:00,29.5,75,4.2,336.0
2025-07-07T19:00,28.6,79,4.2,148.0
2025-07-07T20:00,27.7,83,4.3,19.0
2025-07-07T21:00,27.5,85,2.8,0.0
2025-07-07T22:00,27.2,85,1.3,0.0
2025-07-07T23:00,26.9,86,0.2,0.0
2025-07-08T00:00,26.4,88,1.1,0.0
2025-07-08T01:00,25.9,89,1.2,0.0
2025-07-08T02:00,24.7,92,0.7,0.0
2025-07-08T03:00,24.6,89,3.0,0.0
2025-07-08T04:00,25.0,83,3.2,0.0
2025-07-08T05:00,25.4,81,1.1,0.0
2025-07-08T06:00,25.7,83,1.8,6.0
2025-07-08T07:00,27.1,77,8.5,103.0
2025-07-08T08:00,28.4,74,11.9,278.0
2025-07-08T09:00,29.9,66,15.2,471.0
2025-07-08T10:00,31.4,61,19.4,632.0
2025-07-08T11:00,31.9,60,21.3,771.0
2025-07-08T12:00,32.1,62,23.0,897.0
2025-07-08T13:00,31.8,68,24.2,857.0
2025-07-08T14:00,31.6,68,24.4,765.0
2025-07-08T15:00,31.4,69,22.7,724.0
2025-07-08T16:00,31.0,71,21.9,611.0
2025-07-08T17:00,30.5,71,21.0,499.0
2025-07-08T18:00,29.8,72,18.6,300.0
2025-07-08T19:00,29.0,75,16.7,145.0
2025-07-08T20:00,28.1,78,14.5,21.0
2025-07-08T21:00,27.5,82,13.3,0.0
2025-07-08T22:00,27.4,83,17.8,0.0
2025-07-08T23:00,27.3,84,14.6,0.0
2025-07-09T00:00,27.0,87,13.9,0.0
2025-07-09T01:00,26.6,89,13.3,0.0
2025-07-09T02:00,26.3,90,13.0,0.0
2025-07-09T03:00,26.1,91,13.3,0.0
2025-07-09T04:00,26.0,92,16.1,0.0
2025-07-09T05:00,25.8,92,16.3,0.0
2025-07-09T06:00,25.8,91,15.7,4.0
2025-07-09T07:00,26.3,88,17.1,74.0
2025-07-09T08:00,27.2,83,17.7,200.0
2025-07-09T09:00,28.6,78,18.0,362.0
2025-07-09T10:00,30.3,69,19.0,477.0
2025-07-09T11:00,30.9,67,18.7,528.0
2025-07-09T12:00,31.1,68,21.7,726.0
2025-07-09T13:00,30.5,72,21.7,776.0
2025-07-09T14:00,30.2,74,24.1,755.0
2025-07-09T15:00,30.1,75,23.1,628.0
2025-07-09T16:00,30.3,73,21.6,561.0
2025-07-09T17:00,30.3,73,20.3,455.0
2025-07-09T18:00,29.4,78,19.5,281.0
2025-07-09T19:00,28.9,79,17.6,130.0
2025-07-09T20:00,28.1,84,14.3,18.0
2025-07-09T21:00,27.6,87,13.5,0.0
2025-07-09T22:00,27.3,85,15.0,0.0
2025-07-09T23:00,27.2,85,14.2,0.0
2025-07-10T00:00,26.9,87,15.2,0.0
2025-07-10T01:00,26.6,88,14.0,0.0
2025-07-10T02:00,26.3,89,12.9,0.0
2025-07-10T03:00,26.1,94,15.5,0.0
2025-07-10T04:00,25.9,95,16.6,0.0
2025-07-10T05:00,25.9,95,16.6,0.0
2025-07-10T06:00,25.8,96,17.9,4.0
2025-07-10T07:00,25.9,94,21.5,63.0
2025-07-10T08:00,26.3,91,21.6,168.0
2025-07-10T09:00,27.0,89,22.0,339.0
2025-07-10T10:00,27.7,81,27.8,475.0
2025-07-10T11:00,28.2,78,29.1,651.0
2025-07-10T12:00,29.1,72,28.8,745.0
2025-07-10T13:00,29.7,70,28.9,818.0
2025-07-10T14:00,30.0,67,28.1,786.0
2025-07-10T15:00,29.9,68,29.3,746.0
2025-07-10T16:00,29.7,68,29.0,634.0
2025-07-10T17:00,28.9,75,27.1,481.0
2025-07-10T18:00,27.9,80,28.5,293.0
2025-07-10T19:00,27.2,84,26.7,109.0
2025-07-10T20:00,26.5,88,24.7,16.0
2025-07-10T21:00,26.2,90,26.5,0.0
2025-07-10T22:00,26.0,88,27.3,0.0
2025-07-10T23:00,25.8,88,26.7,0.0
2025-07-11T00:00,25.8,86,26.1,0.0
2025-07-11T01:00,25.7,87,25.7,0.0
2025-07-11T02:00,25.5,89,26.1,0.0
2025-07-11T03:00,25.3,91,27.5,0.0
2025-07-11T04:00,25.2,91,27.4,0.0
2025-07-11T05:00,25.0,91,27.2,0.0
2025-07-11T06:00,25.1,91,26.3,3.0
2025-07-11T07:00,25.0,94,28.3,47.0
2025-07-11T08:00,25.6,91,32.1,134.0
2025-07-11T09:00,26.5,87,31.1,232.0
2025-07-11T10:00,27.2,80,36.0,316.0
2025-07-11T11:00,27.2,81,34.3,333.0
2025-07-11T12:00,27.5,80,32.9,432.0
2025-07-11T13:00,27.6,81,34.5,515.0
2025-07-11T14:00,27.2,83,34.1,431.0
2025-07-11T15:00,27.1,83,32.3,305.0
2025-07-11T16:00,27.4,82,31.5,331.0
2025-07-11T17:00,27.4,82,30.1,308.0
2025-07-11T18:00,26.9,84,27.7,173.0
2025-07-11T19:00,26.4,88,25.9,97.0
2025-07-11T20:00,25.9,90,25.9,12.0
2025-07-11T21:00,25.7,93,26.7,0.0
2025-07-11T22:00,24.8,95,26.5,0.0
2025-07-11T23:00,24.8,94,26.4,0.0
2025-07-12T00:00,24.8,94,26.8,0.0
2025-07-12T01:00,24.6,94,26.4,0.0
2025-07-12T02:00,24.7,94,25.6,0.0
2025-07-12T03:00,24.6,96,27.6,0.0
2025-07-12T04:00,24.5,96,27.9,0.0
2025-07-12T05:00,24.6,95,26.2,0.0
2025-07-12T06:00,24.6,95,25.7,2.0
2025-07-12T07:00,24.7,95,26.7,33.0
2025-07-12T08:00,25.1,92,27.9,97.0
2025-07-12T09:00,25.6,90,27.6,142.0
2025-07-12T10:00,25.7,86,29.3,176.0
2025-07-12T11:00,26.4,84,29.2,241.0
2025-07-12T12:00,26.4,84,27.9,254.0
2025-07-12T13:00,26.6,83,26.4,308.0
2025-07-12T14:00,26.3,85,25.2,194.0
2025-07-12T15:00,25.8,88,24.9,138.0
2025-07-12T16:00,26.1,87,25.8,144.0
2025-07-12T17:00,26.3,86,24.2,137.0
2025-07-12T18:00,26.6,85,21.3,132.0
2025-07-12T19:00,26.5,87,16.7,56.0
2025-07-12T20:00,26.3,89,13.6,8.0
2025-07-12T21:00,26.1,90,13.5,0.0
2025-07-12T22:00,25.3,89,18.4,0.0
2025-07-12T23:00,25.4,88,14.2,0.0
2025-07-13T00:00,25.4,90,13.9,0.0
2025-07-13T01:00,25.0,94,14.7,0.0
2025-07-13T02:00,24.7,98,14.9,0.0
2025-07-13T03:00,24.6,99,15.3,0.0
2025-07-13T04:00,24.5,99,17.0,0.0
2025-07-13T05:00,24.6,99,18.4,0.0
2025-07-13T06:00,24.4,100,19.3,1.0
2025-07-13T07:00,24.3,99,20.0,12.0
2025-07-13T08:00,24.1,99,16.9,24.0
2025-07-13T09:00,24.0,99,16.4,37.0
2025-07-13T10:00,23.8,99,13.4,73.0
2025-07-13T11:00,23.7,99,13.1,164.0
2025-07-13T12:00,23.6,100,11.3,174.0
2025-07-13T13:00,24.0,97,11.9,306.0
2025-07-13T14:00,24.0,97,10.5,248.0
2025-07-13T15:00,24.4,95,9.6,350.0
2025-07-13T16:00,24.2,96,9.2,282.0
2025-07-13T17:00,24.1,96,3.6,124.0
2025-07-13T18:00,24.5,96,5.1,114.0
2025-07-13T19:00,24.6,96,1.9,64.0
2025-07-13T20:00,24.5,94,3.6,12.0
2025-07-13T21:00,24.0,96,3.9,0.0
2025-07-13T22:00,23.2,94,3.5,0.0
2025-07-13T23:00,23.2,95,1.1,0.0
2025-07-14T00:00,23.3,92,8.7,0.0
2025-07-14T01:00,23.2,92,13.7,0.0
2025-07-14T02:00,23.2,91,14.7,0.0
2025-07-14T03:00,23.2,90,12.6,0.0
2025-07-14T04:00,23.1,89,10.6,0.0
2025-07-14T05:00,22.9,89,7.9,0.0
2025-07-14T06:00,23.1,89,10.6,4.0
2025-07-14T07:00,24.4,87,14.3,89.0
2025-07-14T08:00,25.1,83,15.2,260.0
2025-07-14T09:00,25.8,80,16.2,448.0
2025-07-14T10:00,27.0,75,15.3,638.0
2025-07-14T11:00,27.3,77,18.5,780.0
2025-07-14T12:00,27.1,82,19.2,847.0
2025-07-14T13:00,26.4,88,18.9,886.0
2025-07-14T14:00,26.0,88,19.6,814.0
2025-07-14T15:00,25.7,88,21.6,667.0
2025-07-14T16:00,25.7,88,18.2,609.0
2025-07-14T17:00,25.3,87,18.5,411.0
2025-07-14T18:00,25.1,85,17.1,300.0
2025-07-14T19:00,24.9,86,16.3,138.0
2025-07-14T20:00,24.3,87,14.3,19.0
2025-07-14T21:00,24.0,87,14.2,0.0
2025-07-14T22:00,24.6,78,18.5,0.0
2025-07-14T23:00,24.5,76,21.2,0.0
2025-07-15T00:00,23.9,81,22.9,0.0
2025-07-15T01:00,24.0,82,22.5,0.0
2025-07-15T02:00,24.0,83,20.9,0.0
2025-07-15T03:00,23.4,89,17.6,0.0
2025-07-15T04:00,23.3,93,15.3,0.0
2025-07-15T05:00,23.4,94,14.1,0.0
2025-07-15T06:00,23.7,90,13.3,3.0
2025-07-15T07:00,23.9,88,12.4,55.0
2025-07-15T08:00,24.8,81,14.4,240.0
2025-07-15T09:00,25.6,77,15.8,400.0
2025-07-15T10:00,26.7,74,15.2,606.0
2025-07-15T11:00,26.8,75,16.0,681.0
2025-07-15T12:00,27.2,74,17.5,814.0
2025-07-15T13:00,27.4,73,19.3,868.0
2025-07-15T14:00,27.4,73,19.8,812.0
2025-07-15T15:00,27.8,70,19.5,771.0
2025-07-15T16:00,28.1,67,17.8,659.0
2025-07-15T17:00,27.9,67,15.5,407.0
2025-07-15T18:00,27.6,68,13.3,300.0
2025-07-15T19:00,26.8,74,11.8,130.0
2025-07-15T20:00,25.9,76,11.4,17.0
2025-07-15T21:00,25.0,81,11.8,0.0
2025-07-15T22:00,23.8,86,7.6,0.0
2025-07-15T23:00,23.5,85,5.4,0.0
2025-07-16T00:00,23.1,84,5.8,0.0
2025-07-16T01:00,23.4,83,4.4,0.0
2025-07-16T02:00,23.6,86,4.5,0.0
2025-07-16T03:00,23.9,87,5.6,0.0
2025-07-16T04:00,24.4,86,5.5,0.0
2025-07-16T05:00,24.3,87,5.3,0.0
2025-07-16T06:00,24.3,87,6.3,3.0
2025-07-16T07:00,25.5,84,7.7,46.0
2025-07-16T08:00,26.8,80,5.3,129.0
2025-07-16T09:00,28.3,73,5.8,363.0
2025-07-16T10:00,27.3,79,5.8,239.0
2025-07-16T11:00,26.6,89,9.6,176.0
2025-07-16T12:00,27.4,84,4.2,223.0
2025-07-16T13:00,28.2,76,3.8,295.0
2025-07-16T14:00,28.3,71,7.9,341.0
2025-07-16T15:00,28.2,70,7.4,327.0
2025-07-16T16:00,27.5,77,14.0,199.0
2025-07-16T17:00,27.6,77,14.2,152.0
2025-07-16T18:00,27.9,77,14.3,172.0
2025-07-16T19:00,27.4,80,12.2,61.0
2025-07-16T20:00,27.1,82,9.6,7.0
2025-07-16T21:00,27.1,83,7.6,0.0
2025-07-16T22:00,26.8,88,9.8,0.0
2025-07-16T23:00,26.9,89,1.8,0.0
2025-07-17T00:00,26.8,90,2.8,0.0
2025-07-17T01:00,27.5,87,6.0,0.0
2025-07-17T02:00,27.5,87,6.2,0.0
2025-07-17T03:00,27.1,89,6.9,0.0
2025-07-17T04:00,26.7,91,3.4,0.0
2025-07-17T05:00,27.0,89,4.9,0.0
2025-07-17T06:00,26.9,89,6.3,3.0
2025-07-17T07:00,27.6,89,5.9,48.0
2025-07-17T08:00,28.4,87,7.1,132.0
2025-07-17T09:00,29.1,83,8.1,208.0
2025-07-17T10:00,28.4,90,7.0,114.0
2025-07-17T11:00,28.3,89,7.4,191.0
2025-07-17T12:00,28.1,89,8.0,223.0
2025-07-17T13:00,27.6,93,4.4,267.0
2025-07-17T14:00,27.9,92,7.0,198.0
2025-07-17T15:00,28.6,87,8.5,348.0
2025-07-17T16:00,28.6,89,9.3,242.0
2025-07-17T17:00,28.2,88,5.7,171.0
2025-07-17T18:00,27.4,96,11.0,145.0
2025-07-17T19:00,26.4,98,5.4,101.0
2025-07-17T20:00,26.0,99,2.9,12.0
2025-07-17T21:00,26.1,96,3.8,0.0
2025-07-17T22:00,26.9,94,4.7,0.0
2025-07-17T23:00,26.2,99,4.0,0.0
2025-07-18T00:00,26.0,95,1.3,0.0
2025-07-18T01:00,25.7,97,0.2,0.0
2025-07-18T02:00,25.5,98,2.4,0.0
2025-07-18T03:00,25.2,98,2.5,0.0
2025-07-18T04:00,25.1,95,3.3,0.0
2025-07-18T05:00,25.1,93,3.9,0.0
2025-07-18T06:00,25.0,93,3.4,3.0
2025-07-18T07:00,26.2,94,4.2,77.0
2025-07-18T08:00,27.0,97,0.9,192.0
2025-07-18T09:00,28.1,94,5.1,418.0
2025-07-18T10:00,29.9,78,8.3,582.0
2025-07-18T11:00,30.7,74,5.5,681.0
2025-07-18T12:00,31.1,72,3.3,724.0
2025-07-18T13:00,30.9,74,4.9,689.0
2025-07-18T14:00,30.3,79,3.9,721.0
2025-07-18T15:00,29.9,80,4.9,472.0
2025-07-18T16:00,30.3,80,2.0,575.0
2025-07-18T17:00,30.1,79,1.1,404.0
2025-07-18T18:00,29.3,81,2.4,220.0
2025-07-18T19:00,28.6,86,2.7,87.0
2025-07-18T20:00,27.7,89,2.6,10.0
2025-07-18T21:00,26.7,95,3.7,0.0
2025-07-18T22:00,26.4,97,2.9,0.0
2025-07-18T23:00,26.2,98,5.5,0.0
2025-07-19T00:00,26.0,99,2.2,0.0
2025-07-19T01:00,26.1,98,3.7,0.0
2025-07-19T02:00,26.1,98,4.4,0.0
2025-07-19T03:00,26.2,97,3.8,0.0
2025-07-19T04:00,26.0,98,4.6,0.0
2025-07-19T05:00,26.0,97,3.8,0.0
2025-07-19T06:00,25.9,98,4.7,2.0
2025-07-19T07:00,26.2,99,4.2,27.0
2025-07-19T08:00,26.8,90,4.3,87.0
2025-07-19T09:00,26.7,96,2.8,130.0
2025-07-19T10:00,26.8,90,9.5,145.0
2025-07-19T11:00,27.5,87,6.2,267.0
2025-07-19T12:00,28.5,90,4.9,414.0
2025-07-19T13:00,28.2,90,4.0,378.0
2025-07-19T14:00,28.7,91,4.3,517.0
2025-07-19T15:00,28.6,89,5.4,438.0
2025-07-19T16:00,29.4,83,1.3,481.0
2025-07-19T17:00,29.2,82,3.9,400.0
2025-07-19T18:00,28.7,84,3.1,258.0
2025-07-19T19:00,28.1,85,3.6,88.0
2025-07-19T20:00,26.9,89,2.4,10.0
2025-07-19T21:00,26.9,87,2.8,0.0
2025-07-19T22:00,26.9,90,4.4,0.0
2025-07-19T23:00,26.5,92,2.9,0.0
2025-07-20T00:00,26.4,91,2.7,0.0
2025-07-20T01:00,25.9,93,3.8,0.0
2025-07-20T02:00,25.5,94,2.6,0.0
2025-07-20T03:00,25.7,92,5.5,0.0
2025-07-20T04:00,25.6,91,4.5,0.0
2025-07-20T05:00,25.3,91,4.3,0.0
2025-07-20T06:00,25.7,90,5.9,2.0
2025-07-20T07:00,26.7,89,5.9,57.0
2025-07-20T08:00,27.9,85,5.5,186.0
2025-07-20T09:00,28.9,81,8.5,355.0
2025-07-20T10:00,28.7,81,12.1,317.0
2025-07-20T11:00,28.1,85,6.6,142.0
2025-07-20T12:00,29.6,79,6.6,424.0
2025-07-20T13:00,30.7,74,7.8,716.0
2025-07-20T14:00,30.9,72,9.4,753.0
2025-07-20T15:00,30.8,72,8.5,625.0
2025-07-20T16:00,30.7,71,7.2,583.0
2025-07-20T17:00,30.2,72,5.6,442.0
2025-07-20T18:00,29.6,75,5.3,267.0
2025-07-20T19:00,28.7,81,3.9,115.0
2025-07-20T20:00,27.4,87,3.2,15.0
2025-07-20T21:00,27.3,86,4.1,0.0
2025-07-20T22:00,27.0,89,5.0,0.0
2025-07-20T23:00,26.9,89,5.3,0.0
2025-07-21T00:00,26.7,89,4.8,0.0
2025-07-21T01:00,26.5,89,3.1,0.0
2025-07-21T02:00,26.0,90,2.9,0.0
2025-07-21T03:00,26.1,89,3.2,0.0
2025-07-21T04:00,26.2,89,2.9,0.0
2025-07-21T05:00,25.9,90,2.6,0.0
2025-07-21T06:00,25.5,91,2.7,3.0
2025-07-21T07:00,27.1,88,4.3,80.0
2025-07-21T08:00,28.2,85,2.1,171.0
2025-07-21T09:00,29.3,82,0.4,393.0
2025-07-21T10:00,29.8,83,4.7,560.0
2025-07-21T11:00,29.0,91,3.1,522.0
2025-07-21T12:00,29.0,91,4.6,562.0
2025-07-21T13:00,29.5,92,7.5,821.0
2025-07-21T14:00,29.4,82,6.3,831.0
2025-07-21T15:00,29.4,86,7.1,747.0
2025-07-21T16:00,29.4,84,6.1,593.0
2025-07-21T17:00,29.5,82,5.1,477.0
2025-07-21T18:00,29.2,86,2.3,312.0
2025-07-21T19:00,28.8,86,2.3,137.0
2025-07-21T20:00,27.0,90,2.6,16.0
2025-07-21T21:00,26.3,91,2.6,0.0
2025-07-21T22:00,26.0,95,3.1,0.0
2025-07-21T23:00,25.7,95,3.6,0.0
2025-07-22T00:00,25.5,94,4.0,0.0
2025-07-22T01:00,25.3,94,4.3,0.0
2025-07-22T02:00,25.0,95,4.2,0.0
2025-07-22T03:00,24.6,96,3.1,0.0
2025-07-22T04:00,24.2,95,2.0,0.0
2025-07-22T05:00,24.3,91,1.8,0.0
2025-07-22T06:00,24.5,88,1.7,3.0
2025-07-22T07:00,26.1,87,3.0,88.0
2025-07-22T08:00,27.9,85,0.8,257.0
2025-07-22T09:00,29.0,78,2.2,432.0
2025-07-22T10:00,29.2,81,2.5,554.0
2025-07-22T11:00,29.6,79,1.7,640.0
2025-07-22T12:00,30.2,74,1.7,764.0
2025-07-22T13:00,30.2,74,3.2,775.0
2025-07-22T14:00,30.2,76,4.1,758.0
2025-07-22T15:00,30.1,76,2.7,726.0
2025-07-22T16:00,30.0,76,3.1,620.0
2025-07-22T17:00,29.7,75,2.4,506.0
2025-07-22T18:00,29.2,80,0.5,329.0
2025-07-22T19:00,28.4,86,0.9,144.0
2025-07-22T20:00,26.1,92,2.2,17.0
2025-07-22T21:00,25.4,90,2.6,0.0
2025-07-22T22:00,25.6,87,5.3,0.0
2025-07-22T23:00,25.1,86,4.0,0.0
2025-07-23T00:00,24.8,84,4.2,0.0
2025-07-23T01:00,24.6,83,3.7,0.0
2025-07-23T02:00,24.6,83,2.6,0.0
2025-07-23T03:00,24.3,85,1.1,0.0
2025-07-23T04:00,24.3,84,0.9,0.0
2025-07-23T05:00,24.6,81,0.4,0.0
2025-07-23T06:00,24.8,82,1.3,2.0
2025-07-23T07:00,26.8,79,1.5,86.0
2025-07-23T08:00,28.0,77,3.4,260.0
2025-07-23T09:00,28.7,79,8.4,449.0
2025-07-23T10:00,29.5,78,12.8,575.0
2025-07-23T11:00,29.9,77,15.7,687.0
2025-07-23T12:00,30.2,77,17.8,755.0
2025-07-23T13:00,30.8,74,18.0,839.0
2025-07-23T14:00,31.0,72,18.1,857.0
2025-07-23T15:00,31.1,71,16.6,816.0
2025-07-23T16:00,30.8,71,15.3,691.0
2025-07-23T17:00,30.5,71,13.4,528.0
2025-07-23T18:00,29.8,73,11.9,339.0
2025-07-23T19:00,28.6,79,9.5,146.0
2025-07-23T20:00,27.2,83,6.8,16.0
2025-07-23T21:00,26.4,84,5.5,0.0
2025-07-23T22:00,26.1,83,3.7,0.0
2025-07-23T23:00,25.9,82,3.3,0.0
2025-07-24T00:00,25.8,81,3.8,0.0
2025-07-24T01:00,25.5,80,3.6,0.0
2025-07-24T02:00,24.8,79,1.8,0.0
2025-07-24T03:00,24.9,75,2.4,0.0
2025-07-24T04:00,25.1,72,4.6,0.0
2025-07-24T05:00,25.6,70,5.8,0.0
2025-07-24T06:00,25.8,71,6.9,2.0
2025-07-24T07:00,26.7,75,8.5,88.0
2025-07-24T08:00,27.9,74,9.4,269.0
2025-07-24T09:00,28.7,73,11.7,471.0
2025-07-24T10:00,29.9,73,12.4,653.0
2025-07-24T11:00,30.6,70,14.7,791.0
2025-07-24T12:00,30.9,70,16.8,878.0
2025-07-24T13:00,31.1,69,18.3,934.0
2025-07-24T14:00,31.1,69,18.2,915.0
2025-07-24T15:00,31.2,67,17.8,837.0
2025-07-24T16:00,31.2,64,16.1,708.0
2025-07-24T17:00,30.8,66,14.1,535.0
2025-07-24T18:00,29.9,71,13.0,341.0
2025-07-24T19:00,28.8,78,11.5,146.0
2025-07-24T20:00,27.8,80,10.1,16.0
2025-07-24T21:00,27.6,74,10.7,0.0
2025-07-24T22:00,27.7,69,10.4,0.0
2025-07-24T23:00,27.4,65,9.3,0.0
2025-07-25T00:00,27.2,64,8.7,0.0
2025-07-25T01:00,26.9,65,7.4,0.0
2025-07-25T02:00,26.8,68,8.8,0.0
2025-07-25T03:00,26.7,71,9.8,0.0
2025-07-25T04:00,26.5,76,9.6,0.0
2025-07-25T05:00,26.5,79,9.8,0.0
2025-07-25T06:00,26.5,83,12.0,2.0
2025-07-25T07:00,27.5,88,14.4,82.0
2025-07-25T08:00,28.5,85,16.1,255.0
2025-07-25T09:00,29.3,80,17.6,450.0
2025-07-25T10:00,29.5,77,18.3,594.0
2025-07-25T11:00,29.7,81,21.2,714.0
2025-07-25T12:00,30.0,87,23.1,772.0
2025-07-25T13:00,30.6,79,24.0,834.0
2025-07-25T14:00,31.2,68,23.6,818.0
2025-07-25T15:00,31.6,65,21.6,792.0
2025-07-25T16:00,31.4,65,19.5,684.0
2025-07-25T17:00,30.8,68,17.8,525.0
2025-07-25T18:00,30.1,72,15.9,331.0
2025-07-25T19:00,29.0,81,14.4,140.0
2025-07-25T20:00,27.9,87,13.5,15.0
2025-07-25T21:00,27.5,86,13.3,0.0
2025-07-25T22:00,27.3,87,15.2,0.0
2025-07-25T23:00,27.4,88,15.5,0.0
2025-07-26T00:00,27.4,88,14.9,0.0
2025-07-26T01:00,27.5,85,15.0,0.0
2025-07-26T02:00,27.2,88,13.2,0.0
2025-07-26T03:00,26.7,92,9.2,0.0
2025-07-26T04:00,26.3,92,8.7,0.0
2025-07-26T05:00,26.3,89,9.6,0.0
2025-07-26T06:00,26.5,86,11.1,2.0
2025-07-26T07:00,27.7,84,12.2,82.0
2025-07-26T08:00,29.1,80,15.7,257.0
2025-07-26T09:00,29.8,75,18.6,450.0
2025-07-26T10:00,29.5,83,20.3,580.0
2025-07-26T11:00,30.1,78,24.4,746.0
2025-07-26T12:00,30.5,79,22.7,842.0
2025-07-26T13:00,30.4,79,22.3,867.0
2025-07-26T14:00,30.4,80,23.0,845.0
2025-07-26T15:00,30.3,82,22.6,759.0
2025-07-26T16:00,30.2,82,21.8,651.0
2025-07-26T17:00,29.8,81,20.0,506.0
2025-07-26T18:00,29.4,80,18.6,325.0
2025-07-26T19:00,28.7,84,16.4,137.0
2025-07-26T20:00,28.2,86,17.0,14.0
2025-07-26T21:00,28.1,87,18.3,0.0
2025-07-26T22:00,28.1,87,19.1,0.0
2025-07-26T23:00,28.0,87,18.0,0.0
2025-07-27T00:00,28.0,88,16.1,0.0
2025-07-27T01:00,27.8,90,15.3,0.0
2025-07-27T02:00,27.5,92,13.1,0.0
2025-07-27T03:00,27.4,92,11.4,0.0
2025-07-27T04:00,27.3,88,17.3,0.0
2025-07-27T05:00,27.1,86,17.4,0.0
2025-07-27T06:00,26.7,87,19.0,1.0
2025-07-27T07:00,27.2,87,21.3,59.0
2025-07-27T08:00,27.6,86,22.5,161.0
2025-07-27T09:00,27.5,88,21.8,262.0
2025-07-27T10:00,29.3,74,26.1,496.0
2025-07-27T11:00,29.6,72,26.5,658.0
2025-07-27T12:00,30.0,70,24.1,765.0
2025-07-27T13:00,30.3,69,22.4,799.0
2025-07-27T14:00,30.2,69,23.5,811.0
2025-07-27T15:00,30.4,72,24.8,742.0
2025-07-27T16:00,30.3,71,23.8,656.0
2025-07-27T17:00,30.1,71,20.5,465.0
2025-07-27T18:00,29.2,79,20.3,262.0
2025-07-27T19:00,28.6,82,18.6,93.0
2025-07-27T20:00,28.2,82,15.8,10.0
2025-07-27T21:00,27.8,86,12.7,0.0
2025-07-27T22:00,26.9,89,11.5,0.0
2025-07-27T23:00,26.3,89,6.8,0.0
2025-07-28T00:00,25.7,92,6.9,0.0
2025-07-28T01:00,25.7,90,7.2,0.0
2025-07-28T02:00,25.7,90,7.0,0.0
2025-07-28T03:00,25.7,89,8.1,0.0
2025-07-28T04:00,25.5,90,8.3,0.0
2025-07-28T05:00,25.2,90,9.3,0.0
2025-07-28T06:00,25.5,89,9.7,1.0
2025-07-28T07:00,26.5,89,10.7,74.0
2025-07-28T08:00,27.8,89,12.0,240.0
2025-07-28T09:00,29.1,78,15.3,451.0
2025-07-28T10:00,30.3,70,14.9,617.0
2025-07-28T11:00,31.1,62,16.5,775.0
2025-07-28T12:00,31.8,57,17.5,896.0
2025-07-28T13:00,31.6,59,17.9,939.0
2025-07-28T14:00,31.7,60,16.9,918.0
2025-07-28T15:00,30.9,72,17.5,836.0
2025-07-28T16:00,30.4,73,17.1,702.0
2025-07-28T17:00,30.3,70,16.0,529.0
2025-07-28T18:00,29.9,69,14.2,333.0
2025-07-28T19:00,29.0,75,12.1,140.0
2025-07-28T20:00,27.9,77,10.4,14.0
2025-07-28T21:00,27.1,77,8.0,0.0
2025-07-28T22:00,27.1,70,9.9,0.0
2025-07-28T23:00,25.9,74,5.8,0.0
2025-07-29T00:00,24.9,75,4.0,0.0
2025-07-29T01:00,24.4,73,2.5,0.0
2025-07-29T02:00,24.3,71,2.3,0.0
2025-07-29T03:00,24.6,70,3.7,0.0
2025-07-29T04:00,24.8,71,4.7,0.0
2025-07-29T05:00,25.0,72,5.9,0.0
2025-07-29T06:00,25.0,74,6.0,1.0
2025-07-29T07:00,26.3,76,7.7,82.0
2025-07-29T08:00,28.3,74,10.1,258.0
2025-07-29T09:00,29.3,74,13.9,464.0
2025-07-29T10:00,30.2,71,16.3,613.0
2025-07-29T11:00,30.8,68,18.8,753.0
2025-07-29T12:00,31.4,64,20.5,882.0
2025-07-29T13:00,32.0,61,20.3,936.0
2025-07-29T14:00,32.2,60,18.5,884.0
2025-07-29T15:00,32.1,59,17.1,829.0
2025-07-29T16:00,31.7,61,15.3,692.0
2025-07-29T17:00,31.0,63,15.2,512.0
2025-07-29T18:00,30.1,66,12.3,318.0
2025-07-29T19:00,28.7,76,10.3,115.0
2025-07-29T20:00,27.4,81,9.7,10.0
2025-07-29T21:00,26.9,82,9.1,0.0
2025-07-29T22:00,27.1,77,8.3,0.0
2025-07-29T23:00,26.7,80,7.3,0.0
2025-07-30T00:00,25.9,86,5.8,0.0
2025-07-30T01:00,25.4,88,7.3,0.0
2025-07-30T02:00,25.5,88,8.2,0.0
2025-07-30T03:00,25.2,91,10.5,0.0
2025-07-30T04:00,24.8,91,11.2,0.0
2025-07-30T05:00,24.8,92,15.2,0.0
2025-07-30T06:00,25.4,91,14.9,1.0
2025-07-30T07:00,26.1,89,15.5,56.0
2025-07-30T08:00,27.5,83,18.6,185.0
2025-07-30T09:00,28.7,72,20.7,302.0
2025-07-30T10:00,28.1,76,22.9,131.0
2025-07-30T11:00,28.8,70,22.3,252.0
2025-07-30T12:00,30.4,62,25.5,648.0
2025-07-30T13:00,30.0,64,23.5,432.0
2025-07-30T14:00,30.0,64,23.6,462.0
2025-07-30T15:00,29.3,65,20.1,334.0
2025-07-30T16:00,29.2,64,17.9,351.0
2025-07-30T17:00,28.9,67,16.7,281.0
2025-07-30T18:00,28.6,72,14.9,172.0
2025-07-30T19:00,28.1,76,12.7,97.0
2025-07-30T20:00,27.3,80,10.7,8.0
2025-07-30T21:00,27.2,80,10.3,0.0
2025-07-30T22:00,27.2,85,8.6,0.0
2025-07-30T23:00,27.1,85,7.6,0.0
2025-07-31T00:00,27.0,85,6.7,0.0
2025-07-31T01:00,26.9,86,7.3,0.0
2025-07-31T02:00,26.8,86,7.9,0.0
2025-07-31T03:00,26.7,85,5.9,0.0
2025-07-31T04:00,26.5,85,6.1,0.0
2025-07-31T05:00,26.3,86,7.1,0.0
2025-07-31T06:00,26.3,86,8.5,1.0
2025-07-31T07:00,27.0,84,9.1,49.0
2025-07-31T08:00,28.2,80,8.3,169.0
2025-07-31T09:00,29.4,75,7.3,369.0
2025-07-31T10:00,30.3,68,8.3,498.0
2025-07-31T11:00,31.1,63,8.6,617.0
2025-07-31T12:00,31.8,59,9.0,752.0
2025-07-31T13:00,32.1,57,10.5,789.0
2025-07-31T14:00,32.1,56,12.5,796.0
2025-07-31T15:00,32.1,56,13.0,778.0
2025-07-31T16:00,31.7,57,13.1,655.0
2025-07-31T17:00,31.1,60,11.6,458.0
2025-07-31T18:00,30.2,64,10.2,267.0
2025-07-31T19:00,29.3,69,7.7,116.0
2025-07-31T20:00,27.7,79,5.5,11.0
2025-07-31T21:00,26.6,84,5.6,0.0
2025-07-31T22:00,26.7,81,6.5,0.0
2025-07-31T23:00,26.4,82,3.5,0.0
2025-08-01T00:00,26.9,79,3.5,0.0
2025-08-01T01:00,27.2,78,6.7,0.0
2025-08-01T02:00,27.4,76,9.3,0.0
2025-08-01T03:00,27.1,78,9.3,0.0
2025-08-01T04:00,26.7,80,8.6,0.0
2025-08-01T05:00,26.3,80,7.1,0.0
2025-08-01T06:00,26.1,79,5.9,1.0
2025-08-01T07:00,27.4,77,6.6,75.0
2025-08-01T08:00,29.4,69,7.0,253.0
2025-08-01T09:00,30.5,65,9.9,452.0
2025-08-01T10:00,31.7,64,13.2,630.0
2025-08-01T11:00,32.3,59,15.8,769.0
2025-08-01T12:00,32.4,61,17.4,859.0
2025-08-01T13:00,32.7,61,18.5,902.0
2025-08-01T14:00,32.7,62,18.1,815.0
2025-08-01T15:00,32.8,59,17.3,675.0
2025-08-01T16:00,32.8,58,14.1,553.0
2025-08-01T17:00,32.8,55,9.7,451.0
2025-08-01T18:00,32.3,55,6.1,302.0
2025-08-01T19:00,31.0,73,0.3,118.0
2025-08-01T20:00,29.0,74,3.0,10.0
2025-08-01T21:00,28.6,78,5.0,0.0
2025-08-01T22:00,27.7,79,4.4,0.0
2025-08-01T23:00,27.2,81,3.2,0.0
2025-08-02T00:00,26.4,86,0.5,0.0
2025-08-02T01:00,26.4,85,1.8,0.0
2025-08-02T02:00,26.8,86,1.8,0.0
2025-08-02T03:00,26.3,90,2.8,0.0
2025-08-02T04:00,26.6,86,4.6,0.0
2025-08-02T05:00,26.7,80,6.0,0.0
2025-08-02T06:00,26.5,78,6.3,1.0
2025-08-02T07:00,27.5,78,8.8,75.0
2025-08-02T08:00,28.7,79,6.0,255.0
2025-08-02T09:00,30.1,71,3.3,458.0
2025-08-02T10:00,30.8,69,6.4,644.0
2025-08-02T11:00,30.6,77,8.8,789.0
2025-08-02T12:00,30.7,79,8.6,893.0
2025-08-02T13:00,30.9,77,8.1,929.0
2025-08-02T14:00,30.9,76,7.1,879.0
2025-08-02T15:00,30.4,78,7.4,737.0
2025-08-02T16:00,29.8,81,6.8,619.0
2025-08-02T17:00,29.6,83,6.0,461.0
2025-08-02T18:00,29.2,85,5.8,294.0
2025-08-02T19:00,28.5,88,4.5,126.0
2025-08-02T20:00,27.7,92,5.0,10.0
2025-08-02T21:00,27.1,93,3.1,0.0
2025-08-02T22:00,26.6,94,0.2,0.0
2025-08-02T23:00,26.2,94,0.6,0.0
2025-08-03T00:00,25.8,95,1.5,0.0
2025-08-03T01:00,26.4,93,4.5,0.0
2025-08-03T02:00,26.2,89,1.1,0.0
2025-08-03T03:00,25.8,88,0.6,0.0
2025-08-03T04:00,25.9,84,1.1,0.0
2025-08-03T05:00,26.4,80,1.1,0.0
2025-08-03T06:00,26.4,78,1.8,0.0
2025-08-03T07:00,27.0,80,2.7,18.0
2025-08-03T08:00,28.2,80,2.5,101.0
2025-08-03T09:00,28.5,81,0.9,130.0
2025-08-03T10:00,27.4,95,1.8,129.0
2025-08-03T11:00,27.9,96,5.6,191.0
2025-08-03T12:00,28.4,92,4.4,285.0
2025-08-03T13:00,28.8,88,6.0,446.0
2025-08-03T14:00,28.9,87,3.7,322.0
2025-08-03T15:00,29.0,86,2.8,349.0
2025-08-03T16:00,29.0,87,5.6,296.0
2025-08-03T17:00,29.0,85,3.5,254.0
2025-08-03T18:00,29.0,87,4.1,137.0
2025-08-03T19:00,28.1,95,2.3,51.0
2025-08-03T20:00,27.7,96,3.4,4.0
2025-08-03T21:00,27.6,97,1.5,0.0
2025-08-03T22:00,27.9,92,7.4,0.0
2025-08-03T23:00,27.7,93,4.3,0.0
2025-08-04T00:00,27.7,93,6.6,0.0
2025-08-04T01:00,27.9,89,11.8,0.0
2025-08-04T02:00,28.0,89,11.5,0.0
2025-08-04T03:00,27.9,89,16.6,0.0
2025-08-04T04:00,28.0,90,19.1,0.0
2025-08-04T05:00,28.1,89,14.0,0.0
2025-08-04T06:00,27.9,90,14.3,0.0
2025-08-04T07:00,28.3,89,13.6,43.0
2025-08-04T08:00,28.9,91,12.0,126.0
2025-08-04T09:00,29.0,88,12.9,175.0
2025-08-04T10:00,30.0,82,15.4,364.0
2025-08-04T11:00,30.4,80,17.0,407.0
2025-08-04T12:00,30.9,79,14.2,533.0
2025-08-04T13:00,31.0,80,12.8,558.0
2025-08-04T14:00,31.0,76,14.1,578.0
2025-08-04T15:00,31.4,78,9.5,531.0
2025-08-04T16:00,31.6,75,5.5,383.0
2025-08-04T17:00,31.5,74,9.2,425.0
2025-08-04T18:00,30.6,78,8.4,222.0
2025-08-04T19:00,29.6,84,7.4,80.0
2025-08-04T20:00,28.9,87,6.9,4.0
2025-08-04T21:00,28.6,87,7.8,0.0
2025-08-04T22:00,28.6,88,4.7,0.0
2025-08-04T23:00,28.3,88,3.4,0.0
2025-08-05T00:00,28.2,88,3.8,0.0
2025-08-05T01:00,28.1,88,3.7,0.0
2025-08-05T02:00,27.9,88,3.6,0.0
2025-08-05T03:00,27.9,88,4.1,0.0
2025-08-05T04:00,27.7,89,3.0,0.0
2025-08-05T05:00,27.6,89,2.9,0.0
2025-08-05T06:00,27.6,88,2.9,0.0
2025-08-05T07:00,28.7,86,3.1,42.0
2025-08-05T08:00,29.4,83,0.5,155.0
2025-08-05T09:00,30.0,81,1.1,282.0
2025-08-05T10:00,30.7,78,9.3,429.0
2025-08-05T11:00,30.8,76,20.7,454.0
2025-08-05T12:00,31.4,71,26.6,649.0
2025-08-05T13:00,31.9,67,28.0,816.0
2025-08-05T14:00,32.0,66,26.1,812.0
2025-08-05T15:00,32.0,64,23.4,704.0
2025-08-05T16:00,31.7,65,18.5,593.0
2025-08-05T17:00,31.3,66,13.2,433.0
2025-08-05T18:00,30.8,69,7.3,278.0
2025-08-05T19:00,29.8,77,2.5,118.0
2025-08-05T20:00,28.2,83,2.9,8.0
2025-08-05T21:00,27.7,86,2.8,0.0
2025-08-05T22:00,28.0,85,2.4,0.0
2025-08-05T23:00,28.1,86,1.9,0.0
2025-08-06T00:00,28.1,86,2.5,0.0
2025-08-06T01:00,28.3,86,0.5,0.0
2025-08-06T02:00,28.2,86,3.1,0.0
2025-08-06T03:00,28.0,85,8.4,0.0
2025-08-06T04:00,28.1,81,10.7,0.0
2025-08-06T05:00,27.9,81,12.1,0.0
2025-08-06T06:00,27.7,83,13.9,0.0
2025-08-06T07:00,28.1,82,13.4,45.0
2025-08-06T08:00,29.0,79,10.9,174.0
2025-08-06T09:00,29.6,78,14.3,360.0
2025-08-06T10:00,29.9,78,19.0,362.0
2025-08-06T11:00,30.6,74,24.3,559.0
2025-08-06T12:00,30.5,73,23.2,436.0
2025-08-06T13:00,30.6,74,23.1,530.0
2025-08-06T14:00,31.3,73,24.6,595.0
2025-08-06T15:00,31.0,74,24.3,585.0
2025-08-06T16:00,30.4,76,21.9,436.0
2025-08-06T17:00,30.3,79,22.9,317.0
2025-08-06T18:00,29.9,79,23.1,197.0
2025-08-06T19:00,29.1,82,21.8,72.0
2025-08-06T20:00,28.9,83,20.7,5.0
2025-08-06T21:00,28.9,81,20.8,0.0
2025-08-06T22:00,29.1,85,19.8,0.0
2025-08-06T23:00,29.1,85,20.0,0.0
2025-08-07T00:00,28.9,85,22.2,0.0
2025-08-07T01:00,28.5,88,24.1,0.0
2025-08-07T02:00,28.2,88,28.2,0.0
2025-08-07T03:00,27.2,93,29.7,0.0
2025-08-07T04:00,27.3,93,26.9,0.0
2025-08-07T05:00,27.6,91,27.3,0.0
2025-08-07T06:00,27.4,92,25.1,0.0
2025-08-07T07:00,27.6,91,23.1,31.0
2025-08-07T08:00,27.9,93,21.0,96.0
2025-08-07T09:00,28.1,91,18.7,222.0
2025-08-07T10:00,29.7,80,16.0,269.0
2025-08-07T11:00,30.3,76,16.7,540.0
2025-08-07T12:00,30.3,78,17.1,653.0
2025-08-07T13:00,29.7,82,17.1,465.0
2025-08-07T14:00,30.0,81,17.0,476.0
2025-08-07T15:00,30.1,82,17.7,493.0
2025-08-07T16:00,29.7,84,17.6,432.0
2025-08-07T17:00,29.6,84,17.7,335.0
2025-08-07T18:00,28.9,87,16.8,81.0
2025-08-07T19:00,28.3,90,15.5,30.0
2025-08-07T20:00,27.8,92,16.0,3.0
2025-08-07T21:00,27.8,90,14.7,0.0
2025-08-07T22:00,28.2,90,9.3,0.0
2025-08-07T23:00,27.6,95,12.4,0.0
2025-08-08T00:00,27.6,95,10.8,0.0
2025-08-08T01:00,27.3,97,11.2,0.0
2025-08-08T02:00,27.4,95,10.9,0.0
2025-08-08T03:00,26.9,95,10.7,0.0
2025-08-08T04:00,26.6,93,10.9,0.0
2025-08-08T05:00,26.6,93,8.1,0.0
2025-08-08T06:00,26.4,91,9.1,0.0
2025-08-08T07:00,26.5,93,7.6,19.0
2025-08-08T08:00,26.8,92,7.4,76.0
2025-08-08T09:00,27.5,89,7.5,278.0
2025-08-08T10:00,27.8,89,4.2,155.0
2025-08-08T11:00,28.9,83,4.7,482.0
2025-08-08T12:00,29.6,78,6.0,658.0
2025-08-08T13:00,29.3,79,9.6,594.0
2025-08-08T14:00,28.8,84,8.3,790.0
2025-08-08T15:00,29.3,79,11.4,695.0
2025-08-08T16:00,29.7,72,12.2,591.0
2025-08-08T17:00,29.2,71,7.2,304.0
2025-08-08T18:00,28.8,72,4.0,142.0
2025-08-08T19:00,28.2,73,4.1,67.0
2025-08-08T20:00,27.0,81,2.2,5.0
2025-08-08T21:00,27.3,81,0.2,0.0
2025-08-08T22:00,27.1,93,2.8,0.0
2025-08-08T23:00,26.9,94,1.0,0.0
2025-08-09T00:00,26.4,96,2.1,0.0
2025-08-09T01:00,26.3,95,2.7,0.0
2025-08-09T02:00,25.7,99,6.4,0.0
2025-08-09T03:00,25.5,99,3.3,0.0
2025-08-09T04:00,25.6,99,4.6,0.0
2025-08-09T05:00,25.6,99,3.4,0.0
2025-08-09T06:00,25.7,98,1.3,0.0
2025-08-09T07:00,26.2,97,2.0,19.0
2025-08-09T08:00,26.8,93,1.5,77.0
2025-08-09T09:00,26.9,94,4.0,109.0
2025-08-09T10:00,28.7,90,7.1,197.0
2025-08-09T11:00,29.7,89,7.2,362.0
2025-08-09T12:00,28.9,89,12.0,361.0
2025-08-09T13:00,27.4,95,10.2,193.0
2025-08-09T14:00,27.9,96,9.3,224.0
2025-08-09T15:00,27.4,95,11.9,167.0
2025-08-09T16:00,27.8,97,11.5,109.0
2025-08-09T17:00,28.4,88,9.4,189.0
2025-08-09T18:00,29.2,89,9.8,123.0
2025-08-09T19:00,29.0,87,13.4,43.0
2025-08-09T20:00,28.9,84,16.3,3.0
2025-08-09T21:00,28.6,85,13.0,0.0
2025-08-09T22:00,27.6,91,18.0,0.0
2025-08-09T23:00,27.6,91,11.3,0.0
2025-08-10T00:00,27.6,90,13.5,0.0
2025-08-10T01:00,27.6,90,16.7,0.0
2025-08-10T02:00,27.8,89,21.4,0.0
2025-08-10T03:00,28.3,86,25.0,0.0
2025-08-10T04:00,28.3,86,29.1,0.0
2025-08-10T05:00,27.8,86,31.2,0.0
2025-08-10T06:00,27.3,90,29.9,0.0
2025-08-10T07:00,27.6,91,33.7,11.0
2025-08-10T08:00,27.7,91,37.4,21.0
2025-08-10T09:00,28.2,88,39.3,103.0
2025-08-10T10:00,27.4,90,34.7,240.0
2025-08-10T11:00,28.9,85,33.0,562.0
2025-08-10T12:00,29.0,81,29.3,580.0
2025-08-10T13:00,28.8,80,25.9,406.0
2025-08-10T14:00,28.4,84,24.7,478.0
2025-08-10T15:00,27.8,86,23.2,357.0
2025-08-10T16:00,27.6,87,21.3,167.0
2025-08-10T17:00,27.4,89,18.9,235.0
2025-08-10T18:00,27.0,89,17.1,172.0
2025-08-10T19:00,26.5,91,14.5,62.0
2025-08-10T20:00,25.9,93,12.6,2.0
2025-08-10T21:00,25.7,91,10.7,0.0
2025-08-10T22:00,25.2,96,10.1,0.0
2025-08-10T23:00,25.3,89,9.7,0.0
2025-08-11T00:00,25.3,86,8.1,0.0
2025-08-11T01:00,25.6,85,8.3,0.0
2025-08-11T02:00,25.5,87,7.2,0.0
2025-08-11T03:00,25.4,88,6.3,0.0
2025-08-11T04:00,25.2,89,7.7,0.0
2025-08-11T05:00,25.4,89,8.7,0.0
2025-08-11T06:00,24.6,97,6.2,0.0
2025-08-11T07:00,24.6,99,3.8,14.0
2025-08-11T08:00,25.4,96,0.6,79.0
2025-08-11T09:00,25.5,98,2.3,69.0
2025-08-11T10:00,25.9,93,3.6,44.0
2025-08-11T11:00,26.5,93,2.0,36.0
2025-08-11T12:00,26.4,95,2.7,67.0
2025-08-11T13:00,27.2,88,4.3,140.0
2025-08-11T14:00,28.0,89,8.0,236.0
2025-08-11T15:00,27.9,91,4.2,162.0
2025-08-11T16:00,28.0,91,2.7,174.0
2025-08-11T17:00,27.2,94,6.2,213.0
2025-08-11T18:00,26.5,95,11.0,72.0
2025-08-11T19:00,26.2,95,10.5,21.0
2025-08-11T20:00,26.0,95,6.2,2.0
2025-08-11T21:00,25.9,95,7.7,0.0
2025-08-11T22:00,25.8,93,7.4,0.0
2025-08-11T23:00,25.8,93,8.3,0.0
2025-08-12T00:00,26.6,90,5.4,0.0
2025-08-12T01:00,26.6,91,7.5,0.0
2025-08-12T02:00,26.7,91,5.6,0.0
2025-08-12T03:00,26.1,95,6.2,0.0
2025-08-12T04:00,25.4,95,3.8,0.0
2025-08-12T05:00,25.6,94,3.9,0.0
2025-08-12T06:00,25.7,95,6.8,0.0
2025-08-12T07:00,25.5,97,3.9,9.0
2025-08-12T08:00,25.7,99,6.3,74.0
2025-08-12T09:00,26.1,95,6.5,80.0
2025-08-12T10:00,27.4,95,4.3,45.0
2025-08-12T11:00,28.3,92,6.8,113.0
2025-08-12T12:00,28.9,90,3.1,308.0
2025-08-12T13:00,27.8,94,10.7,201.0
2025-08-12T14:00,29.9,83,5.4,511.0
2025-08-12T15:00,29.5,83,1.5,275.0
2025-08-12T16:00,29.6,83,2.8,361.0
2025-08-12T17:00,29.0,88,4.1,270.0
2025-08-12T18:00,28.6,92,3.8,220.0
2025-08-12T19:00,28.2,95,3.5,94.0
2025-08-12T20:00,26.8,98,2.4,4.0
2025-08-12T21:00,27.1,95,2.6,0.0
2025-08-12T22:00,26.9,90,2.7,0.0
2025-08-12T23:00,26.7,90,4.0,0.0
2025-08-13T00:00,27.1,89,3.3,0.0
2025-08-13T01:00,26.9,90,2.9,0.0
2025-08-13T02:00,26.4,90,3.1,0.0
2025-08-13T03:00,25.9,91,3.2,0.0
2025-08-13T04:00,25.9,91,2.3,0.0
2025-08-13T05:00,26.1,90,2.5,0.0
2025-08-13T06:00,26.2,89,2.1,0.0
2025-08-13T07:00,27.5,86,2.1,43.0
2025-08-13T08:00,28.0,89,2.9,165.0
2025-08-13T09:00,28.8,86,3.8,336.0
2025-08-13T10:00,30.1,77,0.8,528.0
2025-08-13T11:00,30.8,72,1.6,651.0
2025-08-13T12:00,30.9,73,2.7,681.0
2025-08-13T13:00,31.2,71,2.0,724.0
2025-08-13T14:00,31.2,71,2.6,695.0
2025-08-13T15:00,31.3,71,3.9,736.0
2025-08-13T16:00,31.0,75,4.2,606.0
2025-08-13T17:00,30.4,80,7.1,464.0
2025-08-13T18:00,29.7,84,6.0,283.0
2025-08-13T19:00,28.8,91,2.2,94.0
2025-08-13T20:00,27.3,95,0.3,4.0
2025-08-13T21:00,26.7,94,2.0,0.0
2025-08-13T22:00,27.0,93,3.3,0.0
2025-08-13T23:00,27.0,90,5.1,0.0
2025-08-14T00:00,26.5,90,5.8,0.0
2025-08-14T01:00,26.6,90,3.4,0.0
2025-08-14T02:00,26.8,89,2.6,0.0
2025-08-14T03:00,26.9,88,1.7,0.0
2025-08-14T04:00,26.3,89,1.3,0.0
2025-08-14T05:00,26.0,89,3.6,0.0
2025-08-14T06:00,25.5,89,2.8,0.0
2025-08-14T07:00,26.8,87,1.5,50.0
2025-08-14T08:00,28.1,87,3.5,200.0
2025-08-14T09:00,28.7,86,5.8,391.0
2025-08-14T10:00,29.5,84,7.2,548.0
2025-08-14T11:00,29.4,86,7.4,702.0
2025-08-14T12:00,29.9,82,7.9,760.0
2025-08-14T13:00,29.4,85,9.5,856.0
2025-08-14T14:00,28.8,86,7.2,790.0
2025-08-14T15:00,29.0,85,6.5,717.0
2025-08-14T16:00,28.8,87,5.1,599.0
2025-08-14T17:00,29.1,85,4.1,414.0
2025-08-14T18:00,28.7,88,5.8,222.0
2025-08-14T19:00,27.9,92,4.2,90.0
2025-08-14T20:00,27.1,95,0.4,3.0
2025-08-14T21:00,26.6,96,0.4,0.0
2025-08-14T22:00,27.1,94,1.9,0.0
2025-08-14T23:00,26.6,94,0.8,0.0
2025-08-15T00:00,25.7,95,1.1,0.0
2025-08-15T01:00,25.5,94,1.7,0.0
2025-08-15T02:00,25.4,92,1.7,0.0
2025-08-15T03:00,25.3,90,1.9,0.0
2025-08-15T04:00,25.5,85,0.9,0.0
2025-08-15T05:00,25.7,83,0.2,0.0
2025-08-15T06:00,25.7,84,0.2,0.0
2025-08-15T07:00,27.0,84,1.3,57.0
2025-08-15T08:00,27.6,89,1.8,232.0
2025-08-15T09:00,28.4,87,4.2,436.0
2025-08-15T10:00,29.6,82,5.5,626.0
2025-08-15T11:00,29.9,80,7.2,755.0
2025-08-15T12:00,29.2,85,7.0,711.0
2025-08-15T13:00,29.0,87,4.3,805.0
2025-08-15T14:00,29.4,81,2.6,789.0
2025-08-15T15:00,29.7,77,4.0,707.0
2025-08-15T16:00,29.4,78,5.5,580.0
2025-08-15T17:00,28.9,81,4.6,406.0
2025-08-15T18:00,28.4,83,3.6,184.0
2025-08-15T19:00,28.0,83,3.6,68.0
2025-08-15T20:00,27.0,90,2.2,3.0
2025-08-15T21:00,26.4,89,1.0,0.0
2025-08-15T22:00,26.4,91,1.9,0.0
2025-08-15T23:00,25.9,92,2.1,0.0
2025-08-16T00:00,25.4,92,3.1,0.0
2025-08-16T01:00,25.3,90,2.8,0.0
2025-08-16T02:00,25.1,90,2.4,0.0
2025-08-16T03:00,24.9,91,2.3,0.0
2025-08-16T04:00,24.6,89,3.4,0.0
2025-08-16T05:00,24.4,88,3.2,0.0
2025-08-16T06:00,24.3,87,1.8,0.0
2025-08-16T07:00,25.0,88,1.6,49.0
2025-08-16T08:00,27.4,86,1.1,224.0
2025-08-16T09:00,28.4,87,1.7,435.0
2025-08-16T10:00,29.4,80,4.2,632.0
2025-08-16T11:00,30.0,79,6.4,782.0
2025-08-16T12:00,29.4,87,9.8,881.0
2025-08-16T13:00,28.7,92,6.6,868.0
2025-08-16T14:00,28.8,91,5.5,734.0
2025-08-16T15:00,29.0,87,6.9,715.0
2025-08-16T16:00,28.5,87,5.8,580.0
2025-08-16T17:00,28.4,84,4.5,345.0
2025-08-16T18:00,28.2,84,4.3,189.0
2025-08-16T19:00,28.0,85,4.6,69.0
2025-08-16T20:00,26.6,93,3.1,2.0
2025-08-16T21:00,26.1,93,1.0,0.0
2025-08-16T22:00,26.9,90,0.4,0.0
2025-08-16T23:00,26.1,93,3.1,0.0
2025-08-17T00:00,25.6,96,3.4,0.0
2025-08-17T01:00,24.8,98,3.2,0.0
2025-08-17T02:00,24.4,94,3.4,0.0
2025-08-17T03:00,24.4,87,2.5,0.0
2025-08-17T04:00,24.5,83,2.1,0.0
2025-08-17T05:00,24.6,81,2.6,0.0
2025-08-17T06:00,24.4,81,2.2,0.0
2025-08-17T07:00,26.2,78,2.3,57.0
2025-08-17T08:00,27.5,83,4.9,235.0
2025-08-17T09:00,28.2,87,4.5,440.0
2025-08-17T10:00,29.4,80,6.2,621.0
2025-08-17T11:00,29.7,79,5.9,747.0
2025-08-17T12:00,29.9,78,5.6,835.0
2025-08-17T13:00,30.1,78,4.9,834.0
2025-08-17T14:00,30.4,76,6.9,817.0
2025-08-17T15:00,29.9,79,8.4,713.0
2025-08-17T16:00,29.8,80,6.8,550.0
2025-08-17T17:00,30.0,79,7.1,379.0
2025-08-17T18:00,29.4,79,7.7,244.0
2025-08-17T19:00,28.6,88,3.4,74.0
2025-08-17T20:00,27.6,92,1.2,2.0
2025-08-17T21:00,26.6,94,0.9,0.0
2025-08-17T22:00,27.2,93,1.5,0.0
2025-08-17T23:00,26.4,95,1.5,0.0
2025-08-18T00:00,25.9,95,0.6,0.0
2025-08-18T01:00,25.5,95,1.6,0.0
2025-08-18T02:00,25.2,95,2.2,0.0
2025-08-18T03:00,25.2,94,2.3,0.0
2025-08-18T04:00,25.4,99,3.0,0.0
2025-08-18T05:00,25.2,96,3.3,0.0
2025-08-18T06:00,25.3,92,3.0,0.0
2025-08-18T07:00,26.2,91,4.1,46.0
2025-08-18T08:00,27.9,92,3.2,182.0
2025-08-18T09:00,28.6,89,4.4,308.0
2025-08-18T10:00,29.4,87,6.8,559.0
2025-08-18T11:00,29.9,87,8.0,728.0
2025-08-18T12:00,29.4,87,9.7,841.0
2025-08-18T13:00,29.1,85,7.3,797.0
2025-08-18T14:00,29.6,87,7.0,758.0
2025-08-18T15:00,29.4,89,7.2,665.0
2025-08-18T16:00,28.8,91,3.4,535.0
2025-08-18T17:00,29.3,90,4.0,399.0
2025-08-18T18:00,28.8,86,4.2,260.0
2025-08-18T19:00,27.8,94,2.4,84.0
2025-08-18T20:00,26.8,95,0.9,2.0
2025-08-18T21:00,26.5,94,2.0,0.0
2025-08-18T22:00,26.1,93,1.3,0.0
2025-08-18T23:00,25.6,94,0.7,0.0
2025-08-19T00:00,25.3,95,0.7,0.0
2025-08-19T01:00,25.0,96,1.6,0.0
2025-08-19T02:00,24.7,95,0.7,0.0
2025-08-19T03:00,24.6,94,1.3,0.0
2025-08-19T04:00,24.5,93,2.3,0.0
2025-08-19T05:00,24.6,92,2.7,0.0
2025-08-19T06:00,24.7,92,3.2,0.0
2025-08-19T07:00,25.6,91,4.5,43.0
2025-08-19T08:00,27.6,88,4.5,199.0
2025-08-19T09:00,28.1,86,5.7,267.0
2025-08-19T10:00,29.7,81,6.1,538.0
2025-08-19T11:00,29.9,83,8.3,673.0
2025-08-19T12:00,30.0,84,8.0,711.0
2025-08-19T13:00,29.7,83,8.1,810.0
2025-08-19T14:00,29.2,83,6.5,719.0
2025-08-19T15:00,29.6,85,4.9,663.0
2025-08-19T16:00,29.5,81,5.4,546.0
2025-08-19T17:00,29.2,84,6.2,390.0
2025-08-19T18:00,28.8,87,5.4,218.0
2025-08-19T19:00,27.8,93,2.2,74.0
2025-08-19T20:00,26.9,95,0.9,1.0
2025-08-19T21:00,26.6,94,3.4,0.0
2025-08-19T22:00,26.3,92,2.1,0.0
2025-08-19T23:00,25.8,92,1.3,0.0
2025-08-20T00:00,25.5,91,0.7,0.0
2025-08-20T01:00,25.3,91,1.5,0.0
2025-08-20T02:00,25.2,94,1.7,0.0
2025-08-20T03:00,25.3,95,1.3,0.0
2025-08-20T04:00,24.9,91,1.0,0.0
2025-08-20T05:00,24.9,94,0.5,0.0
2025-08-20T06:00,24.9,93,0.2,0.0
2025-08-20T07:00,26.0,91,1.3,41.0
2025-08-20T08:00,27.6,91,2.4,212.0
2025-08-20T09:00,28.5,88,4.1,421.0
2025-08-20T10:00,29.6,84,8.3,601.0
2025-08-20T11:00,30.4,81,9.1,739.0
2025-08-20T12:00,30.7,80,8.1,831.0
2025-08-20T13:00,30.2,76,6.6,848.0
2025-08-20T14:00,30.1,74,7.9,784.0
2025-08-20T15:00,29.6,76,6.3,636.0
2025-08-20T16:00,29.5,80,2.4,538.0
2025-08-20T17:00,30.0,73,2.8,396.0
2025-08-20T18:00,29.4,77,4.5,212.0
2025-08-20T19:00,28.2,86,2.0,78.0
2025-08-20T20:00,26.9,91,2.9,1.0
2025-08-20T21:00,26.8,90,4.9,0.0
2025-08-20T22:00,26.6,91,4.1,0.0
2025-08-20T23:00,26.1,90,6.0,0.0
2025-08-21T00:00,25.9,89,6.3,0.0
2025-08-21T01:00,26.0,89,5.2,0.0
2025-08-21T02:00,26.0,90,3.7,0.0
2025-08-21T03:00,25.9,92,3.1,0.0
2025-08-21T04:00,25.8,90,0.7,0.0
2025-08-21T05:00,25.4,91,2.3,0.0
2025-08-21T06:00,25.9,90,8.4,0.0
2025-08-21T07:00,26.4,92,11.4,36.0
2025-08-21T08:00,27.2,91,11.6,147.0
2025-08-21T09:00,28.7,83,8.8,379.0
2025-08-21T10:00,29.3,80,13.6,554.0
2025-08-21T11:00,29.4,80,12.9,672.0
2025-08-21T12:00,30.0,76,12.3,743.0
2025-08-21T13:00,30.2,77,13.1,828.0
2025-08-21T14:00,29.9,78,7.9,770.0
2025-08-21T15:00,29.6,78,7.0,620.0
2025-08-21T16:00,29.5,82,8.5,460.0
2025-08-21T17:00,29.0,84,9.3,308.0
2025-08-21T18:00,28.8,84,5.7,187.0
2025-08-21T19:00,28.0,90,3.6,75.0
2025-08-21T20:00,26.7,94,2.9,1.0
2025-08-21T21:00,26.9,94,0.4,0.0
2025-08-21T22:00,26.6,93,3.4,0.0
2025-08-21T23:00,26.6,92,1.5,0.0
2025-08-22T00:00,26.6,91,1.4,0.0
2025-08-22T01:00,26.1,91,1.1,0.0
2025-08-22T02:00,26.1,90,0.9,0.0
2025-08-22T03:00,26.0,89,0.7,0.0
2025-08-22T04:00,25.8,90,0.4,0.0
2025-08-22T05:00,25.9,89,1.6,0.0
2025-08-22T06:00,26.0,87,3.1,0.0
2025-08-22T07:00,26.6,85,4.2,42.0
2025-08-22T08:00,28.3,83,4.9,193.0
2025-08-22T09:00,29.4,76,5.2,420.0
2025-08-22T10:00,30.5,69,5.2,609.0
2025-08-22T11:00,30.6,72,8.0,724.0
2025-08-22T12:00,30.6,76,10.2,813.0
2025-08-22T13:00,29.8,82,10.2,749.0
2025-08-22T14:00,30.2,80,10.5,717.0
2025-08-22T15:00,30.3,80,11.9,712.0
2025-08-22T16:00,30.1,80,11.7,530.0
2025-08-22T17:00,30.0,80,9.0,378.0
2025-08-22T18:00,29.4,81,7.5,203.0
2025-08-22T19:00,28.6,88,3.7,69.0
2025-08-22T20:00,27.9,89,0.4,1.0
2025-08-22T21:00,27.1,93,1.6,0.0
2025-08-22T22:00,27.0,93,3.1,0.0
2025-08-22T23:00,27.0,91,4.3,0.0
2025-08-23T00:00,26.5,91,4.1,0.0
2025-08-23T01:00,26.6,89,3.1,0.0
2025-08-23T02:00,26.5,89,2.2,0.0
2025-08-23T03:00,27.0,89,3.3,0.0
2025-08-23T04:00,27.3,89,5.1,0.0
2025-08-23T05:00,27.1,90,6.7,0.0
2025-08-23T06:00,26.9,89,7.3,0.0
2025-08-23T07:00,27.4,88,8.5,36.0
2025-08-23T08:00,28.5,82,7.2,180.0
2025-08-23T09:00,29.6,78,7.8,364.0
2025-08-23T10:00,31.0,70,8.3,544.0
2025-08-23T11:00,31.4,68,11.1,685.0
2025-08-23T12:00,31.5,68,12.7,729.0
2025-08-23T13:00,31.5,69,13.9,679.0
2025-08-23T14:00,31.7,69,13.0,684.0
2025-08-23T15:00,31.7,68,13.9,664.0
2025-08-23T16:00,31.3,70,13.7,536.0
2025-08-23T17:00,31.0,71,11.8,400.0
2025-08-23T18:00,30.5,76,7.9,230.0
2025-08-23T19:00,28.9,89,1.1,67.0
2025-08-23T20:00,27.9,91,2.6,0.0
2025-08-23T21:00,27.9,90,3.9,0.0
2025-08-23T22:00,27.9,92,4.1,0.0
2025-08-23T23:00,27.7,93,2.7,0.0
2025-08-24T00:00,27.6,92,0.4,0.0
2025-08-24T01:00,26.6,95,1.8,0.0
2025-08-24T02:00,26.8,92,2.9,0.0
2025-08-24T03:00,26.7,90,3.3,0.0
2025-08-24T04:00,26.7,89,2.6,0.0
2025-08-24T05:00,26.9,88,2.7,0.0
2025-08-24T06:00,27.0,88,3.0,0.0
2025-08-24T07:00,27.9,87,4.6,36.0
2025-08-24T08:00,28.7,84,3.7,163.0
2025-08-24T09:00,29.7,79,0.8,345.0
2025-08-24T10:00,30.6,74,5.4,479.0
2025-08-24T11:00,30.9,71,4.0,557.0
2025-08-24T12:00,31.2,69,3.9,721.0
2025-08-24T13:00,31.6,68,5.2,756.0
2025-08-24T14:00,31.6,68,6.4,731.0
2025-08-24T15:00,31.5,68,7.5,637.0
2025-08-24T16:00,31.1,69,6.6,488.0
2025-08-24T17:00,31.0,69,5.1,334.0
2025-08-24T18:00,30.5,72,2.7,197.0
2025-08-24T19:00,29.0,85,1.3,53.0
2025-08-24T20:00,28.2,88,2.3,0.0
2025-08-24T21:00,27.9,89,4.0,0.0
2025-08-24T22:00,27.0,90,4.1,0.0
2025-08-24T23:00,26.6,88,2.2,0.0
2025-08-25T00:00,26.5,87,1.5,0.0
2025-08-25T01:00,26.3,87,1.3,0.0
2025-08-25T02:00,26.1,86,1.6,0.0
2025-08-25T03:00,26.0,85,2.0,0.0
2025-08-25T04:00,25.9,85,2.5,0.0
2025-08-25T05:00,25.9,85,2.7,0.0
2025-08-25T06:00,25.8,86,2.3,0.0
2025-08-25T07:00,26.9,85,2.7,37.0
2025-08-25T08:00,29.0,80,0.6,194.0
2025-08-25T09:00,29.8,77,3.0,386.0
2025-08-25T10:00,29.4,83,2.9,494.0
2025-08-25T11:00,29.5,84,0.7,558.0
2025-08-25T12:00,29.9,80,5.0,641.0
2025-08-25T13:00,31.1,76,2.7,802.0
2025-08-25T14:00,31.7,72,3.1,805.0
2025-08-25T15:00,31.7,73,4.2,709.0
2025-08-25T16:00,31.3,76,3.8,557.0
2025-08-25T17:00,30.7,79,1.8,419.0
2025-08-25T18:00,30.3,79,1.8,230.0
2025-08-25T19:00,29.0,84,2.8,65.0
2025-08-25T20:00,28.2,86,5.0,0.0
2025-08-25T21:00,27.7,87,6.6,0.0
2025-08-25T22:00,27.9,86,8.8,0.0
2025-08-25T23:00,27.9,86,6.6,0.0
2025-08-26T00:00,27.9,86,8.9,0.0
2025-08-26T01:00,27.8,85,10.4,0.0
2025-08-26T02:00,27.4,85,11.3,0.0
2025-08-26T03:00,27.3,84,13.8,0.0
2025-08-26T04:00,27.4,84,15.1,0.0
2025-08-26T05:00,27.4,82,16.5,0.0
2025-08-26T06:00,27.2,80,16.3,0.0
2025-08-26T07:00,27.9,79,16.7,39.0
2025-08-26T08:00,29.2,76,16.2,188.0
2025-08-26T09:00,30.4,72,15.4,392.0
2025-08-26T10:00,30.5,72,22.4,537.0
2025-08-26T11:00,31.5,71,18.0,664.0
2025-08-26T12:00,32.1,69,17.3,782.0
2025-08-26T13:00,32.1,67,14.1,757.0
2025-08-26T14:00,32.7,65,16.2,716.0
2025-08-26T15:00,31.9,67,20.3,629.0
2025-08-26T16:00,31.4,70,20.7,544.0
2025-08-26T17:00,30.7,73,21.6,402.0
2025-08-26T18:00,29.3,79,20.0,204.0
2025-08-26T19:00,28.4,84,16.3,57.0
2025-08-26T20:00,27.4,90,15.5,0.0
2025-08-26T21:00,27.3,89,11.9,0.0
2025-08-26T22:00,28.1,85,14.0,0.0
2025-08-26T23:00,27.8,87,12.4,0.0
2025-08-27T00:00,27.5,89,13.1,0.0
2025-08-27T01:00,27.4,90,9.8,0.0
2025-08-27T02:00,26.7,93,9.2,0.0
2025-08-27T03:00,26.6,93,9.4,0.0
2025-08-27T04:00,26.8,90,8.5,0.0
2025-08-27T05:00,26.4,90,8.0,0.0
2025-08-27T06:00,26.5,90,10.2,0.0
2025-08-27T07:00,26.9,90,12.4,29.0
2025-08-27T08:00,28.3,84,10.2,176.0
2025-08-27T09:00,29.4,79,9.8,389.0
2025-08-27T10:00,30.0,74,8.6,582.0
2025-08-27T11:00,29.9,79,9.4,689.0
2025-08-27T12:00,30.0,81,6.9,731.0
2025-08-27T13:00,29.8,83,8.5,808.0
2025-08-27T14:00,28.8,88,6.9,563.0
2025-08-27T15:00,30.0,79,8.5,660.0
2025-08-27T16:00,29.8,80,9.5,575.0
2025-08-27T17:00,28.9,85,5.9,285.0
2025-08-27T18:00,28.6,88,5.8,163.0
2025-08-27T19:00,27.7,91,3.5,53.0
2025-08-27T20:00,27.0,95,2.3,0.0
2025-08-27T21:00,26.8,95,1.5,0.0
2025-08-27T22:00,27.0,91,0.4,0.0
2025-08-27T23:00,26.8,90,1.3,0.0
2025-08-28T00:00,27.1,86,0.9,0.0
2025-08-28T01:00,27.1,84,0.6,0.0
2025-08-28T02:00,26.9,84,1.2,0.0
2025-08-28T03:00,26.8,85,1.0,0.0
2025-08-28T04:00,26.8,85,1.1,0.0
2025-08-28T05:00,26.7,85,0.8,0.0
2025-08-28T06:00,26.5,86,1.0,0.0
2025-08-28T07:00,27.7,85,0.8,39.0
2025-08-28T08:00,28.3,87,3.4,199.0
2025-08-28T09:00,28.8,84,2.6,383.0
2025-08-28T10:00,29.9,77,3.0,489.0
2025-08-28T11:00,30.6,74,4.7,695.0
2025-08-28T12:00,29.8,77,6.7,823.0
2025-08-28T13:00,29.8,83,6.2,804.0
2025-08-28T14:00,30.0,84,6.7,756.0
2025-08-28T15:00,29.6,85,6.0,660.0
2025-08-28T16:00,28.7,86,5.1,371.0
2025-08-28T17:00,29.0,85,3.3,364.0
2025-08-28T18:00,28.7,86,2.6,178.0
2025-08-28T19:00,28.0,90,2.2,53.0
2025-08-28T20:00,27.4,92,1.9,0.0
2025-08-28T21:00,27.0,93,1.3,0.0
2025-08-28T22:00,26.6,93,1.9,0.0
2025-08-28T23:00,26.0,93,1.1,0.0
2025-08-29T00:00,25.8,91,1.3,0.0
2025-08-29T01:00,25.5,90,0.5,0.0
2025-08-29T02:00,25.3,89,1.1,0.0
2025-08-29T03:00,25.2,88,2.3,0.0
2025-08-29T04:00,25.1,87,2.2,0.0
2025-08-29T05:00,25.4,86,1.7,0.0
2025-08-29T06:00,25.5,87,1.2,0.0
2025-08-29T07:00,26.7,87,1.4,36.0
2025-08-29T08:00,28.1,87,2.4,202.0
2025-08-29T09:00,29.0,86,1.9,408.0
2025-08-29T10:00,29.8,80,4.7,536.0
2025-08-29T11:00,29.8,77,6.9,685.0
2025-08-29T12:00,30.4,78,6.8,748.0
2025-08-29T13:00,30.7,79,7.7,723.0
2025-08-29T14:00,29.6,82,5.4,662.0
2025-08-29T15:00,30.0,84,4.8,607.0
2025-08-29T16:00,29.5,80,4.0,542.0
2025-08-29T17:00,29.7,80,5.2,387.0
2025-08-29T18:00,28.9,85,4.5,205.0
2025-08-29T19:00,28.0,93,2.6,52.0
2025-08-29T20:00,27.2,95,2.7,0.0
2025-08-29T21:00,26.9,92,2.7,0.0
2025-08-29T22:00,27.4,93,1.0,0.0
2025-08-29T23:00,27.4,90,0.4,0.0
2025-08-30T00:00,26.8,91,1.1,0.0
2025-08-30T01:00,26.0,92,0.7,0.0
2025-08-30T02:00,25.7,92,0.9,0.0
2025-08-30T03:00,25.4,92,0.4,0.0
2025-08-30T04:00,25.2,93,1.0,0.0
2025-08-30T05:00,25.1,92,1.4,0.0
2025-08-30T06:00,25.0,91,1.3,0.0
2025-08-30T07:00,26.4,86,0.7,36.0
2025-08-30T08:00,28.2,89,1.5,199.0
2025-08-30T09:00,29.1,85,4.3,399.0
2025-08-30T10:00,29.9,86,4.9,558.0
2025-08-30T11:00,30.1,86,7.0,669.0
2025-08-30T12:00,29.0,86,3.6,664.0
2025-08-30T13:00,29.0,86,3.4,475.0
2025-08-30T14:00,29.0,86,3.4,473.0
2025-08-30T15:00,28.5,77,5.6,394.0
2025-08-30T16:00,29.4,81,4.3,448.0
2025-08-30T17:00,28.7,83,3.8,308.0
2025-08-30T18:00,28.1,89,3.1,161.0
2025-08-30T19:00,27.3,95,2.0,47.0
2025-08-30T20:00,26.7,95,3.0,0.0
2025-08-30T21:00,26.0,94,1.5,0.0
2025-08-30T22:00,26.2,94,0.4,0.0
2025-08-30T23:00,26.3,93,2.0,0.0
2025-08-31T00:00,25.9,93,1.7,0.0
2025-08-31T01:00,25.5,91,2.0,0.0
2025-08-31T02:00,25.3,91,2.9,0.0
2025-08-31T03:00,25.2,92,7.0,0.0
2025-08-31T04:00,25.1,91,2.8,0.0
2025-08-31T05:00,25.2,91,2.2,0.0
2025-08-31T06:00,25.9,92,2.4,0.0
2025-08-31T07:00,26.4,91,3.4,20.0
2025-08-31T08:00,26.7,94,5.6,100.0
2025-08-31T09:00,27.5,88,5.4,226.0
2025-08-31T10:00,28.1,89,1.3,122.0
2025-08-31T11:00,29.0,86,3.2,371.0
2025-08-31T12:00,30.3,79,2.8,642.0
2025-08-31T13:00,30.5,80,5.7,731.0
2025-08-31T14:00,29.4,77,10.0,710.0
2025-08-31T15:00,29.4,81,6.5,538.0
2025-08-31T16:00,29.2,78,4.0,372.0
2025-08-31T17:00,29.2,81,4.5,240.0
2025-08-31T18:00,28.6,84,6.6,158.0
2025-08-31T19:00,27.4,90,2.3,45.0
2025-08-31T20:00,27.4,90,0.4,0.0
2025-08-31T21:00,27.2,91,2.1,0.0
2025-08-31T22:00,26.6,92,2.7,0.0
2025-08-31T23:00,26.6,90,2.6,0.0
2025-09-01T00:00,26.3,90,3.8,0.0
2025-09-01T01:00,26.0,89,4.5,0.0
2025-09-01T02:00,26.0,89,4.5,0.0
2025-09-01T03:00,26.1,89,3.1,0.0
2025-09-01T04:00,26.2,88,3.2,0.0
2025-09-01T05:00,25.8,88,3.1,0.0
2025-09-01T06:00,26.3,86,2.9,0.0
2025-09-01T07:00,27.3,87,0.8,19.0
2025-09-01T08:00,27.6,87,4.8,95.0
2025-09-01T09:00,28.5,82,2.7,203.0
2025-09-01T10:00,27.5,88,8.8,100.0
2025-09-01T11:00,29.4,81,1.5,338.0
2025-09-01T12:00,31.1,72,2.7,708.0
2025-09-01T13:00,31.2,72,5.9,829.0
2025-09-01T14:00,30.7,75,6.3,758.0
2025-09-01T15:00,30.3,78,7.0,706.0
2025-09-01T16:00,30.1,80,2.5,565.0
2025-09-01T17:00,29.8,79,3.1,376.0
2025-09-01T18:00,29.6,79,4.2,203.0
2025-09-01T19:00,28.2,87,3.9,47.0
2025-09-01T20:00,27.6,89,4.6,0.0
2025-09-01T21:00,27.3,88,6.7,0.0
2025-09-01T22:00,27.6,89,7.8,0.0
2025-09-01T23:00,27.2,89,8.3,0.0
2025-09-02T00:00,27.2,87,10.1,0.0
2025-09-02T01:00,27.1,86,10.6,0.0
2025-09-02T02:00,26.8,87,8.6,0.0
2025-09-02T03:00,26.7,87,10.1,0.0
2025-09-02T04:00,26.4,89,7.7,0.0
2025-09-02T05:00,26.2,90,10.7,0.0
2025-09-02T06:00,26.2,89,8.6,0.0
2025-09-02T07:00,26.5,89,10.3,27.0
2025-09-02T08:00,27.7,83,10.6,171.0
2025-09-02T09:00,28.6,80,11.4,375.0
2025-09-02T10:00,29.2,81,8.0,533.0
2025-09-02T11:00,29.5,77,5.1,621.0
2025-09-02T12:00,27.6,82,11.2,649.0
2025-09-02T13:00,28.4,79,5.5,483.0
2025-09-02T14:00,29.4,78,6.6,724.0
2025-09-02T15:00,29.2,82,6.4,695.0
2025-09-02T16:00,28.8,84,6.1,506.0
2025-09-02T17:00,28.4,84,3.6,273.0
2025-09-02T18:00,28.2,83,2.6,110.0
2025-09-02T19:00,27.8,86,3.3,30.0
2025-09-02T20:00,27.1,91,2.4,0.0
2025-09-02T21:00,27.1,90,0.7,0.0
2025-09-02T22:00,26.7,88,1.1,0.0
2025-09-02T23:00,26.7,87,0.6,0.0
2025-09-03T00:00,25.8,90,1.3,0.0
2025-09-03T01:00,25.2,91,1.3,0.0
2025-09-03T02:00,24.7,92,2.5,0.0
2025-09-03T03:00,25.0,94,3.8,0.0
2025-09-03T04:00,25.2,93,0.6,0.0
2025-09-03T05:00,25.2,92,3.0,0.0
2025-09-03T06:00,25.1,89,2.6,0.0
2025-09-03T07:00,26.4,84,5.3,32.0
2025-09-03T08:00,27.6,85,7.0,191.0
2025-09-03T09:00,28.6,80,7.2,392.0
2025-09-03T10:00,30.0,73,6.6,575.0
2025-09-03T11:00,30.6,70,11.1,699.0
2025-09-03T12:00,30.6,71,13.8,756.0
2025-09-03T13:00,30.6,71,14.7,793.0
2025-09-03T14:00,29.0,80,12.8,659.0
2025-09-03T15:00,30.0,74,7.6,603.0
2025-09-03T16:00,29.7,78,5.0,499.0
2025-09-03T17:00,29.4,78,8.2,250.0
2025-09-03T18:00,29.3,79,8.9,193.0
2025-09-03T19:00,27.6,90,2.7,41.0
2025-09-03T20:00,27.3,90,4.1,0.0
2025-09-03T21:00,26.5,92,3.6,0.0
2025-09-03T22:00,26.6,93,5.1,0.0
2025-09-03T23:00,26.1,93,2.8,0.0
2025-09-04T00:00,25.7,92,2.2,0.0
2025-09-04T01:00,25.8,89,3.4,0.0
2025-09-04T02:00,26.0,88,4.8,0.0
2025-09-04T03:00,25.9,88,5.0,0.0
2025-09-04T04:00,25.7,89,5.3,0.0
2025-09-04T05:00,25.5,88,4.8,0.0
2025-09-04T06:00,25.6,86,7.2,0.0
2025-09-04T07:00,26.4,87,10.8,29.0
2025-09-04T08:00,27.5,89,12.3,163.0
2025-09-04T09:00,28.5,84,11.7,350.0
2025-09-04T10:00,29.4,78,13.8,466.0
2025-09-04T11:00,29.8,76,14.9,613.0
2025-09-04T12:00,30.5,73,13.0,719.0
2025-09-04T13:00,30.2,74,14.0,734.0
2025-09-04T14:00,30.1,76,13.6,688.0
2025-09-04T15:00,29.9,78,14.0,630.0
2025-09-04T16:00,29.5,82,13.2,517.0
2025-09-04T17:00,29.2,80,11.4,372.0
2025-09-04T18:00,28.6,81,8.9,203.0
2025-09-04T19:00,27.4,92,6.2,42.0
2025-09-04T20:00,27.0,95,8.3,0.0
2025-09-04T21:00,26.9,96,9.7,0.0
2025-09-04T22:00,27.3,90,10.0,0.0
2025-09-04T23:00,27.2,88,10.0,0.0
2025-09-05T00:00,26.4,93,7.6,0.0
2025-09-05T01:00,26.3,93,4.5,0.0
2025-09-05T02:00,25.8,94,5.4,0.0
2025-09-05T03:00,25.5,94,3.8,0.0
2025-09-05T04:00,25.4,91,2.8,0.0
2025-09-05T05:00,25.5,89,5.5,0.0
2025-09-05T06:00,25.4,87,4.6,0.0
2025-09-05T07:00,26.1,85,6.0,29.0
2025-09-05T08:00,28.0,81,6.4,183.0
2025-09-05T09:00,29.1,77,7.0,386.0
2025-09-05T10:00,30.0,74,7.1,526.0
2025-09-05T11:00,29.5,77,7.5,662.0
2025-09-05T12:00,29.7,77,8.2,755.0
2025-09-05T13:00,29.1,80,9.5,719.0
2025-09-05T14:00,28.2,80,10.1,578.0
2025-09-05T15:00,29.3,81,6.9,505.0
2025-09-05T16:00,29.5,79,5.6,345.0
2025-09-05T17:00,29.3,81,5.3,325.0
2025-09-05T18:00,28.7,82,3.9,159.0
2025-09-05T19:00,27.5,93,0.4,36.0
2025-09-05T20:00,26.9,93,0.8,0.0
2025-09-05T21:00,26.1,95,1.9,0.0
2025-09-05T22:00,26.2,93,1.6,0.0
2025-09-05T23:00,25.8,93,2.3,0.0
2025-09-06T00:00,25.5,93,2.0,0.0
2025-09-06T01:00,25.4,92,2.0,0.0
2025-09-06T02:00,25.5,90,1.9,0.0
2025-09-06T03:00,25.1,91,1.9,0.0
2025-09-06T04:00,25.1,90,2.0,0.0
2025-09-06T05:00,25.0,89,1.5,0.0
2025-09-06T06:00,25.0,88,1.5,0.0
2025-09-06T07:00,26.1,85,2.0,27.0
2025-09-06T08:00,28.1,93,1.0,176.0
2025-09-06T09:00,29.3,80,1.5,363.0
2025-09-06T10:00,30.6,71,1.0,553.0
2025-09-06T11:00,30.7,73,5.6,647.0
2025-09-06T12:00,30.2,79,4.2,718.0
2025-09-06T13:00,30.6,78,6.1,745.0
2025-09-06T14:00,31.1,69,13.1,722.0
2025-09-06T15:00,31.0,68,15.6,638.0
2025-09-06T16:00,30.8,68,14.6,518.0
2025-09-06T17:00,30.7,69,12.7,339.0
2025-09-06T18:00,30.1,73,9.8,190.0
2025-09-06T19:00,28.8,79,9.8,37.0
2025-09-06T20:00,28.1,83,11.1,0.0
2025-09-06T21:00,27.5,85,12.1,0.0
2025-09-06T22:00,27.4,87,10.9,0.0
2025-09-06T23:00,27.6,87,10.3,0.0
2025-09-07T00:00,27.7,86,10.3,0.0
2025-09-07T01:00,27.5,87,11.5,0.0
2025-09-07T02:00,27.4,87,10.7,0.0
2025-09-07T03:00,27.6,87,11.0,0.0
2025-09-07T04:00,27.6,86,12.3,0.0
2025-09-07T05:00,27.4,87,12.1,0.0
2025-09-07T06:00,27.3,87,13.4,0.0
2025-09-07T07:00,27.7,86,11.5,19.0
2025-09-07T08:00,28.6,84,13.8,122.0
2025-09-07T09:00,29.4,78,16.3,305.0
2025-09-07T10:00,29.8,80,15.3,352.0
2025-09-07T11:00,31.0,73,16.1,532.0
2025-09-07T12:00,31.9,68,16.8,765.0
2025-09-07T13:00,31.5,69,19.8,730.0
2025-09-07T14:00,31.2,67,18.8,592.0
2025-09-07T15:00,31.0,70,19.7,613.0
2025-09-07T16:00,30.3,73,19.0,514.0
2025-09-07T17:00,30.1,76,16.3,349.0
2025-09-07T18:00,27.9,87,16.5,165.0
2025-09-07T19:00,27.4,89,10.1,26.0
2025-09-07T20:00,27.6,86,8.1,0.0
2025-09-07T21:00,27.6,85,5.9,0.0
2025-09-07T22:00,27.4,85,8.9,0.0
2025-09-07T23:00,27.4,82,10.7,0.0
2025-09-08T00:00,27.4,81,11.6,0.0
2025-09-08T01:00,27.4,81,11.6,0.0
2025-09-08T02:00,27.4,82,11.0,0.0
2025-09-08T03:00,27.1,86,10.6,0.0
2025-09-08T04:00,26.9,90,11.1,0.0
2025-09-08T05:00,27.0,89,8.6,0.0
2025-09-08T06:00,26.6,92,8.5,0.0
2025-09-08T07:00,26.3,93,7.9,14.0
2025-09-08T08:00,27.2,91,7.0,91.0
2025-09-08T09:00,27.8,84,5.6,269.0
2025-09-08T10:00,29.0,85,3.3,287.0
2025-09-08T11:00,29.1,87,6.1,432.0
2025-09-08T12:00,29.6,82,2.2,487.0
2025-09-08T13:00,29.9,82,6.0,677.0
2025-09-08T14:00,28.2,84,4.2,541.0
2025-09-08T15:00,29.8,80,3.1,517.0
2025-09-08T16:00,29.1,87,4.1,506.0
2025-09-08T17:00,28.3,92,1.1,318.0
2025-09-08T18:00,28.0,92,1.3,174.0
2025-09-08T19:00,27.1,94,0.7,28.0
2025-09-08T20:00,26.6,95,2.4,0.0
2025-09-08T21:00,26.3,98,0.2,0.0
2025-09-08T22:00,26.0,96,3.8,0.0
2025-09-08T23:00,25.9,95,1.9,0.0
2025-09-09T00:00,25.8,90,0.6,0.0
2025-09-09T01:00,25.8,88,0.5,0.0
2025-09-09T02:00,26.1,86,1.5,0.0
2025-09-09T03:00,25.1,92,3.9,0.0
2025-09-09T04:00,25.2,96,0.3,0.0
2025-09-09T05:00,25.1,95,0.4,0.0
2025-09-09T06:00,25.0,93,2.5,0.0
2025-09-09T07:00,25.9,92,4.1,23.0
2025-09-09T08:00,26.4,95,7.5,134.0
2025-09-09T09:00,26.3,97,7.0,204.0
2025-09-09T10:00,28.4,86,10.3,475.0
2025-09-09T11:00,27.9,81,6.8,368.0
2025-09-09T12:00,27.1,87,7.2,146.0
2025-09-09T13:00,28.2,87,10.1,487.0
2025-09-09T14:00,24.8,99,7.8,357.0
2025-09-09T15:00,25.7,90,7.8,139.0
2025-09-09T16:00,26.0,90,14.7,182.0
2025-09-09T17:00,25.9,91,14.6,110.0
2025-09-09T18:00,26.5,90,7.9,36.0
2025-09-09T19:00,26.4,92,3.1,10.0
2025-09-09T20:00,26.1,94,0.7,0.0
2025-09-09T21:00,26.3,93,1.1,0.0
2025-09-09T22:00,25.8,92,9.3,0.0
2025-09-09T23:00,25.8,91,2.3,0.0
2025-09-10T00:00,25.4,93,3.2,0.0
2025-09-10T01:00,24.9,96,8.0,0.0
2025-09-10T02:00,24.8,95,2.4,0.0
2025-09-10T03:00,24.7,96,2.7,0.0
2025-09-10T04:00,24.5,96,6.8,0.0
2025-09-10T05:00,24.1,94,12.6,0.0
2025-09-10T06:00,24.2,93,11.1,0.0
2025-09-10T07:00,24.3,98,5.7,13.0
2025-09-10T08:00,24.7,96,11.5,64.0
2025-09-10T09:00,25.1,94,13.8,215.0
2025-09-10T10:00,25.2,98,13.0,336.0
2025-09-10T11:00,25.4,92,13.9,333.0
2025-09-10T12:00,25.8,87,12.8,348.0
2025-09-10T13:00,26.5,82,14.5,447.0
2025-09-10T14:00,26.6,83,14.2,398.0
2025-09-10T15:00,26.8,82,13.8,395.0
2025-09-10T16:00,26.4,84,13.6,261.0
2025-09-10T17:00,26.2,85,11.8,225.0
2025-09-10T18:00,25.7,87,11.0,76.0
2025-09-10T19:00,24.8,93,11.0,15.0
2025-09-10T20:00,24.6,96,11.7,0.0
2025-09-10T21:00,24.6,96,12.2,0.0
2025-09-10T22:00,24.6,96,11.4,0.0
2025-09-10T23:00,24.5,94,12.8,0.0
2025-09-11T00:00,24.7,92,16.4,0.0
2025-09-11T01:00,24.4,92,14.7,0.0
2025-09-11T02:00,24.7,89,14.0,0.0
2025-09-11T03:00,24.8,88,14.8,0.0
2025-09-11T04:00,25.3,85,17.1,0.0
2025-09-11T05:00,25.1,85,17.3,0.0
2025-09-11T06:00,25.1,86,18.2,0.0
2025-09-11T07:00,25.0,88,19.1,16.0
2025-09-11T08:00,25.6,85,20.7,87.0
2025-09-11T09:00,25.9,84,22.2,207.0
2025-09-11T10:00,26.7,83,21.3,408.0
2025-09-11T11:00,26.7,80,23.0,444.0
2025-09-11T12:00,26.0,83,20.7,428.0
2025-09-11T13:00,27.0,86,22.5,592.0
2025-09-11T14:00,27.1,83,24.7,676.0
2025-09-11T15:00,26.0,85,24.8,423.0
2025-09-11T16:00,26.3,87,22.4,282.0
2025-09-11T17:00,26.0,86,24.4,231.0
2025-09-11T18:00,26.0,87,24.7,109.0
2025-09-11T19:00,25.4,88,23.4,17.0
2025-09-11T20:00,25.4,90,22.1,0.0
2025-09-11T21:00,25.2,91,23.2,0.0
2025-09-11T22:00,25.9,88,24.0,0.0
2025-09-11T23:00,25.4,89,24.0,0.0
2025-09-12T00:00,26.0,88,22.5,0.0
2025-09-12T01:00,26.0,87,22.6,0.0
2025-09-12T02:00,25.7,88,20.0,0.0
2025-09-12T03:00,25.7,90,20.6,0.0
2025-09-12T04:00,25.5,91,21.7,0.0
2025-09-12T05:00,25.4,91,20.5,0.0
2025-09-12T06:00,25.1,94,18.4,0.0
2025-09-12T07:00,25.5,91,15.7,11.0
2025-09-12T08:00,26.2,91,12.6,88.0
2025-09-12T09:00,27.3,88,13.7,278.0
2025-09-12T10:00,28.4,84,12.5,439.0
2025-09-12T11:00,30.1,77,5.2,543.0
2025-09-12T12:00,31.3,68,1.1,707.0
2025-09-12T13:00,30.7,73,6.0,673.0
2025-09-12T14:00,30.5,73,8.2,648.0
2025-09-12T15:00,29.9,78,6.9,531.0
2025-09-12T16:00,29.7,80,3.6,500.0
2025-09-12T17:00,29.2,81,5.4,305.0
2025-09-12T18:00,28.7,82,3.8,138.0
2025-09-12T19:00,27.3,90,1.5,20.0
2025-09-12T20:00,27.0,90,2.2,0.0
2025-09-12T21:00,26.6,90,3.1,0.0
2025-09-12T22:00,27.0,89,4.6,0.0
2025-09-12T23:00,27.1,88,3.8,0.0
2025-09-13T00:00,27.0,88,4.1,0.0
2025-09-13T01:00,27.1,86,4.3,0.0
2025-09-13T02:00,27.2,84,8.3,0.0
2025-09-13T03:00,27.2,82,10.1,0.0
2025-09-13T04:00,27.3,83,13.1,0.0
2025-09-13T05:00,27.0,84,15.4,0.0
2025-09-13T06:00,27.4,84,16.9,0.0
2025-09-13T07:00,27.3,86,18.1,5.0
2025-09-13T08:00,27.2,88,20.0,29.0
2025-09-13T09:00,27.1,89,21.5,85.0
2025-09-13T10:00,27.6,89,24.8,138.0
2025-09-13T11:00,28.1,89,23.2,245.0
2025-09-13T12:00,27.9,87,23.8,338.0
2025-09-13T13:00,28.7,85,21.4,374.0
2025-09-13T14:00,29.6,79,24.0,458.0
2025-09-13T15:00,29.9,78,19.5,488.0
2025-09-13T16:00,30.3,76,17.9,455.0
2025-09-13T17:00,29.9,77,15.4,313.0
2025-09-13T18:00,29.1,80,14.2,156.0
2025-09-13T19:00,28.1,84,15.2,20.0
2025-09-13T20:00,27.6,87,16.6,0.0
2025-09-13T21:00,27.2,89,17.8,0.0
2025-09-13T22:00,27.1,88,17.6,0.0
2025-09-13T23:00,27.0,87,17.4,0.0
2025-09-14T00:00,26.9,86,17.6,0.0
2025-09-14T01:00,26.8,86,17.4,0.0
2025-09-14T02:00,26.5,87,14.7,0.0
2025-09-14T03:00,26.1,90,13.2,0.0
2025-09-14T04:00,26.3,89,11.5,0.0
2025-09-14T05:00,26.1,90,7.0,0.0
2025-09-14T06:00,25.3,94,1.1,0.0
2025-09-14T07:00,26.0,91,1.9,11.0
2025-09-14T08:00,26.6,90,4.8,130.0
2025-09-14T09:00,27.1,88,4.3,276.0
2025-09-14T10:00,28.2,84,4.5,451.0
2025-09-14T11:00,28.9,84,6.9,643.0
2025-09-14T12:00,28.8,85,9.9,761.0
2025-09-14T13:00,28.4,87,5.9,714.0
2025-09-14T14:00,27.8,93,3.3,696.0
2025-09-14T15:00,28.1,89,4.0,473.0
2025-09-14T16:00,25.8,93,3.8,321.0
2025-09-14T17:00,27.0,85,3.6,256.0
2025-09-14T18:00,26.8,88,2.1,114.0
2025-09-14T19:00,26.0,93,0.8,18.0
2025-09-14T20:00,26.0,93,0.6,0.0
2025-09-14T21:00,25.7,95,1.9,0.0
2025-09-14T22:00,26.0,94,7.0,0.0
2025-09-14T23:00,26.0,92,1.2,0.0
2025-09-15T00:00,26.0,91,0.4,0.0
2025-09-15T01:00,25.5,94,3.5,0.0
2025-09-15T02:00,25.3,95,2.9,0.0
2025-09-15T03:00,24.8,96,3.1,0.0
2025-09-15T04:00,25.0,97,3.2,0.0
2025-09-15T05:00,25.4,92,4.1,0.0
2025-09-15T06:00,25.0,91,0.6,0.0
2025-09-15T07:00,25.7,88,1.8,20.0
2025-09-15T08:00,26.9,95,3.1,140.0
2025-09-15T09:00,27.8,88,6.6,340.0
2025-09-15T10:00,29.1,83,6.5,530.0
2025-09-15T11:00,27.9,85,3.7,522.0
2025-09-15T12:00,27.5,92,7.8,601.0
2025-09-15T13:00,27.0,95,1.5,420.0
2025-09-15T14:00,28.6,87,5.1,558.0
2025-09-15T15:00,28.2,92,6.8,661.0
2025-09-15T16:00,28.0,94,1.5,383.0
2025-09-15T17:00,28.3,92,3.7,274.0
2025-09-15T18:00,27.9,90,3.8,153.0
2025-09-15T19:00,26.8,96,1.1,18.0
2025-09-15T20:00,26.4,96,0.5,0.0
2025-09-15T21:00,25.9,97,2.1,0.0
2025-09-15T22:00,26.0,92,1.5,0.0
2025-09-15T23:00,26.0,91,2.3,0.0
2025-09-16T00:00,26.0,89,2.7,0.0
2025-09-16T01:00,25.8,89,3.1,0.0
2025-09-16T02:00,25.6,88,2.9,0.0
2025-09-16T03:00,25.5,87,3.0,0.0
2025-09-16T04:00,25.4,88,3.5,0.0
2025-09-16T05:00,25.5,87,4.3,0.0
2025-09-16T06:00,25.5,87,3.1,0.0
2025-09-16T07:00,26.2,85,3.1,17.0
2025-09-16T08:00,28.3,85,2.2,162.0
2025-09-16T09:00,29.2,81,1.6,359.0
2025-09-16T10:00,30.3,73,2.7,544.0
2025-09-16T11:00,30.9,69,6.0,669.0
2025-09-16T12:00,30.6,74,6.0,730.0
2025-09-16T13:00,30.8,75,8.8,755.0
2025-09-16T14:00,30.4,77,9.1,693.0
2025-09-16T15:00,30.7,73,9.7,625.0
2025-09-16T16:00,30.3,75,7.4,504.0
2025-09-16T17:00,30.1,73,7.2,328.0
2025-09-16T18:00,29.3,81,3.7,157.0
2025-09-16T19:00,27.4,89,2.6,18.0
2025-09-16T20:00,26.6,91,1.7,0.0
2025-09-16T21:00,26.4,90,2.9,0.0
2025-09-16T22:00,27.6,87,6.4,0.0
2025-09-16T23:00,27.3,88,6.9,0.0
2025-09-17T00:00,27.2,88,7.4,0.0
2025-09-17T01:00,27.0,88,7.8,0.0
2025-09-17T02:00,26.9,88,6.6,0.0
2025-09-17T03:00,26.7,89,6.3,0.0
2025-09-17T04:00,26.9,88,8.9,0.0
2025-09-17T05:00,27.0,87,9.3,0.0
2025-09-17T06:00,26.9,86,9.7,0.0
2025-09-17T07:00,27.3,86,9.8,17.0
2025-09-17T08:00,28.6,82,8.0,144.0
2025-09-17T09:00,29.8,77,8.0,310.0
2025-09-17T10:00,30.3,73,16.7,450.0
2025-09-17T11:00,31.1,67,18.9,615.0
2025-09-17T12:00,31.5,63,23.0,713.0
2025-09-17T13:00,30.1,68,24.1,748.0
2025-09-17T14:00,29.7,71,24.6,678.0
2025-09-17T15:00,28.6,80,22.1,432.0
2025-09-17T16:00,29.1,80,20.5,360.0
2025-09-17T17:00,29.0,79,19.0,239.0
2025-09-17T18:00,28.8,81,16.8,112.0
2025-09-17T19:00,28.0,83,15.5,11.0
2025-09-17T20:00,27.2,89,16.4,0.0
2025-09-17T21:00,26.8,93,17.7,0.0
2025-09-17T22:00,25.8,87,11.8,0.0
2025-09-17T23:00,25.6,92,11.8,0.0
2025-09-18T00:00,25.3,96,10.3,0.0
2025-09-18T01:00,25.3,95,6.6,0.0
2025-09-18T02:00,25.2,93,9.8,0.0
2025-09-18T03:00,24.7,95,11.9,0.0
2025-09-18T04:00,24.4,96,10.9,0.0
2025-09-18T05:00,24.1,94,11.1,0.0
2025-09-18T06:00,23.7,98,9.6,0.0
2025-09-18T07:00,23.8,96,14.8,10.0
2025-09-18T08:00,23.9,93,14.1,75.0
2025-09-18T09:00,24.3,85,11.2,229.0
2025-09-18T10:00,25.6,76,8.9,503.0
2025-09-18T11:00,25.0,77,7.8,222.0
2025-09-18T12:00,26.0,73,9.8,601.0
2025-09-18T13:00,26.3,71,8.0,695.0
2025-09-18T14:00,26.6,65,8.6,767.0
2025-09-18T15:00,26.3,67,9.9,662.0
2025-09-18T16:00,25.8,69,9.0,410.0
2025-09-18T17:00,25.3,73,8.7,205.0
2025-09-18T18:00,25.0,74,3.5,79.0
2025-09-18T19:00,24.7,76,2.6,9.0
2025-09-18T20:00,24.7,81,10.4,0.0
2025-09-18T21:00,24.0,92,11.5,0.0
2025-09-18T22:00,24.5,87,15.7,0.0
2025-09-18T23:00,24.1,89,12.3,0.0
2025-09-19T00:00,24.2,89,12.5,0.0
2025-09-19T01:00,24.0,89,11.8,0.0
2025-09-19T02:00,24.3,87,12.7,0.0
2025-09-19T03:00,24.2,87,12.2,0.0
2025-09-19T04:00,23.8,89,11.9,0.0
2025-09-19T05:00,24.0,89,14.3,0.0
2025-09-19T06:00,24.0,89,18.3,0.0
2025-09-19T07:00,24.1,88,18.6,8.0
2025-09-19T08:00,24.5,87,19.0,70.0
2025-09-19T09:00,24.8,84,19.8,160.0
2025-09-19T10:00,26.0,80,24.4,314.0
2025-09-19T11:00,27.0,74,24.8,590.0
2025-09-19T12:00,27.5,72,23.6,664.0
2025-09-19T13:00,27.5,71,22.9,535.0
2025-09-19T14:00,28.2,68,20.8,528.0
2025-09-19T15:00,28.4,67,17.4,502.0
2025-09-19T16:00,28.5,68,13.3,385.0
2025-09-19T17:00,27.5,75,12.3,241.0
2025-09-19T18:00,26.9,79,9.4,114.0
2025-09-19T19:00,25.7,84,6.0,11.0
2025-09-19T20:00,25.1,85,5.4,0.0
2025-09-19T21:00,24.9,83,5.3,0.0
2025-09-19T22:00,25.6,84,5.1,0.0
2025-09-19T23:00,25.3,85,5.5,0.0
2025-09-20T00:00,25.4,85,5.1,0.0
2025-09-20T01:00,25.6,85,5.1,0.0
2025-09-20T02:00,26.2,83,7.6,0.0
2025-09-20T03:00,26.2,83,8.4,0.0
2025-09-20T04:00,26.8,82,12.3,0.0
2025-09-20T05:00,26.7,82,19.5,0.0
2025-09-20T06:00,26.3,85,23.9,0.0
2025-09-20T07:00,25.4,91,27.8,2.0
2025-09-20T08:00,25.4,89,31.4,18.0
2025-09-20T09:00,24.9,94,30.4,91.0
2025-09-20T10:00,24.6,96,17.6,23.0
2025-09-20T11:00,25.4,88,16.0,450.0
2025-09-20T12:00,25.6,84,18.8,560.0
2025-09-20T13:00,25.4,83,18.1,492.0
2025-09-20T14:00,25.6,81,18.1,629.0
2025-09-20T15:00,25.3,79,18.6,614.0
2025-09-20T16:00,25.0,78,18.7,448.0
2025-09-20T17:00,23.6,86,19.6,214.0
2025-09-20T18:00,23.2,90,17.4,101.0
2025-09-20T19:00,22.9,86,14.9,9.0
2025-09-20T20:00,23.0,79,11.9,0.0
2025-09-20T21:00,22.4,77,8.8,0.0
2025-09-20T22:00,22.7,90,13.0,0.0
2025-09-20T23:00,22.6,86,9.7,0.0
2025-09-21T00:00,21.9,80,10.2,0.0
2025-09-21T01:00,22.0,76,8.7,0.0
2025-09-21T02:00,21.7,90,10.8,0.0
2025-09-21T03:00,21.9,91,9.4,0.0
2025-09-21T04:00,22.3,90,9.2,0.0
2025-09-21T05:00,22.5,88,8.3,0.0
2025-09-21T06:00,22.3,87,10.1,0.0
2025-09-21T07:00,22.1,88,8.8,14.0
2025-09-21T08:00,22.4,88,8.7,134.0
2025-09-21T09:00,23.4,82,11.3,344.0
2025-09-21T10:00,24.2,72,13.0,464.0
2025-09-21T11:00,24.6,69,13.4,620.0
2025-09-21T12:00,24.7,69,13.5,657.0
2025-09-21T13:00,25.2,66,13.2,686.0
2025-09-21T14:00,25.6,64,17.1,733.0
2025-09-21T15:00,24.6,71,19.6,544.0
2025-09-21T16:00,24.8,69,18.6,438.0
2025-09-21T17:00,24.4,71,18.3,246.0
2025-09-21T18:00,23.8,76,18.0,107.0
2025-09-21T19:00,23.8,75,18.8,8.0
2025-09-21T20:00,24.1,72,21.2,0.0
2025-09-21T21:00,23.8,75,21.5,0.0
2025-09-21T22:00,23.0,82,16.4,0.0
2025-09-21T23:00,23.4,82,19.5,0.0
2025-09-22T00:00,22.9,87,22.2,0.0
2025-09-22T01:00,22.5,88,23.0,0.0
2025-09-22T02:00,22.2,88,21.0,0.0
2025-09-22T03:00,22.3,88,21.0,0.0
2025-09-22T04:00,22.6,87,22.1,0.0
2025-09-22T05:00,22.8,85,22.7,0.0
2025-09-22T06:00,22.7,86,22.9,0.0
2025-09-22T07:00,22.9,86,23.2,9.0
2025-09-22T08:00,23.4,85,25.4,80.0
2025-09-22T09:00,23.7,84,28.3,202.0
2025-09-22T10:00,24.8,76,30.8,423.0
2025-09-22T11:00,25.8,70,29.6,588.0
2025-09-22T12:00,26.2,69,28.2,617.0
2025-09-22T13:00,26.9,67,27.9,748.0
2025-09-22T14:00,27.1,64,26.4,615.0
2025-09-22T15:00,26.9,62,24.5,515.0
2025-09-22T16:00,26.7,63,23.3,395.0
2025-09-22T17:00,26.2,68,21.8,260.0
2025-09-22T18:00,25.5,72,20.7,114.0
2025-09-22T19:00,24.9,72,22.6,9.0
2025-09-22T20:00,24.8,73,23.2,0.0
2025-09-22T21:00,24.5,75,23.2,0.0
2025-09-22T22:00,24.1,78,25.2,0.0
2025-09-22T23:00,23.9,80,23.6,0.0
2025-09-23T00:00,24.0,79,23.0,0.0
2025-09-23T01:00,24.1,78,23.2,0.0
2025-09-23T02:00,23.3,85,23.4,0.0
2025-09-23T03:00,23.7,83,22.3,0.0
2025-09-23T04:00,23.4,86,23.2,0.0
2025-09-23T05:00,23.4,86,23.6,0.0
2025-09-23T06:00,23.3,86,23.2,0.0
2025-09-23T07:00,23.5,86,23.4,10.0
2025-09-23T08:00,23.7,87,25.5,78.0
2025-09-23T09:00,24.3,84,26.1,213.0
2025-09-23T10:00,24.5,82,24.8,263.0
2025-09-23T11:00,24.4,84,25.3,268.0
2025-09-23T12:00,25.1,80,26.7,458.0
2025-09-23T13:00,25.6,80,27.4,466.0
2025-09-23T14:00,25.5,81,27.5,376.0
2025-09-23T15:00,26.0,80,25.1,423.0
2025-09-23T16:00,25.7,83,26.2,383.0
2025-09-23T17:00,25.7,85,22.0,140.0
2025-09-23T18:00,25.4,89,20.7,70.0
2025-09-23T19:00,25.3,91,16.3,4.0
2025-09-23T20:00,25.3,90,14.5,0.0
2025-09-23T21:00,25.2,90,10.1,0.0
2025-09-23T22:00,25.1,94,14.8,0.0
2025-09-23T23:00,25.1,94,13.5,0.0
2025-09-24T00:00,25.1,93,12.6,0.0
2025-09-24T01:00,25.1,92,12.1,0.0
2025-09-24T02:00,25.4,90,9.6,0.0
2025-09-24T03:00,25.4,89,8.0,0.0
2025-09-24T04:00,25.4,88,7.0,0.0
2025-09-24T05:00,24.9,89,5.8,0.0
2025-09-24T06:00,24.9,88,6.0,0.0
2025-09-24T07:00,25.3,88,4.9,10.0
2025-09-24T08:00,27.1,85,3.9,122.0
2025-09-24T09:00,28.1,84,3.2,248.0
2025-09-24T10:00,29.2,85,4.6,408.0
2025-09-24T11:00,29.4,83,1.7,623.0
2025-09-24T12:00,29.7,83,4.3,632.0
2025-09-24T13:00,29.4,86,3.6,621.0
2025-09-24T14:00,29.4,88,3.7,673.0
2025-09-24T15:00,29.3,90,4.6,605.0
2025-09-24T16:00,28.9,91,4.3,410.0
2025-09-24T17:00,28.3,88,1.4,196.0
2025-09-24T18:00,27.6,93,1.4,59.0
2025-09-24T19:00,26.7,90,3.0,4.0
2025-09-24T20:00,26.4,92,3.2,0.0
2025-09-24T21:00,26.2,90,3.5,0.0
2025-09-24T22:00,25.5,91,0.7,0.0
2025-09-24T23:00,25.1,93,2.1,0.0
2025-09-25T00:00,24.8,93,2.4,0.0
2025-09-25T01:00,24.8,90,1.0,0.0
2025-09-25T02:00,24.5,92,2.9,0.0
2025-09-25T03:00,24.3,91,2.6,0.0
2025-09-25T04:00,24.2,89,0.8,0.0
2025-09-25T05:00,24.0,89,1.9,0.0
2025-09-25T06:00,24.1,89,2.5,0.0
2025-09-25T07:00,25.2,86,2.7,14.0
2025-09-25T08:00,27.1,88,3.4,134.0
2025-09-25T09:00,27.6,88,3.1,226.0
2025-09-25T10:00,29.2,80,2.9,496.0
2025-09-25T11:00,29.3,81,3.8,604.0
2025-09-25T12:00,29.1,81,4.2,582.0
2025-09-25T13:00,27.6,84,7.1,518.0
2025-09-25T14:00,26.4,88,4.1,422.0
2025-09-25T15:00,25.8,91,6.2,154.0
2025-09-25T16:00,26.3,90,7.5,150.0
2025-09-25T17:00,26.5,89,8.1,81.0
2025-09-25T18:00,26.6,89,6.9,37.0
2025-09-25T19:00,26.1,91,3.4,3.0
2025-09-25T20:00,25.7,93,2.5,0.0
2025-09-25T21:00,25.1,92,2.2,0.0
2025-09-25T22:00,25.4,91,3.9,0.0
2025-09-25T23:00,25.2,92,2.7,0.0
2025-09-26T00:00,25.4,86,3.5,0.0
2025-09-26T01:00,25.1,82,1.4,0.0
2025-09-26T02:00,25.5,80,0.7,0.0
2025-09-26T03:00,25.6,80,1.3,0.0
2025-09-26T04:00,25.4,81,1.0,0.0
2025-09-26T05:00,25.1,83,0.9,0.0
2025-09-26T06:00,25.0,86,0.8,0.0
2025-09-26T07:00,24.6,92,3.0,7.0
2025-09-26T08:00,25.5,92,4.2,97.0
2025-09-26T09:00,26.0,91,4.3,149.0
2025-09-26T10:00,26.6,95,4.3,393.0
2025-09-26T11:00,26.8,91,8.1,415.0
2025-09-26T12:00,25.8,91,7.3,311.0
2025-09-26T13:00,26.8,90,5.8,416.0
2025-09-26T14:00,25.6,93,3.0,196.0
2025-09-26T15:00,25.4,95,3.4,89.0
2025-09-26T16:00,25.7,94,2.9,57.0
2025-09-26T17:00,25.4,96,4.5,39.0
2025-09-26T18:00,25.5,94,0.9,56.0
2025-09-26T19:00,24.6,95,0.4,5.0
2025-09-26T20:00,24.2,96,0.4,0.0
2025-09-26T21:00,24.1,96,0.4,0.0
2025-09-26T22:00,24.0,99,1.9,0.0
2025-09-26T23:00,23.5,100,2.7,0.0
2025-09-27T00:00,23.6,99,3.3,0.0
2025-09-27T01:00,23.2,98,2.2,0.0
2025-09-27T02:00,23.3,97,2.1,0.0
2025-09-27T03:00,23.5,97,4.2,0.0
2025-09-27T04:00,23.1,98,3.9,0.0
2025-09-27T05:00,22.6,99,5.8,0.0
2025-09-27T06:00,22.4,99,3.6,0.0
2025-09-27T07:00,22.5,99,3.6,3.0
2025-09-27T08:00,23.0,99,4.4,38.0
2025-09-27T09:00,23.3,98,5.5,73.0
2025-09-27T10:00,25.4,91,13.9,230.0
2025-09-27T11:00,25.1,88,20.9,229.0
2025-09-27T12:00,25.4,84,18.9,261.0
2025-09-27T13:00,26.2,80,17.9,336.0
2025-09-27T14:00,26.8,77,18.2,468.0
2025-09-27T15:00,25.7,80,16.6,200.0
2025-09-27T16:00,25.5,83,14.4,181.0
2025-09-27T17:00,25.3,84,14.8,149.0
2025-09-27T18:00,25.1,84,12.3,57.0
2025-09-27T19:00,24.7,86,10.4,2.0
2025-09-27T20:00,24.7,86,10.5,0.0
2025-09-27T21:00,24.6,86,10.0,0.0
2025-09-27T22:00,24.5,84,10.1,0.0
2025-09-27T23:00,24.0,87,7.9,0.0
2025-09-28T00:00,24.3,86,4.7,0.0
2025-09-28T01:00,24.0,89,3.1,0.0
2025-09-28T02:00,23.8,94,3.1,0.0
2025-09-28T03:00,23.6,94,2.7,0.0
2025-09-28T04:00,23.6,94,2.3,0.0
2025-09-28T05:00,23.4,96,3.1,0.0
2025-09-28T06:00,23.3,95,1.8,0.0
2025-09-28T07:00,23.7,93,3.7,7.0
2025-09-28T08:00,25.2,90,6.5,110.0
2025-09-28T09:00,26.1,85,13.0,247.0
2025-09-28T10:00,26.2,88,20.0,316.0
2025-09-28T11:00,26.5,85,22.1,462.0
2025-09-28T12:00,26.7,84,20.5,515.0
2025-09-28T13:00,27.6,82,21.0,578.0
2025-09-28T14:00,27.0,84,23.1,617.0
2025-09-28T15:00,26.9,83,20.3,494.0
2025-09-28T16:00,26.5,84,21.2,312.0
2025-09-28T17:00,26.1,86,21.8,227.0
2025-09-28T18:00,25.6,88,20.4,74.0
2025-09-28T19:00,24.8,91,20.0,4.0
2025-09-28T20:00,24.8,90,19.9,0.0
2025-09-28T21:00,24.3,95,19.2,0.0
2025-09-28T22:00,24.6,92,17.2,0.0
2025-09-28T23:00,23.9,97,12.1,0.0
2025-09-29T00:00,23.3,97,12.9,0.0
2025-09-29T01:00,22.9,95,11.1,0.0
2025-09-29T02:00,22.7,94,9.1,0.0
2025-09-29T03:00,22.5,93,9.2,0.0
2025-09-29T04:00,22.1,93,8.1,0.0
2025-09-29T05:00,21.9,93,8.9,0.0
2025-09-29T06:00,21.9,91,8.7,0.0
2025-09-29T07:00,22.2,90,6.2,7.0
2025-09-29T08:00,22.5,88,10.2,104.0
2025-09-29T09:00,23.0,85,10.9,245.0
2025-09-29T10:00,23.8,80,11.1,281.0
2025-09-29T11:00,24.5,77,10.8,560.0
2025-09-29T12:00,24.7,74,13.2,677.0
2025-09-29T13:00,24.6,74,12.5,655.0
2025-09-29T14:00,24.2,75,11.0,491.0
2025-09-29T15:00,24.2,73,12.8,544.0
2025-09-29T16:00,23.5,75,11.1,264.0
2025-09-29T17:00,23.0,78,9.8,96.0
2025-09-29T18:00,22.6,80,10.2,57.0
2025-09-29T19:00,22.4,77,7.5,1.0
2025-09-29T20:00,21.8,80,5.9,0.0
2025-09-29T21:00,20.9,85,4.6,0.0
2025-09-29T22:00,21.4,80,6.9,0.0
2025-09-29T23:00,20.6,85,4.7,0.0
2025-09-30T00:00,20.1,86,4.4,0.0
2025-09-30T01:00,20.1,86,4.7,0.0
2025-09-30T02:00,20.0,86,4.4,0.0
2025-09-30T03:00,19.8,86,3.6,0.0
2025-09-30T04:00,20.4,85,4.4,0.0
2025-09-30T05:00,21.0,83,4.7,0.0
2025-09-30T06:00,20.6,85,4.3,0.0
2025-09-30T07:00,20.8,86,2.6,7.0
2025-09-30T08:00,22.2,77,4.2,109.0
2025-09-30T09:00,22.7,75,5.4,244.0
2025-09-30T10:00,23.9,72,7.0,423.0
2025-09-30T11:00,24.2,70,7.1,538.0
2025-09-30T12:00,23.6,70,5.8,234.0
2025-09-30T13:00,23.5,70,5.2,181.0
2025-09-30T14:00,23.6,69,6.7,227.0
2025-09-30T15:00,23.4,71,7.7,201.0
2025-09-30T16:00,23.3,71,6.0,193.0
2025-09-30T17:00,23.4,68,4.0,284.0
2025-09-30T18:00,22.0,77,3.0,102.0
2025-09-30T19:00,20.8,78,4.1,3.0
2025-09-30T20:00,21.0,73,1.3,0.0
2025-09-30T21:00,20.9,72,0.9,0.0
2025-09-30T22:00,20.9,74,2.3,0.0
2025-09-30T23:00,20.5,76,3.1,0.0
2025-10-01T00:00,20.5,76,2.8,0.0
2025-10-01T01:00,20.0,77,3.2,0.0
2025-10-01T02:00,19.9,77,2.3,0.0
2025-10-01T03:00,19.8,77,2.0,0.0
2025-10-01T04:00,19.2,80,3.7,0.0
2025-10-01T05:00,19.1,81,3.3,0.0
2025-10-01T06:00,18.7,82,3.8,0.0
2025-10-01T07:00,19.0,84,3.9,11.0
2025-10-01T08:00,21.6,80,5.6,146.0
2025-10-01T09:00,23.3,71,4.9,353.0
2025-10-01T10:00,23.8,69,7.0,534.0
2025-10-01T11:00,24.1,66,8.1,684.0
2025-10-01T12:00,24.1,63,7.5,779.0
2025-10-01T13:00,24.2,57,6.7,809.0
2025-10-01T14:00,24.4,55,6.4,770.0
2025-10-01T15:00,24.7,47,6.9,663.0
2025-10-01T16:00,24.3,50,7.6,507.0
2025-10-01T17:00,23.3,59,5.7,211.0
2025-10-01T18:00,21.7,76,3.3,98.0
2025-10-01T19:00,21.5,70,1.5,2.0
2025-10-01T20:00,21.3,68,1.3,0.0
2025-10-01T21:00,21.2,70,1.9,0.0
2025-10-01T22:00,22.0,72,3.2,0.0
2025-10-01T23:00,20.7,79,3.5,0.0
2025-10-02T00:00,20.8,80,1.1,0.0
2025-10-02T01:00,19.8,84,2.3,0.0
2025-10-02T02:00,20.0,79,1.1,0.0
2025-10-02T03:00,21.2,67,0.4,0.0
2025-10-02T04:00,21.3,70,0.4,0.0
2025-10-02T05:00,20.6,67,0.7,0.0
2025-10-02T06:00,21.1,64,0.6,0.0
2025-10-02T07:00,22.0,66,0.6,8.0
2025-10-02T08:00,23.0,77,1.7,51.0
2025-10-02T09:00,24.9,47,2.3,326.0
2025-10-02T10:00,25.5,48,4.2,424.0
2025-10-02T11:00,26.0,50,8.0,559.0
2025-10-02T12:00,25.7,60,11.7,693.0
2025-10-02T13:00,25.7,61,12.0,706.0
2025-10-02T14:00,25.4,60,13.6,550.0
2025-10-02T15:00,24.6,66,15.9,392.0
2025-10-02T16:00,24.7,68,14.1,268.0
2025-10-02T17:00,24.4,70,14.3,135.0
2025-10-02T18:00,23.8,74,14.5,63.0
2025-10-02T19:00,23.3,74,15.3,1.0
2025-10-02T20:00,23.0,74,18.2,0.0
2025-10-02T21:00,23.2,81,17.9,0.0
2025-10-02T22:00,22.6,87,12.2,0.0
2025-10-02T23:00,22.4,89,14.4,0.0
2025-10-03T00:00,22.6,88,9.0,0.0
2025-10-03T01:00,22.3,88,8.9,0.0
2025-10-03T02:00,22.0,88,15.5,0.0
2025-10-03T03:00,21.3,91,12.3,0.0
2025-10-03T04:00,21.2,91,16.2,0.0
2025-10-03T05:00,21.7,91,17.0,0.0
2025-10-03T06:00,22.0,91,15.0,0.0
2025-10-03T07:00,22.5,90,7.8,0.0
2025-10-03T08:00,23.1,91,15.9,4.0
2025-10-03T09:00,23.4,92,8.5,12.0
2025-10-03T10:00,24.2,91,7.9,34.0
2025-10-03T11:00,25.2,91,13.7,73.0
2025-10-03T12:00,25.3,94,14.9,77.0
2025-10-03T13:00,27.0,89,17.4,210.0
2025-10-03T14:00,27.7,85,11.9,280.0
2025-10-03T15:00,26.0,90,14.6,169.0
2025-10-03T16:00,26.0,91,14.5,93.0
2025-10-03T17:00,25.7,91,14.6,34.0
2025-10-03T18:00,25.2,90,14.3,17.0
2025-10-03T19:00,24.7,93,16.7,0.0
2025-10-03T20:00,25.5,89,21.4,0.0
2025-10-03T21:00,25.6,94,21.9,0.0
2025-10-03T22:00,25.8,91,17.2,0.0
2025-10-03T23:00,25.9,91,19.6,0.0
2025-10-04T00:00,25.7,92,18.1,0.0
2025-10-04T01:00,25.7,93,20.3,0.0
2025-10-04T02:00,25.7,89,20.3,0.0
2025-10-04T03:00,25.3,86,28.4,0.0
2025-10-04T04:00,25.3,80,23.2,0.0
2025-10-04T05:00,25.1,83,24.0,0.0
2025-10-04T06:00,25.0,87,22.8,0.0
2025-10-04T07:00,24.9,88,23.5,6.0
2025-10-04T08:00,25.4,86,24.3,82.0
2025-10-04T09:00,25.3,88,19.6,239.0
2025-10-04T10:00,26.4,80,21.4,386.0
2025-10-04T11:00,26.6,79,24.9,519.0
2025-10-04T12:00,26.5,80,22.1,512.0
2025-10-04T13:00,26.6,81,20.3,577.0
2025-10-04T14:00,26.6,80,20.7,576.0
2025-10-04T15:00,25.5,84,16.0,500.0
2025-10-04T16:00,25.0,86,16.1,367.0
2025-10-04T17:00,24.3,87,15.0,195.0
2025-10-04T18:00,23.7,92,12.9,72.0
2025-10-04T19:00,23.3,93,12.1,1.0
2025-10-04T20:00,23.2,92,11.7,0.0
2025-10-04T21:00,23.3,93,6.0,0.0
2025-10-04T22:00,23.1,93,6.7,0.0
2025-10-04T23:00,22.9,94,7.3,0.0
2025-10-05T00:00,23.1,93,8.4,0.0
2025-10-05T01:00,23.0,93,10.8,0.0
2025-10-05T02:00,23.1,91,12.0,0.0
2025-10-05T03:00,23.3,89,13.5,0.0
2025-10-05T04:00,23.3,87,12.6,0.0
2025-10-05T05:00,23.3,86,12.1,0.0
2025-10-05T06:00,23.3,86,11.1,0.0
2025-10-05T07:00,23.2,86,10.1,6.0
2025-10-05T08:00,23.8,84,10.5,95.0
2025-10-05T09:00,24.9,80,8.9,250.0
2025-10-05T10:00,25.4,77,10.8,447.0
2025-10-05T11:00,25.6,76,10.4,503.0
2025-10-05T12:00,26.0,75,11.2,576.0
2025-10-05T13:00,26.1,75,10.7,628.0
2025-10-05T14:00,26.2,75,11.6,661.0
2025-10-05T15:00,25.6,74,10.4,592.0
2025-10-05T16:00,25.2,76,10.5,432.0
2025-10-05T17:00,24.7,77,9.1,260.0
2025-10-05T18:00,24.1,81,7.1,77.0
2025-10-05T19:00,23.4,84,6.0,1.0
2025-10-05T20:00,23.2,83,5.4,0.0
2025-10-05T21:00,23.2,85,4.2,0.0
2025-10-05T22:00,23.0,86,4.4,0.0
2025-10-05T23:00,22.5,90,4.0,0.0
2025-10-06T00:00,22.2,91,2.9,0.0
2025-10-06T01:00,22.3,90,4.2,0.0
2025-10-06T02:00,22.4,88,4.7,0.0
2025-10-06T03:00,22.3,89,3.4,0.0
2025-10-06T04:00,21.8,92,4.1,0.0
2025-10-06T05:00,21.9,93,2.3,0.0
2025-10-06T06:00,21.9,93,0.4,0.0
2025-10-06T07:00,21.9,92,1.3,7.0
2025-10-06T08:00,23.8,90,1.1,109.0
2025-10-06T09:00,25.9,78,1.9,315.0
2025-10-06T10:00,26.7,78,7.6,498.0
2025-10-06T11:00,26.6,82,7.0,633.0
2025-10-06T12:00,26.9,79,6.0,682.0
2025-10-06T13:00,27.1,79,8.4,714.0
2025-10-06T14:00,27.1,79,8.0,674.0
2025-10-06T15:00,27.0,82,10.4,549.0
2025-10-06T16:00,26.3,83,10.6,395.0
2025-10-06T17:00,25.6,84,8.5,223.0
2025-10-06T18:00,25.3,85,4.3,56.0
2025-10-06T19:00,24.7,91,1.4,1.0
2025-10-06T20:00,24.9,89,0.3,0.0
2025-10-06T21:00,25.0,89,0.5,0.0
2025-10-06T22:00,24.4,91,2.0,0.0
2025-10-06T23:00,24.4,90,4.2,0.0
2025-10-07T00:00,24.0,89,3.4,0.0
2025-10-07T01:00,23.9,86,3.3,0.0
2025-10-07T02:00,24.2,84,4.4,0.0
2025-10-07T03:00,24.6,85,8.4,0.0
2025-10-07T04:00,24.8,90,12.9,0.0
2025-10-07T05:00,25.3,92,17.5,0.0
2025-10-07T06:00,25.3,92,17.6,0.0
2025-10-07T07:00,24.6,96,14.8,3.0
2025-10-07T08:00,25.1,96,15.0,53.0
2025-10-07T09:00,25.8,92,18.2,184.0
2025-10-07T10:00,25.8,90,18.6,371.0
2025-10-07T11:00,25.8,88,18.9,498.0
2025-10-07T12:00,26.2,79,18.8,536.0
2025-10-07T13:00,25.3,82,18.0,532.0
2025-10-07T14:00,25.1,83,16.2,549.0
2025-10-07T15:00,25.0,82,14.2,444.0
2025-10-07T16:00,24.0,87,17.3,368.0
2025-10-07T17:00,23.3,87,16.8,197.0
2025-10-07T18:00,22.3,93,15.0,49.0
2025-10-07T19:00,22.3,92,13.2,0.0
2025-10-07T20:00,22.3,91,13.1,0.0
2025-10-07T21:00,22.2,91,13.2,0.0
2025-10-07T22:00,22.1,91,12.0,0.0
2025-10-07T23:00,22.0,91,11.6,0.0
2025-10-08T00:00,22.0,90,12.0,0.0
2025-10-08T01:00,21.8,90,10.2,0.0
2025-10-08T02:00,21.7,92,8.8,0.0
2025-10-08T03:00,21.8,98,6.6,0.0
2025-10-08T04:00,21.9,98,11.5,0.0
2025-10-08T05:00,21.9,99,14.6,0.0
2025-10-08T06:00,22.0,98,14.8,0.0
2025-10-08T07:00,22.0,97,12.7,3.0
2025-10-08T08:00,22.3,94,12.4,68.0
2025-10-08T09:00,22.0,95,9.8,200.0
2025-10-08T10:00,22.9,89,11.3,301.0
2025-10-08T11:00,23.3,86,10.7,395.0
2025-10-08T12:00,23.3,88,10.9,473.0
2025-10-08T13:00,23.7,86,9.7,502.0
2025-10-08T14:00,23.9,86,9.1,437.0
2025-10-08T15:00,24.1,85,11.3,390.0
2025-10-08T16:00,23.7,89,13.3,273.0
2025-10-08T17:00,23.7,90,15.3,143.0
2025-10-08T18:00,23.9,91,16.7,30.0
2025-10-08T19:00,23.6,90,17.8,0.0
2025-10-08T20:00,23.5,91,17.9,0.0
2025-10-08T21:00,23.5,92,17.9,0.0
2025-10-08T22:00,23.6,92,18.1,0.0
2025-10-08T23:00,23.5,92,17.6,0.0
2025-10-09T00:00,23.3,94,18.2,0.0
2025-10-09T01:00,23.1,94,19.9,0.0
2025-10-09T02:00,23.0,93,20.7,0.0
2025-10-09T03:00,23.1,91,20.2,0.0
2025-10-09T04:00,23.2,90,19.1,0.0
2025-10-09T05:00,23.1,90,19.6,0.0
2025-10-09T06:00,23.0,90,21.0,0.0
2025-10-09T07:00,23.4,86,22.0,4.0
2025-10-09T08:00,23.5,85,22.4,80.0
2025-10-09T09:00,23.8,86,24.9,216.0
2025-10-09T10:00,24.3,84,24.3,412.0
2025-10-09T11:00,24.8,78,26.0,502.0
2025-10-09T12:00,25.0,77,26.0,616.0
2025-10-09T13:00,25.2,75,26.3,605.0
2025-10-09T14:00,25.1,75,26.0,554.0
2025-10-09T15:00,24.7,77,25.8,455.0
2025-10-09T16:00,24.3,77,27.3,331.0
2025-10-09T17:00,23.8,75,25.1,168.0
2025-10-09T18:00,23.3,76,24.4,60.0
2025-10-09T19:00,23.0,75,24.7,0.0
2025-10-09T20:00,23.0,75,24.7,0.0
2025-10-09T21:00,22.8,75,27.6,0.0
2025-10-09T22:00,22.6,75,26.3,0.0
2025-10-09T23:00,22.6,75,23.7,0.0
2025-10-10T00:00,22.4,77,22.2,0.0
2025-10-10T01:00,22.2,79,21.7,0.0
2025-10-10T02:00,22.1,80,20.3,0.0
2025-10-10T03:00,22.4,79,23.0,0.0
2025-10-10T04:00,22.4,79,21.6,0.0
2025-10-10T05:00,22.3,80,20.2,0.0
2025-10-10T06:00,22.2,81,18.4,0.0
2025-10-10T07:00,22.3,81,17.1,5.0
2025-10-10T08:00,23.4,79,17.3,97.0
2025-10-10T09:00,24.2,73,18.4,277.0
2025-10-10T10:00,25.3,69,17.3,461.0
2025-10-10T11:00,26.0,67,18.3,600.0
2025-10-10T12:00,26.3,68,18.7,692.0
2025-10-10T13:00,26.5,66,19.2,730.0
2025-10-10T14:00,26.4,68,19.6,685.0
2025-10-10T15:00,25.5,74,19.6,577.0
2025-10-10T16:00,25.2,75,18.2,406.0
2025-10-10T17:00,24.7,75,16.0,242.0
2025-10-10T18:00,23.7,79,16.2,67.0
2025-10-10T19:00,23.1,80,14.2,0.0
2025-10-10T20:00,22.9,81,13.1,0.0
2025-10-10T21:00,22.9,85,13.9,0.0
2025-10-10T22:00,22.7,85,12.0,0.0
2025-10-10T23:00,22.4,86,12.2,0.0
2025-10-11T00:00,22.4,85,13.5,0.0
2025-10-11T01:00,22.3,85,11.8,0.0
2025-10-11T02:00,22.2,85,12.1,0.0
2025-10-11T03:00,22.4,88,15.6,0.0
2025-10-11T04:00,22.4,88,14.0,0.0
2025-10-11T05:00,21.7,88,11.0,0.0
2025-10-11T06:00,21.2,85,8.8,0.0
2025-10-11T07:00,21.3,79,7.2,5.0
2025-10-11T08:00,23.5,79,7.7,112.0
2025-10-11T09:00,26.0,71,3.8,300.0
2025-10-11T10:00,26.7,74,5.5,483.0
2025-10-11T11:00,27.1,78,7.7,623.0
2025-10-11T12:00,27.5,81,9.1,706.0
2025-10-11T13:00,27.1,83,9.7,730.0
2025-10-11T14:00,26.8,85,7.9,678.0
2025-10-11T15:00,26.3,89,9.0,560.0
2025-10-11T16:00,25.8,90,9.2,398.0
2025-10-11T17:00,25.0,91,6.0,224.0
2025-10-11T18:00,24.1,95,1.5,56.0
2025-10-11T19:00,23.5,94,0.8,0.0
2025-10-11T20:00,22.9,90,1.2,0.0
2025-10-11T21:00,23.0,88,2.4,0.0
2025-10-11T22:00,22.6,86,3.0,0.0
2025-10-11T23:00,22.4,88,4.3,0.0
2025-10-12T00:00,22.6,92,5.2,0.0
2025-10-12T01:00,22.7,92,6.0,0.0
2025-10-12T02:00,22.6,92,5.9,0.0
2025-10-12T03:00,22.8,87,8.0,0.0
2025-10-12T04:00,22.7,91,7.1,0.0
2025-10-12T05:00,22.5,95,6.0,0.0
2025-10-12T06:00,21.9,96,4.8,0.0
2025-10-12T07:00,22.0,96,4.5,5.0
2025-10-12T08:00,23.9,91,5.5,109.0
2025-10-12T09:00,24.6,92,3.1,270.0
2025-10-12T10:00,25.3,88,5.9,378.0
2025-10-12T11:00,25.8,83,5.4,525.0
2025-10-12T12:00,26.5,80,7.4,674.0
2025-10-12T13:00,26.5,82,6.6,689.0
2025-10-12T14:00,26.7,81,7.5,610.0
2025-10-12T15:00,26.0,82,6.2,543.0
2025-10-12T16:00,25.8,83,6.2,404.0
2025-10-12T17:00,25.4,82,4.6,217.0
2025-10-12T18:00,24.5,87,3.5,54.0
2025-10-12T19:00,24.0,91,5.4,0.0
2025-10-12T20:00,23.6,96,5.5,0.0
2025-10-12T21:00,24.5,89,1.0,0.0
2025-10-12T22:00,23.8,92,2.1,0.0
2025-10-12T23:00,23.0,98,1.7,0.0
2025-10-13T00:00,22.4,100,0.5,0.0
2025-10-13T01:00,22.2,99,0.8,0.0
2025-10-13T02:00,22.8,97,1.1,0.0
2025-10-13T03:00,23.6,96,2.3,0.0
2025-10-13T04:00,23.6,98,5.2,0.0
2025-10-13T05:00,23.5,98,4.2,0.0
2025-10-13T06:00,23.5,98,5.1,0.0
2025-10-13T07:00,23.6,97,7.2,1.0
2025-10-13T08:00,24.5,93,6.1,58.0
2025-10-13T09:00,25.7,85,3.3,219.0
2025-10-13T10:00,27.1,78,6.1,442.0
2025-10-13T11:00,26.9,84,8.1,533.0
2025-10-13T12:00,27.3,84,8.1,618.0
2025-10-13T13:00,27.0,88,9.9,689.0
2025-10-13T14:00,27.1,86,10.0,601.0
2025-10-13T15:00,28.3,74,7.7,553.0
2025-10-13T16:00,28.3,61,12.8,408.0
2025-10-13T17:00,27.3,68,11.9,229.0
2025-10-13T18:00,25.9,74,10.9,57.0
2025-10-13T19:00,24.8,79,10.0,0.0
2025-10-13T20:00,24.2,81,6.2,0.0
2025-10-13T21:00,24.8,86,7.7,0.0
2025-10-13T22:00,23.7,90,2.2,0.0
2025-10-13T23:00,23.8,95,6.1,0.0
2025-10-14T00:00,23.8,92,4.2,0.0
2025-10-14T01:00,23.6,90,2.7,0.0
2025-10-14T02:00,23.3,91,4.6,0.0
2025-10-14T03:00,24.3,89,9.6,0.0
2025-10-14T04:00,23.5,93,8.9,0.0
2025-10-14T05:00,23.7,92,12.0,0.0
2025-10-14T06:00,23.6,90,18.0,0.0
2025-10-14T07:00,23.4,92,15.9,2.0
2025-10-14T08:00,23.7,93,12.0,81.0
2025-10-14T09:00,22.9,98,10.2,218.0
2025-10-14T10:00,22.9,97,12.0,228.0
2025-10-14T11:00,23.8,90,12.4,338.0
2025-10-14T12:00,24.3,85,11.6,462.0
2025-10-14T13:00,24.6,81,12.5,461.0
2025-10-14T14:00,24.4,83,12.0,554.0
2025-10-14T15:00,23.2,89,6.0,498.0
2025-10-14T16:00,22.8,91,7.6,78.0
2025-10-14T17:00,22.9,88,7.6,115.0
2025-10-14T18:00,22.3,89,6.7,33.0
2025-10-14T19:00,22.1,89,5.1,0.0
2025-10-14T20:00,22.2,87,4.3,0.0
2025-10-14T21:00,22.5,90,5.1,0.0
2025-10-14T22:00,22.8,87,6.5,0.0
2025-10-14T23:00,23.0,87,6.3,0.0
2025-10-15T00:00,23.1,86,5.2,0.0
2025-10-15T01:00,23.3,85,4.5,0.0
2025-10-15T02:00,23.4,86,4.0,0.0
2025-10-15T03:00,23.0,90,10.1,0.0
2025-10-15T04:00,23.2,90,10.9,0.0
2025-10-15T05:00,23.2,90,7.3,0.0
2025-10-15T06:00,22.6,95,5.1,0.0
2025-10-15T07:00,22.5,94,4.0,2.0
2025-10-15T08:00,23.4,91,4.6,58.0
2025-10-15T09:00,23.4,95,18.7,206.0
2025-10-15T10:00,24.2,90,17.0,174.0
2025-10-15T11:00,25.1,86,13.2,256.0
2025-10-15T12:00,26.1,83,12.5,467.0
2025-10-15T13:00,26.1,84,9.2,535.0
2025-10-15T14:00,24.9,89,6.2,298.0
2025-10-15T15:00,25.3,82,23.4,397.0
2025-10-15T16:00,25.4,81,19.8,328.0
2025-10-15T17:00,25.2,81,14.1,164.0
2025-10-15T18:00,24.3,85,9.4,42.0
2025-10-15T19:00,23.8,87,6.5,0.0
2025-10-15T20:00,23.4,88,3.5,0.0
2025-10-15T21:00,24.1,90,3.5,0.0
2025-10-15T22:00,23.6,90,3.3,0.0
2025-10-15T23:00,23.7,88,3.4,0.0
2025-10-16T00:00,23.6,88,3.6,0.0
2025-10-16T01:00,24.2,86,7.1,0.0
2025-10-16T02:00,24.4,86,12.5,0.0
2025-10-16T03:00,25.2,86,16.2,0.0
2025-10-16T04:00,25.0,83,20.8,0.0
2025-10-16T05:00,24.5,85,27.8,0.0
2025-10-16T06:00,23.7,92,26.5,0.0
2025-10-16T07:00,23.7,94,26.4,0.0
2025-10-16T08:00,23.3,96,18.1,16.0
2025-10-16T09:00,23.8,95,14.4,61.0
2025-10-16T10:00,23.1,98,12.1,55.0
2025-10-16T11:00,23.6,94,11.2,118.0
2025-10-16T12:00,23.8,92,12.0,228.0
2025-10-16T13:00,23.5,92,10.7,246.0
2025-10-16T14:00,23.1,92,11.5,157.0
2025-10-16T15:00,22.9,93,9.1,176.0
2025-10-16T16:00,23.0,90,10.5,172.0
2025-10-16T17:00,22.9,89,8.8,85.0
2025-10-16T18:00,22.4,92,6.9,29.0
2025-10-16T19:00,22.2,93,6.7,0.0
2025-10-16T20:00,22.4,91,8.0,0.0
2025-10-16T21:00,22.5,91,10.3,0.0
2025-10-16T22:00,22.5,89,14.5,0.0
2025-10-16T23:00,22.6,88,15.7,0.0
2025-10-17T00:00,23.1,91,19.0,0.0
2025-10-17T01:00,23.2,92,20.5,0.0
2025-10-17T02:00,23.4,91,21.3,0.0
2025-10-17T03:00,23.0,90,22.2,0.0
2025-10-17T04:00,23.0,89,22.1,0.0
2025-10-17T05:00,22.9,89,21.4,0.0
2025-10-17T06:00,22.9,88,19.3,0.0
2025-10-17T07:00,23.0,88,18.9,2.0
2025-10-17T08:00,23.1,88,20.7,39.0
2025-10-17T09:00,23.4,85,28.1,120.0
2025-10-17T10:00,24.2,80,28.7,257.0
2025-10-17T11:00,25.1,74,27.3,379.0
2025-10-17T12:00,25.5,72,25.4,399.0
2025-10-17T13:00,25.9,70,22.8,343.0
2025-10-17T14:00,26.6,68,21.0,472.0
2025-10-17T15:00,25.4,74,22.4,314.0
2025-10-17T16:00,25.2,74,19.4,209.0
2025-10-17T17:00,25.0,75,13.9,123.0
2025-10-17T18:00,24.4,79,11.7,29.0
2025-10-17T19:00,24.1,80,11.3,0.0
2025-10-17T20:00,24.0,81,6.7,0.0
2025-10-17T21:00,23.3,90,10.9,0.0
2025-10-17T22:00,23.0,90,7.4,0.0
2025-10-17T23:00,22.8,89,4.6,0.0
2025-10-18T00:00,22.5,89,3.8,0.0
2025-10-18T01:00,22.9,87,4.2,0.0
2025-10-18T02:00,23.9,90,13.5,0.0
2025-10-18T03:00,23.8,88,16.1,0.0
2025-10-18T04:00,23.7,86,18.2,0.0
2025-10-18T05:00,23.7,86,19.1,0.0
2025-10-18T06:00,23.5,88,19.0,0.0
2025-10-18T07:00,23.4,90,19.0,2.0
2025-10-18T08:00,23.5,90,20.4,74.0
2025-10-18T09:00,22.7,95,15.3,121.0
2025-10-18T10:00,22.5,94,18.2,176.0
2025-10-18T11:00,21.8,94,15.3,176.0
2025-10-18T12:00,21.4,94,14.7,154.0
2025-10-18T13:00,21.2,91,13.6,208.0
2025-10-18T14:00,20.3,96,13.1,77.0
2025-10-18T15:00,20.6,95,10.5,90.0
2025-10-18T16:00,20.5,94,11.9,72.0
2025-10-18T17:00,20.3,94,11.5,54.0
2025-10-18T18:00,20.0,93,11.4,23.0
2025-10-18T19:00,19.7,92,11.7,0.0
2025-10-18T20:00,19.5,90,9.3,0.0
2025-10-18T21:00,19.3,89,6.7,0.0
2025-10-18T22:00,19.5,89,7.8,0.0
2025-10-18T23:00,19.6,90,8.7,0.0
2025-10-19T00:00,19.9,89,7.4,0.0
2025-10-19T01:00,20.4,90,8.6,0.0
2025-10-19T02:00,20.8,91,13.1,0.0
2025-10-19T03:00,21.2,89,18.3,0.0
2025-10-19T04:00,21.6,88,16.3,0.0
2025-10-19T05:00,21.2,92,19.0,0.0
2025-10-19T06:00,21.1,94,20.2,0.0
2025-10-19T07:00,21.1,92,19.0,0.0
2025-10-19T08:00,21.3,92,18.5,22.0
2025-10-19T09:00,21.2,94,25.1,71.0
2025-10-19T10:00,21.0,95,27.2,57.0
2025-10-19T11:00,21.6,96,26.7,186.0
2025-10-19T12:00,21.1,95,25.4,67.0
2025-10-19T13:00,20.9,96,23.9,77.0
2025-10-19T14:00,20.9,96,23.4,129.0
2025-10-19T15:00,21.0,93,21.0,100.0
2025-10-19T16:00,20.6,93,20.7,48.0
2025-10-19T17:00,20.1,95,20.4,60.0
2025-10-19T18:00,20.0,95,23.0,11.0
2025-10-19T19:00,19.8,96,20.4,0.0
2025-10-19T20:00,19.8,91,18.0,0.0
2025-10-19T21:00,19.6,87,13.4,0.0
2025-10-19T22:00,19.2,89,15.2,0.0
2025-10-19T23:00,18.8,89,16.9,0.0
2025-10-20T00:00,18.4,78,16.4,0.0
2025-10-20T01:00,18.1,70,17.8,0.0
2025-10-20T02:00,17.8,68,17.8,0.0
2025-10-20T03:00,17.5,65,15.8,0.0
2025-10-20T04:00,16.6,70,15.6,0.0
2025-10-20T05:00,16.0,78,15.7,0.0
2025-10-20T06:00,15.7,82,15.5,0.0
2025-10-20T07:00,15.5,80,14.6,2.0
2025-10-20T08:00,15.8,77,13.3,87.0
2025-10-20T09:00,16.8,77,12.5,231.0
2025-10-20T10:00,16.8,76,14.8,442.0
2025-10-20T11:00,17.0,71,14.7,578.0
2025-10-20T12:00,17.2,66,13.6,675.0
2025-10-20T13:00,17.5,62,12.2,694.0
2025-10-20T14:00,17.3,62,11.6,380.0
2025-10-20T15:00,18.2,52,11.9,478.0
2025-10-20T16:00,17.9,56,11.8,374.0
2025-10-20T17:00,17.5,60,10.7,177.0
2025-10-20T18:00,16.9,66,11.2,37.0
2025-10-20T19:00,16.7,69,11.4,0.0
2025-10-20T20:00,16.8,72,11.6,0.0
2025-10-20T21:00,16.5,80,11.1,0.0
2025-10-20T22:00,16.6,81,12.3,0.0
2025-10-20T23:00,17.3,77,13.5,0.0
2025-10-21T00:00,16.9,83,13.1,0.0
2025-10-21T01:00,17.1,90,14.9,0.0
2025-10-21T02:00,17.3,93,16.5,0.0
2025-10-21T03:00,17.5,85,14.9,0.0
2025-10-21T04:00,17.3,91,17.3,0.0
2025-10-21T05:00,17.2,91,19.4,0.0
2025-10-21T06:00,17.0,91,18.3,0.0
2025-10-21T07:00,17.0,91,17.1,0.0
2025-10-21T08:00,17.0,91,16.8,23.0
2025-10-21T09:00,17.1,92,17.9,40.0
2025-10-21T10:00,17.3,88,19.4,144.0
2025-10-21T11:00,17.0,92,16.7,46.0
2025-10-21T12:00,17.3,87,15.8,141.0
2025-10-21T13:00,17.3,82,15.0,164.0
2025-10-21T14:00,17.4,78,18.2,147.0
2025-10-21T15:00,17.5,79,16.0,94.0
2025-10-21T16:00,17.2,82,17.1,52.0
2025-10-21T17:00,16.8,84,15.8,27.0
2025-10-21T18:00,16.8,83,12.9,6.0
2025-10-21T19:00,16.8,82,13.6,0.0
2025-10-21T20:00,16.9,79,13.9,0.0
2025-10-21T21:00,16.9,78,12.7,0.0
2025-10-21T22:00,17.1,79,12.7,0.0
2025-10-21T23:00,17.1,80,13.2,0.0
2025-10-22T00:00,17.0,83,13.8,0.0
2025-10-22T01:00,16.9,85,14.2,0.0
2025-10-22T02:00,17.0,85,14.6,0.0
2025-10-22T03:00,17.4,82,15.2,0.0
2025-10-22T04:00,17.3,84,16.9,0.0
2025-10-22T05:00,16.8,89,16.8,0.0
2025-10-22T06:00,16.9,93,18.1,0.0
2025-10-22T07:00,17.2,92,19.4,1.0
2025-10-22T08:00,17.3,94,19.5,39.0
2025-10-22T09:00,18.3,87,21.2,116.0
2025-10-22T10:00,19.1,84,22.6,333.0
2025-10-22T11:00,19.8,77,22.6,385.0
2025-10-22T12:00,20.2,75,23.2,510.0
2025-10-22T13:00,20.0,78,22.9,528.0
2025-10-22T14:00,20.5,74,21.5,489.0
2025-10-22T15:00,20.6,69,21.1,392.0
2025-10-22T16:00,20.4,69,21.1,269.0
2025-10-22T17:00,20.2,69,19.7,142.0
2025-10-22T18:00,18.3,85,18.9,31.0
2025-10-22T19:00,18.4,85,18.0,0.0
2025-10-22T20:00,18.4,84,20.4,0.0
2025-10-22T21:00,19.0,86,22.4,0.0
2025-10-22T22:00,19.2,83,21.9,0.0
2025-10-22T23:00,19.1,83,21.1,0.0
2025-10-23T00:00,19.0,82,21.0,0.0
2025-10-23T01:00,18.6,85,20.3,0.0
2025-10-23T02:00,18.2,89,19.3,0.0
2025-10-23T03:00,18.8,85,22.6,0.0
2025-10-23T04:00,18.9,84,22.6,0.0
2025-10-23T05:00,18.9,83,22.4,0.0
2025-10-23T06:00,18.8,82,21.6,0.0
2025-10-23T07:00,18.3,83,20.3,1.0
2025-10-23T08:00,18.3,85,21.9,58.0
2025-10-23T09:00,19.3,79,19.9,163.0
2025-10-23T10:00,20.5,69,21.2,382.0
2025-10-23T11:00,21.0,66,22.2,490.0
2025-10-23T12:00,21.1,66,20.8,545.0
2025-10-23T13:00,20.7,72,22.1,579.0
2025-10-23T14:00,20.3,73,20.7,432.0
2025-10-23T15:00,20.7,64,19.5,398.0
2025-10-23T16:00,20.6,60,18.4,278.0
2025-10-23T17:00,20.1,65,17.5,182.0
2025-10-23T18:00,19.4,65,16.3,34.0
2025-10-23T19:00,19.6,64,16.2,0.0
2025-10-23T20:00,19.3,65,16.0,0.0
2025-10-23T21:00,18.8,71,16.4,0.0
2025-10-23T22:00,17.9,85,15.9,0.0
2025-10-23T23:00,17.9,86,16.0,0.0
2025-10-24T00:00,18.0,86,14.1,0.0
2025-10-24T01:00,17.9,86,12.7,0.0
2025-10-24T02:00,17.6,89,12.3,0.0
2025-10-24T03:00,17.6,89,13.9,0.0
2025-10-24T04:00,17.5,89,13.6,0.0
2025-10-24T05:00,17.9,86,13.2,0.0
2025-10-24T06:00,17.9,85,15.2,0.0
2025-10-24T07:00,17.8,84,14.9,1.0
2025-10-24T08:00,18.5,82,14.5,75.0
2025-10-24T09:00,19.4,72,16.8,245.0
2025-10-24T10:00,20.1,69,16.5,399.0
2025-10-24T11:00,20.5,67,17.1,543.0
2025-10-24T12:00,20.9,64,16.8,605.0
2025-10-24T13:00,21.1,63,16.0,621.0
2025-10-24T14:00,20.9,65,15.5,591.0
2025-10-24T15:00,20.6,65,15.3,454.0
2025-10-24T16:00,20.2,66,14.5,323.0
2025-10-24T17:00,19.8,67,13.6,156.0
2025-10-24T18:00,18.8,73,10.8,31.0
2025-10-24T19:00,18.5,71,8.9,0.0
2025-10-24T20:00,18.2,69,8.1,0.0
2025-10-24T21:00,18.3,72,8.2,0.0
2025-10-24T22:00,18.9,71,13.2,0.0
2025-10-24T23:00,18.2,77,11.1,0.0
2025-10-25T00:00,17.7,81,7.5,0.0
2025-10-25T01:00,17.5,84,7.7,0.0
2025-10-25T02:00,17.1,87,7.2,0.0
2025-10-25T03:00,17.1,88,7.8,0.0
2025-10-25T04:00,16.8,89,5.9,0.0
2025-10-25T05:00,16.7,91,5.6,0.0
2025-10-25T06:00,16.5,93,4.6,0.0
2025-10-25T07:00,16.9,94,7.3,1.0
2025-10-25T08:00,17.5,95,8.4,42.0
2025-10-25T09:00,18.2,87,9.4,128.0
2025-10-25T10:00,18.4,86,13.0,301.0
2025-10-25T11:00,18.3,86,12.8,346.0
2025-10-25T12:00,18.7,84,12.1,444.0
2025-10-25T13:00,19.1,79,10.6,528.0
2025-10-25T14:00,19.0,78,11.6,449.0
2025-10-25T15:00,19.1,75,9.8,408.0
2025-10-25T16:00,18.7,77,11.7,204.0
2025-10-25T17:00,18.3,79,10.9,134.0
2025-10-25T18:00,17.5,84,8.3,25.0
2025-10-25T19:00,17.3,87,7.0,0.0
2025-10-25T20:00,17.2,87,6.6,0.0
2025-10-25T21:00,17.5,85,7.0,0.0
2025-10-25T22:00,17.4,83,9.7,0.0
2025-10-25T23:00,17.0,84,8.4,0.0
2025-10-26T00:00,16.9,84,6.9,0.0
2025-10-26T01:00,16.9,81,9.7,0.0
2025-10-26T02:00,16.5,79,12.8,0.0
2025-10-26T03:00,16.5,81,13.2,0.0
2025-10-26T04:00,16.6,72,18.6,0.0
2025-10-26T05:00,16.2,66,19.9,0.0
2025-10-26T06:00,16.3,63,17.8,0.0
2025-10-26T07:00,16.1,62,15.1,0.0
2025-10-26T08:00,16.3,62,14.1,45.0
2025-10-26T09:00,15.9,60,14.6,93.0
2025-10-26T10:00,15.9,62,9.7,141.0
2025-10-26T11:00,16.2,61,8.3,242.0
2025-10-26T12:00,17.3,54,14.5,495.0
2025-10-26T13:00,17.7,53,17.1,621.0
2025-10-26T14:00,17.9,56,18.8,515.0
2025-10-26T15:00,17.6,61,18.0,299.0
2025-10-26T16:00,17.9,59,21.1,212.0
2025-10-26T17:00,16.7,70,20.9,111.0
2025-10-26T18:00,16.1,74,17.6,20.0
2025-10-26T19:00,16.0,76,17.9,0.0
2025-10-26T20:00,15.7,82,15.7,0.0
2025-10-26T21:00,16.5,73,17.5,0.0
2025-10-26T22:00,16.4,73,17.0,0.0
2025-10-26T23:00,16.3,75,15.6,0.0
2025-10-27T00:00,16.1,77,14.9,0.0
2025-10-27T01:00,15.9,83,18.0,0.0
2025-10-27T02:00,15.7,84,16.8,0.0
2025-10-27T03:00,15.2,92,13.5,0.0
2025-10-27T04:00,14.4,92,13.7,0.0
2025-10-27T05:00,14.7,82,18.9,0.0
2025-10-27T06:00,14.8,83,19.8,0.0
2025-10-27T07:00,14.7,81,21.6,0.0
2025-10-27T08:00,14.9,76,19.5,47.0
2025-10-27T09:00,15.3,69,19.1,228.0
2025-10-27T10:00,15.6,68,19.9,416.0
2025-10-27T11:00,15.5,67,21.8,527.0
2025-10-27T12:00,15.1,64,22.5,600.0
2025-10-27T13:00,14.8,64,21.9,639.0
2025-10-27T14:00,14.5,62,21.1,549.0
2025-10-27T15:00,15.3,51,20.0,329.0
2025-10-27T16:00,14.6,53,21.3,315.0
2025-10-27T17:00,14.4,53,19.9,155.0
2025-10-27T18:00,13.6,59,20.7,25.0
2025-10-27T19:00,13.7,55,18.6,0.0
2025-10-27T20:00,13.7,56,17.9,0.0
2025-10-27T21:00,14.3,46,18.4,0.0
2025-10-27T22:00,14.2,52,17.6,0.0
2025-10-27T23:00,14.0,55,17.5,0.0
2025-10-28T00:00,14.3,56,17.4,0.0
2025-10-28T01:00,14.2,60,17.8,0.0
2025-10-28T02:00,14.2,62,15.4,0.0
2025-10-28T03:00,14.0,62,17.4,0.0
2025-10-28T04:00,13.4,65,17.5,0.0
2025-10-28T05:00,13.1,68,15.9,0.0
2025-10-28T06:00,13.2,63,17.8,0.0
2025-10-28T07:00,13.1,59,16.5,0.0
2025-10-28T08:00,13.2,57,15.7,52.0
2025-10-28T09:00,13.3,57,18.1,169.0
2025-10-28T10:00,13.8,54,18.0,337.0
2025-10-28T11:00,14.6,49,16.7,512.0
2025-10-28T12:00,15.2,47,19.0,602.0
2025-10-28T13:00,14.8,52,17.1,635.0
2025-10-28T14:00,14.7,53,13.5,622.0
2025-10-28T15:00,14.4,54,11.2,527.0
2025-10-28T16:00,14.3,52,10.4,377.0
2025-10-28T17:00,13.8,48,9.1,187.0
2025-10-28T18:00,12.6,55,8.2,28.0
2025-10-28T19:00,12.7,54,9.7,0.0
2025-10-28T20:00,12.8,53,10.6,0.0
2025-10-28T21:00,12.2,54,7.8,0.0
2025-10-28T22:00,12.3,54,7.4,0.0
2025-10-28T23:00,12.0,56,6.7,0.0
2025-10-29T00:00,11.8,55,6.7,0.0
2025-10-29T01:00,12.3,53,9.0,0.0
2025-10-29T02:00,12.4,54,9.6,0.0
2025-10-29T03:00,13.0,55,12.1,0.0
2025-10-29T04:00,13.3,57,13.9,0.0
2025-10-29T05:00,13.3,58,14.7,0.0
2025-10-29T06:00,13.3,61,16.2,0.0
2025-10-29T07:00,13.2,63,17.4,0.0
2025-10-29T08:00,13.9,65,18.5,77.0
2025-10-29T09:00,15.0,58,21.5,255.0
2025-10-29T10:00,15.8,58,21.2,444.0
2025-10-29T11:00,16.5,58,19.5,582.0
2025-10-29T12:00,17.1,57,17.8,670.0
2025-10-29T13:00,17.6,54,16.5,685.0
2025-10-29T14:00,17.9,53,15.5,621.0
2025-10-29T15:00,17.3,60,16.3,493.0
2025-10-29T16:00,16.9,61,15.7,295.0
2025-10-29T17:00,16.5,62,12.8,175.0
2025-10-29T18:00,15.6,65,9.5,26.0
2025-10-29T19:00,15.1,66,9.1,0.0
2025-10-29T20:00,15.5,66,12.3,0.0
2025-10-29T21:00,15.9,61,14.3,0.0
2025-10-29T22:00,16.3,59,12.3,0.0
2025-10-29T23:00,16.3,64,14.4,0.0
2025-10-30T00:00,16.4,64,12.8,0.0
2025-10-30T01:00,15.8,64,8.5,0.0
2025-10-30T02:00,15.2,66,10.2,0.0
2025-10-30T03:00,16.4,70,15.1,0.0
2025-10-30T04:00,16.6,67,11.1,0.0
2025-10-30T05:00,16.3,66,10.4,0.0
2025-10-30T06:00,16.6,63,11.5,0.0
2025-10-30T07:00,16.5,67,15.1,0.0
2025-10-30T08:00,16.9,75,14.4,65.0
2025-10-30T09:00,17.7,68,17.9,177.0
2025-10-30T10:00,18.6,60,18.0,376.0
2025-10-30T11:00,18.8,56,19.1,409.0
2025-10-30T12:00,19.4,55,17.5,513.0
2025-10-30T13:00,19.3,55,14.3,350.0
2025-10-30T14:00,19.5,55,9.9,245.0
2025-10-30T15:00,18.3,68,11.7,172.0
2025-10-30T16:00,18.1,69,12.0,132.0
2025-10-30T17:00,17.8,70,9.5,39.0
2025-10-30T18:00,17.5,73,6.9,7.0
2025-10-30T19:00,17.2,76,7.6,0.0
2025-10-30T20:00,17.2,75,8.8,0.0
2025-10-30T21:00,17.0,90,12.5,0.0
2025-10-30T22:00,16.9,91,10.8,0.0
2025-10-30T23:00,17.0,88,11.8,0.0
2025-10-31T00:00,17.1,85,11.9,0.0
2025-10-31T01:00,17.1,84,11.4,0.0
2025-10-31T02:00,17.2,83,12.1,0.0
2025-10-31T03:00,16.5,89,13.2,0.0
2025-10-31T04:00,16.4,92,10.1,0.0
2025-10-31T05:00,16.7,87,8.8,0.0
2025-10-31T06:00,16.0,88,4.6,0.0
2025-10-31T07:00,16.3,85,6.9,0.0
2025-10-31T08:00,16.9,83,6.8,38.0
2025-10-31T09:00,18.1,83,9.6,225.0
2025-10-31T10:00,19.1,78,8.2,314.0
2025-10-31T11:00,19.5,74,6.5,433.0
2025-10-31T12:00,19.6,71,8.8,464.0
2025-10-31T13:00,19.4,70,10.8,494.0
2025-10-31T14:00,19.0,69,11.6,417.0
2025-10-31T15:00,19.0,66,13.6,389.0
2025-10-31T16:00,18.3,56,14.3,321.0
2025-10-31T17:00,17.2,56,13.0,162.0
2025-10-31T18:00,16.0,65,10.9,23.0
2025-10-31T19:00,16.1,66,11.7,0.0
2025-10-31T20:00,16.2,69,11.5,0.0
2025-10-31T21:00,16.4,61,13.0,0.0
2025-10-31T22:00,16.8,64,15.3,0.0
2025-10-31T23:00,16.4,69,21.3,0.0
2025-11-01T00:00,15.7,87,18.4,0.0
2025-11-01T01:00,14.9,88,21.1,0.0
2025-11-01T02:00,16.1,78,22.0,0.0
2025-11-01T03:00,16.2,73,29.3,0.0
2025-11-01T04:00,16.0,80,29.1,0.0
2025-11-01T05:00,15.9,78,28.7,0.0
2025-11-01T06:00,15.2,76,26.0,0.0
2025-11-01T07:00,15.1,74,24.4,0.0
2025-11-01T08:00,15.9,66,26.1,61.0
2025-11-01T09:00,16.7,48,24.4,236.0
2025-11-01T10:00,17.2,55,24.0,433.0
2025-11-01T11:00,17.6,59,23.5,571.0
2025-11-01T12:00,17.9,60,25.9,640.0
2025-11-01T13:00,17.8,62,26.9,598.0
2025-11-01T14:00,17.4,63,27.5,498.0
2025-11-01T15:00,17.3,54,26.7,369.0
2025-11-01T16:00,17.5,52,25.5,322.0
2025-11-01T17:00,17.6,51,26.1,143.0
2025-11-01T18:00,17.2,53,25.6,19.0
2025-11-01T19:00,16.5,57,22.4,0.0
2025-11-01T20:00,16.3,58,20.2,0.0
2025-11-01T21:00,15.5,61,17.7,0.0
2025-11-01T22:00,15.6,62,17.5,0.0
2025-11-01T23:00,15.8,62,17.7,0.0
2025-11-02T00:00,16.1,63,18.8,0.0
2025-11-02T01:00,16.4,61,19.8,0.0
2025-11-02T02:00,16.6,57,19.5,0.0
2025-11-02T03:00,16.5,53,20.4,0.0
2025-11-02T04:00,16.6,56,20.5,0.0
2025-11-02T05:00,16.7,59,23.1,0.0
2025-11-02T06:00,16.7,62,22.3,0.0
2025-11-02T07:00,16.9,62,22.6,0.0
2025-11-02T08:00,17.5,59,21.9,54.0
2025-11-02T09:00,18.2,52,24.0,218.0
2025-11-02T10:00,18.2,51,23.8,413.0
2025-11-02T11:00,18.1,49,23.6,563.0
2025-11-02T12:00,18.0,44,26.4,651.0
2025-11-02T13:00,17.8,48,30.2,673.0
2025-11-02T14:00,16.6,56,31.1,517.0
2025-11-02T15:00,15.5,65,30.1,284.0
2025-11-02T16:00,14.8,58,29.7,303.0
2025-11-02T17:00,13.9,65,28.3,160.0
2025-11-02T18:00,12.9,68,26.0,16.0
2025-11-02T19:00,13.4,60,26.3,0.0
2025-11-02T20:00,13.1,64,26.7,0.0
2025-11-02T21:00,12.2,62,24.2,0.0
2025-11-02T22:00,12.3,63,24.3,0.0
2025-11-02T23:00,12.5,62,24.2,0.0
2025-11-03T00:00,12.7,62,25.0,0.0
2025-11-03T01:00,12.3,65,23.4,0.0
2025-11-03T02:00,11.9,69,23.8,0.0
2025-11-03T03:00,11.4,60,22.8,0.0
2025-11-03T04:00,11.7,61,21.0,0.0
2025-11-03T05:00,11.6,67,20.2,0.0
2025-11-03T06:00,10.8,71,18.8,0.0
2025-11-03T07:00,10.4,70,14.5,0.0
2025-11-03T08:00,10.3,70,14.9,46.0
2025-11-03T09:00,11.0,63,13.0,218.0
2025-11-03T10:00,11.3,61,13.7,432.0
2025-11-03T11:00,11.8,58,12.0,576.0
2025-11-03T12:00,12.2,54,10.9,664.0
2025-11-03T13:00,12.5,55,9.6,683.0
2025-11-03T14:00,13.0,56,10.4,619.0
2025-11-03T15:00,13.0,59,9.9,499.0
2025-11-03T16:00,13.3,60,10.6,292.0
2025-11-03T17:00,13.1,62,11.0,134.0
2025-11-03T18:00,12.4,67,8.6,17.0
2025-11-03T19:00,10.8,74,4.4,0.0
2025-11-03T20:00,10.4,73,2.8,0.0
2025-11-03T21:00,10.8,72,2.9,0.0
2025-11-03T22:00,10.8,76,2.4,0.0
2025-11-03T23:00,11.0,78,2.1,0.0
2025-11-04T00:00,11.6,77,2.6,0.0
2025-11-04T01:00,12.1,79,1.6,0.0
2025-11-04T02:00,13.2,78,0.9,0.0
2025-11-04T03:00,13.6,80,0.9,0.0
2025-11-04T04:00,13.1,86,3.2,0.0
2025-11-04T05:00,13.5,89,3.3,0.0
2025-11-04T06:00,13.9,89,5.3,0.0
2025-11-04T07:00,13.6,91,4.5,0.0
2025-11-04T08:00,14.9,89,5.7,32.0
2025-11-04T09:00,15.5,87,5.3,101.0
2025-11-04T10:00,16.6,82,7.5,233.0
2025-11-04T11:00,17.3,79,6.8,311.0
2025-11-04T12:00,18.0,75,8.0,371.0
2025-11-04T13:00,18.2,74,9.7,400.0
2025-11-04T14:00,18.4,73,9.5,328.0
2025-11-04T15:00,17.5,76,6.8,209.0
2025-11-04T16:00,17.4,77,8.1,125.0
2025-11-04T17:00,17.2,78,6.0,55.0
2025-11-04T18:00,16.5,83,3.3,7.0
2025-11-04T19:00,17.0,78,5.3,0.0
2025-11-04T20:00,16.5,79,5.8,0.0
2025-11-04T21:00,17.1,75,9.1,0.0
2025-11-04T22:00,17.1,75,8.9,0.0
2025-11-04T23:00,16.4,76,8.3,0.0
2025-11-05T00:00,15.8,78,8.1,0.0
2025-11-05T01:00,15.6,76,7.4,0.0
2025-11-05T02:00,15.7,75,8.9,0.0
2025-11-05T03:00,15.8,73,9.3,0.0
2025-11-05T04:00,16.4,72,13.1,0.0
2025-11-05T05:00,16.4,72,14.4,0.0
2025-11-05T06:00,16.3,71,15.8,0.0
2025-11-05T07:00,16.3,72,17.0,0.0
2025-11-05T08:00,16.7,73,18.1,57.0
2025-11-05T09:00,17.8,65,19.1,210.0
2025-11-05T10:00,18.7,61,18.8,389.0
2025-11-05T11:00,19.3,59,18.0,517.0
2025-11-05T12:00,19.6,57,17.9,561.0
2025-11-05T13:00,19.5,61,18.3,601.0
2025-11-05T14:00,19.5,62,16.5,580.0
2025-11-05T15:00,19.1,66,17.6,490.0
2025-11-05T16:00,18.4,71,18.3,333.0
2025-11-05T17:00,17.6,76,17.2,152.0
2025-11-05T18:00,16.6,81,15.6,17.0
2025-11-05T19:00,16.6,82,15.4,0.0
2025-11-05T20:00,16.7,80,15.0,0.0
2025-11-05T21:00,17.3,75,17.2,0.0
2025-11-05T22:00,17.2,77,16.3,0.0
2025-11-05T23:00,17.1,79,14.9,0.0
2025-11-06T00:00,16.9,78,14.8,0.0
2025-11-06T01:00,16.8,78,15.1,0.0
2025-11-06T02:00,16.8,80,14.2,0.0
2025-11-06T03:00,16.9,79,15.3,0.0
2025-11-06T04:00,16.9,79,14.6,0.0
2025-11-06T05:00,16.7,80,13.5,0.0
2025-11-06T06:00,16.5,80,14.2,0.0
2025-11-06T07:00,16.4,79,14.0,0.0
2025-11-06T08:00,16.8,78,15.5,49.0
2025-11-06T09:00,18.2,69,15.8,216.0
2025-11-06T10:00,18.9,63,15.4,407.0
2025-11-06T11:00,19.3,59,15.0,546.0
2025-11-06T12:00,19.5,58,13.4,632.0
2025-11-06T13:00,19.5,56,12.4,653.0
2025-11-06T14:00,19.4,55,13.2,606.0
2025-11-06T15:00,18.9,57,12.1,496.0
2025-11-06T16:00,18.4,60,13.1,340.0
2025-11-06T17:00,17.5,65,11.0,155.0
2025-11-06T18:00,16.3,71,9.0,16.0
2025-11-06T19:00,16.2,70,10.2,0.0
2025-11-06T20:00,17.0,68,10.1,0.0
2025-11-06T21:00,17.3,72,14.4,0.0
2025-11-06T22:00,17.3,75,12.3,0.0
2025-11-06T23:00,17.1,77,11.2,0.0
2025-11-07T00:00,16.9,78,11.1,0.0
2025-11-07T01:00,17.1,78,11.3,0.0
2025-11-07T02:00,17.4,79,13.7,0.0
2025-11-07T03:00,17.9,77,19.3,0.0
2025-11-07T04:00,17.9,76,16.5,0.0
2025-11-07T05:00,18.0,75,15.7,0.0
2025-11-07T06:00,18.0,75,16.8,0.0
2025-11-07T07:00,17.8,76,15.7,0.0
2025-11-07T08:00,18.1,77,16.0,48.0
2025-11-07T09:00,19.4,72,19.0,178.0
2025-11-07T10:00,20.1,68,19.4,265.0
2025-11-07T11:00,20.8,63,19.5,407.0
2025-11-07T12:00,20.5,63,19.2,360.0
2025-11-07T13:00,21.1,60,18.2,572.0
2025-11-07T14:00,21.1,60,16.9,547.0
2025-11-07T15:00,20.4,64,17.1,469.0
2025-11-07T16:00,19.8,68,16.8,181.0
2025-11-07T17:00,19.1,71,16.8,120.0
2025-11-07T18:00,18.1,74,15.5,13.0
2025-11-07T19:00,17.9,74,14.7,0.0
2025-11-07T20:00,17.9,74,14.9,0.0
2025-11-07T21:00,18.2,72,20.0,0.0
2025-11-07T22:00,18.2,72,19.5,0.0
2025-11-07T23:00,18.0,71,18.9,0.0
2025-11-08T00:00,17.7,72,18.5,0.0
2025-11-08T01:00,17.5,72,17.1,0.0
2025-11-08T02:00,17.4,71,14.3,0.0
2025-11-08T03:00,17.4,71,15.7,0.0
2025-11-08T04:00,17.2,72,13.3,0.0
2025-11-08T05:00,16.9,74,11.4,0.0
2025-11-08T06:00,17.7,72,12.9,0.0
2025-11-08T07:00,17.8,72,12.2,0.0
2025-11-08T08:00,18.5,70,12.6,24.0
2025-11-08T09:00,18.6,76,21.4,57.0
2025-11-08T10:00,18.5,81,20.1,74.0
2025-11-08T11:00,18.8,79,18.1,108.0
2025-11-08T12:00,19.3,76,16.9,152.0
2025-11-08T13:00,19.9,75,15.0,169.0
2025-11-08T14:00,19.2,84,13.0,85.0
2025-11-08T15:00,18.8,91,16.2,64.0
2025-11-08T16:00,18.5,96,17.7,31.0
2025-11-08T17:00,18.6,98,19.9,13.0
2025-11-08T18:00,18.4,98,19.7,4.0
2025-11-08T19:00,18.5,98,15.2,0.0
2025-11-08T20:00,18.7,98,15.4,0.0
2025-11-08T21:00,19.1,97,18.1,0.0
2025-11-08T22:00,18.8,97,11.6,0.0
2025-11-08T23:00,18.6,98,11.6,0.0
2025-11-09T00:00,18.1,97,14.7,0.0
2025-11-09T01:00,17.4,96,13.9,0.0
2025-11-09T02:00,16.8,96,13.6,0.0
2025-11-09T03:00,16.2,95,13.5,0.0
2025-11-09T04:00,16.1,95,11.8,0.0
2025-11-09T05:00,16.4,96,5.8,0.0
2025-11-09T06:00,16.6,95,7.2,0.0
2025-11-09T07:00,16.2,92,11.1,0.0
2025-11-09T08:00,16.0,90,10.9,21.0
2025-11-09T09:00,16.8,87,12.7,139.0
2025-11-09T10:00,17.3,82,14.6,258.0
2025-11-09T11:00,17.7,79,12.9,386.0
2025-11-09T12:00,18.2,76,11.2,518.0
2025-11-09T13:00,18.4,74,11.5,607.0
2025-11-09T14:00,18.4,71,14.7,565.0
2025-11-09T15:00,17.4,87,16.2,456.0
2025-11-09T16:00,17.0,89,17.5,199.0
2025-11-09T17:00,16.7,85,16.1,69.0
2025-11-09T18:00,16.2,78,14.0,7.0
2025-11-09T19:00,15.5,75,12.8,0.0
2025-11-09T20:00,15.6,73,13.7,0.0
2025-11-09T21:00,15.9,53,13.0,0.0
2025-11-09T22:00,15.9,53,13.6,0.0
2025-11-09T23:00,15.1,60,12.7,0.0
2025-11-10T00:00,15.0,65,13.6,0.0
2025-11-10T01:00,14.8,70,16.4,0.0
2025-11-10T02:00,14.7,72,20.6,0.0
2025-11-10T03:00,15.2,59,23.2,0.0
2025-11-10T04:00,15.5,62,25.1,0.0
2025-11-10T05:00,14.8,62,21.6,0.0
2025-11-10T06:00,14.4,64,22.0,0.0
2025-11-10T07:00,13.9,64,21.6,0.0
2025-11-10T08:00,13.7,62,21.8,35.0
2025-11-10T09:00,13.7,60,19.2,132.0
2025-11-10T10:00,13.4,58,19.1,364.0
2025-11-10T11:00,13.6,56,15.5,531.0
2025-11-10T12:00,13.8,57,10.4,625.0
2025-11-10T13:00,13.9,56,9.2,647.0
2025-11-10T14:00,13.8,58,9.1,593.0
2025-11-10T15:00,13.8,56,8.6,488.0
2025-11-10T16:00,13.9,56,11.9,332.0
2025-11-10T17:00,13.3,58,12.8,146.0
2025-11-10T18:00,12.1,64,13.1,13.0
2025-11-10T19:00,11.4,73,10.1,0.0
2025-11-10T20:00,10.7,77,6.8,0.0
2025-11-10T21:00,9.9,82,4.5,0.0
2025-11-10T22:00,9.5,82,4.7,0.0
2025-11-10T23:00,9.0,81,4.7,0.0
2025-11-11T00:00,8.7,81,5.4,0.0
2025-11-11T01:00,8.6,81,5.6,0.0
2025-11-11T02:00,8.5,81,5.6,0.0
2025-11-11T03:00,10.8,76,8.5,0.0
2025-11-11T04:00,10.4,80,7.6,0.0
2025-11-11T05:00,9.9,81,8.4,0.0
2025-11-11T06:00,10.7,75,9.2,0.0
2025-11-11T07:00,9.5,79,7.4,0.0
2025-11-11T08:00,10.8,73,5.6,47.0
2025-11-11T09:00,12.6,60,6.6,143.0
2025-11-11T10:00,13.6,56,9.3,385.0
2025-11-11T11:00,14.2,56,8.4,525.0
2025-11-11T12:00,14.3,56,9.7,515.0
2025-11-11T13:00,14.6,53,7.8,503.0
2025-11-11T14:00,15.1,48,8.3,570.0
2025-11-11T15:00,14.8,50,6.1,478.0
2025-11-11T16:00,14.4,56,7.5,321.0
2025-11-11T17:00,13.5,66,6.9,140.0
2025-11-11T18:00,12.4,77,7.2,12.0
2025-11-11T19:00,12.9,71,9.9,0.0
2025-11-11T20:00,13.5,58,12.6,0.0
2025-11-11T21:00,13.8,50,14.4,0.0
2025-11-11T22:00,14.1,49,12.8,0.0
2025-11-11T23:00,14.3,50,13.8,0.0
2025-11-12T00:00,14.5,54,15.0,0.0
2025-11-12T01:00,14.7,61,13.6,0.0
2025-11-12T02:00,15.0,65,12.7,0.0
2025-11-12T03:00,15.1,71,19.6,0.0
2025-11-12T04:00,15.8,68,18.8,0.0
2025-11-12T05:00,15.4,69,17.4,0.0
2025-11-12T06:00,15.4,71,17.6,0.0
2025-11-12T07:00,15.8,70,19.2,0.0
2025-11-12T08:00,15.7,76,22.1,27.0
2025-11-12T09:00,16.0,75,22.3,115.0
2025-11-12T10:00,16.7,70,20.5,183.0
2025-11-12T11:00,17.3,65,17.1,222.0
2025-11-12T12:00,17.9,60,16.3,265.0
2025-11-12T13:00,17.7,62,17.3,235.0
2025-11-12T14:00,17.3,65,16.8,176.0
2025-11-12T15:00,16.3,70,14.3,117.0
2025-11-12T16:00,16.0,74,13.2,121.0
2025-11-12T17:00,15.4,75,11.5,31.0
2025-11-12T18:00,15.1,75,9.2,2.0
2025-11-12T19:00,15.0,76,9.0,0.0
2025-11-12T20:00,15.2,76,8.8,0.0
2025-11-12T21:00,15.0,76,7.0,0.0
2025-11-12T22:00,15.0,75,7.8,0.0
2025-11-12T23:00,14.8,73,5.5,0.0
2025-11-13T00:00,14.6,71,5.1,0.0
2025-11-13T01:00,14.2,73,4.0,0.0
2025-11-13T02:00,14.1,73,4.0,0.0
2025-11-13T03:00,14.8,68,1.5,0.0
2025-11-13T04:00,13.6,76,4.7,0.0
2025-11-13T05:00,13.2,77,4.5,0.0
2025-11-13T06:00,13.1,75,2.2,0.0
2025-11-13T07:00,13.0,72,4.9,0.0
2025-11-13T08:00,14.0,68,7.4,21.0
2025-11-13T09:00,15.1,60,8.7,89.0
2025-11-13T10:00,15.4,57,10.6,207.0
2025-11-13T11:00,16.2,51,9.3,404.0
2025-11-13T12:00,16.9,47,8.9,569.0
2025-11-13T13:00,17.0,45,7.8,596.0
2025-11-13T14:00,16.9,46,7.8,594.0
2025-11-13T15:00,17.2,41,7.1,481.0
2025-11-13T16:00,16.2,60,7.7,323.0
2025-11-13T17:00,15.2,75,6.2,139.0
2025-11-13T18:00,14.1,86,7.0,11.0
2025-11-13T19:00,14.6,87,9.8,0.0
2025-11-13T20:00,14.9,86,12.0,0.0
2025-11-13T21:00,15.0,85,10.5,0.0
2025-11-13T22:00,14.8,82,12.6,0.0
2025-11-13T23:00,14.3,77,12.3,0.0
2025-11-14T00:00,13.7,77,10.9,0.0
2025-11-14T01:00,13.1,79,9.5,0.0
2025-11-14T02:00,12.8,84,8.9,0.0
2025-11-14T03:00,12.3,79,9.0,0.0
2025-11-14T04:00,12.5,78,11.7,0.0
2025-11-14T05:00,12.3,79,12.0,0.0
2025-11-14T06:00,12.0,80,11.2,0.0
2025-11-14T07:00,11.6,83,10.3,0.0
2025-11-14T08:00,12.3,81,10.6,41.0
2025-11-14T09:00,13.6,66,8.5,195.0
2025-11-14T10:00,14.2,66,10.0,388.0
2025-11-14T11:00,14.5,67,10.0,525.0
2025-11-14T12:00,14.6,67,9.8,608.0
2025-11-14T13:00,14.7,66,9.7,628.0
2025-11-14T14:00,14.8,66,10.0,580.0
2025-11-14T15:00,15.3,70,10.3,473.0
2025-11-14T16:00,14.8,70,13.4,306.0
2025-11-14T17:00,14.0,69,12.0,131.0
2025-11-14T18:00,12.9,77,9.7,10.0
2025-11-14T19:00,12.4,80,7.6,0.0
2025-11-14T20:00,11.3,84,5.2,0.0
2025-11-14T21:00,11.0,82,4.0,0.0
2025-11-14T22:00,10.7,82,3.6,0.0
2025-11-14T23:00,10.3,82,4.0,0.0
2025-11-15T00:00,10.2,82,4.0,0.0
2025-11-15T01:00,9.8,84,5.0,0.0
2025-11-15T02:00,9.8,83,4.2,0.0
2025-11-15T03:00,10.1,83,3.0,0.0
2025-11-15T04:00,9.4,86,5.8,0.0
2025-11-15T05:00,9.3,86,5.2,0.0
2025-11-15T06:00,9.1,86,4.3,0.0
2025-11-15T07:00,9.1,84,2.9,0.0
2025-11-15T08:00,10.2,84,4.2,38.0
2025-11-15T09:00,13.2,70,5.8,204.0
2025-11-15T10:00,14.6,60,8.4,385.0
2025-11-15T11:00,15.5,53,10.4,525.0
2025-11-15T12:00,16.3,50,11.4,609.0
2025-11-15T13:00,16.8,50,11.6,627.0
2025-11-15T14:00,17.5,50,11.7,578.0
2025-11-15T15:00,17.5,62,11.0,467.0
2025-11-15T16:00,17.4,65,10.6,303.0
2025-11-15T17:00,16.0,74,9.2,128.0
2025-11-15T18:00,14.1,81,5.6,10.0
2025-11-15T19:00,13.1,80,4.2,0.0
2025-11-15T20:00,12.4,80,3.5,0.0
2025-11-15T21:00,12.9,73,4.4,0.0
2025-11-15T22:00,12.3,75,3.9,0.0
2025-11-15T23:00,12.0,74,3.4,0.0
2025-11-16T00:00,12.2,70,2.0,0.0
2025-11-16T01:00,12.4,68,1.3,0.0
2025-11-16T02:00,12.6,66,0.6,0.0
2025-11-16T03:00,12.3,69,2.8,0.0
2025-11-16T04:00,11.4,73,3.2,0.0
2025-11-16T05:00,11.5,73,3.3,0.0
2025-11-16T06:00,11.4,68,2.5,0.0
2025-11-16T07:00,11.5,65,2.2,0.0
2025-11-16T08:00,13.1,66,3.1,39.0
2025-11-16T09:00,16.3,69,3.6,195.0
2025-11-16T10:00,17.5,65,2.8,290.0
2025-11-16T11:00,18.4,67,4.6,341.0
2025-11-16T12:00,19.7,65,7.3,535.0
2025-11-16T13:00,20.2,63,8.0,571.0
2025-11-16T14:00,19.8,70,11.0,521.0
2025-11-16T15:00,18.9,76,9.9,393.0
2025-11-16T16:00,18.0,81,10.1,279.0
2025-11-16T17:00,16.7,87,2.7,110.0
2025-11-16T18:00,15.5,87,0.2,8.0
2025-11-16T19:00,15.7,84,0.8,0.0
2025-11-16T20:00,15.2,85,4.1,0.0
2025-11-16T21:00,14.5,88,2.7,0.0
2025-11-16T22:00,13.5,90,3.2,0.0
2025-11-16T23:00,13.6,91,3.9,0.0
2025-11-17T00:00,13.3,91,5.0,0.0
2025-11-17T01:00,13.5,88,5.6,0.0
2025-11-17T02:00,14.4,86,7.2,0.0
2025-11-17T03:00,14.1,83,7.5,0.0
2025-11-17T04:00,14.3,81,10.1,0.0
2025-11-17T05:00,14.2,87,17.4,0.0
2025-11-17T06:00,13.9,83,19.5,0.0
2025-11-17T07:00,13.0,82,20.2,0.0
2025-11-17T08:00,12.4,74,14.9,12.0
2025-11-17T09:00,13.0,72,14.4,94.0
2025-11-17T10:00,12.8,69,18.6,131.0
2025-11-17T11:00,13.0,68,17.6,304.0
2025-11-17T12:00,11.9,73,19.7,197.0
2025-11-17T13:00,11.3,75,19.0,150.0
2025-11-17T14:00,11.3,73,20.1,268.0
2025-11-17T15:00,11.5,75,23.2,155.0
2025-11-17T16:00,10.7,71,24.6,97.0
2025-11-17T17:00,9.9,70,23.6,35.0
2025-11-17T18:00,9.7,71,23.5,4.0
2025-11-17T19:00,9.4,75,24.3,0.0
2025-11-17T20:00,9.2,74,24.7,0.0
2025-11-17T21:00,10.2,64,25.3,0.0
2025-11-17T22:00,9.7,67,24.5,0.0
2025-11-17T23:00,9.4,67,24.4,0.0
2025-11-18T00:00,9.3,66,26.5,0.0
2025-11-18T01:00,8.9,66,27.2,0.0
2025-11-18T02:00,8.8,67,26.4,0.0
2025-11-18T03:00,9.7,66,27.7,0.0
2025-11-18T04:00,9.5,70,27.1,0.0
2025-11-18T05:00,9.7,68,26.9,0.0
2025-11-18T06:00,9.7,68,27.4,0.0
2025-11-18T07:00,9.2,71,26.6,0.0
2025-11-18T08:00,9.6,68,27.7,17.0
2025-11-18T09:00,9.1,75,28.4,64.0
2025-11-18T10:00,9.9,62,27.2,187.0
2025-11-18T11:00,10.0,60,26.9,145.0
2025-11-18T12:00,10.3,58,27.4,232.0
2025-11-18T13:00,10.2,58,26.5,267.0
2025-11-18T14:00,10.2,58,24.7,199.0
2025-11-18T15:00,9.8,64,25.8,173.0
2025-11-18T16:00,9.7,63,23.4,99.0
2025-11-18T17:00,9.6,62,21.1,42.0
2025-11-18T18:00,9.5,64,21.2,3.0
2025-11-18T19:00,9.5,67,20.6,0.0
2025-11-18T20:00,9.2,71,17.1,0.0
2025-11-18T21:00,9.6,69,18.8,0.0
2025-11-18T22:00,8.2,75,17.1,0.0
2025-11-18T23:00,8.9,79,16.9,0.0
2025-11-19T00:00,7.7,81,18.7,0.0
2025-11-19T01:00,8.6,81,13.6,0.0
2025-11-19T02:00,7.8,84,8.4,0.0
2025-11-19T03:00,8.8,76,18.2,0.0
2025-11-19T04:00,8.6,76,19.8,0.0
2025-11-19T05:00,8.4,78,18.0,0.0
2025-11-19T06:00,7.9,83,14.8,0.0
2025-11-19T07:00,7.9,89,14.7,0.0
2025-11-19T08:00,7.8,92,11.6,12.0
2025-11-19T09:00,8.0,93,7.8,56.0
2025-11-19T10:00,8.0,92,7.0,80.0
2025-11-19T11:00,8.7,83,6.0,191.0
2025-11-19T12:00,9.0,83,5.8,219.0
2025-11-19T13:00,9.6,80,8.1,285.0
2025-11-19T14:00,9.6,80,7.6,236.0
2025-11-19T15:00,9.5,84,11.8,202.0
2025-11-19T16:00,10.1,78,12.4,140.0
2025-11-19T17:00,9.3,82,12.4,58.0
2025-11-19T18:00,9.2,86,11.7,4.0
2025-11-19T19:00,9.3,86,12.3,0.0
2025-11-19T20:00,9.5,82,9.9,0.0
2025-11-19T21:00,10.1,78,12.7,0.0
2025-11-19T22:00,10.6,71,16.2,0.0
2025-11-19T23:00,10.3,67,14.5,0.0
2025-11-20T00:00,9.9,72,12.9,0.0
2025-11-20T01:00,10.3,70,12.0,0.0
2025-11-20T02:00,10.3,70,12.7,0.0
2025-11-20T03:00,10.6,66,15.4,0.0
2025-11-20T04:00,10.7,66,13.1,0.0
2025-11-20T05:00,11.0,65,12.5,0.0
2025-11-20T06:00,10.9,68,11.8,0.0
2025-11-20T07:00,11.3,70,12.4,0.0
2025-11-20T08:00,11.9,70,12.8,14.0
2025-11-20T09:00,12.4,57,14.4,51.0
2025-11-20T10:00,13.0,56,16.3,266.0
2025-11-20T11:00,13.4,56,16.3,358.0
2025-11-20T12:00,13.6,56,16.4,361.0
2025-11-20T13:00,13.3,59,16.3,280.0
2025-11-20T14:00,13.7,59,17.0,308.0
2025-11-20T15:00,13.1,64,14.7,235.0
2025-11-20T16:00,12.9,66,15.0,157.0
2025-11-20T17:00,12.7,68,16.0,61.0
2025-11-20T18:00,12.6,69,16.8,5.0
2025-11-20T19:00,12.2,71,16.4,0.0
2025-11-20T20:00,12.2,71,16.8,0.0
2025-11-20T21:00,12.3,67,14.8,0.0
2025-11-20T22:00,13.3,60,16.1,0.0
2025-11-20T23:00,13.6,59,17.6,0.0
2025-11-21T00:00,13.7,65,19.9,0.0
2025-11-21T01:00,13.1,73,18.6,0.0
2025-11-21T02:00,13.1,73,17.8,0.0
2025-11-21T03:00,12.7,68,18.2,0.0
2025-11-21T04:00,13.1,64,17.5,0.0
2025-11-21T05:00,13.0,68,15.5,0.0
2025-11-21T06:00,12.2,79,13.3,0.0
2025-11-21T07:00,11.9,83,13.1,0.0
2025-11-21T08:00,11.9,82,12.6,22.0
2025-11-21T09:00,12.8,65,11.2,131.0
2025-11-21T10:00,13.2,60,12.0,335.0
2025-11-21T11:00,13.6,56,13.0,482.0
2025-11-21T12:00,13.7,54,14.0,574.0
2025-11-21T13:00,13.6,54,14.5,597.0
2025-11-21T14:00,13.4,55,15.0,554.0
2025-11-21T15:00,13.7,59,17.2,449.0
2025-11-21T16:00,12.9,62,17.7,247.0
2025-11-21T17:00,12.4,64,15.7,98.0
2025-11-21T18:00,11.8,67,12.8,7.0
2025-11-21T19:00,11.5,68,11.4,0.0
2025-11-21T20:00,11.6,65,9.3,0.0
2025-11-21T21:00,11.3,62,10.0,0.0
2025-11-21T22:00,11.6,62,10.3,0.0
2025-11-21T23:00,11.8,60,10.0,0.0
2025-11-22T00:00,12.2,58,9.2,0.0
2025-11-22T01:00,12.8,56,11.3,0.0
2025-11-22T02:00,12.8,59,12.1,0.0
2025-11-22T03:00,10.2,74,5.2,0.0
2025-11-22T04:00,9.7,77,6.0,0.0
2025-11-22T05:00,9.7,77,5.4,0.0
2025-11-22T06:00,10.0,75,3.1,0.0
2025-11-22T07:00,10.2,75,2.2,0.0
2025-11-22T08:00,11.0,77,1.8,26.0
2025-11-22T09:00,12.7,77,2.2,161.0
2025-11-22T10:00,13.5,73,4.6,257.0
2025-11-22T11:00,14.2,69,6.6,377.0
2025-11-22T12:00,14.7,65,8.1,514.0
2025-11-22T13:00,14.9,63,8.6,527.0
2025-11-22T14:00,14.6,65,10.7,484.0
2025-11-22T15:00,13.7,74,7.9,408.0
2025-11-22T16:00,13.3,75,8.2,238.0
2025-11-22T17:00,12.6,76,6.5,91.0
2025-11-22T18:00,11.4,82,3.9,6.0
2025-11-22T19:00,11.1,82,2.8,0.0
2025-11-22T20:00,10.9,78,1.8,0.0
2025-11-22T21:00,9.8,85,1.5,0.0
2025-11-22T22:00,9.2,86,1.5,0.0
2025-11-22T23:00,8.8,88,2.1,0.0
2025-11-23T00:00,8.8,87,2.2,0.0
2025-11-23T01:00,9.4,84,3.2,0.0
2025-11-23T02:00,10.3,83,5.2,0.0
2025-11-23T03:00,10.0,80,7.4,0.0
2025-11-23T04:00,8.8,73,7.0,0.0
2025-11-23T05:00,9.0,59,7.2,0.0
2025-11-23T06:00,9.2,62,6.7,0.0
2025-11-23T07:00,9.0,67,5.1,0.0
2025-11-23T08:00,10.3,66,4.3,27.0
2025-11-23T09:00,13.0,66,8.4,172.0
2025-11-23T10:00,14.8,56,5.1,333.0
2025-11-23T11:00,16.1,54,6.4,480.0
2025-11-23T12:00,16.8,56,10.3,553.0
2025-11-23T13:00,17.0,58,11.0,577.0
2025-11-23T14:00,17.2,56,13.5,527.0
2025-11-23T15:00,16.9,59,11.0,421.0
2025-11-23T16:00,16.7,59,7.3,272.0
2025-11-23T17:00,14.9,70,3.4,112.0
2025-11-23T18:00,13.1,80,5.2,7.0
2025-11-23T19:00,12.4,82,6.4,0.0
2025-11-23T20:00,11.7,82,6.8,0.0
2025-11-23T21:00,12.7,78,7.1,0.0
2025-11-23T22:00,12.2,79,7.8,0.0
2025-11-23T23:00,11.1,78,6.7,0.0
2025-11-24T00:00,11.9,76,5.1,0.0
2025-11-24T01:00,11.2,79,7.2,0.0
2025-11-24T02:00,12.7,76,9.1,0.0
2025-11-24T03:00,13.2,78,11.6,0.0
2025-11-24T04:00,12.4,81,9.1,0.0
2025-11-24T05:00,12.4,82,11.8,0.0
2025-11-24T06:00,12.3,83,11.6,0.0
2025-11-24T07:00,12.8,81,11.4,0.0
2025-11-24T08:00,13.0,80,11.9,15.0
2025-11-24T09:00,15.2,79,9.9,93.0
2025-11-24T10:00,17.1,71,9.4,193.0
2025-11-24T11:00,18.4,56,13.7,432.0
2025-11-24T12:00,18.6,55,14.6,465.0
2025-11-24T13:00,18.9,53,14.8,507.0
2025-11-24T14:00,18.7,53,17.6,502.0
2025-11-24T15:00,18.1,57,18.4,405.0
2025-11-24T16:00,17.7,58,18.9,243.0
2025-11-24T17:00,16.8,62,16.4,102.0
2025-11-24T18:00,15.5,68,14.4,6.0
2025-11-24T19:00,14.8,73,13.8,0.0
2025-11-24T20:00,14.7,72,14.3,0.0
2025-11-24T21:00,14.9,59,12.5,0.0
2025-11-24T22:00,14.7,64,14.0,0.0
2025-11-24T23:00,14.9,67,14.8,0.0
2025-11-25T00:00,14.7,69,16.8,0.0
2025-11-25T01:00,14.6,69,18.8,0.0
2025-11-25T02:00,14.3,69,18.5,0.0
2025-11-25T03:00,13.5,64,15.8,0.0
2025-11-25T04:00,13.4,68,18.4,0.0
2025-11-25T05:00,13.9,62,25.3,0.0
2025-11-25T06:00,13.2,71,24.6,0.0
2025-11-25T07:00,10.8,84,24.7,0.0
2025-11-25T08:00,10.1,90,28.4,10.0
2025-11-25T09:00,11.7,79,29.7,49.0
2025-11-25T10:00,10.8,75,35.8,248.0
2025-11-25T11:00,12.4,59,37.4,381.0
2025-11-25T12:00,11.8,62,37.0,485.0
2025-11-25T13:00,12.5,53,36.0,483.0
2025-11-25T14:00,12.1,56,36.4,453.0
2025-11-25T15:00,11.7,60,30.8,360.0
2025-11-25T16:00,11.3,63,33.6,238.0
2025-11-25T17:00,11.0,63,32.4,91.0
2025-11-25T18:00,10.5,64,30.6,4.0
2025-11-25T19:00,10.3,61,29.4,0.0
2025-11-25T20:00,10.0,60,28.4,0.0
2025-11-25T21:00,9.9,55,26.7,0.0
2025-11-25T22:00,9.8,59,24.6,0.0
2025-11-25T23:00,9.6,61,22.1,0.0
2025-11-26T00:00,9.9,60,19.6,0.0
2025-11-26T01:00,9.9,62,17.7,0.0
2025-11-26T02:00,9.8,62,15.4,0.0
2025-11-26T03:00,9.7,61,13.1,0.0
2025-11-26T04:00,9.4,66,13.4,0.0
2025-11-26T05:00,9.2,67,12.4,0.0
2025-11-26T06:00,9.1,70,12.5,0.0
2025-11-26T07:00,8.9,71,9.5,0.0
2025-11-26T08:00,9.1,72,8.6,19.0
2025-11-26T09:00,10.1,64,7.3,127.0
2025-11-26T10:00,10.8,61,8.3,259.0
2025-11-26T11:00,11.2,60,7.7,391.0
2025-11-26T12:00,11.5,60,8.8,501.0
2025-11-26T13:00,11.7,59,9.7,535.0
2025-11-26T14:00,11.6,59,10.5,477.0
2025-11-26T15:00,11.0,66,8.1,379.0
2025-11-26T16:00,10.9,67,7.9,215.0
2025-11-26T17:00,10.5,69,7.0,93.0
2025-11-26T18:00,9.6,76,4.7,5.0
2025-11-26T19:00,8.2,84,3.4,0.0
2025-11-26T20:00,7.9,87,3.4,0.0
2025-11-26T21:00,9.7,84,3.5,0.0
2025-11-26T22:00,9.2,86,6.2,0.0
2025-11-26T23:00,8.7,87,8.7,0.0
2025-11-27T00:00,8.4,82,12.0,0.0
2025-11-27T01:00,8.6,78,12.2,0.0
2025-11-27T02:00,9.1,77,12.6,0.0
2025-11-27T03:00,9.3,78,14.5,0.0
2025-11-27T04:00,9.4,76,12.2,0.0
2025-11-27T05:00,9.0,77,12.0,0.0
2025-11-27T06:00,9.5,77,12.7,0.0
2025-11-27T07:00,11.7,73,19.2,0.0
2025-11-27T08:00,12.9,70,25.0,16.0
2025-11-27T09:00,14.3,73,33.8,115.0
2025-11-27T10:00,15.9,52,36.8,262.0
2025-11-27T11:00,15.8,52,43.3,428.0
2025-11-27T12:00,14.0,61,42.0,410.0
2025-11-27T13:00,12.4,74,39.3,444.0
2025-11-27T14:00,12.6,63,37.6,424.0
2025-11-27T15:00,12.6,56,36.0,337.0
2025-11-27T16:00,12.2,53,39.3,198.0
2025-11-27T17:00,11.6,57,38.2,91.0
2025-11-27T18:00,10.8,62,34.1,5.0
2025-11-27T19:00,10.6,60,34.0,0.0
2025-11-27T20:00,10.7,59,32.5,0.0
2025-11-27T21:00,10.7,57,33.6,0.0
2025-11-27T22:00,10.7,58,29.8,0.0
2025-11-27T23:00,8.5,81,26.6,0.0
2025-11-28T00:00,8.5,90,23.3,0.0
2025-11-28T01:00,9.1,82,24.8,0.0
2025-11-28T02:00,9.2,77,25.1,0.0
2025-11-28T03:00,9.7,66,27.0,0.0
2025-11-28T04:00,9.5,65,26.5,0.0
2025-11-28T05:00,9.1,64,23.1,0.0
2025-11-28T06:00,9.1,63,19.1,0.0
2025-11-28T07:00,9.2,65,17.4,0.0
2025-11-28T08:00,9.3,64,17.0,10.0
2025-11-28T09:00,9.6,63,15.6,53.0
2025-11-28T10:00,9.7,64,14.4,132.0
2025-11-28T11:00,9.9,64,13.3,204.0
2025-11-28T12:00,10.0,64,11.7,267.0
2025-11-28T13:00,10.3,62,12.1,343.0
2025-11-28T14:00,10.6,61,12.4,378.0
2025-11-28T15:00,10.6,66,10.8,329.0
2025-11-28T16:00,10.4,64,12.3,179.0
2025-11-28T17:00,10.1,62,10.4,89.0
2025-11-28T18:00,8.7,73,8.4,6.0
2025-11-28T19:00,7.7,80,5.5,0.0
2025-11-28T20:00,6.9,81,2.3,0.0
2025-11-28T21:00,7.9,85,0.0,0.0
2025-11-28T22:00,6.9,86,0.8,0.0
2025-11-28T23:00,7.2,84,1.3,0.0
2025-11-29T00:00,6.8,81,1.5,0.0
2025-11-29T01:00,7.2,75,1.8,0.0
2025-11-29T02:00,8.1,73,0.9,0.0
2025-11-29T03:00,7.1,75,2.4,0.0
2025-11-29T04:00,7.3,75,1.5,0.0
2025-11-29T05:00,7.4,74,1.7,0.0
2025-11-29T06:00,6.3,80,2.7,0.0
2025-11-29T07:00,6.7,76,3.4,0.0
2025-11-29T08:00,7.6,71,4.1,20.0
2025-11-29T09:00,11.2,76,7.2,156.0
2025-11-29T10:00,13.4,66,3.0,325.0
2025-11-29T11:00,14.8,63,2.0,456.0
2025-11-29T12:00,16.2,59,1.2,552.0
2025-11-29T13:00,17.0,57,1.8,571.0
2025-11-29T14:00,17.2,57,1.7,529.0
2025-11-29T15:00,16.8,56,2.9,430.0
2025-11-29T16:00,16.6,57,4.7,274.0
2025-11-29T17:00,15.0,67,4.3,107.0
2025-11-29T18:00,13.1,76,4.8,6.0
2025-11-29T19:00,12.7,76,6.9,0.0
2025-11-29T20:00,12.3,78,8.0,0.0
2025-11-29T21:00,12.5,80,10.4,0.0
2025-11-29T22:00,12.3,80,10.0,0.0
2025-11-29T23:00,12.0,80,10.4,0.0
2025-11-30T00:00,12.0,79,9.9,0.0
2025-11-30T01:00,11.9,80,10.0,0.0
2025-11-30T02:00,11.8,82,9.8,0.0
2025-11-30T03:00,12.1,84,12.5,0.0
2025-11-30T04:00,11.3,85,11.0,0.0
2025-11-30T05:00,11.1,88,11.5,0.0
2025-11-30T06:00,11.3,88,12.1,0.0
2025-11-30T07:00,11.7,86,11.3,0.0
2025-11-30T08:00,12.2,84,10.4,16.0
2025-11-30T09:00,14.6,84,9.5,129.0
2025-11-30T10:00,17.8,72,7.1,277.0
2025-11-30T11:00,19.3,58,8.5,391.0
2025-11-30T12:00,20.0,53,10.8,469.0
2025-11-30T13:00,20.3,51,11.3,496.0
2025-11-30T14:00,20.3,51,12.9,469.0
2025-11-30T15:00,19.7,52,17.5,371.0
2025-11-30T16:00,19.2,55,16.2,222.0
2025-11-30T17:00,18.1,63,15.0,95.0
2025-11-30T18:00,16.7,70,15.1,5.0
2025-11-30T19:00,15.8,74,15.1,0.0
2025-11-30T20:00,15.2,77,15.1,0.0
2025-11-30T21:00,15.9,74,17.7,0.0
2025-11-30T22:00,15.3,79,16.4,0.0
2025-11-30T23:00,14.9,83,16.2,0.0
2025-12-01T00:00,15.0,84,18.3,0.0
2025-12-01T01:00,14.7,86,17.3,0.0
2025-12-01T02:00,15.0,84,17.6,0.0
2025-12-01T03:00,14.7,80,15.1,0.0
2025-12-01T04:00,14.4,88,12.6,0.0
2025-12-01T05:00,13.7,88,8.8,0.0
2025-12-01T06:00,13.4,90,6.0,0.0
2025-12-01T07:00,13.1,95,9.7,0.0
2025-12-01T08:00,12.9,94,13.5,9.0
2025-12-01T09:00,13.3,76,8.6,65.0
2025-12-01T10:00,13.5,68,12.0,264.0
2025-12-01T11:00,13.5,62,11.2,408.0
2025-12-01T12:00,13.4,59,10.2,489.0
2025-12-01T13:00,13.1,55,8.6,450.0
2025-12-01T14:00,13.2,50,8.3,535.0
2025-12-01T15:00,13.5,57,4.5,416.0
2025-12-01T16:00,12.9,64,9.7,269.0
2025-12-01T17:00,11.4,71,8.1,115.0
2025-12-01T18:00,9.1,85,3.3,6.0
2025-12-01T19:00,8.8,83,2.4,0.0
2025-12-01T20:00,8.6,82,2.5,0.0
2025-12-01T21:00,9.4,72,0.6,0.0
2025-12-01T22:00,8.7,76,2.4,0.0
2025-12-01T23:00,8.3,78,3.6,0.0
2025-12-02T00:00,8.9,80,10.3,0.0
2025-12-02T01:00,8.5,77,7.8,0.0
2025-12-02T02:00,8.8,77,8.5,0.0
2025-12-02T03:00,8.5,83,5.3,0.0
2025-12-02T04:00,8.7,82,9.5,0.0
2025-12-02T05:00,8.4,81,13.3,0.0
2025-12-02T06:00,8.2,79,12.4,0.0
2025-12-02T07:00,7.9,81,8.1,0.0
2025-12-02T08:00,7.9,82,7.9,14.0
2025-12-02T09:00,9.5,71,5.8,155.0
2025-12-02T10:00,10.2,62,12.5,324.0
2025-12-02T11:00,10.1,50,16.9,463.0
2025-12-02T12:00,10.0,59,15.5,536.0
2025-12-02T13:00,10.2,59,16.7,573.0
2025-12-02T14:00,10.0,61,17.8,460.0
2025-12-02T15:00,9.7,61,15.8,333.0
2025-12-02T16:00,9.0,63,15.9,161.0
2025-12-02T17:00,8.5,63,16.8,54.0
2025-12-02T18:00,8.3,57,16.2,3.0
2025-12-02T19:00,7.9,61,16.2,0.0
2025-12-02T20:00,7.5,63,17.8,0.0
2025-12-02T21:00,7.2,62,23.0,0.0
2025-12-02T22:00,6.8,64,19.5,0.0
2025-12-02T23:00,6.5,64,13.1,0.0
2025-12-03T00:00,6.4,67,12.8,0.0
2025-12-03T01:00,6.1,72,15.1,0.0
2025-12-03T02:00,5.9,77,15.1,0.0
2025-12-03T03:00,5.7,79,20.1,0.0
2025-12-03T04:00,6.7,66,19.0,0.0
2025-12-03T05:00,6.0,77,19.6,0.0
2025-12-03T06:00,5.5,90,18.9,0.0
2025-12-03T07:00,5.1,94,18.4,0.0
2025-12-03T08:00,5.7,85,21.4,3.0
2025-12-03T09:00,5.3,84,22.4,20.0
2025-12-03T10:00,5.7,79,24.1,151.0
2025-12-03T11:00,6.8,72,32.0,225.0
2025-12-03T12:00,6.0,77,30.6,368.0
2025-12-03T13:00,6.4,70,30.4,497.0
2025-12-03T14:00,6.1,67,33.4,416.0
2025-12-03T15:00,5.5,74,34.9,307.0
2025-12-03T16:00,5.2,66,36.0,209.0
2025-12-03T17:00,5.0,68,37.6,81.0
2025-12-03T18:00,4.6,72,31.4,4.0
2025-12-03T19:00,4.6,76,27.2,0.0
2025-12-03T20:00,4.5,79,25.5,0.0
2025-12-03T21:00,4.1,82,22.1,0.0
2025-12-03T22:00,4.7,76,18.9,0.0
2025-12-03T23:00,5.3,67,18.8,0.0
2025-12-04T00:00,5.6,64,19.2,0.0
2025-12-04T01:00,5.6,64,19.8,0.0
2025-12-04T02:00,5.3,72,18.1,0.0
2025-12-04T03:00,4.9,74,14.7,0.0
2025-12-04T04:00,5.3,77,15.5,0.0
2025-12-04T05:00,5.3,82,9.8,0.0
2025-12-04T06:00,5.8,77,11.3,0.0
2025-12-04T07:00,5.9,80,12.9,0.0
2025-12-04T08:00,6.0,82,12.4,4.0
2025-12-04T09:00,6.9,64,14.9,53.0
2025-12-04T10:00,7.8,57,19.2,132.0
2025-12-04T11:00,7.9,58,19.0,192.0
2025-12-04T12:00,7.8,60,19.8,189.0
2025-12-04T13:00,7.9,61,20.4,206.0
2025-12-04T14:00,8.0,62,19.6,178.0
2025-12-04T15:00,8.1,58,19.3,143.0
2025-12-04T16:00,8.2,60,20.1,97.0
2025-12-04T17:00,8.0,62,18.7,41.0
2025-12-04T18:00,7.8,65,19.0,2.0
2025-12-04T19:00,7.9,64,19.3,0.0
2025-12-04T20:00,8.0,67,20.3,0.0
2025-12-04T21:00,8.5,57,21.6,0.0
2025-12-04T22:00,9.1,57,24.4,0.0
2025-12-04T23:00,9.7,57,27.2,0.0
2025-12-05T00:00,9.9,58,27.7,0.0
2025-12-05T01:00,9.6,61,29.0,0.0
2025-12-05T02:00,8.2,69,30.8,0.0
2025-12-05T03:00,8.6,73,28.7,0.0
2025-12-05T04:00,8.5,65,26.8,0.0
2025-12-05T05:00,8.0,62,27.0,0.0
2025-12-05T06:00,7.6,62,25.2,0.0
2025-12-05T07:00,7.5,58,24.0,0.0
2025-12-05T08:00,5.6,88,19.3,9.0
2025-12-05T09:00,7.0,58,17.9,67.0
2025-12-05T10:00,6.7,66,14.9,128.0
2025-12-05T11:00,6.5,68,14.6,205.0
2025-12-05T12:00,6.7,65,16.2,302.0
2025-12-05T13:00,7.0,58,15.6,408.0
2025-12-05T14:00,7.1,57,14.5,441.0
2025-12-05T15:00,6.7,69,9.1,313.0
2025-12-05T16:00,6.6,69,8.8,110.0
2025-12-05T17:00,6.3,68,6.5,50.0
2025-12-05T18:00,6.1,69,6.0,4.0
2025-12-05T19:00,5.3,80,3.9,0.0
2025-12-05T20:00,4.5,84,2.8,0.0
2025-12-05T21:00,5.9,87,1.7,0.0
2025-12-05T22:00,6.3,86,2.8,0.0
2025-12-05T23:00,6.7,84,5.3,0.0
2025-12-06T00:00,6.7,83,5.4,0.0
2025-12-06T01:00,6.7,83,4.3,0.0
2025-12-06T02:00,6.4,85,4.2,0.0
2025-12-06T03:00,6.3,91,2.7,0.0
2025-12-06T04:00,5.2,94,4.0,0.0
2025-12-06T05:00,5.2,92,5.5,0.0
2025-12-06T06:00,5.5,89,8.3,0.0
2025-12-06T07:00,6.5,81,10.2,0.0
2025-12-06T08:00,6.9,77,12.1,12.0
2025-12-06T09:00,8.0,83,11.0,127.0
2025-12-06T10:00,9.7,69,11.8,270.0
2025-12-06T11:00,11.3,57,13.3,408.0
2025-12-06T12:00,13.0,47,11.0,510.0
2025-12-06T13:00,14.1,49,18.5,568.0
2025-12-06T14:00,13.9,52,24.1,351.0
2025-12-06T15:00,12.9,59,22.5,235.0
2025-12-06T16:00,13.2,59,17.3,143.0
2025-12-06T17:00,13.0,64,17.4,79.0
2025-12-06T18:00,12.6,68,19.7,4.0
2025-12-06T19:00,12.5,67,20.2,0.0
2025-12-06T20:00,11.8,73,21.2,0.0
2025-12-06T21:00,11.4,80,20.4,0.0
2025-12-06T22:00,11.2,80,20.1,0.0
2025-12-06T23:00,10.9,80,20.1,0.0
2025-12-07T00:00,10.7,79,20.2,0.0
2025-12-07T01:00,10.8,78,20.3,0.0
2025-12-07T02:00,10.8,77,20.0,0.0
2025-12-07T03:00,12.0,65,21.8,0.0
2025-12-07T04:00,12.2,68,20.0,0.0
2025-12-07T05:00,12.2,71,18.4,0.0
2025-12-07T06:00,12.1,72,16.6,0.0
2025-12-07T07:00,11.8,74,16.0,0.0
2025-12-07T08:00,11.5,75,16.1,12.0
2025-12-07T09:00,13.1,67,16.0,116.0
2025-12-07T10:00,15.2,60,15.2,304.0
2025-12-07T11:00,16.2,58,15.6,435.0
2025-12-07T12:00,16.7,58,16.9,516.0
2025-12-07T13:00,16.9,58,17.6,540.0
2025-12-07T14:00,16.8,59,18.7,509.0
2025-12-07T15:00,16.6,58,18.4,412.0
2025-12-07T16:00,16.2,58,18.7,258.0
2025-12-07T17:00,15.0,66,16.0,107.0
2025-12-07T18:00,13.6,74,15.7,6.0
2025-12-07T19:00,12.7,78,17.0,0.0
2025-12-07T20:00,12.4,75,18.2,0.0
2025-12-07T21:00,12.5,71,17.4,0.0
2025-12-07T22:00,12.8,73,18.9,0.0
2025-12-07T23:00,13.2,73,19.0,0.0
2025-12-08T00:00,13.0,74,19.5,0.0
2025-12-08T01:00,12.6,79,16.5,0.0
2025-12-08T02:00,12.7,77,14.4,0.0
2025-12-08T03:00,12.5,70,14.2,0.0
2025-12-08T04:00,12.1,41,15.6,0.0
2025-12-08T05:00,10.9,67,14.3,0.0
2025-12-08T06:00,10.7,63,16.0,0.0
2025-12-08T07:00,10.4,64,15.4,0.0
2025-12-08T08:00,10.2,62,15.4,11.0
2025-12-08T09:00,10.8,53,16.3,128.0
2025-12-08T10:00,11.0,48,16.9,283.0
2025-12-08T11:00,11.0,50,15.4,377.0
2025-12-08T12:00,11.3,51,15.5,521.0
2025-12-08T13:00,11.1,53,16.4,549.0
2025-12-08T14:00,10.6,54,16.9,509.0
2025-12-08T15:00,11.1,51,16.3,400.0
2025-12-08T16:00,10.2,54,20.6,253.0
2025-12-08T17:00,9.0,57,17.7,107.0
2025-12-08T18:00,8.1,63,15.7,6.0
2025-12-08T19:00,7.5,68,13.0,0.0
2025-12-08T20:00,7.0,72,12.1,0.0
2025-12-08T21:00,7.4,66,12.0,0.0
2025-12-08T22:00,7.1,70,11.8,0.0
2025-12-08T23:00,6.7,74,10.8,0.0
2025-12-09T00:00,6.6,76,9.9,0.0
2025-12-09T01:00,6.5,77,9.5,0.0
2025-12-09T02:00,6.7,75,8.7,0.0
2025-12-09T03:00,6.3,78,7.6,0.0
2025-12-09T04:00,6.4,78,10.2,0.0
2025-12-09T05:00,6.3,78,9.5,0.0
2025-12-09T06:00,6.4,76,7.1,0.0
2025-12-09T07:00,6.6,73,6.6,0.0
2025-12-09T08:00,6.9,70,9.2,10.0
2025-12-09T09:00,8.3,59,10.3,104.0
2025-12-09T10:00,8.9,57,12.4,282.0
2025-12-09T11:00,8.9,60,10.8,409.0
2025-12-09T12:00,9.4,57,8.2,527.0
2025-12-09T13:00,9.6,53,7.4,559.0
2025-12-09T14:00,9.6,51,6.6,526.0
2025-12-09T15:00,10.1,56,5.6,431.0
2025-12-09T16:00,9.7,59,8.3,280.0
2025-12-09T17:00,8.6,68,7.6,109.0
2025-12-09T18:00,7.5,79,5.9,6.0
2025-12-09T19:00,6.4,83,4.3,0.0
2025-12-09T20:00,6.7,79,1.9,0.0
2025-12-09T21:00,7.2,81,4.1,0.0
2025-12-09T22:00,6.8,81,2.6,0.0
2025-12-09T23:00,6.9,80,1.5,0.0
2025-12-10T00:00,6.5,79,1.7,0.0
2025-12-10T01:00,6.2,79,2.2,0.0
2025-12-10T02:00,5.8,79,3.5,0.0
2025-12-10T03:00,6.5,72,4.0,0.0
2025-12-10T04:00,6.7,67,5.0,0.0
2025-12-10T05:00,7.2,63,5.5,0.0
2025-12-10T06:00,7.0,60,5.4,0.0
2025-12-10T07:00,7.1,52,5.4,0.0
2025-12-10T08:00,7.5,44,5.5,10.0
2025-12-10T09:00,9.8,51,6.0,127.0
2025-12-10T10:00,11.9,44,8.1,290.0
2025-12-10T11:00,13.3,42,8.8,436.0
2025-12-10T12:00,14.3,42,9.4,525.0
2025-12-10T13:00,14.8,44,10.1,535.0
2025-12-10T14:00,15.0,46,10.7,472.0
2025-12-10T15:00,15.0,44,6.4,370.0
2025-12-10T16:00,14.7,46,4.4,250.0
2025-12-10T17:00,12.8,62,0.9,94.0
2025-12-10T18:00,10.1,70,2.2,5.0
2025-12-10T19:00,9.9,67,4.0,0.0
2025-12-10T20:00,10.7,64,4.6,0.0
2025-12-10T21:00,11.1,63,5.6,0.0
2025-12-10T22:00,11.1,68,4.5,0.0
2025-12-10T23:00,11.1,71,3.1,0.0
2025-12-11T00:00,11.4,71,4.1,0.0
2025-12-11T01:00,11.2,74,3.8,0.0
2025-12-11T02:00,11.5,75,4.2,0.0
2025-12-11T03:00,11.3,77,3.2,0.0
2025-12-11T04:00,11.5,76,6.4,0.0
2025-12-11T05:00,12.2,73,11.3,0.0
2025-12-11T06:00,14.0,67,16.5,0.0
2025-12-11T07:00,14.4,80,22.5,0.0
2025-12-11T08:00,14.0,94,24.2,3.0
2025-12-11T09:00,13.8,95,24.3,51.0
2025-12-11T10:00,14.3,92,18.4,71.0
2025-12-11T11:00,14.6,89,17.8,201.0
2025-12-11T12:00,14.7,82,20.8,370.0
2025-12-11T13:00,14.6,79,23.4,470.0
2025-12-11T14:00,14.0,79,23.3,384.0
2025-12-11T15:00,12.7,85,21.4,287.0
2025-12-11T16:00,12.0,86,21.5,180.0
2025-12-11T17:00,11.4,85,18.4,56.0
2025-12-11T18:00,10.5,82,17.1,4.0
2025-12-11T19:00,9.6,86,19.3,0.0
2025-12-11T20:00,9.1,79,17.4,0.0
2025-12-11T21:00,8.2,77,13.2,0.0
2025-12-11T22:00,7.9,79,15.3,0.0
2025-12-11T23:00,7.3,80,13.8,0.0
2025-12-12T00:00,6.6,81,12.3,0.0
2025-12-12T01:00,5.9,84,9.2,0.0
2025-12-12T02:00,5.4,85,8.3,0.0
2025-12-12T03:00,5.2,81,6.5,0.0
2025-12-12T04:00,4.2,84,5.0,0.0
2025-12-12T05:00,4.5,84,5.9,0.0
2025-12-12T06:00,4.4,84,5.7,0.0
2025-12-12T07:00,3.3,81,4.9,0.0
2025-12-12T08:00,4.1,80,5.4,10.0
2025-12-12T09:00,7.5,77,9.0,131.0
2025-12-12T10:00,9.0,75,13.4,229.0
2025-12-12T11:00,10.5,64,12.8,311.0
2025-12-12T12:00,12.0,55,13.3,394.0
2025-12-12T13:00,12.8,54,14.8,453.0
2025-12-12T14:00,13.0,54,17.9,457.0
2025-12-12T15:00,11.9,76,23.0,317.0
2025-12-12T16:00,11.6,81,23.9,203.0
2025-12-12T17:00,12.4,72,17.7,46.0
2025-12-12T18:00,12.5,67,19.7,4.0
2025-12-12T19:00,12.7,63,18.8,0.0
2025-12-12T20:00,12.0,68,19.0,0.0
2025-12-12T21:00,12.2,70,19.6,0.0
2025-12-12T22:00,12.1,69,20.9,0.0
2025-12-12T23:00,11.8,69,21.7,0.0
2025-12-13T00:00,11.7,69,20.5,0.0
2025-12-13T01:00,11.6,69,18.2,0.0
2025-12-13T02:00,11.4,71,18.1,0.0
2025-12-13T03:00,12.2,73,19.8,0.0
2025-12-13T04:00,12.2,70,20.8,0.0
2025-12-13T05:00,11.8,71,21.2,0.0
2025-12-13T06:00,11.8,67,21.6,0.0
2025-12-13T07:00,11.7,67,21.6,0.0
2025-12-13T08:00,11.7,71,19.8,9.0
2025-12-13T09:00,12.1,79,22.3,88.0
2025-12-13T10:00,12.9,74,20.3,104.0
2025-12-13T11:00,14.4,65,16.6,277.0
2025-12-13T12:00,14.6,64,6.5,182.0
2025-12-13T13:00,14.0,71,8.3,157.0
2025-12-13T14:00,13.7,80,8.3,170.0
2025-12-13T15:00,13.2,85,8.1,129.0
2025-12-13T16:00,11.8,95,24.0,68.0
2025-12-13T17:00,10.1,96,23.7,15.0
2025-12-13T18:00,10.1,95,22.0,1.0
2025-12-13T19:00,9.2,93,24.3,0.0
2025-12-13T20:00,8.5,92,26.3,0.0
2025-12-13T21:00,8.4,86,24.5,0.0
2025-12-13T22:00,8.3,82,18.6,0.0
2025-12-13T23:00,7.9,81,19.8,0.0
2025-12-14T00:00,7.3,86,22.6,0.0
2025-12-14T01:00,6.9,86,24.6,0.0
2025-12-14T02:00,7.3,89,24.2,0.0
2025-12-14T03:00,7.8,80,32.1,0.0
2025-12-14T04:00,6.9,82,31.6,0.0
2025-12-14T05:00,7.0,81,31.6,0.0
2025-12-14T06:00,7.1,77,32.4,0.0
2025-12-14T07:00,7.2,73,31.8,0.0
2025-12-14T08:00,7.1,76,31.0,7.0
2025-12-14T09:00,7.3,65,36.0,82.0
2025-12-14T10:00,7.3,72,33.0,185.0
2025-12-14T11:00,8.0,58,32.7,297.0
2025-12-14T12:00,7.8,63,32.3,358.0
2025-12-14T13:00,8.4,57,33.8,414.0
2025-12-14T14:00,8.1,59,31.7,282.0
2025-12-14T15:00,7.2,60,32.7,288.0
2025-12-14T16:00,7.2,63,30.2,176.0
2025-12-14T17:00,7.0,66,28.5,71.0
2025-12-14T18:00,7.1,65,26.8,4.0
2025-12-14T19:00,7.1,67,25.7,0.0
2025-12-14T20:00,7.1,69,24.6,0.0
2025-12-14T21:00,7.6,62,26.1,0.0
2025-12-14T22:00,7.6,62,25.6,0.0
2025-12-14T23:00,8.0,62,25.3,0.0
2025-12-15T00:00,8.0,66,23.6,0.0
2025-12-15T01:00,8.0,66,23.0,0.0
2025-12-15T02:00,8.0,66,21.8,0.0
2025-12-15T03:00,7.6,55,19.9,0.0
2025-12-15T04:00,7.8,57,19.2,0.0
2025-12-15T05:00,7.7,61,16.8,0.0
2025-12-15T06:00,7.6,62,13.3,0.0
2025-12-15T07:00,7.5,65,10.1,0.0
2025-12-15T08:00,7.4,67,8.9,6.0
2025-12-15T09:00,8.3,61,8.1,95.0
2025-12-15T10:00,9.0,59,10.2,244.0
2025-12-15T11:00,9.6,57,10.7,391.0
2025-12-15T12:00,9.9,56,11.3,499.0
2025-12-15T13:00,10.0,57,10.4,530.0
2025-12-15T14:00,9.9,58,10.9,490.0
2025-12-15T15:00,9.3,65,10.5,381.0
2025-12-15T16:00,8.8,67,11.6,164.0
2025-12-15T17:00,8.5,69,8.4,73.0
2025-12-15T18:00,7.1,80,4.5,6.0
2025-12-15T19:00,5.8,86,3.5,0.0
2025-12-15T20:00,5.5,87,3.1,0.0
2025-12-15T21:00,5.6,81,2.1,0.0
2025-12-15T22:00,5.1,81,2.3,0.0
2025-12-15T23:00,5.4,84,4.2,0.0
2025-12-16T00:00,5.6,83,8.7,0.0
2025-12-16T01:00,6.1,77,9.5,0.0
2025-12-16T02:00,6.4,78,9.1,0.0
2025-12-16T03:00,6.2,76,10.4,0.0
2025-12-16T04:00,6.5,75,9.5,0.0
2025-12-16T05:00,7.2,76,10.4,0.0
2025-12-16T06:00,7.7,78,11.0,0.0
2025-12-16T07:00,8.3,76,10.5,0.0
2025-12-16T08:00,8.7,73,9.9,5.0
2025-12-16T09:00,10.0,74,11.3,95.0
2025-12-16T10:00,13.1,62,9.2,207.0
2025-12-16T11:00,14.3,55,6.4,310.0
2025-12-16T12:00,15.1,50,8.5,327.0
2025-12-16T13:00,15.4,50,10.4,342.0
2025-12-16T14:00,15.2,53,11.8,244.0
2025-12-16T15:00,15.2,55,11.5,237.0
2025-12-16T16:00,15.0,56,10.6,159.0
2025-12-16T17:00,13.8,64,7.2,85.0
2025-12-16T18:00,11.8,73,6.3,6.0
2025-12-16T19:00,11.3,73,6.4,0.0
2025-12-16T20:00,10.9,73,6.6,0.0
2025-12-16T21:00,10.7,73,11.2,0.0
2025-12-16T22:00,10.6,73,11.4,0.0
2025-12-16T23:00,11.0,73,12.1,0.0
2025-12-17T00:00,11.4,73,12.3,0.0
2025-12-17T01:00,12.4,71,14.5,0.0
2025-12-17T02:00,13.0,73,20.3,0.0
2025-12-17T03:00,12.9,84,20.8,0.0
2025-12-17T04:00,12.3,95,19.5,0.0
2025-12-17T05:00,12.1,92,16.0,0.0
2025-12-17T06:00,11.6,94,13.7,0.0
2025-12-17T07:00,11.3,94,14.3,0.0
2025-12-17T08:00,11.1,92,17.0,3.0
2025-12-17T09:00,11.0,89,19.1,43.0
2025-12-17T10:00,10.6,87,21.7,105.0
2025-12-17T11:00,10.5,85,19.3,143.0
2025-12-17T12:00,10.4,77,20.4,187.0
2025-12-17T13:00,10.7,67,21.9,273.0
2025-12-17T14:00,10.4,68,23.1,205.0
2025-12-17T15:00,10.3,63,22.1,164.0
2025-12-17T16:00,9.9,62,20.2,192.0
2025-12-17T17:00,9.6,63,20.4,92.0
2025-12-17T18:00,8.7,73,17.8,6.0
2025-12-17T19:00,8.5,73,14.9,0.0
2025-12-17T20:00,8.2,74,14.6,0.0
2025-12-17T21:00,7.2,73,11.3,0.0
2025-12-17T22:00,6.9,77,9.7,0.0
2025-12-17T23:00,6.5,80,9.1,0.0
2025-12-18T00:00,6.5,81,8.5,0.0
2025-12-18T01:00,5.8,85,6.0,0.0
2025-12-18T02:00,5.0,85,5.2,0.0
2025-12-18T03:00,5.1,81,3.6,0.0
2025-12-18T04:00,4.6,82,5.4,0.0
2025-12-18T05:00,5.6,82,6.7,0.0
2025-12-18T06:00,5.6,83,6.4,0.0
2025-12-18T07:00,4.7,83,5.0,0.0
2025-12-18T08:00,5.2,82,2.7,7.0
2025-12-18T09:00,7.8,77,3.1,115.0
2025-12-18T10:00,9.1,74,5.8,280.0
2025-12-18T11:00,9.9,71,7.3,431.0
2025-12-18T12:00,10.4,68,9.2,509.0
2025-12-18T13:00,10.5,67,10.3,524.0
2025-12-18T14:00,10.6,65,9.2,496.0
2025-12-18T15:00,10.5,66,6.7,417.0
2025-12-18T16:00,10.6,64,5.7,282.0
2025-12-18T17:00,9.4,71,5.2,119.0
2025-12-18T18:00,7.7,78,1.3,7.0
2025-12-18T19:00,7.3,81,4.0,0.0
2025-12-18T20:00,7.0,82,3.3,0.0
2025-12-18T21:00,6.6,81,3.1,0.0
2025-12-18T22:00,6.3,82,2.1,0.0
2025-12-18T23:00,6.9,82,1.8,0.0
2025-12-19T00:00,6.9,83,2.8,0.0
2025-12-19T01:00,7.2,83,3.0,0.0
2025-12-19T02:00,6.2,83,0.4,0.0
2025-12-19T03:00,8.3,79,0.7,0.0
2025-12-19T04:00,7.8,78,1.0,0.0
2025-12-19T05:00,8.1,79,1.7,0.0
2025-12-19T06:00,8.8,78,2.2,0.0
2025-12-19T07:00,8.8,78,2.4,0.0
2025-12-19T08:00,9.3,78,2.3,5.0
2025-12-19T09:00,12.6,73,1.7,73.0
2025-12-19T10:00,14.5,63,4.4,193.0
2025-12-19T11:00,15.9,61,6.8,327.0
2025-12-19T12:00,17.0,62,4.3,423.0
2025-12-19T13:00,17.9,63,4.9,502.0
2025-12-19T14:00,18.0,66,6.3,453.0
2025-12-19T15:00,16.6,76,4.4,327.0
2025-12-19T16:00,16.0,81,4.1,141.0
2025-12-19T17:00,15.5,88,5.2,50.0
2025-12-19T18:00,13.5,92,2.8,6.0
2025-12-19T19:00,12.1,90,2.3,0.0
2025-12-19T20:00,11.6,86,1.8,0.0
2025-12-19T21:00,13.6,82,5.2,0.0
2025-12-19T22:00,13.4,82,4.0,0.0
2025-12-19T23:00,12.8,83,3.8,0.0
2025-12-20T00:00,12.3,85,5.0,0.0
2025-12-20T01:00,11.7,86,5.4,0.0
2025-12-20T02:00,11.7,87,5.9,0.0
2025-12-20T03:00,14.0,82,5.4,0.0
2025-12-20T04:00,14.1,82,5.3,0.0
2025-12-20T05:00,13.4,83,5.7,0.0
2025-12-20T06:00,13.6,83,4.5,0.0
2025-12-20T07:00,12.6,84,1.6,0.0
2025-12-20T08:00,14.2,87,8.7,2.0
2025-12-20T09:00,16.6,91,18.2,36.0
2025-12-20T10:00,18.1,86,12.9,147.0
2025-12-20T11:00,18.1,79,12.0,261.0
2025-12-20T12:00,18.7,78,16.2,333.0
2025-12-20T13:00,19.2,76,14.4,311.0
2025-12-20T14:00,19.1,77,15.8,400.0
2025-12-20T15:00,18.9,77,17.6,224.0
2025-12-20T16:00,17.1,91,18.2,194.0
2025-12-20T17:00,15.4,98,14.2,47.0
2025-12-20T18:00,14.3,99,15.7,4.0
2025-12-20T19:00,13.2,97,15.5,0.0
2025-12-20T20:00,12.4,97,13.6,0.0
2025-12-20T21:00,12.5,96,13.4,0.0
2025-12-20T22:00,12.0,95,16.7,0.0
2025-12-20T23:00,10.8,91,21.1,0.0
2025-12-21T00:00,10.2,84,18.0,0.0
2025-12-21T01:00,9.6,74,20.8,0.0
2025-12-21T02:00,8.6,78,18.3,0.0
2025-12-21T03:00,8.8,73,23.4,0.0
2025-12-21T04:00,8.4,69,25.9,0.0
2025-12-21T05:00,8.0,71,24.7,0.0
2025-12-21T06:00,7.5,73,24.4,0.0
2025-12-21T07:00,7.0,75,23.4,0.0
2025-12-21T08:00,6.5,76,20.2,2.0
2025-12-21T09:00,7.6,64,21.0,21.0
2025-12-21T10:00,7.2,64,21.7,43.0
2025-12-21T11:00,6.8,69,21.9,149.0
2025-12-21T12:00,6.4,70,21.1,258.0
2025-12-21T13:00,6.1,69,21.1,291.0
2025-12-21T14:00,6.2,62,22.9,152.0
2025-12-21T15:00,6.2,58,20.4,249.0
2025-12-21T16:00,5.8,58,20.8,222.0
2025-12-21T17:00,5.7,58,18.0,92.0
2025-12-21T18:00,5.1,64,16.7,7.0
2025-12-21T19:00,4.5,70,15.7,0.0
2025-12-21T20:00,4.1,69,14.9,0.0
2025-12-21T21:00,3.9,63,11.2,0.0
2025-12-21T22:00,3.6,67,10.7,0.0
2025-12-21T23:00,3.3,70,10.3,0.0
2025-12-22T00:00,3.2,72,9.9,0.0
2025-12-22T01:00,3.0,71,8.5,0.0
2025-12-22T02:00,2.5,73,6.8,0.0
2025-12-22T03:00,1.7,75,5.4,0.0
2025-12-22T04:00,1.9,75,6.0,0.0
2025-12-22T05:00,1.3,74,5.8,0.0
2025-12-22T06:00,1.1,73,5.7,0.0
2025-12-22T07:00,1.2,71,3.7,0.0
2025-12-22T08:00,1.8,73,4.2,5.0
2025-12-22T09:00,4.8,70,8.4,107.0
2025-12-22T10:00,7.1,64,9.4,286.0
2025-12-22T11:00,8.6,62,11.8,428.0
2025-12-22T12:00,9.2,63,15.7,526.0
2025-12-22T13:00,9.8,64,16.5,552.0
2025-12-22T14:00,10.4,64,16.2,521.0
2025-12-22T15:00,10.4,62,16.8,430.0
2025-12-22T16:00,10.6,63,14.6,270.0
2025-12-22T17:00,9.9,69,13.1,122.0
2025-12-22T18:00,9.3,72,11.2,8.0
2025-12-22T19:00,9.1,72,12.3,0.0
2025-12-22T20:00,8.4,74,9.8,0.0
2025-12-22T21:00,8.9,80,12.1,0.0
2025-12-22T22:00,8.2,80,7.0,0.0
2025-12-22T23:00,7.4,75,6.4,0.0
2025-12-23T00:00,7.3,75,5.6,0.0
2025-12-23T01:00,7.0,78,2.9,0.0
2025-12-23T02:00,7.4,73,4.5,0.0
2025-12-23T03:00,9.1,76,12.3,0.0
2025-12-23T04:00,9.4,75,12.9,0.0
2025-12-23T05:00,8.5,76,11.6,0.0
2025-12-23T06:00,8.1,77,10.4,0.0
2025-12-23T07:00,7.8,77,9.2,0.0
2025-12-23T08:00,8.0,77,7.6,4.0
2025-12-23T09:00,10.8,77,8.0,92.0
2025-12-23T10:00,13.7,68,3.1,225.0
2025-12-23T11:00,15.1,65,3.2,298.0
2025-12-23T12:00,16.0,64,3.9,327.0
2025-12-23T13:00,16.6,64,6.8,404.0
2025-12-23T14:00,16.2,68,5.5,296.0
2025-12-23T15:00,15.9,68,3.7,153.0
2025-12-23T16:00,16.2,70,4.0,149.0
2025-12-23T17:00,15.0,80,2.7,49.0
2025-12-23T18:00,14.1,85,3.5,5.0
2025-12-23T19:00,13.4,87,4.3,0.0
2025-12-23T20:00,13.8,83,6.0,0.0
2025-12-23T21:00,14.0,87,11.6,0.0
2025-12-23T22:00,14.0,89,9.7,0.0
2025-12-23T23:00,13.8,89,9.7,0.0
2025-12-24T00:00,14.3,88,13.3,0.0
2025-12-24T01:00,14.1,92,15.5,0.0
2025-12-24T02:00,13.7,97,13.3,0.0
2025-12-24T03:00,13.7,96,13.2,0.0
2025-12-24T04:00,13.8,96,15.6,0.0
2025-12-24T05:00,13.1,96,17.9,0.0
2025-12-24T06:00,12.4,95,18.1,0.0
2025-12-24T07:00,11.5,97,16.4,0.0
2025-12-24T08:00,10.9,96,16.0,2.0
2025-12-24T09:00,11.0,97,14.8,17.0
2025-12-24T10:00,10.1,96,20.8,44.0
2025-12-24T11:00,10.3,88,19.5,217.0
2025-12-24T12:00,9.9,86,17.9,210.0
2025-12-24T13:00,9.7,85,18.9,210.0
2025-12-24T14:00,9.2,88,19.1,139.0
2025-12-24T15:00,9.0,91,18.1,110.0
2025-12-24T16:00,8.7,92,18.7,65.0
2025-12-24T17:00,8.1,91,17.9,24.0
2025-12-24T18:00,7.8,89,17.8,2.0
2025-12-24T19:00,7.5,87,18.0,0.0
2025-12-24T20:00,7.3,85,17.5,0.0
2025-12-24T21:00,7.8,73,12.8,0.0
2025-12-24T22:00,7.7,71,14.2,0.0
2025-12-24T23:00,7.5,72,12.8,0.0
2025-12-25T00:00,7.5,72,14.6,0.0
2025-12-25T01:00,7.3,74,16.2,0.0
2025-12-25T02:00,7.3,74,18.0,0.0
2025-12-25T03:00,7.5,72,20.4,0.0
2025-12-25T04:00,7.2,74,22.4,0.0
2025-12-25T05:00,6.8,76,23.5,0.0
2025-12-25T06:00,6.6,78,25.4,0.0
2025-12-25T07:00,6.4,79,26.1,0.0
2025-12-25T08:00,6.1,79,26.7,2.0
2025-12-25T09:00,6.0,80,30.9,34.0
2025-12-25T10:00,6.2,76,32.6,69.0
2025-12-25T11:00,6.9,61,34.1,138.0
2025-12-25T12:00,6.6,63,33.7,265.0
2025-12-25T13:00,6.6,59,38.4,387.0
2025-12-25T14:00,6.1,67,35.5,397.0
2025-12-25T15:00,6.0,65,35.4,347.0
2025-12-25T16:00,4.6,70,36.8,208.0
2025-12-25T17:00,4.2,77,36.1,90.0
2025-12-25T18:00,3.8,74,36.0,8.0
2025-12-25T19:00,3.9,69,36.0,0.0
2025-12-25T20:00,3.8,65,37.1,0.0
2025-12-25T21:00,3.0,62,37.5,0.0
2025-12-25T22:00,2.4,68,33.4,0.0
2025-12-25T23:00,3.0,64,34.6,0.0
2025-12-26T00:00,2.0,65,36.4,0.0
2025-12-26T01:00,2.7,73,37.0,0.0
2025-12-26T02:00,2.7,70,33.9,0.0
2025-12-26T03:00,1.9,69,37.8,0.0
2025-12-26T04:00,1.7,69,31.6,0.0
2025-12-26T05:00,1.7,76,33.7,0.0
2025-12-26T06:00,0.9,81,30.4,0.0
2025-12-26T07:00,0.4,84,27.7,0.0
2025-12-26T08:00,1.0,79,28.1,2.0
2025-12-26T09:00,1.0,75,28.2,43.0
2025-12-26T10:00,0.4,81,21.1,140.0
2025-12-26T11:00,0.8,80,20.2,244.0
2025-12-26T12:00,1.0,78,20.2,241.0
2025-12-26T13:00,0.9,79,17.4,286.0
2025-12-26T14:00,0.9,77,18.0,238.0
2025-12-26T15:00,1.4,74,22.5,221.0
2025-12-26T16:00,1.4,70,22.0,130.0
2025-12-26T17:00,1.3,72,20.0,60.0
2025-12-26T18:00,1.2,72,18.5,6.0
2025-12-26T19:00,1.3,73,16.5,0.0
2025-12-26T20:00,1.4,75,15.2,0.0
2025-12-26T21:00,0.8,76,14.2,0.0
2025-12-26T22:00,1.0,76,13.7,0.0
2025-12-26T23:00,1.4,74,13.0,0.0
2025-12-27T00:00,1.5,77,10.5,0.0
2025-12-27T01:00,1.6,78,8.8,0.0
2025-12-27T02:00,1.8,77,7.1,0.0
2025-12-27T03:00,1.7,75,7.7,0.0
2025-12-27T04:00,1.9,74,8.7,0.0
2025-12-27T05:00,2.1,73,8.5,0.0
2025-12-27T06:00,2.2,73,8.3,0.0
2025-12-27T07:00,2.3,72,6.5,0.0
2025-12-27T08:00,2.3,74,3.5,2.0
2025-12-27T09:00,3.2,76,1.9,52.0
2025-12-27T10:00,3.9,76,5.2,139.0
2025-12-27T11:00,4.5,72,7.0,226.0
2025-12-27T12:00,4.7,70,6.2,257.0
2025-12-27T13:00,5.1,68,5.3,302.0
2025-12-27T14:00,5.3,66,5.4,288.0
2025-12-27T15:00,4.9,73,4.5,231.0
2025-12-27T16:00,5.3,70,4.1,113.0
2025-12-27T17:00,5.1,71,5.2,67.0
2025-12-27T18:00,3.8,85,3.1,7.0
2025-12-27T19:00,3.8,84,2.2,0.0
2025-12-27T20:00,4.0,80,1.1,0.0
2025-12-27T21:00,3.6,79,1.3,0.0
2025-12-27T22:00,3.6,78,1.3,0.0
2025-12-27T23:00,3.4,77,1.9,0.0
2025-12-28T00:00,3.4,76,3.5,0.0
2025-12-28T01:00,3.8,74,3.9,0.0
2025-12-28T02:00,3.6,76,3.8,0.0
2025-12-28T03:00,3.3,64,4.3,0.0
2025-12-28T04:00,2.7,61,3.1,0.0
2025-12-28T05:00,2.9,55,3.8,0.0
2025-12-28T06:00,3.1,51,3.6,0.0
2025-12-28T07:00,3.5,48,4.0,0.0
2025-12-28T08:00,4.1,48,4.6,4.0
2025-12-28T09:00,6.4,66,5.3,86.0
2025-12-28T10:00,9.0,56,4.2,227.0
2025-12-28T11:00,9.9,56,7.1,367.0
2025-12-28T12:00,10.8,54,8.0,450.0
2025-12-28T13:00,11.3,51,8.5,499.0
2025-12-28T14:00,10.7,61,9.0,430.0
2025-12-28T15:00,10.3,66,9.7,262.0
2025-12-28T16:00,10.1,67,3.0,178.0
2025-12-28T17:00,8.3,74,2.7,80.0
2025-12-28T18:00,8.1,73,6.3,7.0
2025-12-28T19:00,6.8,74,6.7,0.0
2025-12-28T20:00,6.2,73,6.1,0.0
2025-12-28T21:00,7.2,74,10.5,0.0
2025-12-28T22:00,7.9,75,10.8,0.0
2025-12-28T23:00,8.4,73,9.8,0.0
2025-12-29T00:00,8.5,74,13.4,0.0
2025-12-29T01:00,9.2,74,17.6,0.0
2025-12-29T02:00,9.2,74,18.1,0.0
2025-12-29T03:00,8.7,71,18.3,0.0
2025-12-29T04:00,8.4,73,19.5,0.0
2025-12-29T05:00,8.4,74,19.8,0.0
2025-12-29T06:00,8.4,75,19.3,0.0
2025-12-29T07:00,8.6,75,19.1,0.0
2025-12-29T08:00,8.8,77,18.0,4.0
2025-12-29T09:00,11.2,69,18.1,92.0
2025-12-29T10:00,13.2,62,15.9,243.0
2025-12-29T11:00,14.4,56,18.0,369.0
2025-12-29T12:00,15.1,50,21.6,440.0
2025-12-29T13:00,15.3,50,22.3,426.0
2025-12-29T14:00,15.0,56,23.8,460.0
2025-12-29T15:00,14.7,57,21.4,399.0
2025-12-29T16:00,14.2,59,23.4,242.0
2025-12-29T17:00,13.2,67,19.9,100.0
2025-12-29T18:00,12.6,72,18.3,9.0
2025-12-29T19:00,12.2,75,18.1,0.0
2025-12-29T20:00,11.2,85,16.5,0.0
2025-12-29T21:00,10.6,83,8.3,0.0
2025-12-29T22:00,10.3,84,8.5,0.0
2025-12-29T23:00,9.8,84,7.7,0.0
2025-12-30T00:00,9.6,88,8.9,0.0
2025-12-30T01:00,9.3,91,9.7,0.0
2025-12-30T02:00,9.4,88,10.8,0.0
2025-12-30T03:00,8.8,88,7.4,0.0
2025-12-30T04:00,8.4,88,9.5,0.0
2025-12-30T05:00,7.9,78,10.3,0.0
2025-12-30T06:00,7.4,75,9.5,0.0
2025-12-30T07:00,6.6,82,9.9,0.0
2025-12-30T08:00,6.0,83,9.9,4.0
2025-12-30T09:00,7.0,69,9.3,94.0
2025-12-30T10:00,7.6,58,12.6,265.0
2025-12-30T11:00,7.8,50,13.1,426.0
2025-12-30T12:00,7.8,45,12.1,447.0
2025-12-30T13:00,8.0,41,9.4,501.0
2025-12-30T14:00,8.1,39,8.5,457.0
2025-12-30T15:00,8.3,39,7.6,437.0
2025-12-30T16:00,7.8,43,10.1,314.0
2025-12-30T17:00,7.1,47,8.4,143.0
2025-12-30T18:00,5.6,59,6.7,14.0
2025-12-30T19:00,6.0,56,9.6,0.0
2025-12-30T20:00,6.1,54,11.0,0.0
2025-12-30T21:00,6.0,53,11.4,0.0
2025-12-30T22:00,6.0,55,12.5,0.0
2025-12-30T23:00,5.8,57,11.5,0.0
2025-12-31T00:00,5.7,58,12.8,0.0
2025-12-31T01:00,5.5,57,14.2,0.0
2025-12-31T02:00,5.3,58,15.3,0.0
2025-12-31T03:00,5.4,57,16.2,0.0
2025-12-31T04:00,5.2,60,16.6,0.0
2025-12-31T05:00,4.8,65,14.5,0.0
2025-12-31T06:00,4.8,67,13.6,0.0
2025-12-31T07:00,5.2,68,12.3,0.0
2025-12-31T08:00,5.9,65,13.8,3.0
2025-12-31T09:00,6.9,64,24.1,51.0
2025-12-31T10:00,5.3,69,22.8,164.0
2025-12-31T11:00,4.8,74,18.4,231.0
2025-12-31T12:00,4.1,75,17.7,193.0
2025-12-31T13:00,3.9,75,17.9,205.0
2025-12-31T14:00,4.2,63,18.9,316.0
2025-12-31T15:00,3.6,61,18.5,363.0
2025-12-31T16:00,3.0,63,20.3,299.0
2025-12-31T17:00,2.3,67,21.0,120.0
2025-12-31T18:00,1.8,73,20.0,8.0
2025-12-31T19:00,1.9,71,19.2,0.0
2025-12-31T20:00,1.9,72,19.1,0.0
2025-12-31T21:00,2.1,69,18.4,0.0
2025-12-31T22:00,2.3,67,18.7,0.0
2025-12-31T23:00,1.9,73,19.1,0.0
