날짜,1시,2시,3시,4시,5시,6시,7시,8시,9시,10시,11시,12시,13시,14시,15시,16시,17시,18시,19시,20시,21시,22시,23시,24시
2023-09-01,676.8,636.8,608,588.1,584.3,596.4,626.8,703.7,778.7,820.2,871.4,878.3,872,899,899.6,886.4,878.8,888.3,881.7,897.3,880.4,836.7,796.9,757.2
2023-09-02,704.3,661.5,632.1,606.1,599.3,609.8,626.3,654.2,714.1,751.5,768.2,796.1,796.7,784.7,800.7,810.5,847.4,893.4,907.3,913.7,890.9,844.8,798.9,754.8
2023-09-03,704.9,659.9,630.4,611.2,600.1,610.8,627.3,655.5,691.6,737.9,763,778.4,795.7,807.3,821.6,843.4,879.2,914.1,932.7,936.1,905.5,854,800.8,750.3
2023-09-04,690.8,644.8,619.2,601.1,593.2,611,649.5,719.8,804.4,859.1,882.7,887.1,888,914.2,919.9,928.7,955.4,983.1,981.2,975.9,938.1,879.8,826.8,773.9
2023-09-05,711.8,666.9,637.3,617.4,613,625.9,662.1,740.3,798.3,843.3,856.5,848.4,868.2,871.9,871.1,884,912.4,947.2,940.3,931.4,891.8,840.7,794.7,747.7
2023-09-06,687,648.1,619.4,599.8,595.7,613.7,651.2,710.3,773.8,816.2,835.8,840.7,836.4,859.8,873.3,890.5,923.3,957.3,962.2,961.9,926,870.2,817.4,761.2
2023-09-07,702.1,663.6,632.2,611.2,607,617.3,650.7,708.4,762.4,803.2,815.2,812.9,804.6,818.8,823.6,832.2,864.7,899.5,903.9,907.8,874,827.1,782.2,736.3
2023-09-08,684.4,644.5,616.3,595.6,591.2,601.8,635.1,684.3,737.9,770.3,781.7,779.7,771,790.6,804,822.9,850.5,876.3,879.6,880.1,842.8,795.6,754.2,718.5
2023-09-09,662.5,622.3,596.6,578.4,573.2,586.6,607,628.6,661.6,698.6,719.9,727,724.8,737.4,747.2,759.1,791.8,831.7,851.3,854.1,821.2,776,733.4,695.3
2023-09-10,645.5,607.9,583.1,566.4,563.3,576.9,591,608.7,623.4,662.7,694.7,712,721.7,720.8,722.8,741.4,781.8,815.1,838.7,849.8,820.5,771.3,729.7,687.4
2023-09-11,637.3,600.2,577.9,564.6,560.5,575.7,610.2,660.9,727.2,780.8,803.8,807.3,802.4,839.1,850.2,867.9,894.1,913,913.5,916.8,881.3,823.4,765.1,727.3
2023-09-12,672.2,630.1,602.7,585.2,582,594.6,628.5,685.9,755.3,811.6,854.2,873.9,869.5,882.2,901.4,902.9,902.1,914.2,926.3,931.4,892.6,837.7,788.8,743.2
2023-09-13,684.3,641.3,612,593.6,591.3,606,640.2,699.1,783.4,825.6,855.4,863.2,871.3,880.5,892.9,930.8,942.4,947.8,956.2,957.6,920.5,863.4,810.3,761.8
2023-09-14,701.1,654.9,623.3,602.4,598.7,614.2,647.7,718.3,798.5,863.8,884.1,876.7,864.7,861.3,861.9,839.2,859.4,870.5,875.1,878.8,854.9,813.8,776.2,735.7
2023-09-15,682.1,642.1,612.5,594.9,592.4,608,643.6,705.4,782.1,837.6,864.5,865.5,862.8,884.7,903,911.1,941.4,970.1,973.8,970.9,938.1,884.1,831.8,786.6
2023-09-16,725.1,678.9,643.2,622.8,615.8,627.1,645.4,683.1,745.5,795.3,826,836.6,885,868.5,830,795.6,825.2,868.6,889.7,895.8,868,825.6,781.7,743.5
2023-09-17,691.4,650,618.3,599.5,593.1,602.7,618.1,644.3,700.6,733,752.2,758,770.1,769.1,781.6,801.3,814,837.9,863.4,865.9,836.4,790.1,752,711.9
2023-09-18,657,618,590.5,576,573.3,591,624.5,681.2,764.2,819.5,833.7,837.3,826.5,847,860.5,876.8,895.1,915,918,913.6,877.2,822.1,775.3,725.2
2023-09-19,665.4,626.8,598.1,580.1,576.8,591.6,626.1,677,734,781.1,817.3,806.4,810.5,853.5,870,849.1,870.3,897.4,907.8,906,869.1,812.6,765.7,721
2023-09-20,666,628.5,600.7,586.5,582.1,595.3,631.6,696.4,780.6,836.8,857.3,873.2,871.5,908.2,918,923.5,924.1,937.3,950.8,955.8,925.3,867,797.9,744.4
2023-09-21,683.2,638.4,608,588.2,583.3,597.7,626.4,676.9,720.3,738.7,744,731.5,747.8,782.3,774,788,801.4,823.6,828.1,826.6,803.5,758,725.8,688.2
2023-09-22,636.7,602.1,576.4,557.3,554.3,570.3,603.9,663.2,731.4,768,765.6,754.4,740.8,789.5,786.8,781,783.3,798.9,813.6,813.2,791.2,754.8,724.5,685.8
2023-09-23,634.4,596.4,571.7,555.9,550.1,561.8,582.6,601.3,615.9,648.6,652,659.9,692.1,691,682,699.3,718.1,737.2,760.1,764.4,740.9,708.2,682,655.9
2023-09-24,610.2,577.1,552.9,540,536.4,547.9,569.8,588.4,613.4,614.4,618.3,628.1,621.4,629,664.9,673.3,706.2,731.5,760.4,769.1,744.3,712.7,682.9,645.9
2023-09-25,602.8,571.5,549.9,534.6,536.7,554.8,584.9,643.3,690.8,736.5,749,751.2,753.9,799,828.6,815.4,824.2,846.3,854,851.1,818.2,771.4,727.1,687
2023-09-26,637,600.4,573.2,556.4,553.3,568.5,601.6,648.1,707,771.1,781.5,765.1,764.8,792.6,813.8,822.7,829.9,847.5,851.6,850.4,821.2,777.6,738.7,697.9
2023-09-27,645.7,605.5,579.8,564.8,562.5,575.4,604.5,651.3,700.8,728.1,734.5,729.4,735.7,754.4,769.9,784.1,799.6,816.4,826.7,825.5,803.8,768.2,734.2,697.5
2023-09-28,644.7,606.2,580.3,562.1,557.6,567.9,591,616.8,645.6,659.3,711.1,694.2,654.6,670,671.9,693.9,724.4,758.8,775.5,775.7,756.6,725.6,694.9,660.2
2023-09-29,609.2,572.4,550,533.3,526.1,534.5,562.8,575,563.2,546.1,537.7,531.9,538.6,556.2,578,612,646.9,688.4,718.5,721.6,711.7,688.3,663.2,631
2023-09-30,586.3,555.4,535.7,520.1,517.1,529.7,546.5,571.6,610.6,632.5,646,624.9,622.4,630.7,627.8,602,625,657.5,696,703.7,692.6,670.2,646.4,621
2023-10-01,575,544.9,522.2,507.3,506.1,517.3,535.1,551.6,557.7,554.6,549.5,531.5,529.9,534.4,541.1,566.2,611.7,662.9,701,705.9,690.8,669.9,641.1,612.2
2023-10-02,567.4,533.9,512.5,498.1,496.3,506.6,527.9,551.9,545.4,539.3,529.2,522.9,521.6,532.5,553.8,586.3,634.7,677.7,711.7,709.2,690.3,660.6,636.9,606.5
2023-10-03,566.9,539.6,520.3,506,504.4,517,538.2,570.8,600.4,636.2,653.8,655.2,654,658.2,669.1,674.9,686.4,702.6,725.3,715.8,697.2,665.9,640.1,613.1
2023-10-04,571.2,541.5,519,506.8,507,521.3,552.7,592.3,613.3,628,628.3,619.6,603.2,625.2,636.3,661.3,702.8,738.8,759.5,755,731.1,698.2,673.2,637.3
2023-10-05,592,555.1,538.7,525.7,524.4,532.9,564.2,611.2,633.7,649.4,607.6,577.3,571.6,591.8,601.7,620.6,666.6,709,734.9,732.6,713.6,683.1,657.8,623.8
2023-10-06,580.3,546.4,529.4,515.5,516.1,527.4,554.9,603.8,621.3,655,606,636.8,612.4,629.8,680.2,681,692,706.3,729.7,726.4,705.5,678.8,656.8,626.7
2023-10-07,587.7,556.6,530.5,518.4,517.4,530.1,549.6,579.1,614.7,629,650.9,646.6,642.8,652.9,666.9,676.6,686.2,699.9,717.6,707.9,690.7,667.7,643.3,624.3
2023-10-08,588.4,550.5,532.9,520.8,519.1,528.1,546.4,571.5,593.8,617.6,600.9,573.2,572.3,574.4,588.2,610.9,646.2,682.3,710.6,704.1,692.9,668.7,646,619.1
2023-10-09,578.3,546.1,526.9,514.8,514.1,527,548.5,565.5,579.5,571.6,577,601.1,616.5,623.7,596.4,642.4,676.4,700.7,728.6,730.5,711,682.2,650.4,622.7
2023-10-10,578,548.3,528.4,513.8,515.1,533.8,563.8,593.2,606.2,609.3,592.6,589.3,577,596.5,637.2,669.8,702.3,728.5,748,739.4,721.2,690.3,660.1,633.3
2023-10-11,587.8,556.6,534.6,522.5,522,537.7,571.3,605.3,625.5,638.5,623.5,616.9,610.1,634,653.7,671.8,697.8,730.6,757.1,748.6,727.5,694.9,666.9,636.6
2023-10-12,594.8,562.9,539.3,525.1,525.1,539.4,573.6,601.5,609.3,610.4,608.5,599.3,586.2,600,616.7,638.9,681.1,725.1,750.9,744.5,724.9,693.3,667,639
2023-10-13,593.4,560.4,537.4,524.8,526.5,540.3,575.8,614.2,640.2,641.8,651.2,616.4,602.7,635.9,662.8,688.6,707.5,727,747.7,738.2,722,694,671,645.9
2023-10-14,601,566.5,542.4,527.2,525.5,538.3,560,572.7,567.2,561.7,556.9,556.2,576,576.8,587.3,612.5,641.4,685.6,717.2,715.1,699.7,680.4,647.9,629.2
2023-10-15,590.5,557,537.3,523.6,520.5,533.2,552.3,560.1,552.3,544.8,544.9,536.2,536.6,540.4,550.1,574.9,621.7,673.4,710.2,707.8,692.5,666.3,641.7,613.9
2023-10-16,572.7,541.8,516.5,512.3,511.4,529.6,564,598.2,613.5,619.6,622.8,613.9,589.5,599.6,618.7,641.6,678.5,719.2,740,733.8,713.9,684.2,660,629.5
2023-10-17,588.5,555.5,534.6,524.3,523.2,535.4,572,602.1,605.9,597.3,581.7,569,559.5,577.8,589.6,623.2,668.9,714.6,738.8,733.2,714.5,684.6,658.4,630.1
2023-10-18,583.9,553.3,530.6,518.3,518.4,535.6,569.3,600,604.3,597,593.3,580.2,567.2,592.1,618.1,650.1,686,723.8,747.9,741.3,721.3,692.6,666.6,635.9
2023-10-19,591.8,559.8,536.7,522.8,523.8,539.9,573.5,609.2,620.7,618.2,618.7,612.5,607.7,635.1,652.8,672.9,700.2,732.8,757.5,747,724.3,695,670.6,641.8
2023-10-20,596.6,560.6,543.7,521.9,521.2,540.3,575.5,627.1,663.3,679.4,686.5,658.4,596.3,580.9,582.3,618.9,670.3,712.8,729.6,722.4,702,683.1,651.1,638.9
2023-10-21,597.1,564.5,543.1,526,525.6,539.1,561,573.6,563,540.2,524.4,509.7,500.8,513.5,532.3,570.4,616.7,671.8,704,700.9,690.3,667.1,645.2,622.9
2023-10-22,582.8,552.8,530.6,516.1,517.3,529.6,549.7,552.4,527.6,510.5,515.1,507.5,499.7,523.9,535.7,574.7,620.5,663.8,700.9,694.7,683.9,658.4,634.3,609.9
2023-10-23,569.2,539.4,522.1,511.6,512.7,530.2,564.5,593.1,597,591.3,579.2,567.5,568.9,605.4,618.8,640.3,676.6,715.4,736.7,729.8,711.3,683.5,657.3,629.9
2023-10-24,584.1,553.2,531.4,519.8,523.8,541.8,574.4,607.1,625.6,595.4,608.1,604.7,584.1,590.6,610.9,651.4,691.4,719.9,742.3,733.5,715.3,687.1,663.4,635.5
2023-10-25,590.7,558.1,537.7,527,528.3,546.5,578.9,608.2,614.7,612.7,603.9,585.9,575,602.7,626,650.6,691.9,726,747.6,739.8,721.2,692.5,666.7,638.6
2023-10-26,594.8,561.6,539.7,525.9,529.2,546.4,581.4,618.9,630.5,631.9,617.5,599.3,594.7,623.1,635.2,657.6,692.6,730,750.7,741.3,720.9,692.1,668.4,643.2
2023-10-27,599.5,564.8,541.4,528.8,529.9,547.1,584.6,618,625.4,621.6,595.1,580,567.7,581.8,592.4,612.8,665.3,718,738.5,731.4,710.5,687.6,664.6,638.9
2023-10-28,595.9,562.6,541.5,526.5,526.3,541.5,567.8,580.2,572.3,560.2,548.8,539,528.1,539.4,548.3,576.7,628,678.4,709.6,706.7,693.6,672.4,650,628
2023-10-29,587.2,556.2,537.5,523.7,524.6,536.6,558.6,565.8,548.1,533.5,526.9,530,529.4,536.9,563.1,593.4,627.7,679.5,713.2,707.6,693.5,669.6,647.9,622.4
2023-10-30,579,548.3,528.9,516.7,519.7,537.2,571.1,606.5,611.1,612.9,609.5,597,591,625.4,637.2,658.9,691.7,725.3,743,734.6,716.3,688.3,661.5,634
2023-10-31,590.4,558.3,537,524.6,526.2,544.7,579,610.2,610.1,600.6,590,575.7,564.9,589,612.1,639.9,681.4,720.3,739.8,731.2,714,681.8,658.8,631.2
2023-11-01,589.9,558.8,538.9,522.7,524.4,541.3,571.8,608.3,614,606.8,593.7,586.5,577.9,602.1,619.6,650.3,688.8,729.5,742.7,733.5,713.5,686.7,662.5,635.4
2023-11-02,591,560.2,538.3,524.5,526.6,544.4,577.6,608.9,613.5,609.1,599.2,589.6,581.2,606.3,624.4,652.4,697,739.6,750.3,739.3,717.6,686.9,663.7,638.1
2023-11-03,595,562.8,542.6,526.2,529.5,544.5,576.9,612,616.6,617.3,619.7,614.8,614.8,652.3,664.8,687,713.8,745.9,757.9,746.2,723.9,691.6,664.4,640.3
2023-11-04,597.7,565.5,542.3,527.4,527.8,541.2,565.5,580.2,584.4,597.8,612.2,628.9,637.2,640,640.2,655.3,677.8,723.5,739.7,728.7,706.1,676.6,654.1,628.7
2023-11-05,589.7,560,537.3,525.3,521.8,536.6,557.8,577.4,600.1,628.2,630.7,650,628.4,627.7,644.3,653.9,678,714.2,732.2,731,708.6,678.3,656.2,625.8
2023-11-06,583.2,558.4,533.9,528.4,534,545.2,575.3,618.8,668.4,689.2,708.1,706.4,682.4,687.9,685.7,691,694.9,723.2,733.7,722.3,702.6,674.6,649.9,626.9
2023-11-07,583.6,552.3,531,516.1,518.8,534.2,571,611.1,618.2,598,605.7,594.5,585.1,607.6,614.3,639.5,675.6,717.5,732.9,726.7,708.6,680.6,659.5,633.5
2023-11-08,590.2,559.4,539.1,526.1,526.5,542.7,578.8,615.2,624.2,616.1,601,568.8,553.9,579.5,596.4,627.9,668.6,718,732.3,726,709,680.7,657.6,630.1
2023-11-09,587,554.9,534.8,523.4,524.8,543,578.6,613.4,625.2,632,636.6,634.6,650.9,685.6,687,686.9,701.5,729.1,740.7,730.1,711.8,687.2,662.4,637
2023-11-10,594.7,563.2,535.6,520.6,528,545.5,578.8,624,662.8,674.1,678.4,643.5,619.2,632.6,630.3,642.1,649.6,723.1,738.4,730.9,718.8,692.8,674.3,656.6
2023-11-11,612,579.1,558.3,548.2,548.1,563,581.8,599.2,596.4,562.4,551.5,535.6,527.8,543.9,592.8,621,660.5,712.4,733.6,724.7,710.9,686.3,664.1,643.4
2023-11-12,607.4,576.3,552.7,540.1,540.5,553.5,578.1,593.5,611.4,592.5,613.1,576.2,576.8,617.4,633,643.6,669.3,721.9,742,731.3,717,690.6,672.5,648.6
2023-11-13,610.1,577.3,555.3,549.8,550.8,565.2,605.8,652.1,686.9,700.1,697.7,676.7,674.3,695.5,706.9,718.5,742.8,789.7,796.2,782.6,761.3,727.9,703.8,683.2
2023-11-14,635.9,597.2,577.9,564,564.4,582.3,615.2,661.5,696.9,703.8,692.6,697.5,674.2,690.8,702.1,706.3,730.2,773.2,785.6,772.9,754.6,725.1,699.4,677.6
2023-11-15,632.2,594,572,561.5,562.8,580.3,617.5,660.1,659.7,648.6,627,592.2,577.8,598.9,605.1,628.2,684.8,747.1,766.9,761.2,747.9,724,703.1,678.8
2023-11-16,633.9,602.3,579.9,564.9,564.4,582.1,613.8,654.3,707.6,733.1,730.2,700.8,730.3,767.4,777.1,785.8,793.5,809.5,797.7,789.1,765.5,734.8,713.3,686.8
2023-11-17,645.1,607.2,586.6,569.6,580.1,590.9,630.8,676.4,724,732.6,707.7,664,688.3,752.5,744,786.2,804,829.4,824.6,814.3,785.7,751.2,742.6,723.5
2023-11-18,677.8,641.4,616.6,604.4,600.3,617.6,639.5,664.2,680.2,683.8,708.1,719,708.3,721.8,718.6,723.6,744.6,792.8,800.3,788.6,767.4,742.7,720.7,713.7
2023-11-19,666.6,632.5,605.5,591.4,591.6,603.6,625.7,631.8,612.2,591.8,576.6,550.2,531.1,532.5,546.7,585.2,646.9,726.5,754.2,747.5,734.8,712.2,694.2,672.7
2023-11-20,626.4,591.9,570.3,562.5,566.1,584.3,619.7,667.1,670.9,649.6,625.9,601.8,576.3,596.9,613.6,648.9,702.7,769.7,792.4,789,772.7,745,725.5,701.7
2023-11-21,654.2,620.7,596.9,586.5,586.6,605.8,639.2,681,687,659.3,633.3,601.7,587.2,619.7,636.7,664.1,706.8,760.3,781.6,777.3,762.7,738.8,718.1,693.2
2023-11-22,642.8,607.4,585.3,572.3,572.1,592.2,631.1,673,675.7,642.5,622.5,594.4,566.7,585.7,606.5,642.3,697,752.6,775.7,767.2,744.9,719.6,696.4,672.7
2023-11-23,624.3,586.6,568.1,558.1,558.2,574.6,610.9,650.6,680.6,663.9,636.8,610.6,607.7,619.9,629.2,657,703.2,752.7,779.4,769.7,751.2,724.6,712.5,691
2023-11-24,647.9,613.5,590.5,574.2,580.9,600.8,638.8,690.7,738.1,754.2,755.8,727.3,722.5,745.1,754.1,762.1,792.6,834.5,837.5,825.4,800.6,770.9,750.9,730.2
2023-11-25,683.4,647.3,624.4,610.4,611,626.9,654.7,677.6,674.2,669.9,660.5,625.6,602.8,607.3,630.7,654.5,710.4,776.6,798.5,791.8,774.7,750.9,730.9,714
2023-11-26,672.5,637.5,617.5,604.2,603.1,620.8,644.8,655.6,631.8,588.6,569.4,547.7,536.4,549.1,572.6,597.9,651,736,771.3,770,759.3,733.8,720.5,695.1
2023-11-27,644.3,607.8,587.5,575.1,575.2,592.4,625.3,679.2,734.4,767.9,774.8,717.5,675,679.2,688.7,715.3,754.3,803.9,813.7,803,779.6,749.9,731.2,709.4
2023-11-28,655.7,615.9,600.7,592.9,592.7,608.5,646.4,704.2,738.4,742.3,740.1,715.2,696.1,701.7,697.9,708.4,750.4,819.2,834.5,830.1,812.5,781.7,762.3,737
2023-11-29,686.4,643.2,613,601.5,606.5,627.3,663,707.6,725.5,712.5,733.4,674.3,660.3,686.6,717.5,734.5,769.5,809,809.5,797.6,775.7,746.8,732.7,715.7
2023-11-30,670.1,637.4,616.7,605.3,611.9,636.5,674,732.9,792.4,826.5,848.9,835.5,806.9,831,837,838.3,850.3,894.5,887.6,872.4,844.6,806,782,759.8
2023-12-01,713.7,672.8,645.5,632.4,632.2,650,683.6,743.5,813.2,863.2,854.1,847.1,827.3,847.5,870.4,865,870.3,899.4,865.9,874,845.4,812.1,783.6,768.5
2023-12-02,720.3,682.3,657.3,642.1,638.1,652.5,679.7,706.3,714.4,704.5,711.9,700.4,686.8,711.4,718.4,716.3,767.1,815.4,817.6,805.2,787.4,766,749.2,737.3
2023-12-03,693.5,657.8,633.8,618.4,618.5,630.3,653.8,669.1,675.8,679.2,643.1,601.3,574.9,575.6,595.7,622.8,680.9,767.8,804.4,802.8,789.5,765.4,749.6,730
2023-12-04,684.7,650.5,630,619.5,624.6,645,685.3,740.7,761.5,720.4,690.1,667.8,656.5,686.8,709.8,735.8,768.2,832.8,846.1,837.2,818.4,782.2,756.6,731.9
2023-12-05,679.9,639.9,618.3,606.5,609.4,628.9,668,725.7,744.9,692.7,657.4,628.6,602.9,619.9,636.8,672.6,726.4,801.2,828.4,823.8,807.6,781.3,761.7,740
2023-12-06,691.7,654.3,630.1,619.6,620.3,634.5,669.1,723.7,757.8,710.5,677.8,682.4,626.2,677.4,705.9,718.7,718.1,798.6,811.9,811.6,799.6,773,750.3,730
2023-12-07,680.9,644.9,622.6,618,623.8,644.7,683.6,737,741.6,693.7,658.9,628.3,601.9,626.9,641.8,675.2,730.8,807.7,839.3,833.2,812.3,781.6,759.4,732.8
2023-12-08,683.8,647.9,619.1,601.7,605.9,625.5,662.1,711.8,726.1,685.9,663.8,630.8,608.5,616.4,637.7,665.8,711.3,765.9,777.8,768.8,756.1,732.5,712.4,699.9
2023-12-09,652,616.9,592.8,580.6,583.3,600.9,623.9,646.4,651.8,634.1,621.8,609.5,579.1,589.5,609.4,627.6,654.4,709.5,737.4,732.4,721.7,704.1,691.5,677.3
2023-12-10,637.2,605.7,584.2,575.1,577.6,591.2,615.3,630.6,609.4,588.3,592.1,558,549.5,571.3,595.5,632,666.2,715.6,725.2,729.8,711.4,691.5,674.7,654.3
2023-12-11,609.8,585.5,560.7,557.3,555.3,572.6,608.7,666.3,725.2,750.3,749,748.4,743.5,761.7,746.1,732.3,740.6,775.2,770.8,763,748.2,723.7,707.5,686.7
2023-12-12,644,614.1,595,582.3,582.3,596.7,636,696.4,746.9,772.3,752.7,750.8,728.6,749,740.6,736.1,762,803.9,812.2,802.2,779.7,749.7,730.4,710.6
2023-12-13,660.9,627.4,609.6,594.8,598,612.3,648.6,699.4,735,738,716.7,688.6,642.8,642.1,655.6,663.9,720.3,767.8,791.2,778.7,759.5,735.9,718.6,698.8
2023-12-14,645.1,608.4,585.6,570.7,573.1,583,621.6,672.5,735.1,765.6,761.2,763.6,754,757,754.1,760,766,786.8,778.5,763.6,744.5,715.5,698.7,676
2023-12-15,633.6,597.9,569.7,558.5,560.3,575.1,610.8,658,703.9,732.3,745.3,747.2,735.5,751.7,749.2,744.6,753.4,785.5,783.7,776,766.3,748.2,731.5,717.6
2023-12-16,678,644.3,623.6,611.5,621.1,637.2,662.6,696.6,745,775.1,769.4,751.2,736.1,744.6,768.1,800.9,834.9,876,878.6,870.5,854.5,831.3,817.6,808
2023-12-17,762.9,727.6,701.5,689,687.9,700,723.4,746.6,776.3,797.4,813.8,787.8,771.7,782.7,807.1,807.3,849.7,901.7,911.7,899.9,877.3,852.1,831.2,812.1
2023-12-18,764.6,728.9,711.8,697.3,696.9,709.8,746.8,808.8,878.2,881.5,855.6,830.1,829,897.1,912.4,912.9,938.4,958.9,946.5,927.2,901.9,864.8,839.9,814.6
2023-12-19,768,730,705.1,688.1,685.8,696.4,734.1,796.9,880.3,917,907.9,908.5,881.5,884.4,859.5,878.8,915.7,947.5,937,921.7,900.1,864.8,841.6,817.6
2023-12-20,761.6,724.6,701.9,687,686.2,707.2,747.5,814.8,895.3,907.3,881.1,859.2,831.6,862.8,871.4,886.8,942.4,995.5,994.5,982.3,953.2,917.1,887.6,868.2
2023-12-21,819.8,783.2,755.5,741.7,740.9,761.8,799.8,867,948.8,1013.4,1029.6,1002.4,951.4,943.7,966.9,1008.5,1008.9,1008.5,999.9,981.9,949.5,910.5,880.2,865.1
2023-12-22,816.7,781.8,757.8,744.7,745.6,759.7,797,856.3,937.3,996.5,1012.2,994.3,973,965,957.8,947.7,962.7,994.1,984.1,961.9,936.6,904.2,884.8,865.8
2023-12-23,816.2,780.1,753.3,738.2,738.2,749.2,777.4,809.8,850.2,866.4,855.2,818.5,808.5,821.3,825.7,828.2,869.8,930,946,937.8,915.6,883.1,857.5,838.1
2023-12-24,792,755.2,736.4,707.1,695.8,714.9,742.3,761.5,769.6,775,775.1,753.2,765.8,779.4,795,816.8,849.5,905,917.9,911.4,889.7,860.9,837.2,820.2
2023-12-25,777.3,739.4,716.8,697.3,699.4,711.7,736.8,761.6,781.1,778.7,779,768.2,772.4,765.5,754.1,774.4,813.1,891.9,922.5,913.1,889.6,867,854.9,843.1
2023-12-26,796,748.7,730.2,714.3,715.4,730.4,770.8,831.2,885.1,852.2,815.8,807.6,785.3,803.5,804.9,818.1,847,901.7,925.5,917.7,906.1,873,841.1,814.3
2023-12-27,759.9,718.5,697,690.2,691,706.5,748.6,799.4,856.8,807.2,764.9,722.2,712.7,726.2,733.2,758.9,810.4,863.6,894.2,893.6,886,862.9,841.4,813.7
2023-12-28,758.6,719.2,701.7,677.4,670.6,682,718.1,786.8,842.6,802.2,765.6,732.5,705.8,725.9,728.3,733.8,795.2,857.7,886.7,883.8,870.3,844.6,821,801.7
2023-12-29,756.3,715.6,693.4,676.5,678.8,699.6,734.2,795.2,846.5,829.9,785.3,733.2,695.2,727.1,741.8,751.3,800.2,868.4,906.3,900.2,877.3,854.1,834.9,818.5
2023-12-30,770.4,737.8,709.2,692.2,681.9,698.6,725.6,756,769.5,707.8,678.4,630.9,602.8,609.5,639.4,694.1,722.8,773.8,800.5,796.5,786.5,769.2,752,732.1
2023-12-31,688.4,656.6,644.5,642.1,644.7,657.5,672.9,694.2,718.6,686.5,670.3,690.2,710.4,728.3,736.2,756.6,780.3,839.2,859.8,854.8,839.3,820.6,808.6,795
2024-01-01,751.3,712.4,680.6,666.9,665,673.5,696.6,724.7,714,661.4,627,613.4,645.8,661.7,685.8,722.7,750.1,802.5,820.4,814,803.3,780.3,760.1,744.1
2024-01-02,707,684.4,666.5,648.3,649.3,678.5,721.4,782.2,819.9,756.2,724.2,682.4,666.2,728.8,756.9,765.7,794.7,848.2,880.2,878.3,856.4,823.3,810.9,788.8
2024-01-03,735.7,686.9,656.9,644.2,644.2,668.1,704.8,763.5,855.7,876.9,834,794,753.5,746.6,747.7,772.8,821.5,901.6,929.2,919.1,896.1,862.8,842.7,819.7
2024-01-04,777.7,749.5,729.2,718.1,722.7,740.8,782.8,844.7,869.2,788.7,734.1,695.3,662.2,676.4,695.4,715.5,771.6,864.5,927.9,932.7,914.7,886.2,865.5,843.1
2024-01-05,792.1,750.5,722.1,700.2,695.8,712.6,742.4,787.1,835,818.2,783.3,756.3,719.3,708.9,725.8,743.7,779.4,832.1,859.3,864.5,844.9,832.9,817.2,805.9
2024-01-06,761.5,727.2,703.4,685.5,680,695.7,721.8,751.9,749.2,688.4,640.4,607.2,581.1,582,592.4,628.5,696.4,806.4,875.5,873.7,855.6,848.4,842.6,831.5
2024-01-07,786.7,739.9,706.3,695,699.9,711,731.8,758.2,763.8,717.2,697.4,685.5,686.5,702.3,691.6,712.4,770.2,870.6,919.9,913.6,890.9,861.9,845.2,829.9
2024-01-08,788.3,760.2,746.3,741.7,746.5,765,810.1,869.5,912,832.3,773.7,741.5,741.7,786.7,850.5,911.9,932,967.4,978.9,973.5,955.8,930.6,907,895.3
2024-01-09,851.6,814.2,790.4,771.7,772.3,772,793.7,853.2,891.3,870.7,847,864.7,868.2,895.3,905.2,903.5,918.9,934.1,934.5,918,897.4,858.5,834.6,819.4
2024-01-10,763.8,725.2,707.2,690.9,695.4,717.8,773.8,834.9,887.9,852.3,820.8,785.4,744.2,744,757.5,784.2,853.8,958.8,998.8,992.6,955,939.3,918.2,899.7
2024-01-11,853.4,815.1,788.2,766.3,770.2,788.4,828.2,880.4,896.1,809.9,763.2,747,732,725.1,713.2,729.5,790.7,892,960.9,975,955.8,930,908.2,887
2024-01-12,834.7,793.7,768.4,749.8,743.4,758.5,789,836.8,875.3,816.5,783.9,763.7,741.7,743.8,741.9,750.7,783.2,867,923.1,928,908.7,881.1,868,858.7
2024-01-13,819.9,785.5,766.8,753.9,754.3,768.3,795.8,829.4,798.7,689.5,643,618.6,590.5,593.5,604.7,632.7,703,819.9,908.3,924.7,920.9,906.2,895.9,882.2
2024-01-14,839.2,799.6,768.9,750.3,746.2,757.3,780.2,798.6,759,645.8,595.6,568.2,558.4,567.5,584.3,615.2,676.7,765.1,816.1,820.3,806.2,783.5,771.7,766.4
2024-01-15,731.8,711.3,699.8,696.8,708,733.4,780.1,846.4,861.3,781.5,741.9,705.6,673.2,684.3,695.6,707.6,787,902.8,971.1,981.3,963.2,937.6,918.3,901.1
2024-01-16,853.9,816.6,791.1,776.8,779.9,796.7,837.1,893.9,888.9,780.9,729.7,686.1,658.2,665,687.6,703.9,784.2,864.4,919.2,921,907.5,881,853.5,824.5
2024-01-17,779.5,735,718.9,695,682.9,700.1,738.3,780.2,813.4,794.9,768.5,716.7,691.1,669.3,670.7,706.1,726.2,774.1,829.2,840.7,823.9,793.6,770.8,747.6
2024-01-18,695.4,658.3,631.6,617.5,619.5,633.3,669,717.8,775.9,783.7,776.5,756.6,739.8,773.9,764.2,771.4,797.2,834.6,845.6,837.7,820.9,796.2,784.5,768.1
2024-01-19,722.8,680.3,646.9,632.7,635.3,657.2,692.3,739.7,818.7,858.6,841.3,842,834.7,844,851,863.8,875,883,875.9,861.8,835.3,806.7,786.3,767.2
2024-01-20,718.5,678.6,652,640.3,641.4,656.8,681.3,708.2,756.2,796.8,810.9,814.3,805.8,813.6,802.7,809.1,816.5,829.7,836.1,825.3,808.6,788.1,779.8,771.2
2024-01-21,732.4,697.3,673,661.2,663.4,677.2,698.8,719.6,724,721.2,704.8,701.8,701.4,716.7,735,751.5,788.7,831,863.6,858.5,843.5,828.3,817.5,804.7
2024-01-22,769,736.5,717.9,714,723.4,748.3,797.1,868.6,926.9,905.1,885.6,883.8,871.3,893.2,917.7,936.4,982.1,1045,1058,1041.8,1013.6,973.1,942.7,923.5
2024-01-23,875.5,833.6,810.3,795.5,798,814.7,854.3,909,982.7,1001.8,950.3,913,889.4,888.2,904.2,918.6,1003,1044.4,1056.8,1044,1006.5,969.3,939.4,920.4
2024-01-24,870.6,835.9,812.6,800.2,801,814.6,849.5,897.8,976.9,1020.6,1018.4,988,951.9,931.5,909,898.4,914.2,1006.8,1037.8,1028.2,1001.8,964.7,937.7,909.8
2024-01-25,855.6,813.4,787.5,773.9,772.9,789.4,822.9,878.8,955.4,964.1,962.2,939.7,891.4,892.2,876.7,870.7,906.3,985.8,1034.5,1030.2,1010.1,972.9,946.1,928.2
2024-01-26,874.3,823.3,787.7,760.6,756.5,770.5,809.5,869.8,928,921.1,896.5,872.2,829,792.5,788.2,807.6,844.6,926.8,988.5,992.3,974.9,948.5,927.9,907.4
2024-01-27,855,819.2,799.3,779,776.4,790.3,819.9,840.7,838.5,813.4,748.6,702.5,659.8,651.3,668.1,691.6,741.9,841.1,922,919.2,893.2,869.5,861.8,857.9
2024-01-28,807,760.2,729.8,718.2,725.9,742.8,769.3,791.4,771.1,696.1,682.8,664.6,646.1,633.2,634.7,656.1,711.4,823.3,926.2,944.8,938.2,924.3,913.1,899
2024-01-29,856.9,826.1,801,783.1,780.7,794.9,836.5,890.2,900.9,830.2,801,760.7,705.6,721.6,733.9,739.1,774.8,861,952,964.3,949.1,931,911.3,887.9
2024-01-30,839.1,805.7,777.9,756.4,737.3,742.9,774.3,824.1,906.4,907.9,890.4,905.6,873.5,847.3,841.8,883.9,907.2,922.9,929.2,915,888.7,852.6,828.2,805.9
2024-01-31,758.3,721.8,692.5,675.8,666.6,677.5,707.1,755.1,804,817.2,781.1,752.3,705.8,700,707.2,731.2,772.6,812.6,834.4,832.2,815.4,788.9,770.4,752.4
2024-02-01,705,667.5,646.2,635.7,638.6,657.6,695.8,746.1,817,858.5,869.7,866.7,860.6,864,872.4,902.3,901.1,907.6,896.8,886.6,867.3,835.1,815.9,796.9
2024-02-02,747.4,708.7,681,666.8,670.5,686.9,719,772.5,832.1,882.4,891.9,848.9,828.4,832.3,816,830.9,858.8,888.4,897.6,884,858.5,826.6,808.9,793.2
2024-02-03,753.4,715.1,688.5,668,664.9,676,697.1,728.4,773,819.3,862.1,856.4,842.2,828.3,810.9,822.2,835.5,855.6,868.6,859.2,838.9,816.8,799.6,781.1
2024-02-04,736.2,697.5,670.6,654.8,654.5,663.4,686.1,702.5,708.2,684.3,659.5,652.9,637.5,657,682.5,709.2,733.9,779.3,816.3,817.7,805.4,784,772,760.2
2024-02-05,715.7,675.3,649.9,634.9,635.3,650.2,688.2,741.6,799,783.6,755.8,764.1,777.4,783.3,772.5,774.2,797.3,829.2,891.2,901.6,880.1,840.8,825.4,804
2024-02-06,761.4,725.7,694,678.9,681.6,701.8,735.5,779,823.4,822,807.5,791.9,777.6,788.5,790.2,776,788.2,841.3,896.8,901.9,883.2,853.2,842.1,825.8
2024-02-07,783.5,752.5,721.9,706.9,712.9,738.5,781.3,831,844.9,795.5,775.8,747.5,714.8,729.6,738.3,759.8,800.3,870.4,943.9,954.3,937.2,912.2,894.3,881.6
2024-02-08,836.9,794.4,764.6,754.4,749.6,759.7,796.8,845.4,839.8,786.6,783.7,779.4,770.4,767.3,754.5,742.2,757.1,818.4,904.3,918.5,912.6,898,888.3,875
2024-02-09,814,773,751.1,741.8,737.9,750.8,771.7,775.7,728.2,673.8,669.3,665.1,658.7,645.7,639.2,659.3,694.7,768.9,867.1,888.6,884.1,870.5,856,836.4
2024-02-10,792.9,758.4,735.1,721.9,724.5,735.8,767.1,789.8,738.8,643.6,599.8,584.4,566,576.5,578,598.4,658,719.4,791.3,813.1,809.8,819.9,822.1,820.7
2024-02-11,788.3,756.6,728.3,718.2,718.9,716.5,726.9,748.9,711.6,626.8,614.1,598.8,592,588.9,575.8,559.7,614.6,705.3,817.7,853.4,849.4,841.6,835.3,827.8
2024-02-12,787.2,753,731.2,722,726.4,746.8,777.5,794.7,707.4,603.4,581.2,555.1,537.7,537,547,570.3,618.4,695.4,807.7,854.5,851.6,830.7,820.2,793
2024-02-13,745.4,702.6,674.1,658.2,661.5,681.1,711.6,743.9,747.4,713.5,676.8,645.4,612.2,612.1,620.8,638.9,673.8,725.2,791,815.5,800,776.8,758.2,725.5
2024-02-14,673.6,627.1,602.8,591.2,594.9,610.8,638.5,681,735.8,749.4,767.7,768.2,722.4,725.7,700.9,714.8,736.1,761.1,776.5,786.3,762.8,741.4,726,713.7
2024-02-15,681.7,659.1,631.2,601.5,605.1,634.9,678.8,710.2,701.5,682,719.8,735.2,739,756.1,771.5,778.1,807.8,854.3,887.8,897.6,882.8,853.2,837.1,829
2024-02-16,793.2,757.7,736.4,729.5,735.6,761.2,808.4,849.9,795.4,715.9,687.4,662.9,650.9,680.9,705.4,712.7,736.3,781.6,858.8,902.4,895.2,880.1,870.7,857.2
2024-02-17,808.9,775.5,749.9,732.5,737,760.5,785.6,794.2,715.5,639.4,607.1,568.6,540.6,538.6,544.9,570.6,616.3,692,799.2,852.2,852.2,841.5,819.5,799.7
2024-02-18,748.9,711.4,675.3,642.2,633.5,635.8,651.8,666.9,683.4,689.8,693.6,687.1,682.3,693.8,702.3,717.8,739.8,749.7,762.6,761,740.4,722.1,700.6,683.2
2024-02-19,641.4,604.4,580.5,565.9,570.4,590.9,619.8,666.2,699,695.3,714.7,689.7,685.2,673.4,696,687,715.1,745.3,767.8,781.1,774,748.5,724.8,699
2024-02-20,654.8,629.7,605.5,591.8,596.9,614.2,645.3,685.2,761.1,821.5,825.7,805.6,785.6,776,771.5,785.1,804.9,818.6,813.9,809.7,794.1,768.3,753.5,735.9
2024-02-21,690.2,653.3,629.9,616.7,616.2,631.2,665.1,707.4,780,807.5,840.7,826.5,777.7,739.5,767.6,774.1,790.8,820.3,828.3,824,803,775.9,755.9,736.9
2024-02-22,689.8,656.4,633.8,624.9,629.5,648.8,688.9,739.4,813.5,868.8,853.8,859.1,869.7,856.8,856.9,868,907,902.7,896.3,890,862.8,831.2,812.3,792.5
2024-02-23,747.2,710.1,687.2,673,673.3,687.9,723.2,772.5,842.9,883.2,852.5,811.4,815.1,846.4,825.2,840.7,872.7,894.1,898.7,892.6,869,846,826.9,815.1
2024-02-24,768,729.3,704.4,691.1,689.3,701.9,727.7,749.7,788.5,796.3,776,804.7,792.3,825.3,842.7,850.5,879.9,881,881.8,871.9,849.7,828.1,814.5,798.3
2024-02-25,754.7,717.1,687.2,675,674.6,687.3,707.3,727,740,723.5,723.3,696.3,688,696.3,727.9,754.4,767.8,774.2,851.2,864.4,859.2,849.7,842.6,829.7
2024-02-26,782.3,738.4,717,707.5,710.1,730.7,771.3,800.9,798,762.4,728.7,681.7,639.9,647.3,646,662.4,699,771.3,878.1,917.9,907.8,882.8,865.8,826.9
2024-02-27,775.7,726.5,702.2,688.8,688.5,708.8,742.7,773.1,762.4,719.1,704.4,698.4,674.4,678.8,674.4,696,727.5,771.2,855.8,891.9,870.1,849.5,836,816.3
2024-02-28,760,724.2,705,688.9,686.3,704.3,737.8,766.6,766.2,770.5,766.2,732.5,694.5,697.8,721.4,748.9,784.8,826.5,857.8,862.6,838.1,812.9,797.8,782.8
2024-02-29,731.1,699,674.7,661.8,663.8,679.6,715.5,762.5,837.8,897.4,918.4,868.1,838.3,865.6,875.3,912,931.4,927.8,920.5,911.1,886.6,860.1,841.5,826.3
2024-03-01,782.7,744.9,730.3,736.9,746.5,765.5,797.8,804.8,738.3,698.4,725.1,724.8,719.7,736.4,750.2,755.8,802.9,885.5,976.1,993.2,976.3,949.6,930.8,912.4
2024-03-02,865.1,828.9,805.6,788,784.7,796.7,824.3,833.9,786.8,710.2,691,670.7,629.7,623.2,641,670.6,711.5,791.3,890.6,937.8,934.6,902.6,874.1,857
2024-03-03,816.3,803.2,783.2,767.7,760.5,759.7,780.5,783.6,727.6,694.8,712.1,702.9,704.9,681.5,644.4,651.2,688.8,759.5,848.4,899.1,904.6,888.3,864.9,845.2
2024-03-04,794.2,764.6,749.6,743.7,747.8,766.7,802.6,827.3,791.3,762.5,730.1,694.6,736.1,793.6,801.5,866.7,904.7,911.5,904.6,897.1,866.8,835.5,809.7,789.1
2024-03-05,746,706.4,675,655.8,654.9,666.5,708.7,768.7,846.7,882,884.9,857.3,852.5,854.8,889.9,879.9,879.7,893.7,893.6,885.9,861.2,836.5,817.2,789.6
2024-03-06,740.6,709.4,681.1,669.5,669.2,687.1,728.6,787.3,855.9,866.9,831.9,793.8,761.2,759.8,751.8,747.4,755.2,786.7,854.9,904.6,895.2,869.8,856.8,843.3
2024-03-07,797.1,760.5,739.1,727.4,733.9,751.5,790.6,812.2,764.6,720.1,679.7,647.4,633.9,667.3,660.9,672.5,723,800.4,890.6,939.3,928.2,904.6,897.2,878.6
2024-03-08,828.8,789.3,763.9,750.8,754.1,770.6,808.6,828.6,799.5,776.8,754.3,688,649.5,636.6,639,664.5,726.2,795.7,890.1,932.2,914.2,882.5,865.5,852.5
2024-03-09,815,785.9,763.6,752.1,752.1,772.9,796.6,788.5,706.1,658.8,641.9,609.6,575.7,570.1,573.3,591.9,638.9,717.6,843.1,916.1,918.7,903.5,891.8,876.4
2024-03-10,834.9,801.8,778.1,765,763.4,775.9,804.4,766.7,638.7,585.3,566.7,550.6,544.4,545.1,544.9,566.2,612.2,685.8,796.8,886.6,896.7,886.4,874.4,847.5
2024-03-11,793.6,766.1,744.8,729.1,727.8,748,786.6,795.9,770.4,758.1,753.1,755.1,733,748.5,795.1,845.2,867.6,886.1,881.8,883.1,861.5,833.9,822,812.1
2024-03-12,761.7,729.8,715,704.7,706.7,722.3,759.2,772.3,720.1,704.7,691.2,670,681.6,702.6,709.1,748.5,787.4,824.9,878.3,914.9,925.5,892.2,877,861.2
2024-03-13,821.3,786.8,765,749.9,756.3,773.7,816.6,813.1,725.9,686.1,655,620.9,595.7,597.9,607.9,630.5,682.7,740.7,825.8,888.1,894.2,851.3,830,818.7
2024-03-14,764.6,735.4,726.2,719.2,734.1,757.4,792.8,805.8,754.7,707,668.9,636.3,612.3,631.5,661.1,660.8,687.7,720.2,814.5,891.2,890.7,876.8,863.3,844.2
2024-03-15,799.7,768.9,748.8,740.3,744.7,766.7,804.8,794.8,711.7,670.8,639.2,605.1,579.9,588,595.5,610.9,650.4,702,780,854.6,857.4,843.8,836.3,824.8
2024-03-16,783.2,751.2,730.8,718.5,720.4,735.3,756.6,720.2,615.4,582,560.1,548,563.5,576,628.1,638.4,678,722.5,750.3,770,762.6,746.3,734.5,717.2
2024-03-17,672,637.9,618,603.8,604.3,616.5,634,644.2,635.1,628.7,631.2,603.2,608.1,586.8,588.9,599.7,628.8,687.8,767.7,815.6,814.5,799,798.6,795.1
2024-03-18,750.8,726.8,713.2,707.8,714.1,735.5,777.5,777.4,696.9,665.4,637.1,603.4,578.3,588.6,599.8,621.6,664,729.5,798.8,834.1,828.5,805.6,787.5,766
2024-03-19,717.5,684.1,662.3,651.7,652,670.3,706,755.2,780.8,692.4,636,615.5,578.4,579.6,592.5,641.7,705.8,763.8,828.4,886.2,883.6,864.7,847.9,832.8
2024-03-20,795.6,761.4,748.6,743.7,750.2,767.8,799,790.8,780.3,745.9,698.2,658.4,618.7,624.3,639.5,653.3,697.3,759.9,875.9,943.4,932.1,909.1,893.2,873.7
2024-03-21,824,790.7,769.7,763,771,795.9,832.1,801.2,709.2,679.7,649.1,617,596,600.2,601.3,624.1,666.6,725.7,831.4,920.4,926.6,910.7,896.1,873.4
2024-03-22,814.2,770.8,753,735.3,730.4,750.6,788.3,763.7,695.4,673.1,642.1,610.7,591.2,615.7,661.7,720.2,779.5,815.6,821.6,814.2,785.7,755.4,737.1,720.3
2024-03-23,672.6,639.5,617.3,600.7,603.5,611.3,635.3,647.1,640.7,612,577.3,562.5,549.2,557,574.3,617,656.1,692.5,724.9,739.5,730.5,713.1,702.8,688.6
2024-03-24,643.8,610.9,593.6,585.3,586.1,602.3,622.1,645.6,679.8,706.8,705.2,697.1,699.6,668.6,664.6,677.4,709,741.1,769.4,786.8,776.5,756,738.1,716.2
2024-03-25,667.6,631,613.3,605.5,606.1,622.6,655.2,699.3,723.7,756.9,771.5,795.3,815.6,805.3,777.9,770,784.8,802,814.1,823.5,806.7,781.4,765.6,745
2024-03-26,701.7,665.6,637,620.1,623.2,633.9,688.7,733.6,739.6,742.7,717.6,717.1,695.2,695.5,701.7,706.9,722.8,759.2,818.7,875.8,870.1,851.7,830.2,806.3
2024-03-27,766,732,719.1,709.7,712.6,733.5,760.1,721.9,667.4,662.3,639.8,609,590.8,594.2,616.7,670.6,705.6,739.9,797.8,829.4,817.5,796.3,777,754
2024-03-28,711.5,669.2,644.4,635.2,635.9,649.7,679.8,728.9,792.4,827.3,816.5,811.4,817.6,819.5,802.9,784.3,785.3,805.9,808.8,850.9,839.5,820.3,813.6,795.4
2024-03-29,749.4,717.7,698.4,694.6,706.2,729.5,758.5,723.2,670.3,652.5,625.6,601.3,586.9,599.6,604.8,627.7,668.2,709.7,757,804.3,802.7,792.1,790.5,776.9
2024-03-30,734.1,694.5,668.9,650.7,653.8,656.3,659.3,632.9,595.1,590.4,575.4,559.6,547.4,538.7,543,558.4,596.3,644.4,690.1,750.1,751,731.5,717.9,701.7
2024-03-31,665.8,656.3,646.8,642.2,642.9,655.8,661.7,618.4,580,560.8,555.5,597.5,619.6,625.9,625.8,631.9,648.5,649.5,715.6,768,756.9,744.5,754.8,752.7
2024-04-01,720.7,690.3,670.4,663.6,667.7,682.3,708.5,667.4,617.9,597.5,577.1,564.8,546,558.9,563.2,578.8,617,667.8,728.3,805.2,819.3,811.5,793.2,763
2024-04-02,709.8,670.5,649.5,628,618.2,628.5,656.5,676.9,685.9,696.2,697.8,689.4,676.5,706.1,716.5,740.5,771.4,784.4,787.5,797.5,780.6,751.4,730.8,703.8
2024-04-03,650.2,616.7,593.7,578.4,590.7,608.4,632.2,682,729.4,771.3,734.1,718.5,720.5,746.6,730.8,710.3,714,731.3,752.8,773.8,765.8,750.2,736.7,714.5
2024-04-04,669.2,637.9,618,604.1,604.2,622.2,651.6,685.2,698.1,710.4,720.4,720.9,718,730.3,721.9,724.1,747.6,785.9,804,817.8,802.2,775.8,754.9,734.2
2024-04-05,686.6,658.1,649.6,638.8,634.2,655.3,688.2,679.7,656.5,651.7,648.7,617.6,586.8,614.9,604.5,609.5,637.2,673,732.2,811.6,823.8,813.9,799.8,773.8
2024-04-06,723.5,691.6,664.4,659,661.2,671.8,681.1,619.1,594.8,617.8,640.2,610.2,620.8,628.6,590.4,602.2,600.4,648.8,692.6,761.2,796.3,794.5,784.3,772.6
2024-04-07,729.2,693.4,669.3,654.5,664.5,682.4,681.1,596,539.3,521.2,523.1,514.5,529.1,539.2,525,554.4,565.6,630.1,688.4,762.1,778.8,761.5,753,718.1
2024-04-08,659.7,627.6,604.5,592.5,594.2,609,630.5,656.3,667.8,693.6,693.6,684.8,685.7,699.7,701.8,727.7,762.6,783,805.9,822.2,803.6,776.6,749.2,731.4
2024-04-09,711.3,688,672.1,660.3,665.8,683,699.6,654.4,619,604.9,592.4,598.8,584.2,608.1,612,611.2,634.6,674.9,727.3,783.3,781,762,743.9,725
2024-04-10,681.7,651.5,636.8,627.3,627.4,650.2,648.9,581.6,561,555.3,539.3,523.9,506,512,521,536.5,574.6,632.4,698.4,781.8,796.7,783.7,767,729.7
2024-04-11,683,651.9,626.2,607.3,600.1,610.4,634,677.4,734.3,737,694.3,683.7,647.6,674.7,683.9,685.7,698.3,712.4,741.3,780.7,776.9,760.3,748.9,736.7
2024-04-12,694.9,669.5,654.3,643.4,640,649.5,667.5,634.7,619.1,610.7,593.7,595.9,574.7,606.2,632.3,646.5,676.8,687,714.3,751.2,749.2,731.5,718.2,702.9
2024-04-13,661,628.3,604.9,592.8,593.2,611,615.5,586.1,561.9,550.3,542.1,533.6,517.2,515.6,527.6,548.4,588.8,642,686,744.2,764.5,757.4,750.1,731.1
2024-04-14,689.9,662.8,643.7,627.2,626.5,631,609.1,573.2,532.7,529.9,528.9,537.7,546,574.2,591.5,602.7,634.5,670.2,698.3,721,716.8,691,674.4,647.9
2024-04-15,605.3,581.3,570.8,562.8,571.7,582,608,656.7,679.4,678.8,669.4,673.7,645,657.5,656.9,639.7,654.5,678.8,709.4,743.4,739.3,722.5,705.1,680
2024-04-16,637.8,605.2,586.4,579.3,584.5,607.3,622.7,625.2,642.2,629.2,604.9,560.4,545.1,564.8,578.4,603.2,637.3,671.8,707.4,761.5,776.6,767,754.4,731
2024-04-17,689.4,660.2,644.2,638.6,643.1,663.8,673.7,631.7,627.7,640.5,638.1,635.7,630.6,650.9,651.4,652.6,685.7,706.2,737.9,780.9,779.8,765,753,731.7
2024-04-18,687.1,652.3,641.5,643.4,651,681.3,681.6,623.8,597,587,573.9,557.1,541,554.9,565.4,587.9,625.1,668.5,708.9,772.4,796,787.4,774.2,750.6
2024-04-19,708.4,677,655.7,647.4,650.7,667.1,667.2,617.2,606.6,601.7,611.6,592.1,592.6,580.3,613,628.1,646.2,670,702.2,753.2,761.5,740.2,720.1,694.5
2024-04-20,647.4,613.8,589.8,572.8,566.3,576,599.3,634.9,680,712.2,691.2,678.4,666.8,657.3,643.1,626.6,646.5,675.8,698.7,735.7,748,730.6,711.7,691
2024-04-21,652.5,625.6,600.3,588.4,587.5,598.5,612.7,633.4,647.1,622,628.2,637.3,630,623.7,624.4,629.7,639.8,670.4,705.3,735.6,732.3,718.8,698.6,673.3
2024-04-22,630,600.1,582.3,572.8,573.5,587.5,617.1,660.4,701.2,686.1,695.8,689.2,682.6,697.9,673.8,675.3,705.8,725.5,750.8,777.8,765.1,743.8,723.7,697.2
2024-04-23,649.9,616.9,599,586.4,588.2,603.3,632.5,658.7,673.8,671.1,676.2,666.5,643.7,672.9,689.5,725.5,762.3,779.6,777.7,792.2,776.1,748.9,725.8,699.6
2024-04-24,653.5,621.3,600,595,597.9,617.1,629.2,614.9,610.5,584.4,568.5,557.2,556.4,577.9,599.2,611.2,628.4,664.8,704.7,774.7,796,791.1,779.1,753.4
2024-04-25,708.7,680.6,661.2,651.7,657.1,670.8,666.3,609.8,594.4,588.2,581.2,550.9,540.1,553.1,560.1,579.4,616.9,664.1,702.1,762.3,786,767.7,753.4,725.2
2024-04-26,670.2,632,612.9,599.4,600.1,613.6,636.1,683.4,711.2,683.7,659,632.4,633.9,641.2,596.7,598.7,628.8,662,694.2,741.6,744.9,725.3,703.8,680.6
2024-04-27,633.6,602.2,579.3,565.1,567.4,583.6,595.5,556,547.5,533.9,525.9,520.1,514.5,514.9,523.3,542.2,579.5,629.8,667.6,714.8,738.9,737.4,726.5,708.5
2024-04-28,670.8,643.4,623,614.4,612.6,622.4,599.8,551,535.7,535.2,526.9,509.9,509.8,532.6,541.3,561.2,603.5,657.5,683,702.3,700.1,681,661.3,639.8
2024-04-29,597.4,569.3,555.2,547.4,550.4,561.4,593.5,644.4,690.4,706.9,686.1,693.1,694,713.3,713.2,706.4,717.5,736.3,743,762.4,750.4,726,706.9,680.2
2024-04-30,632.5,602,581.9,568.7,569.4,583.4,605.5,622.1,646.2,627.8,620,570.2,567.4,595.9,633.5,629.5,669.9,690,713.6,735.4,732.5,711.8,695.6,675.4
2024-05-01,631.1,597.1,580,573.1,570.5,579.1,594,595.1,610.7,629.7,653.8,645.5,633.8,629.4,614.6,586.4,599.7,636.8,677,739.2,760.5,748.9,736.8,714.6
2024-05-02,672,643.2,622.3,610.1,615.2,626.7,626.5,604.7,591.9,575.8,563.6,553.4,537.1,548.6,575.3,601.3,659.9,684.8,700.5,754,775.7,755.8,749.5,722.5
2024-05-03,674.2,632.2,612.8,616.2,628.1,639.6,635.3,599.4,593.7,580.6,567.8,555.7,545.9,555.8,567.3,585.4,616,658.4,694.2,754.6,774.4,758.7,741.3,716.5
2024-05-04,663.6,622.5,586.2,561.9,558.6,569.7,574.3,560.5,562.1,555.9,569,557.6,579.2,593.4,611.4,616.3,644.7,669.7,690.9,713.1,707.4,689.7,673.4,646.3
2024-05-05,602.4,573.2,552.5,543.3,540.9,552.5,567.9,594.9,629.5,647.9,658.9,656.9,660.3,664.8,662.7,664.5,685.6,707.3,716.6,724,718.5,694.4,674.3,644.7
2024-05-06,605,573.3,565.9,548.9,552.1,569.4,564.1,544.2,543.1,571.3,565.8,547.6,524,528.5,548.3,580.7,605.7,642.8,675.3,719.2,728.1,711.5,690.9,665.8
2024-05-07,623.1,598.6,590.5,583.9,587.8,601.1,599.2,573.7,579.9,579.8,567,554.9,543.3,563,571.3,585.2,621.1,658.7,690.3,737.4,747.9,736,721.1,695.1
2024-05-08,650.7,620.1,591.9,581.7,576.5,583.8,601.1,632.7,689.6,688.6,687.1,649.6,630.7,651.4,672.8,636.4,620.9,652.1,684.1,739.1,760.4,745.2,725.3,703.8
2024-05-09,672.2,647.5,630.9,619.7,621.7,636.4,626.4,582.5,580.3,571.4,558.7,553.7,538.1,550.2,554.9,572,608.6,652.2,686.6,735.7,762.8,751.6,736.9,713.5
2024-05-10,672.6,646.5,628,617.9,617.9,632.7,623.1,579.4,577.1,567.5,557.7,549.7,534,546.8,556,574.5,608,653.6,683.5,723.8,735.7,719.7,706.8,682.8
2024-05-11,640.8,600.7,576,555.9,560.6,563.9,554.6,549.6,552.5,597.9,592.1,596.2,588.4,620.7,643.4,651.3,671.2,700.7,713.4,724.9,716.8,695,678.4,653.4
2024-05-12,611.2,578.6,559.6,546.3,543.7,547.6,556.9,570.9,586.4,586.1,589,578.9,588.8,604,607.2,605.5,617.1,627.6,650.6,698.3,717.4,712.1,700.4,679
2024-05-13,640.8,612.9,592,584,585.1,597.8,590,568.7,572.2,568.3,557.6,547.9,547.7,545.9,553.9,578.4,614.7,655,684.4,727,746.8,736.4,720.9,696.8
2024-05-14,656.8,628.2,608.7,599.3,602.3,613.5,604,576,579.1,576.9,565.4,552,534.5,549.5,560.7,583.6,618.3,658.4,683.1,718.7,736.9,725.4,715.2,694
2024-05-15,653.6,626.4,610.3,601.6,605.7,613.1,590.5,535.8,520,511.3,510.7,502.1,498.3,501.7,523.5,590.8,638.7,670.8,679,732.5,745.3,726.3,709.9,686.5
2024-05-16,646.5,617.4,598.3,588.1,590.7,602.3,596.2,572.5,574.3,571.4,555.5,540.9,526.1,541.3,550.8,566.7,619.7,655.8,691.1,733.4,749,731.1,708.2,682.8
2024-05-17,641.7,613.3,594.6,585.5,589,600.7,588.5,572.8,577.8,578.3,575.7,560.9,548.5,564.1,570.2,592.2,626.8,665.1,694.9,722.4,734.6,717.7,700.9,674.7
2024-05-18,632.5,599.8,581.1,570,572.2,579.2,566.4,544.7,545.6,540.4,531.3,526.4,522.1,522,531.1,553.5,592.6,644.3,680.9,709.8,722.4,714.3,700.2,678.6
2024-05-19,644.8,616,596,584.3,584.3,591.8,570.1,526.5,510.2,502.9,501.9,500.3,500.5,504.4,513.7,535.8,576.6,631.3,670.1,704.8,723,709.9,692,665
2024-05-20,621,596.1,569.6,558.9,564,577.6,578.8,569.4,588.2,607.7,608.7,583.2,586.5,609.7,636.6,647.8,644.9,682,710.8,733.7,735.7,714.2,692.6,665.5
2024-05-21,624.6,595.4,579.1,568.5,567.2,576.5,577.6,579.4,595,602.3,609.3,601.1,600.1,626.6,636.4,641,660.2,694.7,709.6,733.6,735.2,706.9,678.3,646.1
2024-05-22,603.9,577.1,558.4,544.9,542.2,554.6,583.3,622.7,638.2,635.3,639.5,636.3,633,657.6,655.6,648.5,669.8,700.8,710.4,734.6,734.9,708.2,684.4,656
2024-05-23,614.7,577.9,553.7,541.6,541.2,550.8,568.5,600.8,614,613.7,622.5,623,607.5,619.8,629.7,640.8,665.5,697.7,720,738.1,737.5,711.9,685.9,658.2
2024-05-24,611.2,580.3,560.5,549.1,550.2,557,566.7,588.3,612.8,610.6,608.8,599.8,590.7,605.2,615.3,633.9,662.3,695.9,711.5,732.1,735.8,714.7,688.5,656.2
2024-05-25,612.1,576.3,554,540.9,538.9,545.2,554.7,556.4,556.8,564.5,565.1,554.1,548.9,552,557.6,572.9,609.2,651,682.9,707.1,711.9,693.2,673.3,645.9
2024-05-26,604.9,569.4,552,540,537.1,535.6,545.8,546.2,547.7,590.8,627.4,629.8,662.6,669.3,685.4,680.4,680,694.2,713.1,730.6,723.6,698.2,670.4,634
2024-05-27,591.8,559.6,540.1,528.5,527.5,532.9,552.8,581.8,626.1,655.5,639.9,598.2,631.8,640.7,686.7,687.9,696.9,704.1,709.7,724.5,722.4,695.1,674.3,642
2024-05-28,594.7,564.7,544.6,535.6,538.9,549.4,576.3,575.9,582,587.9,613.5,566.7,560.4,578.6,589.7,609.7,639.1,675.7,703.2,728.5,734.4,716.4,694.4,663.4
2024-05-29,622.2,592.2,572.2,560.9,560.5,567.6,576,582.5,595.6,597.1,595.2,595.5,580.4,612.3,618.5,617,653.1,688.5,714.9,737.3,743.6,722.1,699.4,666.9
2024-05-30,623.4,592.9,569.9,559.7,554.2,557.3,574.8,599,647,641.1,609.4,589.2,595.4,669.2,642.3,669.8,700.3,720.1,721.6,738.5,731.2,703.6,679.4,648.6
2024-05-31,602.8,569.7,551.2,538.8,539.7,551.1,582.1,626,661.3,679.9,701.2,663.8,640.4,632.5,640.5,630.2,644.3,680.4,692.6,709.6,718.5,702.6,684.3,654.9
2024-06-01,615.1,581,562.8,547.3,545.9,549.9,553.8,559.3,594.9,610.3,562.1,547.2,528.6,542.6,553.4,552.8,585.4,634.8,667.4,693.3,702.8,686.3,670.6,643.3
2024-06-02,602,565.9,552.2,539.8,537.1,541.4,546.4,547,549.8,540,527.5,510.8,525,537.3,551,580.2,581.7,629,658.1,688,701.9,681.4,659.3,626.2
2024-06-03,582.5,553,535.6,524.1,525.2,538.2,552.5,573,595.7,604.3,602.1,602.2,622.5,628.4,640.8,655.1,681.4,707,715.9,736,732.6,704.9,678.6,646.5
2024-06-04,604.1,574.1,555,541.3,533.4,544.5,562.4,584.2,611.3,621.4,617.2,605.6,587,589.3,602,632.2,653.8,686.9,707,730.4,736.3,714,692.5,657.9
2024-06-05,613.3,578.4,555.7,544.9,543.1,551.1,560,587.8,616.5,642.2,638.3,632.7,620.4,678.3,685,684.5,661.1,691.8,708.8,722.1,717.2,693.4,676.6,644.7
2024-06-06,599.7,566.8,546.2,532.2,530.1,534.9,553.7,574.4,595.1,606.6,634,652.4,635.6,634.2,636.3,645.4,658,678.2,698,711.5,711.2,689.2,668.7,636.8
2024-06-07,593.1,558.9,538.8,527.3,526,534.9,557.2,592.4,644,648.3,662.1,654.3,650.7,651.4,670.4,690.5,704.8,705.3,717.7,735.4,738.1,710.5,684.6,652.7
2024-06-08,607.2,573,547.1,534.5,533.7,537.6,563,596.1,629.6,660.8,670.6,673.9,664.3,669.9,668.8,656.8,664.9,689.4,708.6,731.7,728.1,700.8,676.6,645.9
2024-06-09,599.6,567.7,544.3,529.2,528.7,537.5,552.4,569.1,593.9,619.6,650.2,639.4,632.7,606.3,559.3,567.8,604.9,656.1,691.6,712.4,718.2,698.8,672.2,639.4
2024-06-10,595,563.8,543.5,529.9,530.2,538.7,555.1,594.9,612.2,632.3,649.2,626.2,614.9,636,642.8,658.4,659.3,722.2,745.5,758.9,758.6,727.3,701,662
2024-06-11,617,584.4,561.7,545.6,543,551.8,571.2,602.1,636.9,652.2,667.7,667.1,646.8,648.1,685.9,701.4,713.2,729.5,739.4,759.1,760.6,728.8,699,662
2024-06-12,614.9,578.3,556.7,542.3,540.3,550.4,573.6,601.4,639.9,663,674.5,686.7,713,744.5,743.4,693.7,712.9,748.9,772.6,790.1,782.8,748.5,712.6,673.7
2024-06-13,624.2,588.2,568.8,553.7,549,558.1,588.1,617.7,646.8,670.7,684.4,681.2,676.2,698.2,713.1,726.2,740.3,779.1,803.6,812.6,801.1,764.1,727.6,684.8
2024-06-14,633.7,597.4,574.6,558.1,554.2,563.7,592,634.6,682.8,702.9,728.9,731.3,722.5,757.8,780.5,790,795.1,808.8,805.9,818,810.5,774.9,736,697.1
2024-06-15,643.9,608.1,579.8,561.3,553.9,561.9,583.3,604.4,631.3,669.6,690.1,693.8,703.7,704.4,707.3,709.9,744.6,774.6,802.6,805.7,801.9,767.7,736.3,696
2024-06-16,643.8,609.2,583,565.5,561.1,566.5,583.4,595.5,604.7,628.6,636.5,648.9,645.4,639.6,641,665.5,706.4,741,767.8,781.5,779.1,746.9,711.6,667.9
2024-06-17,618,581.4,558.8,546.2,544.6,555.3,596.4,649,716.1,777.1,776.8,749,763.3,783.9,766.5,743.1,726.8,742.7,735.7,760.2,761.3,728.6,697.7,663
2024-06-18,616.4,580.9,559.8,545.7,541.4,549.2,573.1,601.6,633.2,653.7,657.4,654.1,648.3,671.9,688.3,711.4,741.5,777.8,796.3,802,794.5,757.5,721.2,682.9
2024-06-19,635.3,597.4,572.1,555.3,552.6,562.2,586.5,623,660.1,691.2,711.2,720.7,748.4,790.6,784.6,772.7,761.2,779.3,787.9,794.7,785.3,747.9,711.9,672.4
2024-06-20,627.1,590.1,565.7,550.9,544.7,549.3,590.3,648.7,720.7,775.5,795.3,807.9,800.5,811.7,802.3,795.8,789.8,793.5,787.6,783.6,776.3,737.5,707.2,669
2024-06-21,619.9,586.3,562.6,549.1,547.1,553.1,589.1,650.2,716,725.1,745.6,756.2,767,795.1,795.9,795.3,791.8,807,817.5,828.5,821.6,784.6,751.5,711.7
2024-06-22,663,623,591.4,572.2,564,566.1,593.3,629.6,681,730.6,772.7,792.3,795.2,775.4,782.3,785.4,792,804.3,811,815.3,810.4,778.5,741,708.1
2024-06-23,658.1,623.2,595.5,576.3,569.8,573.7,598.5,636,666.2,681.9,689.7,696.2,704.3,719.3,733.6,724.7,727.9,753,775.3,792.8,789.5,757.6,723.9,683
2024-06-24,636.3,601.2,580,563.1,559.1,567,596.4,658.6,736.4,771.9,779.9,769.7,763.8,771,776.1,817.4,829,823.6,823.6,835,827,791,753.9,713.6
2024-06-25,660.1,619.6,591.4,572.3,569,578.2,611.2,666,727.5,765.7,786.3,793.3,776.3,787.8,788.1,774.6,758.1,767.6,770.1,777.6,769.7,738.4,711.9,674.8
2024-06-26,629.9,593.1,568.2,551.6,546.1,551,575.3,630.4,694.4,736.9,737.4,714,707.8,742.9,708.8,716.1,740.6,757.9,766.5,775.6,768.7,737.3,708.8,676.2
2024-06-27,627,592.9,569.7,553.6,549,556.3,592.9,651.9,715.8,767.6,791.3,805.6,810.6,815,801.3,793.3,790.2,797.6,795.1,799,786.3,744.7,710.4,673.7
2024-06-28,629,594.3,570.1,556.2,554.5,561,594.6,645.9,701.8,752,774.8,775.9,788.6,804.1,769.8,781.9,796.9,806,803.3,811.5,804.8,770.4,742.8,706.5
2024-06-29,653.9,615.3,588.7,571.7,568,571.6,591.5,632.5,682.8,723.5,763.3,780.9,784.4,788.6,783.1,780,789.8,806.9,811.8,820.3,812.7,777.2,744.9,708.2
2024-06-30,661.3,626.2,599.6,581.7,578.5,578.9,603.5,642.4,677.8,726,770.2,780.9,781.4,780.7,777.7,764.6,771.6,794.6,807.4,814.3,804.7,771.4,734.5,691.9
2024-07-01,642.7,607.9,584.2,569.4,564.7,568.9,600.1,665.5,743,810.4,837.1,819.7,812.1,868.8,868.7,853.5,844.7,848.6,853.5,856.6,845.3,799.6,763,719.5
2024-07-02,666.8,628,600,586.4,583.1,594,635.7,699.5,779.7,832.7,859.4,868,876.5,897.9,907,913,918.4,927.5,926.1,935.2,917,870.1,822.8,771.2
2024-07-03,707,664.7,634.4,614.8,610.4,614,655.2,722.1,804,865.1,875,885.5,884.3,887.3,888.3,894.7,913.1,941.3,951.4,952.8,931.8,885,832.9,776.5
2024-07-04,712.7,663.9,631.9,612.1,605.9,614.4,651.8,715.2,786.5,834.8,857.9,860.7,863.8,887.4,896.3,896.4,919.3,958.3,969.9,967.4,950.5,901.6,848.8,788.9
2024-07-05,724.1,681.1,644.3,627.2,620.3,632.1,674.1,735.7,813.6,879.8,898.2,894.9,884.2,907.9,923.8,942.2,971.6,999.8,1003,992.5,967.4,915.1,864,806.3
2024-07-06,742.6,693.7,656.6,632.6,622.6,627.9,650.4,682.5,736.5,778,818,837.2,837.3,854.8,871.4,879.8,898.8,929.7,949.8,955,942.7,905.2,855.4,810.2
2024-07-07,749.9,702.5,669.9,644.7,635.1,639.2,660.7,702.3,741.3,793.4,826.1,838.8,845.8,871.6,885.2,894.2,910.5,934.8,949.9,958.8,943.9,899.8,846.9,788.4
2024-07-08,728.5,681.9,651.3,631.6,622.9,630.5,670.9,743.2,832.6,908.2,948,963.7,972.5,981.6,979.4,988.8,1010.7,1022.5,1015.5,1016.8,994.3,940.2,878.3,826.6
2024-07-09,756.2,707.7,673.2,653.7,642.3,650.4,692.4,758.6,840.5,904.2,938.5,959.9,953.7,972.6,973.4,969.1,981.2,992.3,983.6,990.6,981.7,925.6,872.1,813.6
2024-07-10,750.4,703.7,673.1,652.2,648.6,655.9,695.8,784.1,880.8,933.7,951.8,946.2,957.1,966.4,949.7,930.4,914.1,917.3,918.4,926.7,905.6,852,800.4,747.5
2024-07-11,688.2,646.5,619.5,602.1,597.6,606.3,643.7,701.3,785.1,850.6,870.1,877.4,869.4,871.4,863.1,859.2,854.8,860.1,856.3,859.5,847.2,806.9,766.5,722.2
2024-07-12,668.1,625.9,599.5,584.4,581.1,590.6,620.3,668.8,720.5,757.9,790.9,841.6,847,847.1,836.4,832,837.7,845.8,850.9,856.1,849.3,809.9,777.5,737
2024-07-13,681.2,640.5,609.8,592.4,586.5,588.4,609,654.6,710.1,754.3,800.2,824.1,829.7,812.4,795.1,819.1,827.2,839.3,841.8,846,840,800.8,768.6,728.7
2024-07-14,677.2,638.2,611.4,594.6,590.1,594.1,619.3,653,696.8,753.8,786.4,788.1,786.2,799.2,790.9,783.8,804,824.6,843.1,855.1,847.7,812.9,772.9,727.1
2024-07-15,673.4,633.7,606.4,590.5,588,597.7,642.3,711.9,784.5,837.6,879.2,906.6,907.3,906.8,912,914.1,907.5,908.6,901.8,902.6,887.4,844.2,797.1,751.3
2024-07-16,696.5,649.6,626.8,612.8,612,622.5,664.6,737.3,810.7,876.5,911.1,921.5,954.7,952.3,944,950.3,967.4,971.4,979,979.1,961.6,912.6,855.1,798.8
2024-07-17,732.9,684.9,652.8,634,629.3,640.6,681.6,749.9,843,901.2,937.6,925.1,930,950.9,960.9,979.3,1010.1,1018.8,1014,1020.4,1000.1,942.7,885.3,820.9
2024-07-18,754,705.1,671.9,656.6,648.2,656.8,695.4,780.9,875.8,950.5,973.7,1000,1001.8,986.5,994.3,990.6,1014.1,1025.3,1029.4,1029.9,1009,943.4,885,821.9
2024-07-19,755.1,702.6,667.8,645,641.5,646.4,679.7,762.6,860.5,916.7,942.9,916.2,874.7,909.7,944.2,970.9,972.2,1001.6,997.5,996,975.9,927.3,875.9,822
2024-07-20,758.7,706.3,675.5,651,645.9,650.4,678.1,727.2,777.6,837.9,876.4,891.9,897.4,903.1,914.8,926.1,950,988,1009.9,1008.5,994.6,953.6,905.7,845.5
2024-07-21,780.8,728,693.3,671.5,662.4,656,672.6,713.1,770.7,813.4,856.3,870.5,897.3,911.9,922.5,898,927.8,975.7,1003.8,1007.9,991.5,946.2,891.2,831.1
2024-07-22,757.4,709.6,679.9,659.4,650.3,663.1,707.4,785.1,879.4,955.7,986.5,993.1,990.7,1010.7,1027.5,1041.8,1065.5,1073.6,1075.6,1079.6,1055.7,995.4,935.4,866.6
2024-07-23,794,741.2,706.8,683.6,674,681.5,721.7,795.1,887.9,958.6,1003.3,1007.6,995.4,1022.9,1040.6,1044.8,1071.8,1095.6,1101.8,1102.3,1078.4,1015.8,952.2,885.8
2024-07-24,810.4,755.2,720.1,694,687.9,694.9,735.5,810.4,905.6,984.8,1021.4,1033.3,1028.6,1028,1050.4,1055.3,1075.1,1095.4,1108.7,1113.9,1084.8,1027.9,960.8,892.1
2024-07-25,817,764.1,726.4,701.9,688.9,698.1,735.5,805.8,903.1,978.4,1011.5,1024.7,1035.9,1057.5,1050.7,1061.4,1071.9,1094.6,1090,1085,1058.2,999.3,938.6,873.6
2024-07-26,800.9,750.8,717.6,694.6,687.8,694.8,727.6,800.4,896.1,964.6,984.4,987.8,996,1016.5,986.4,997.7,1000.7,1014.4,1004.6,1018.4,1003,955.4,901,845.2
2024-07-27,775.2,726.7,692.5,672.2,663.5,673.8,694.2,738.5,810.7,877.9,923.2,935.1,929.3,941.7,949.4,971,987.8,1011.4,1025.6,1029.9,1015.6,970.5,915,855.7
2024-07-28,792.8,740.7,702.3,680,669.3,674.5,696.6,733.2,778.6,830.3,864.1,872.3,893.8,906.9,916.4,932.5,963.5,1009.4,1036.1,1041.1,1027.2,981.6,921.2,854.8
2024-07-29,785.3,729.6,693.4,669.2,660.1,670.6,709,778.5,873.4,942.6,973.4,984.7,985.9,1022.5,1041.5,1054.6,1082.5,1112.4,1118.7,1113.1,1089.9,1030.8,961.2,890.8
2024-07-30,814.4,757.4,715.5,694,684.7,692.2,728.9,797,890.1,961.1,997.5,1011,1016.5,1037.9,1047.3,1055.2,1078.8,1116.6,1123.9,1122.6,1095.9,1031.9,961.3,889.8
2024-07-31,811.8,755.1,719.3,695.7,688.1,695.9,735.3,804.2,901.9,978,1014.5,1023.3,1019.2,1049.8,1059.3,1068.4,1091,1124.7,1138.9,1137.8,1110,1054,988.5,914
2024-08-01,837.7,779.5,738.9,711.3,698.8,707.4,746.5,820.5,914.6,995.8,1039.8,1039.6,1047.7,1077.5,1085.2,1083.9,1112,1149,1156.4,1154.8,1131.6,1075.5,1004.2,927.4
2024-08-02,848.6,791.4,750.8,725.2,710.9,721.7,761.9,836.9,937.1,1022.3,1065.3,1081.2,1089.5,1101.6,1115.5,1119.1,1135.8,1169.5,1165.2,1165.7,1140.4,1080.8,1013.9,947.1
2024-08-03,865.7,801.1,759.4,731.8,721.7,726.3,753.7,805.7,878.4,956.7,1015.8,1031.9,1047.4,1038.3,1028.5,1030.2,1068.9,1118,1138.8,1137.5,1118.9,1065.6,1000,929.9
2024-08-04,853.3,793.9,751.7,726.4,710.3,717.6,744.7,791.8,849.4,915.3,961,979.1,1004,1008.1,1032,1046.6,1064,1098,1124,1131.6,1113.1,1059.2,992.8,915
2024-08-05,835.8,779,742.4,717.4,706.5,718,755.8,834.1,950.3,1037.8,1088.4,1114.3,1134.9,1178.6,1141.8,1099.1,1112.3,1135.1,1127.6,1134.6,1105.3,1039.4,967.9,895.9
2024-08-06,821.6,769.3,728.8,706.3,697.2,707,746.8,822.6,928.7,1012.1,1058.6,1077.9,1082.7,1120.4,1107.8,1081.4,1113.3,1140.7,1146.6,1146.6,1114.6,1045.7,971.8,898.8
2024-08-07,821.3,764.3,728.4,705.5,695.4,704.9,740.8,813,912.6,994.9,1034.9,1041.4,1040,1062.7,1072.7,1087.1,1120.7,1123.8,1150,1149.4,1114.8,1049.7,978,905.1
2024-08-08,829.4,773.1,736.1,710.9,701.6,711.5,747.7,823.3,927.8,1013.8,1056.9,1070,1085,1095.9,1090.7,1118.6,1135.5,1166.3,1162,1159.7,1124.5,1056.3,987.2,908.5
2024-08-09,829.4,773.5,736.1,713.2,703.1,714.8,748.1,823.9,926,1007.3,1049.1,1064.1,1069.5,1094.3,1098.7,1112.1,1136.3,1153.1,1145.2,1141.1,1107.4,1043.6,975.8,910
2024-08-10,833.2,778.1,738,711.9,699.6,704.1,726.6,776.1,849.4,921.1,971.6,995.3,1009,1034.4,1031.9,1023.8,1045.2,1080.4,1090.6,1091.4,1062.5,1006.1,945.9,883
2024-08-11,815.8,763,725.5,700.3,688.4,693.5,713.6,751.9,808.3,872.3,923.8,947.6,968.7,987.3,974.5,991.3,1012.9,1054.7,1070.5,1072.3,1050.2,996.1,929.1,859.3
2024-08-12,790.8,737.6,702.2,679.6,672.1,680.7,717.9,797.5,895.6,972.1,1009.6,1019.3,1020.8,1033,1044.7,1065.4,1094.3,1131.8,1128.2,1116.6,1069.8,996.4,924.9,853.2
2024-08-13,786.3,737.1,706.2,685.2,677.4,688.3,725.1,800.3,898.4,962.5,998.2,1007.2,997,1016.7,1030.7,1044.3,1073.1,1096,1089.6,1088.7,1061,1001.4,936.9,871.6
2024-08-14,796.9,746.1,709.4,687,674.8,687.9,724.2,791.7,872.7,969,1012.1,1059.2,1051.6,1029.4,990.4,991.5,1036.3,1060.2,1052.4,1059.1,1028.9,975.2,917.4,853.4
2024-08-15,786.1,733.9,698.2,678.2,668.4,675.3,693.5,740.2,800.3,866.9,940.4,925.9,933,961.9,954.8,931.1,928,971.5,989,996.8,974,923.2,868.3,812
2024-08-16,747.9,693.4,662.5,642.7,637.9,650.8,687.9,768,846.2,879.3,919.2,956.2,980.1,997.6,979.3,975.5,1014.9,1056.4,1057.4,1055.7,1021.9,961.1,899.4,837.8
2024-08-17,770.9,719.2,683.3,658.7,651.1,661.8,685.1,724.9,777.7,846.9,911,962.3,965.2,921,917.9,928.9,956.1,1005.3,1011.3,1018,992.9,938.5,879.7,826.5
2024-08-18,757.1,712,679.8,655.9,647.6,655.1,673.3,711.7,767.4,816.7,869.7,906.1,903.3,886.1,917.4,911.4,914.8,966,983.2,999.4,981.3,930.8,876.1,817.2
2024-08-19,751.5,701.3,669,647.8,643.9,658.7,698,782.5,883.1,958.8,993.3,1010.5,1020.1,1048.5,1055.6,1074.5,1102,1126,1110.9,1113.8,1077.1,1009.1,944.3,876.3
2024-08-20,798.9,741.6,705.1,682.4,671.6,682.6,723.5,806.4,900.2,996.4,1050.5,1079.1,1052.8,1068.2,1075.3,1075.5,1087.7,1104.6,1093.3,1096.1,1058,986.9,913.4,850.1
2024-08-21,783.9,738.5,702.5,681.1,673.2,685,726.7,812.2,910,993.2,1041.9,1045.2,1035.9,1046.7,1056.2,1069.7,1096,1111,1109.8,1110.4,1074.7,1010.4,943.2,879.7
2024-08-22,806.8,752.1,717.7,697.6,684,696.4,736.9,825.3,927.2,1020.7,1062.7,1040.1,1040.5,1068.6,1058.9,1064.6,1087.2,1101.7,1093.1,1095.1,1059.3,995.7,931.1,864.8
2024-08-23,795.6,741.5,706.6,683.3,672.3,685.1,720.4,798.2,898.3,968.9,1005.9,1022.1,1029.9,1059.6,1054.3,1066.7,1077.9,1092,1081.1,1083,1045.5,984.4,919.5,856.1
2024-08-24,785.6,732,694.9,669.5,659.8,670.3,691.8,728.3,787.5,862.2,916.3,931.9,950.2,957.6,969.2,977.7,992.1,1020.5,1035.9,1041.7,1009.3,956.7,895.7,840.1
2024-08-25,776.9,725.8,691.1,667.3,656.6,663.5,676.6,708.6,753.1,808.5,849.7,877.7,904.2,915.2,912.1,923.4,950.9,1002.5,1021.4,1029.5,998.6,938.1,868.6,808
2024-08-26,746.1,699.2,670.2,649.2,643.1,656.1,685.7,763.3,863.9,938,980.5,996.1,997.3,1031.3,1049.2,1050.9,1068.2,1090.7,1087.3,1087.5,1045.1,974,901.2,835.2
2024-08-27,768.2,717.6,683.6,660.6,655.5,668.4,707.8,782,880.6,961.3,1000.8,1025.5,1026.3,1055.2,1070.6,1065.9,1083.2,1103.5,1095.8,1100.3,1058.5,995.1,925.1,855.5
2024-08-28,784.3,738.3,700.6,681.4,671.6,683.8,719.1,801.1,885.7,963.2,993.4,982.4,966.6,987.9,999.9,1000.8,1004.3,1014.5,1015.5,1023.8,994.7,941.8,879.9,817.4
2024-08-29,750.9,702.8,672.8,649.4,640.8,653.2,689.2,771.2,845.6,910.7,914.5,946.9,926.2,935.6,960.3,980.1,1022,1049.3,1053.5,1060.8,1027.8,970.3,906.8,842.1
2024-08-30,770.7,718.2,681,656.1,649.9,661.2,701,775.6,850.9,906.8,930.4,938.6,931.7,957.1,973.5,987.4,1020.1,1052.4,1042.8,1040.1,1003.6,945.8,886.1,826.7
2024-08-31,757.6,708.8,674.1,645.7,635.6,643.5,654.6,677.7,712.7,763.7,796.2,807.1,812.6,825.4,846.4,873.2,911,957.3,970.6,969.7,935.3,880.6,825.1,771.3
2024-09-01,712.4,667.5,637.4,618.7,614.6,623.5,634.6,651.4,685.5,731.7,772.1,792.2,807.7,836.2,860.8,875,893.2,923.1,943.2,954.3,922.7,868.3,807.1,752.6
2024-09-02,695.5,650.6,622.7,606.3,602.1,615.8,648,713.5,789.1,851.8,883.2,887.5,873.9,906.8,920.7,943,964.8,999.7,991.8,1000.2,963,899.9,843.5,787.7
2024-09-03,728.2,682.7,652.8,633.9,628.3,638.1,663,731.4,810.7,874.5,894.6,927,949.6,975.4,971.3,970.5,973.6,983.8,981.7,983.5,942.9,887.6,832.2,781.4
2024-09-04,723.9,680,649.2,629.9,625.9,638.5,673.2,737.6,808.4,864.4,894.1,914.8,913.1,933.4,947.1,962.5,985.8,1004.7,1002.2,1000.7,962.5,906,848.9,763.3
2024-09-05,703.3,675,653.5,631.6,627.8,641.5,677.5,744.9,818.8,878.6,911.6,919.2,916.6,947.9,964.3,979,1010.5,1039.6,1034.4,1032.2,990.9,924.5,858.9,793.8
2024-09-06,730.7,685.7,653.7,632.8,625.2,637.4,671.7,739.1,823.1,883.4,918.9,932.6,938.7,984.9,1014.8,1017.8,1011.5,1025.3,1025.3,1029.9,990.6,933.8,876,817
2024-09-07,747.8,698.8,662.5,638.3,632.5,639.1,656,691.5,749.4,820.5,861.8,885.7,897.4,927.6,951.7,964,965.2,966.7,973.7,977.8,947.6,896.5,845.4,794.2
2024-09-08,732.3,686.7,654.1,633.2,626.6,637.1,653.3,683.5,723.7,793,835.8,838,875.5,910.5,918.1,911.3,918.8,937.9,951,959.1,927.8,873.9,817.1,761.5
2024-09-09,701.4,657.9,630.7,613.7,608.1,622.8,663.5,737.7,826.6,895.2,927.1,937,950.4,978.6,986.4,997.7,1025.4,1052.7,1051.2,1048.5,1004.3,938.1,871.7,810.3
2024-09-10,749.2,703.1,669.9,648.9,644.4,661.8,702.5,784.1,877.4,932.7,964.4,978.6,987.9,1014.8,1024.5,1032.7,1042.1,1060.6,1067.2,1056.5,1008.4,944.6,884.3,828
2024-09-11,768,715.8,681.9,660.9,655.9,672,709.5,792.3,887.7,958.9,982.7,1013.8,1021.7,1037.9,1014.3,1019.9,1037.6,1036.6,1029.8,1028.3,988.4,930.2,871,814.2
2024-09-12,751.2,706.7,672.3,654.8,652.8,667.3,701.3,779.6,865.6,925.8,963.4,971.8,984.1,1005.5,1023.1,1036.5,1054,1087.7,1082.7,1075,1027.5,957.1,891.1,827.5
2024-09-13,756.7,703.1,670.8,650.9,645.2,657.4,691.7,758.5,838.3,899.9,936.2,951.3,960.6,987,1002.5,1005.7,1027.2,1051.9,1054.1,1055.4,1012.6,946.6,878,812.8
2024-09-14,745.5,698.3,664.7,643,638.4,647.5,668.2,705.2,756.6,815.8,854.5,875.9,893.5,908.5,920,940.8,976,1014.1,1024.8,1019.9,975.9,917.9,863.4,809.5
2024-09-15,746.5,702.1,674.1,659.6,656.6,668.3,691.7,737.6,803.6,862.4,868.9,879.5,910.4,925.5,938.4,938,960.8,984.7,1003.1,1010.8,988.9,943.1,892.4,834.9
2024-09-16,771.2,722.8,693.1,670.1,663.6,671.7,692.7,733.3,791.1,841.5,873.8,891.7,895.9,904.6,921.5,927.4,946.5,972.9,987.9,988.5,963.1,916.3,858.2,799.2
2024-09-17,734.1,688.5,654.5,634.1,628,640.1,674.4,724,763.6,778.5,795.8,805.8,803.2,792.9,780.8,785,822.1,864,885.2,894.1,880.4,850.3,809.2,763.3
2024-09-18,708.8,664.7,634.3,616.5,609.8,619.3,640,677.2,728.1,786.9,831.5,851.5,867.2,864.7,879.8,907,940.6,981.2,994,992.8,958.2,906.1,854.1,796.9
2024-09-19,735.3,688.5,656.7,634.9,629.9,645.8,685.1,765,869.8,944.9,979.8,1008.5,1016.5,1045.3,1046.9,1059.1,1031.6,1033.4,1015.9,1006.5,967.2,916.9,864.3,817.7
2024-09-20,757.5,703.8,666.8,655.8,647.7,661.6,699.4,781.4,881.5,951.6,980.7,965.3,962.2,973.8,988.4,980.4,993.2,1003.8,1005.9,1003.8,968.5,916,864.6,818.6
2024-09-21,756.4,711.3,679.8,654.5,652.7,658.4,676.4,716.8,797.7,861.2,906.2,920,934.3,943.7,940.1,934.7,940.7,957.3,956.7,947.8,905.6,854.5,802.1,754.4
2024-09-22,698.9,655.3,626.3,605.7,596.7,604.1,620.9,646.7,684.4,720.7,752.4,756.3,759.6,767.2,759,766,783.1,805.8,824.2,830.5,805.8,768.9,732.8,693.8
2024-09-23,646.2,612.6,586.9,575.5,570.1,584.4,616.3,670.2,726.6,757.6,764,773.3,765.1,779.3,779.6,779.3,799,821.4,823.5,815.3,784.9,744.9,708.8,674.7
2024-09-24,629,592.8,569.2,553.2,551.2,565.1,598.4,645.5,688.1,722.8,737.3,739.4,750.2,790.7,784,788.4,798.5,819.5,829.6,829.2,797.6,757.7,721.4,687.5
2024-09-25,637.5,602.4,579.4,566.1,563.1,577.2,614.2,672.2,736.3,778.1,805,795.2,790.2,813.9,830.2,829.5,846.8,865.6,876.4,870.8,836.2,788.1,741.6,698.9
2024-09-26,649.6,608.4,584.2,569.9,566.1,580.9,616.3,667.1,720.1,760.1,782.1,785,775.5,801.9,820.4,836.5,869.4,885.5,898.1,890.9,854.9,802.3,753.2,707
2024-09-27,656.8,618.8,594.3,577.5,575.2,591.7,626.3,685,726.9,755,765.5,760.6,743.6,768.4,785.2,795.7,823.1,843.4,853.4,846,809.2,768.2,732.5,692.6
2024-09-28,642.7,608.5,583.1,566.7,563.4,578.1,602.2,626.5,655.6,679.6,702.4,715,721,733.6,736.1,752.1,781.7,817.2,838.2,832.4,808.1,768.5,734.5,698.5
2024-09-29,650.8,614.3,587,571.7,567,579.8,598.6,621.8,645.6,667.1,681.9,679.5,685.6,684.8,680.2,691.4,729.4,765.8,792.4,788.4,766.2,733.1,703.9,667.6
2024-09-30,621.9,587.6,566.6,551,550.5,568.6,602.4,655.4,707.8,742.4,760.9,769,769.5,800.8,824.9,841.4,848.9,860.3,866.4,859.2,824.5,778.8,737.8,694.8
2024-10-01,642.8,602.8,578.5,562.3,557.6,570.6,592.4,616.1,648.7,686.4,728.4,760.8,775.1,811.4,824.3,813.6,813.6,819.4,820.6,800.6,765.4,721.4,677.7,644
2024-10-02,600.9,564.1,543.3,530.6,529.9,543.9,576,623.1,670.9,689.9,658,646.8,622.6,634.6,656.9,666.6,702.2,728.1,749.9,749,725.9,695,662.2,635.3
2024-10-03,591.1,560.2,536.9,523.3,520.3,530,550.7,583.4,613.8,632.6,635.7,635.1,648.6,651,651,661.3,678.9,701.9,728,726.1,708.4,682.5,650.7,623.1
2024-10-04,579.5,550.5,530.4,518.5,518.9,534.7,566.2,603.9,622.2,642.7,646.3,638.7,620.6,635,653.8,673.4,709.3,744,760.1,752.3,731.6,702.3,673.3,638.9
2024-10-05,597.3,561.2,544.5,528.5,522.6,533.6,558.1,571.7,582.3,589.7,619,606.1,595.2,595.7,613.2,635.6,675.1,713.5,744.2,740.4,719.5,694.5,665.3,635.7
2024-10-06,594.9,563,541.9,530.4,528.6,536.3,553,574,591.3,606.4,617,627,645.1,627.2,659.2,680.7,689.3,712.7,731,721.6,703.2,671.8,644.5,612.2
2024-10-07,572.5,545.2,525.2,514.4,513.1,527.6,561.8,613.2,662.1,682.1,710,690.3,680.5,694.3,696.4,709.7,717.3,732.9,747.5,743.6,719.1,687.1,655,624.9
2024-10-08,583,551.3,533.9,524.9,524,535.9,567.6,609.8,627.8,633.3,631.7,621.6,614.4,638.9,661.7,680.5,704.9,728.3,749.9,744.8,721.4,693.7,666,633
2024-10-09,589.8,558.1,536.9,525.9,522.3,529.8,553.2,576.1,612.4,628.3,645,644.8,654.1,668.4,677.9,685.5,692,716.1,733.8,729.1,706,675.8,649,618.5
2024-10-10,579.1,550.3,532.5,522.2,519.4,536.7,569.6,623.8,661.9,674.9,664.3,664.1,628.8,661.9,671.3,690.8,715.3,738.4,753.8,746.3,723.6,693.4,664,634.8
2024-10-11,596,562.4,541.5,527.6,527.1,538.8,569.5,600.8,618.8,635.9,637.3,621.4,621.7,642.3,660.9,671.7,706.3,734,754,743.2,722.2,689.8,662.4,633.9
2024-10-12,591.5,558.2,536.6,523.5,521.1,533.8,555.2,566.2,563.4,583,587.3,587.9,594.2,602.3,627.8,640.7,671.8,707.4,736,728,708.4,678.6,650.5,620.7
2024-10-13,579.2,549.2,530.2,517.9,516.9,527.4,544.6,549.2,544.4,543,540.4,538.9,543.7,574.4,594.4,631.8,654.2,696,725,716.4,698.1,671.2,643.6,613.2
2024-10-14,578.6,548.5,532.1,519.2,519.5,535.9,572.3,628.9,690.1,724.2,735.5,688.6,666.3,714.5,753.4,756.8,760.4,778.6,790.2,781.4,758,719.9,685.5,650.7
2024-10-15,605.7,572.3,551.1,537,535.5,552.4,589.1,637,685.1,721,724.8,726.2,746.3,763.2,762.1,762.4,766.9,777.9,791.2,783.4,760.2,719.4,685.1,648.4
2024-10-16,601.9,566.8,543.5,528.4,528.4,544.8,582.3,626.9,673.5,689.5,684.6,683,680.2,689.2,731.9,729.4,744.9,768.2,784.1,778.1,753.6,720.8,688.6,655.3
2024-10-17,607.9,574.2,549.7,534.1,537.5,555,589,649.7,705.3,734.6,743.8,752.3,724.4,753.3,756.8,734.2,747,777.3,799.2,795.1,769,733.6,704.3,670.7
2024-10-18,622.7,588.9,562.1,550.2,546.7,564.8,606.3,665.8,739.9,759.3,774.3,773.7,780.6,804.2,804.3,810.6,832.2,853.1,861.1,851.7,823.4,784.9,747.2,708
2024-10-19,653.5,613.2,585.3,569.9,565.4,574.1,600.2,626.3,667.7,680.2,679.1,690.6,691.4,686.3,676.9,676.1,692.1,720.6,739.3,732.8,713.5,686,662.2,632.3
2024-10-20,593.5,559.8,535.7,523.5,522.6,532.2,547.1,568.2,586.8,604.3,609.2,601.3,596,612.3,607.6,613.1,643.2,677.7,703.5,694.6,683.1,657.6,631.8,606.2
2024-10-21,568.6,539.1,519,509.1,508.4,529.1,564.3,611.9,663.6,700.6,712.8,701.5,692.4,729,739.1,738.9,744.9,760.3,772.5,763.1,743.9,714.2,683.1,650
2024-10-22,605.8,573.3,553.3,539,544.1,560.2,599,645,674.5,701.5,707.9,722.8,742.9,755.1,770.3,769.2,774.1,789.8,791.2,780.1,748.5,715.8,636.2,594.2
2024-10-23,603.7,565.6,542.9,527.2,525.9,543.1,574.9,619.3,667.9,666.7,653.9,638.8,624,610.9,612.8,633.1,677,720.3,742.6,737.9,714.1,686.5,663.7,632
2024-10-24,590.3,554.4,533.7,522.8,522,538.7,576.7,601.7,602.7,597.3,582.6,566.8,552.1,572.9,593.8,625.5,678,722.6,743.8,734.5,716.9,687.6,662.8,635.4
2024-10-25,588.6,558.8,537.1,526.1,529.7,544.5,580.4,609.9,630.7,631.6,628.7,610,605.9,623.4,645.3,677.5,704.3,738.1,753.5,746.7,726.3,698.6,673.9,642.9
2024-10-26,598.3,566.6,545.5,531.7,531.6,544,567.8,596.2,637.3,664.2,661.6,671,662.2,650.7,665.7,655.7,687.2,718,738.6,730.3,711.3,684.2,662.1,636.7
2024-10-27,593.1,561.6,541,529.7,528,539.3,558.3,583.3,614.1,639.2,658.6,664.4,667.3,661.2,660.4,659.6,672.9,701.2,716,707.9,696,667.9,641.8,613
2024-10-28,572.9,541.8,521.5,510.6,512.4,531.2,563.6,621,664.5,687.6,676,687.2,661.1,667.7,667.5,675.8,695,722.8,738,728.6,708,680.4,657.5,630.3
2024-10-29,587.1,554.2,533.4,521.1,521.5,535.5,572.3,621.3,650.1,654.6,629.2,618.7,608.6,628,652.6,658.6,691.3,723.9,739.9,729.4,711.2,683,656.4,625.9
2024-10-30,578.4,548.2,527,513.3,513.4,532,569.6,611.4,640.6,646.8,627.8,590.7,586.9,606.2,630.5,658.7,685.6,723,740.7,728.9,709,678.1,655.9,625.4
2024-10-31,579,547.7,522.1,512.1,512.4,531.5,567.8,616.6,658.6,674.4,641.8,648.4,649,668.4,677.8,682.3,697.7,727.8,738,730.8,711.2,679.6,659,631.4
2024-11-01,589.3,554.8,533.4,520.3,520.6,534.1,573.9,629,684.1,719.3,737.6,738.8,734.2,738.3,730.6,722.7,731.8,745.8,741.9,736.5,716.5,687,664.5,637.9
2024-11-02,592.6,565.9,542.6,528.5,527.7,542,565.4,594.3,630.1,647.3,653.3,633.6,636.9,643.4,635.9,638.2,655.2,703.2,721.2,711.1,697.5,671,652.1,627.2
2024-11-03,587.9,554.7,534,522.8,521.7,532.3,552.4,560.7,546.1,532,532.2,522.8,533.3,547.1,559.7,587.2,627.9,679.3,703.7,698,681.3,660.1,637.5,610.7
2024-11-04,572,543.8,522.2,511.1,511.9,530.8,564.6,596.2,602.8,599.9,611.4,621.9,672,693.5,644,644.5,683.4,720,733.2,724.3,700.6,674.7,649,622.9
2024-11-05,584.5,547.1,527.5,515.6,515.1,529.3,562.8,601.8,641.7,660.5,628.4,600,567.9,587.3,596,612.2,658.3,708,728.5,719.3,700.8,674.5,651.9,625.5
2024-11-06,582.8,549.9,529.6,515.9,516.6,535.8,570.7,605,612.7,608.2,588.8,563.5,553.8,576,604.3,627.5,669.1,713.1,733.4,728.2,707.1,680.9,659.1,632.4
2024-11-07,591.9,558.3,535.1,524.1,526.8,543.5,580.8,613.4,612.9,594,578.6,563.6,569.1,595.9,594.2,638.7,678.9,724,742.1,736.3,718.4,691.1,666.4,640.1
2024-11-08,598.6,563.7,542.7,529.5,531.1,547.4,584.4,614.7,620.2,609.5,605.5,601.6,618,629.1,621.8,650.2,676.8,720.8,733.4,723.2,703.6,680.2,663.6,638.4
2024-11-09,595,559.1,538.4,527.6,525.7,536.8,565,578.8,586.2,607.3,575.6,597.6,603.4,602.5,602.1,628.7,653.3,698,710.5,702.8,687.3,665.4,646,623.3
2024-11-10,584.6,554.3,533.7,523.5,526.3,539,559.8,575.8,606.5,630.8,636.1,624.6,627.4,642,648,654.9,669.1,701.3,710.6,700.5,682.9,660.2,642.2,618.7
2024-11-11,576.4,548.3,527.4,516.3,518.2,535.8,575,612.4,613.9,604.2,586.7,570.2,558.1,578.9,598.4,629.4,678,726.1,738.8,728.8,710.3,685,663,636.1
2024-11-12,591.4,558.2,535.5,523.1,524,542.3,579.5,616.6,624,618.4,590.7,564.6,552.2,579.7,597.5,598.6,673.3,723.2,732.6,724.7,706.2,683.1,658.4,634
2024-11-13,591.4,558.4,536.3,525.4,528.4,544.8,578.8,612.4,620.8,598.5,595.8,591.9,582.3,606.2,625.9,644.4,674.6,718.8,734,723.6,704.6,681,657.6,629.6
2024-11-14,587,554.6,535.3,523.8,524.6,541.9,580.3,618.8,657.9,645.7,609.5,590.9,578.6,590.3,609,662.9,696.7,730.4,740.5,732,714,688.9,668.8,641.5
2024-11-15,595,561.3,540.9,532.3,536.9,554.1,588.7,635.7,682.5,704.3,695.3,674.9,687.8,704.6,709.7,715.9,723.5,745.2,743.3,733,712,687.9,667.8,643.9
2024-11-16,600.7,566.4,544.8,533.5,532.2,544.6,570.6,597,626.1,623,626.8,602,617.2,603.8,621.1,642.1,667,708.3,724.4,714.3,696.8,674.9,655.2,630
2024-11-17,594.4,560.2,534.2,523.4,521.2,533.6,556.7,569.3,575.4,551.1,525.2,524.3,513.3,515.5,524.1,562,622.9,680.6,701.2,697.4,686.6,667.9,647.6,626
2024-11-18,580.7,550.5,531.1,522.1,524.5,540.4,581.1,623.5,626.2,608.4,591,582.3,559.9,573.8,588.4,624.6,681,740.9,756.8,749.4,732.4,707.3,687.9,660.4
2024-11-19,616.6,584,561.1,545.3,543.4,556.7,592.2,634.7,664.6,662,654.3,643.4,637.1,662.5,654.2,689.1,707.1,743.3,752.9,741.7,719.2,697.1,677.2,655.8
2024-11-20,610,571,550.2,538.3,537.4,553.9,592.9,640.2,703.6,731.8,734.7,722.9,698.1,715.8,714.7,724.1,739.3,767.2,767.7,754.9,737.5,713.2,691.6,668
2024-11-21,626,592,563.6,550,549.2,564.9,602,646.7,666.3,632.1,609.5,586.7,571,588.1,612.1,651.8,695.1,746,760.4,748.7,734.7,709.8,689.7,662.3
2024-11-22,619.9,585.5,563.1,546.8,547.1,568.9,604.6,652,690.2,671.3,622.5,614,608.3,602.1,623.9,652.8,702.2,751.3,763.6,752,737.5,714.3,695.5,669.7
2024-11-23,628.3,594.8,571.2,555.8,558.4,568.7,596.6,612.9,608.9,592.5,591.4,583.9,566,570.7,585.6,615.9,665.7,725.6,743.6,736.6,720.9,698.7,684,661.1
2024-11-24,623.7,589.7,566,554.1,550.8,565,590.3,602.3,591.6,586.9,597.6,607.2,606.9,608.3,619.4,639.6,659.8,708.7,730,726.3,712,692.4,674.3,650.5
2024-11-25,605.7,574.4,551.4,542.2,549.2,561.7,603.2,643.8,676.3,672.4,665,652.1,647.5,671.1,698.3,716.6,738.8,768.2,768.5,761.5,738.8,709.7,689,666.9
2024-11-26,625.5,583.6,562.2,550.6,552.9,572.5,613.8,667,731.6,756.5,732.9,679.5,663.5,698.2,709.1,721.3,759.6,793.8,794.2,787.1,768.9,740.2,715.6,692.3
2024-11-27,646.7,609.2,588.1,574.9,572.8,591.6,631.9,687.6,743.1,759.2,777.3,750.2,727.7,729.3,753.1,773.2,808.7,842.1,837.9,825.3,796.8,766.2,742.4,715.3
2024-11-28,670.7,634.2,609.7,595.5,596.2,613.1,660.5,707.4,740.6,757.3,734.4,787,762.5,734.1,763.3,793,821.9,843.6,837,819.5,795.1,767.1,744,724.2
2024-11-29,677.6,634.8,606.3,593.1,597.5,612,655.4,712.5,770.7,816.5,810.8,797.2,774.3,790.1,798,803.5,820.8,845.8,832.8,811.3,783.4,750.6,735.3,717.1
2024-11-30,667.4,633.7,605.1,590.3,588,603.7,631,653,645.4,606.9,588,564.7,558.9,566.9,582.4,604.7,665.2,741.1,771.9,765.5,754.4,734.1,724.2,706.5
2024-12-01,664.7,630.6,605.9,593.6,594.5,608.2,629.8,642.9,647.6,631.6,600.3,588.1,608.5,626.1,607.1,599.7,655,725.8,758.5,756.9,742.5,722.1,705.6,679.4
2024-12-02,637.4,604.1,582.3,569.9,574.1,596.4,635.6,688.2,698.5,665.5,641.4,615.4,596.1,620.4,632.9,660.4,705,763.4,782.8,780.7,763.8,734.6,722.4,694.2
2024-12-03,651.5,614.3,596.1,584.3,586.1,605.2,648.5,693.4,706.6,707.6,673.4,640.8,642.4,663.1,698.6,707.9,749.8,811.9,826.1,814.8,797.5,767.4,751.8,729.1
2024-12-04,690.9,654.3,627.4,613.4,614.6,631.6,676.8,730,736,710.3,695.7,674.7,650.8,681.8,684.5,657.5,748.3,819.7,839.4,830.7,803.6,767.3,741.9,715.7
2024-12-05,670.4,627.4,602.3,592.2,597,614.7,652,705.7,749.4,751.4,744.4,683.8,680,693.3,718.2,749.5,779.5,827.7,832.8,825.1,804.3,776,756.6,728.8
2024-12-06,679.5,641.4,615.9,603.7,607.4,621.3,660.9,714.3,754.1,760.6,747,733.4,733.1,718.8,706.5,736.4,769.2,819.7,823.5,812.4,785.9,760.5,744.7,724.7
2024-12-07,684.9,646.7,619,606.2,613.4,629.8,661.2,684.7,676.1,629.5,608.9,583.2,578.4,596.3,632.8,697.7,743.7,790.9,797.5,785.6,771.3,751.2,738.1,717.7
2024-12-08,678.4,646.2,623.2,613.5,611.3,626.6,652.7,676.5,690.9,674.8,682.7,664.3,655.9,659.2,672.6,689.2,738,804.7,819.2,809.9,786.7,761.6,747.3,724.8
2024-12-09,680,643.4,615.6,604.5,604.3,621.2,665.4,723.4,781.2,797,788.6,768.6,735.4,743.4,742.5,762.4,799.4,851.9,858.2,844.4,815.4,783,761.1,737.3
2024-12-10,688.1,649.2,627.9,619.8,615.4,633.6,672.2,727.3,769.4,755.4,724.4,682,641.7,652.4,683.4,726,777.7,838.4,853.2,843.9,817.5,787.5,760.9,731.5
2024-12-11,678.6,640.1,615.6,601.4,605.9,623.3,665,724.1,789.3,808.5,804.6,752.9,728,750,748.5,728.9,767.4,838.8,849.6,846.9,821,786.2,765.2,738.6
2024-12-12,696.1,654.6,632.7,617.9,624.1,643.3,685.8,748.5,776.3,751.3,721.5,679.5,645.9,663.3,675.9,708.8,769.1,841.7,858.9,850.6,829.6,802.8,779.4,753.7
2024-12-13,705.3,668.9,638.7,627.2,627.6,646.8,683.1,734.1,798.5,838.5,819.2,816.3,751.6,756.3,757.3,782.5,813.6,865.5,860.1,846.2,833.2,808.8,791.9,769.5
2024-12-14,722.6,676.7,648.3,634.4,635.4,650.1,677.8,707.7,733.5,730.3,725.6,726.9,700.1,713,728.9,743.4,787.6,836.8,841.7,827.3,809.7,786.5,774.4,758.4
2024-12-15,710.6,673,647.5,631.3,627.7,641.1,664.4,688.1,720.9,735.9,715.5,711.1,718.7,714.4,718.7,734.8,772.1,824.3,832.4,819.3,802.1,773,760,738.3
2024-12-16,688.2,651.6,621.2,609.5,610.5,631.5,674.7,739.7,824.3,852,816.3,800.6,790.1,794.7,786.2,782.8,806.9,864.1,878.4,864.7,841.2,808.7,779.9,746.6
2024-12-17,696.9,661.6,644.6,632.6,632.4,646.3,691.3,762.6,807,784.9,765.7,757.1,732.2,756.7,754.9,767,799.6,854.1,866.9,862.5,835.9,808.6,788.3,766.8
2024-12-18,709.5,672.2,648.9,637.3,636.7,663.5,703.6,771.5,824.8,829.5,821.4,789,772.4,798.9,830.8,842.1,870.8,920.4,916.9,904.3,873.2,834.2,810.1,791.4
2024-12-19,740.6,696.9,663.7,652.9,663.1,689.4,739.9,809.7,850.2,812.7,757.2,713.4,679.7,688.8,709.1,740.1,811.5,895.7,920,910.5,894.1,864.5,850.6,823.5
2024-12-20,767.5,721.1,690.2,678.2,680,689.4,712.5,770.4,844.9,859.9,852.5,855.7,795,791.3,800.6,826.1,847.1,881.5,885.3,877.5,853.6,828.7,812,777.9
2024-12-21,724.3,687.6,665.8,652.3,640.6,651.7,676.2,705.3,758,802.4,788.5,760.4,750.1,767,788.5,800.5,840.7,879.3,884.4,870.7,846,819.6,802.4,780.6
2024-12-22,734.4,697.2,670.8,654.4,654.4,669.2,693.5,720.1,734.5,725.6,684.9,673,654.8,671.7,691.8,718.1,774.8,852.8,873.9,870.4,855,830.4,813.6,795.8
2024-12-23,754.1,714,689.4,671.4,671.3,681.8,726.7,791.3,847.7,807.5,787.2,761.5,738.7,781.9,764.1,802.4,843.5,904,910.7,892.4,864.3,840.3,821.3,798.3
2024-12-24,752.5,712.2,685.6,671,663.5,681.9,726.4,792.8,832.1,810.4,748.4,692.5,662.8,664.7,679,733.7,804.1,875.5,883.9,869.8,844.5,821.5,810.1,788.4
2024-12-25,733.6,686.4,664.9,656.9,648.1,656.3,683.9,716.5,709.8,643.5,605.3,600.7,622.1,666,695.1,734.9,778.7,818,827.4,817.4,797.5,773.2,758.5,734.6
2024-12-26,685.9,647.7,623,608.5,611.9,633.5,678,741.5,801,774.9,722.5,686.1,677.4,720.2,747.8,770.6,828.1,894.7,912.9,899.5,873.8,840.2,815.5,791.6
2024-12-27,741,700,674.6,660.2,659.7,679.7,723.3,789.3,842.3,844.4,828.3,803,771.3,764.1,754.2,776.9,834,909.2,915.9,905.8,880.6,840.8,815.5,792.8
2024-12-28,745.2,705.7,681.5,674.2,674.8,696.6,730.9,768.5,780.1,783.4,759,732,748,771.9,769.5,803,837,889.1,898,880.6,857.3,825.1,808.5,789.4
2024-12-29,746.7,709.9,686,673.9,673.5,689.3,715,742,751,735,690,650.4,622.3,581,599.4,667.5,734.7,818.7,864,860.1,842.5,818.8,812.9,792.6
2024-12-30,742.6,697.3,669.9,649.1,645,665.4,703.8,775.4,829,790.7,776.5,739.9,705.2,684.5,695.4,728.9,781,848,866.1,857.7,839.9,815.4,794.6,768.8
2024-12-31,720.2,686.8,661.7,642.7,636,655.4,700.7,762.5,807.6,771.9,731.7,687.9,661.6,655.9,684.7,721.4,782.9,863,890,882.1,864.4,849,834,811.8
2025-01-01,758.1,718.4,694.5,677.7,677.3,693.5,719.7,734.7,702.6,629.5,595.5,575.1,576.7,581.7,613.8,636.1,685.9,776,827.1,831.8,819,798,781.8,751.5
2025-01-02,706.7,667.1,649,637.6,637.6,656.1,696.3,765.7,819.1,798.9,768.2,729.4,682.6,689.3,713.4,749.6,796.6,870.5,894.8,886.2,862.6,831.7,814.5,790.5
2025-01-03,743.9,706.3,686,671.6,673.8,692.6,737.5,804.4,835.6,809.6,764.1,736.6,712,703.9,710.7,745.7,809.7,901.6,934.6,925.8,905,882.1,862.4,836.9
2025-01-04,783.6,743,716.1,696.2,691.9,710,744.5,773.8,764.7,720,696.1,663.5,644.9,646.5,633.8,655.5,726.9,830.6,883.2,886.7,874.6,856.8,845.2,823.9
2025-01-05,764.2,718.5,689,674.3,671.3,682.4,694.1,715,741.4,769.8,738.4,719.6,704.9,711.3,736.5,775.2,796.7,830.4,850.2,839,816.8,788,768.3,751.8
2025-01-06,702.6,669.6,660.6,659,663.4,677.3,704.3,771.8,829.9,839.8,832.3,821.9,804.1,770.4,776.1,811,859.2,930.5,945.5,931.9,906.6,872.6,852.8,825.2
2025-01-07,774.7,735.7,709.6,697.6,703.5,724.7,765.1,834.5,901.4,884.2,831.9,789.5,769.6,811.3,842.5,876.1,924.3,959.7,958.4,942.4,908.2,873.2,850.4,822.5
2025-01-08,779.6,739.1,706.8,698.8,694.6,709.6,748.3,813.6,883.8,872.6,839.5,848.4,841.7,864.3,860.5,861.8,879.9,940.2,948.2,933.5,906.8,872,853.9,831.5
2025-01-09,794.1,759.9,739.9,728,735.8,759.3,804.1,869.8,943.9,928.1,874.6,856.4,828.4,873.8,929.5,976.9,1019.7,1046.9,1048.7,1031.8,999.4,956.8,933.5,913.1
2025-01-10,860.9,815.5,786.8,771.2,768.6,785.4,825.8,887.3,966.7,996.3,987.4,933.6,875.3,879.6,868.3,896.6,939.2,1002.6,1010,990,955.7,918.5,897.9,878.6
2025-01-11,828.4,783.6,758.3,741.1,745.6,763.8,794.7,827.1,849.8,816.2,798,779.5,752,780.1,794.2,827.3,888.8,940.6,965.5,956.5,935.9,904,885.4,867.6
2025-01-12,828,796.6,766.3,750,754.5,766.7,781.4,810.7,817.5,749.4,709.9,674.5,663.6,698.5,700.1,715.3,790.2,894.6,940.8,940.1,914.6,880.3,863,846.1
2025-01-13,795.7,779.5,754.2,735.5,742.7,767.3,818.2,875.7,909.8,838.3,798.8,781.4,751.5,734.8,739.1,760.1,812.7,909.1,971.9,981.2,967.1,939.4,917.3,890
2025-01-14,831.7,779.4,744.2,731.6,728.5,750.6,788.7,840.3,875.8,820.7,774.2,745.9,705.5,690.5,702.2,723.7,768.7,846,904.8,915.2,890.1,843.5,821.1,796.6
2025-01-15,759.3,725.9,702.6,686.7,694.5,720.2,767,834.4,902.9,932,916.7,894.8,877.9,884.7,872.2,876.3,922,995.1,1010.9,996.9,968.3,929.8,898.5,872.8
2025-01-16,819.6,777.3,753.1,743.9,745,762.1,800.5,852.6,927.2,939.7,913.6,859.8,800.6,822.6,793.3,756.3,861.9,949.2,981.4,973.8,949.5,915.7,899.8,877.4
2025-01-17,829.7,791.8,762.5,742,738.8,760.2,797.4,850,913.3,916.7,871.3,809.3,761.1,744.7,718.3,738.8,805.2,890.7,954.8,965.7,957.2,935.9,921.8,903.8
2025-01-18,852,814.2,788.2,771.4,773.4,791.8,821.8,850.1,821.4,748.3,719.8,678,660.2,671.7,663.2,680.2,728.7,806.9,882.7,903.7,906.3,890.4,876.8,866.3
2025-01-19,824,789.1,759.8,745.8,743.4,748.7,776.7,803.6,766.5,658.3,625.4,608,596.1,607.4,627.3,649.1,683.1,768.2,863.4,886,880,866.3,858.4,838.9
2025-01-20,790.5,751.6,728.4,718.4,723,744.5,783.6,843,866.5,801.1,755.2,712,684.4,696,707.2,745.2,802.7,889.6,935.7,938.8,921.3,896.1,882,855.1
2025-01-21,801.6,768,745.1,737.6,736.5,756.6,802.8,863.5,868.8,785.1,733.3,691.6,656.1,663,672.1,692.8,749.5,843,920,932,921.5,898.2,886.3,867.6
2025-01-22,818.6,780.7,756.8,746.4,746.1,762.8,806.3,861.4,876.2,799.3,790.2,752.8,729.5,703.8,700.1,729.1,768.6,837,889,899.9,890,866.1,851.6,834.7
2025-01-23,776.6,744.5,723.7,718.7,721.1,740,780.5,836.1,850.1,761.7,709.9,678.3,653.3,656.1,673.3,693.8,742.3,817.6,883.4,895.1,880.3,859.3,849.4,824.7
2025-01-24,767,723.1,700.3,690.2,701.8,728.4,773,821.5,843.5,782.9,743,709.8,683.3,685.8,697.6,719.5,749.5,793.3,850.8,867.2,856.7,837,827.2,807.5
2025-01-25,762.1,724.5,699.9,678.5,679.2,693.8,729.7,765.5,745,654.9,624.3,615.6,625.7,671,689.3,698.3,747.2,807.6,852.8,854.8,846.1,829.9,808.6,803.9
2025-01-26,760.1,721.3,701.8,687.9,692.9,711.5,737.6,752.4,745.5,717.7,707.1,707.6,687,672.5,701.4,722.9,753.4,813.1,853.5,856.9,835.4,813,799.5,779.7
2025-01-27,738.6,701.9,674.8,668.2,677.9,695.4,721.8,745.5,789,782.1,782.9,762.2,727.8,710.9,726.1,749,808.7,879.9,932.5,938.3,914,888,878,857.1
2025-01-28,817,779.9,752.8,741.5,741.5,754.4,774.9,798.7,827.5,814.7,793,761.8,746.2,714.5,748.8,769.1,810.3,878.6,924.7,922.2,908.2,884.9,867.5,850.5
2025-01-29,804.5,767.7,738.3,721.1,721.6,737.9,771.1,805.3,780,688.5,636.2,606.7,607,599.1,613.9,621.8,674.2,761.6,841.9,861.5,864.3,864.1,867.9,863.4
2025-01-30,839.1,807.4,785.4,777.8,778.5,785.9,805.8,823.4,756.7,635.5,603,587.1,569.7,556.5,582.6,602.8,656.9,752.1,868.3,902.7,902.7,886.8,877.6,859.4
2025-01-31,811.9,758.2,710.4,694.4,692.8,711.8,738.2,781.3,831.4,878,813,738.6,727.6,736.6,766,793.4,827.5,855.3,872.2,866.4,845.2,812.1,796.9,774.3
2025-02-01,727.6,690.9,665.7,650.4,643.9,657.2,685.5,702.3,753.7,816.8,848.4,855.7,836,805.8,796.6,810.4,837.7,847.6,866.7,857.2,836.4,808.7,794.4,772.2
2025-02-02,731,691.1,668.4,660.4,664.2,676,704.5,720.9,705,669.3,641,596.3,565.7,564.5,591.8,640.5,708,776.6,843.3,856.1,841.5,828.8,818.8,796
2025-02-03,756.1,717.2,689.6,676.6,678.7,695.7,742.3,808.2,865.6,849,819.4,790.8,773.6,804.3,811.1,836.4,894.3,958.4,1000.5,998.2,966.3,927.1,909.5,897.8
2025-02-04,853,811.2,786.8,778.8,778.6,791.6,832.6,888.4,957.2,1005.1,984.4,959.3,943.3,934.9,884.1,883,932.7,985.3,1017.2,1006.7,978.4,942.1,920.9,899.5
2025-02-05,860.8,825.3,794.3,785.9,778.9,791.6,829.7,884.4,936.3,923.2,891.1,860.6,832.6,844.9,834.4,847.4,904.5,982,1013.2,1003,979.9,944.7,929.6,901.6
2025-02-06,853.5,817.4,788.6,778.5,780.7,798.1,842.5,899.6,966.6,974.4,928,893.3,846.8,846.4,849.7,859.8,883,939.4,993.2,999.2,973.4,945,924.7,885.6
2025-02-07,826.7,784,758.5,748.6,758,765.6,794.9,852.7,917.7,943.8,964.2,951.4,924.5,938.8,937.8,969,1030.8,1060.6,1073.4,1056.5,1019.8,982.7,953.2,933.9
2025-02-08,883.9,845.4,816.8,801.6,801.1,809.4,834.8,860.7,897.9,887.7,861.6,860.2,833.1,831.6,829.2,851.9,887.4,946.4,991,990.1,973.9,949,936.6,923.7
2025-02-09,877.6,837.4,808.9,786.9,785.9,805.9,829.6,844.3,828.9,781.6,757.2,748.2,729.7,748.7,747.9,764.9,814.7,891.4,955.9,969.2,950.2,919.7,896.5,877.5
2025-02-10,828.9,796.3,773.2,757.8,766.3,792.4,839.5,898.9,918.2,887.8,883.4,845.5,808.3,787.6,766.6,769.5,805.8,881.9,977.2,1006.4,989.4,963.4,944.5,926.1
2025-02-11,880.6,842.4,816.6,803.1,801.3,825.1,868.9,922.5,895.7,803.6,760.2,716.8,678.8,679,680.4,705.3,749.8,824.2,899.4,905.5,875.9,841.1,826.2,804.1
2025-02-12,749.5,705.1,676.2,657.3,650.1,667.9,700.5,740.6,805.8,809.2,795.3,797.6,786.2,797.5,803.1,796.1,828.7,862.1,901.2,904.6,879.7,862.7,854.8,847.4
2025-02-13,807.9,771,748.9,736.7,739.7,768.9,825.6,885.5,861.4,791.1,764.9,714,665.7,667.5,673.8,695.2,748.3,825.3,935.4,971.9,956.4,929.9,918.5,894.5
2025-02-14,846.2,803.1,778.5,764.8,765,781.1,819.4,862.4,827.4,752,718.3,696.3,662.7,694.4,718.5,757.5,783.5,821.8,865.8,883,868.9,845.4,833.7,815.1
2025-02-15,762.8,724.7,709.3,684.8,675.4,686.3,707.3,733.2,776.4,818.9,801.4,774.6,754.2,758.9,772.1,815.4,851.1,856.3,867.2,859.8,844.5,819,806.4,796
2025-02-16,767.5,737.1,715.5,706.5,705.2,715.8,735.3,750.3,714.4,610,611.1,564.7,555.7,539.6,542.5,576.2,634.8,710,799.9,835.1,832.3,818.5,810.3,792.7
2025-02-17,749.2,719.6,700,692.2,704.1,737.9,790.1,842.7,808.9,746.3,736.4,708.3,683.9,685.9,692.4,741.8,820.4,882.4,932.4,933,913,882.2,865,841.9
2025-02-18,793.8,757.8,741,727.3,729.3,747.8,788.6,844.5,867.1,839.9,802.3,760.7,691.3,694.6,692.4,738.6,793.8,873.1,961.7,982.1,961.2,924,908.1,883.5
2025-02-19,833.5,793,764.1,747.6,747.8,764.9,802.8,847,898.5,881.3,822.5,767.8,707.7,706.8,721.4,743.9,794.4,877,972.9,996.2,969.3,937.6,921.7,900.1
2025-02-20,848.2,807.1,777.2,762.1,762.1,778.1,818.9,871.9,876.5,856.7,844.8,795.5,751.4,744.8,745.4,767,811.5,892.6,968.9,980.2,958.5,927,907.1,882.5
2025-02-21,832.1,792.9,767.9,757.6,760.4,774,810.7,862.2,880.5,830.8,784.2,756.4,707.3,717.4,719.9,744.7,794.3,878.2,972.4,996,977.4,950.6,937.9,920.3
2025-02-22,866.2,825.2,801.8,789.2,787,803.7,835.8,840.7,796,751.1,746.7,752,713.3,698.7,705.1,715,764.5,846.9,938.5,959.4,940.5,916.4,897.4,875
2025-02-23,826.7,789.9,763.7,751.3,748.2,762.6,793,812.4,780.7,722.1,750,729,699.7,703.7,711.5,756,853.5,908.6,970.1,984.7,964.9,931.3,913.3,895.6
2025-02-24,846.7,809.9,779.1,766.8,769.4,791.3,836.7,895.6,946.1,941.7,914.1,874.8,813.9,778.3,763,765.5,806.9,872.3,972.8,1007.7,989.6,962.5,945.1,917.4
2025-02-25,871.8,837.2,812.5,797.9,794.8,811.3,846.3,876,840.4,781.6,757.5,764.4,760.9,771.3,783.6,809.3,847,895.3,927.1,930.5,910.9,888,866.9,861.7
2025-02-26,817.1,784.7,756.6,741.3,743,759.7,806,835.9,797.6,757,725.6,682.5,642.4,651.4,657.4,683.7,733.1,788.5,874.6,918,909.1,891.4,882.7,868.6
2025-02-27,824.2,787.6,763.1,746.8,752.1,775.9,812.8,834.9,787.2,802,804.9,789.3,769.7,800.6,818.6,838.4,887.5,898,898.5,893.4,866.5,831.4,815.6,788.9
2025-02-28,736.2,690.4,663.1,647.6,643.6,663.1,696.4,738.9,774.1,779.5,746.7,698.7,678.9,717.2,714.9,713.4,731.9,757.8,804.4,834.1,837.2,818.3,786,760.2
2025-03-01,708,686.3,665.4,638.8,627.8,631.9,653.9,674.1,700.1,715.6,709.8,670.5,701.4,707.1,697.4,692.9,716.6,732.3,757.4,762.1,747,726.1,717.3,698.7
2025-03-02,655.6,619.3,595.7,582.4,578.5,587.9,613,621.8,618.9,610.1,614.5,640,647.7,646.3,649.7,661.6,686.7,708.3,730.5,733.5,715.3,696.3,684.7,671.9
2025-03-03,628.6,598,585,583.8,591.7,604.5,634,667.9,723.4,779,794.5,785,774.4,790.3,820.9,804.4,833.2,854.5,867.7,861.3,835.2,806.2,782.7,767.5
2025-03-04,722.7,688.8,665.8,656.6,656.6,675.8,719,774.8,860.9,906.1,908.9,906.7,806.2,792,820.5,829.4,833.7,874.2,898.8,887.2,861.3,837.5,812.7,786.5
2025-03-05,740.2,701.2,672.3,661.8,660.7,681.1,719.9,768,799.1,832.1,795,778.1,767.5,797.7,830,865,847,901.4,903.9,900.5,875.5,844.8,820.9,795.9
2025-03-06,754.2,721.1,691.8,675.4,673.6,695.6,744.9,789.1,824.4,778.8,743.8,672.7,627.1,626,647,664.6,718.2,776.7,875.2,924.3,912,891.9,875.5,853.8
2025-03-07,812.4,770.2,745.2,732.1,734.8,755.5,799.1,819.1,762.1,726.3,716.9,682.6,644.7,643.4,677.4,705.5,745.9,795.2,842.3,868.2,846.6,817.7,807.7,788.2
2025-03-08,740.7,706.6,677.9,665.1,667,686.9,709.7,733,757.3,724.7,653.1,659.9,695,714.2,719.7,720.2,741.8,774.3,818.7,856.7,847.7,834.8,826.2,806.6
2025-03-09,753.6,725.3,709.5,700.1,699,718.9,736.5,719.1,626.7,577.3,552.5,534.4,516.2,514.1,518.9,551.8,612.3,681.6,781.1,845.1,848.9,829.2,818.6,798.5
2025-03-10,751.9,718.4,698,688.5,693.2,712.3,745.7,767.3,768.6,778.6,755.5,779.9,757.1,752.4,755.9,762.9,803.1,828.4,844.8,854.3,832,796.5,768.8,742.5
2025-03-11,694.6,660.2,638.5,626.4,625.3,645,680.6,725.3,744.9,750.9,729.5,679,670,649,613.2,626.4,670.7,718,773.2,826.5,818.5,793.3,779.5,756.6
2025-03-12,715.3,688.4,651.6,627.4,631,673.8,716.5,725.5,722.6,738.7,732.7,738.8,729.3,720.9,713.4,726.4,742.5,747.9,788.1,809.9,798.7,774.5,754.8,738.8
2025-03-13,689.6,655.5,632.2,618,617.9,638.2,677.6,729.2,773.4,766,748.9,734.9,676.5,619.7,653,677.8,673.9,719.8,782.2,814.5,801.3,784.2,774.3,755.7
2025-03-14,709.7,663,640.1,621.9,625.4,641.9,677.2,721.2,751,729.5,714.1,621.6,564.1,575.8,608.1,652.2,671.2,698,754.6,782.5,771.7,752.7,738.7,725.2
2025-03-15,686.5,652,631.8,630.7,638.3,654.4,678.4,708,766.2,799.8,777.2,767.9,760.3,779.4,772.7,761.8,803.1,831.6,837.8,838.5,818.2,794.1,777.3,760.9
2025-03-16,709.9,675.6,650.8,647.9,652.8,661.9,689.3,667.9,614.1,610.7,631.3,663.2,685.7,686,712.7,718.6,687.4,771.5,879,906.6,895.4,871.4,863.1,843.6
2025-03-17,796,764.8,743.6,730.3,731.8,750.2,793.8,821.3,809.4,762.8,738.1,697.8,655.2,664.5,674.7,683.8,718.2,772.2,874.3,944.3,941.2,922.8,908.8,876.7
2025-03-18,817.9,773.7,721.4,699.4,705.5,724.5,777.8,800.7,765.8,760.7,769.1,737.8,762.1,748.4,758.6,762.5,818.6,902.5,948.1,963.2,943.9,914.7,896.8,871.4
2025-03-19,820.5,782.5,760.3,739.3,738.7,765.6,802.8,821.3,786.2,794.4,781.1,766.5,707.7,680,663.7,668.7,709.8,773.2,883.2,948.3,937.3,913.3,896.7,877.7
2025-03-20,829.5,796.2,776.1,762.4,763.6,782.5,812.2,794.5,724.2,705.8,696,637.4,609.9,612.5,618.6,632.2,673.6,730.5,806.5,866.9,863,845.1,829.3,806.9
2025-03-21,753.6,711.6,688.9,677,680,695.4,729.7,728.5,684.4,660.5,627.9,593.9,566.7,573.6,576.9,594.8,638.2,693.4,755.1,806.3,805,791.6,784.4,761.6
2025-03-22,713.2,680.8,662,651.7,651.9,670.1,690.3,655.1,582.6,560.9,537.3,514.2,497.1,498.7,504.3,531.5,577.9,645.7,712.1,764.8,771.9,760.5,747.4,722.5
2025-03-23,679.4,647.8,631.3,626.4,630.6,644,663.4,614.4,547,522.9,504.6,483.1,476.1,483.1,503.3,540.5,578.1,643.6,700.2,741.8,747.9,726.9,707.3,680.5
2025-03-24,636.3,604.9,583.7,569.4,576.2,592.4,624.3,640.4,617,599.5,587.1,560.5,537.9,551.4,565.4,588.8,630.8,680.3,727.7,764.8,759.7,739.2,721.6,695
2025-03-25,654,622.2,608.7,601.5,605.3,625.5,660.4,656.1,622.3,603.3,584.2,561.9,542.4,554,572.5,592.2,631.5,681.4,726.2,768.8,764.1,745.2,727.5,694.4
2025-03-26,659.2,629,612.4,604.6,607.8,628.8,662.3,657.5,628,604.6,579.4,550.7,532.8,555.1,563.1,590.7,635.1,686.8,723.1,744.9,730,707.2,683.8,652.2
2025-03-27,609,572.7,554.6,546.8,546.6,558.7,597.8,630.5,653,675.2,662,709.2,730,706.6,728.2,734.3,743.8,761.2,776.4,794.6,787.2,765.2,747.5,726.8
2025-03-28,684.5,648,609.8,610.1,625.4,651.9,702.3,757.5,794.9,716.7,659.2,626.2,579.9,618.5,642.8,650.4,695,779.5,836.4,856.6,839.7,819.8,800.8,780.3
2025-03-29,734,700.6,680.5,683.8,692.8,709.8,721.7,695.2,637.3,597.7,567,600.8,616.8,609.3,606.7,645.2,703.3,784.3,835.9,865.3,855.8,847,835.8,818.8
2025-03-30,773.5,737.6,718,713.7,724,750.8,767.1,691.2,574,544.1,539.6,514.2,536.3,552.3,544.5,558,614.2,698.3,800.6,855.4,859.3,848.6,843.2,831.5
2025-03-31,792.2,760.8,740.5,729,725.8,744,771,762.9,670,648.1,626.3,599,607.1,580.6,589.5,632.2,687.2,729.8,809,864.7,860.5,841,824.4,799.5
2025-04-01,751.9,718.8,699.9,689.2,691.1,709.6,737.7,741.7,728.2,696.8,630.5,580.5,563.7,595.4,583.9,623.6,638.4,693.2,772,858.8,865.2,848.9,830.8,806.7
2025-04-02,761,727.4,706.7,700.2,709.6,736.8,762.9,710.7,638,616.1,592.1,563.9,541.9,664.6,550.4,583.9,626.7,686.9,771.3,827.4,834.3,824.1,816.1,793.3
2025-04-03,749,716.8,694.1,678.5,684.8,700.2,728.1,711.9,658.2,639.3,619,584.5,572.7,599.9,613.5,638.7,673.5,716.8,790.8,857.3,854.3,825,808.9,788.5
2025-04-04,732.6,701.3,690.2,680.7,696.5,721.8,744.3,709,659.1,660.9,640.2,625,630.1,642.3,634.2,672.5,705.9,733.6,782.2,836.4,830.8,803.6,785.4,761.7
2025-04-05,711.5,677.6,655.9,640.7,635.2,653.2,664.6,663,624.9,607.2,597.2,630.7,660.2,655.1,654.6,589.7,610.8,654.8,719.1,794,805.9,793.9,790.9,778.6
2025-04-06,737.8,708.6,694.1,689.2,701.3,714.5,721.2,630.2,544.2,517.2,508.2,479.9,471.4,470.6,479.7,509,561.8,627,705.8,797.8,822.4,819.4,810,786.9
2025-04-07,745,715.9,700.9,694.4,697.3,718.7,742,675.6,616.2,598.3,574.4,557.6,529.7,545.6,563.4,589.4,629.4,673.2,733.6,794.9,797.1,777.2,758.7,733.6
2025-04-08,682.6,645,622.7,617.2,622.8,640.4,659.6,630.9,602.7,587.2,568.8,552.2,529,546,557.2,584.4,629.5,674.6,718.9,777.3,787.5,777.5,767.7,740.2
2025-04-09,701.9,673.7,662,646.1,648.1,669.7,698.7,657.8,611.6,595.8,572.7,562.7,566.4,575.5,611.5,630.7,665.6,715.7,741.4,770.1,757.5,725.9,712.6,683.4
2025-04-10,638.8,606.7,586.4,580.7,582.3,599.7,625.7,657.1,658.3,613.1,591,557.9,546.1,557.4,561.2,579.4,628.6,666.3,714.7,787.3,801.5,792.5,780.2,761
2025-04-11,718.6,684.5,666.5,656.1,662.3,685.1,699.9,644.1,601.8,587.9,566.6,544.3,530.2,544.9,562.7,580.4,628.9,676.5,716.9,771.2,773.3,762.4,745.6,730.1
2025-04-12,688.3,654.9,627,609.2,610.8,613,626.7,650.3,660.6,615.3,630.4,638.6,652.7,654.6,677.9,694.1,740.4,768.8,767.7,772.1,757.1,732.7,759.8,751.7
2025-04-13,709.9,679,674.5,668.3,673.8,688,684.8,605.1,530.3,527.4,541.7,558.2,505.1,528.7,532.1,535.9,569.2,633.3,734.2,823,840.1,826.4,797.7,773.5
2025-04-14,731.8,684.9,650.5,633.3,636,642.6,662,656.2,609.1,588.6,571.2,551.9,532.6,552.8,568.1,609,670.7,741.8,796.2,830.3,827.6,816.2,798,771.5
2025-04-15,731.5,704.5,681.7,674.9,676.2,694.7,712.6,668.2,627.7,599,573.3,549.1,526.6,538.4,552,575.6,617.5,672,733.4,814.6,828.5,813.4,800.5,772.7
2025-04-16,723,687,664.5,644.3,637.4,645.5,647.2,622.1,602.2,600.4,586.1,564.6,550.9,554.2,571.1,601.7,621.6,657.6,692.8,750.1,759.5,749.1,729.7,702.1
2025-04-17,662.4,625.8,597.6,578.8,576.2,585.4,608.7,629.7,636,633.3,632.5,616.9,599.2,616.4,629.9,649.7,683.5,729,746.2,765.6,751.9,725.3,709.2,690.8
2025-04-18,651.9,615.8,599,587.8,587.7,598.2,610.2,610.2,616.7,621.7,617.4,601.4,592.6,607.2,622,633,664.5,695.5,715.5,738.7,732.9,714.3,699.3,682.9
2025-04-19,637.6,597.1,576,568.8,568.9,576.3,582.9,569.3,559.7,576.4,581.7,565,555.5,572.8,598.1,640.5,681.5,716.4,708.2,731.5,717.9,695.8,680.9,656.9
2025-04-20,612.6,577.3,557.6,546.5,546.3,554.1,568.4,573.1,555,547.7,577.2,590.6,607.6,579.3,554,572.7,615.9,666.6,695.7,718,713.6,694.8,678.2,649.6
2025-04-21,604,575.7,558.3,550.3,555.8,570.5,595.2,632.2,658.6,642.4,628,617,603,619.5,627.7,650.7,675.8,699.7,726.9,754.2,746.5,717.6,695.9,657.4
2025-04-22,614.7,581.5,562.7,548.8,550.3,563.4,600.3,661.3,718.5,749.4,743,687.4,660,673.2,675.7,657.2,689.1,698.8,716.7,743.7,735.8,716.7,696.3,667.7
2025-04-23,623.7,591.9,571.4,561.3,569.6,583.5,600.7,623.1,646.9,665.2,654.2,614.7,582.3,596.9,584,632.2,658,683.4,705.3,756.2,764.5,743.6,734.5,709.6
2025-04-24,660.7,615.5,595.7,597.5,613.5,638.8,638.5,599.5,579.6,567,549.7,535.5,534.7,534.9,560.9,572.4,628.1,674.1,700.8,740.9,740.1,723.1,701.9,674
2025-04-25,634.9,600.1,587.1,584.5,595.1,606.5,626.9,606.3,618.4,618.6,603.2,593,534.9,529.7,521.5,546.7,591,640.6,701.6,779.2,795.5,785.2,773.6,749.1
2025-04-26,704.6,677.9,651.9,642.1,640.9,650.9,633.1,545.8,511.9,495,486.9,472.8,463.2,468.2,484.4,512.2,561,619.6,670.5,738.7,764.6,756.3,747.1,722.4
2025-04-27,686.2,657.6,635.9,616.9,615.6,630.1,619.9,536.3,502.8,482.9,479.5,473.6,475.7,524.7,588,614.1,634.2,684.4,710.1,735.6,729,706.3,686.8,652.8
2025-04-28,617,586.7,567.9,559.6,558.3,577,603.3,607.6,624.8,618.9,562.6,544.1,507,528.8,538.1,554.1,595.4,646,695.3,759,776.7,762.8,747,726.9
2025-04-29,684.8,656.2,640.2,635.4,638.2,654.6,650.5,588.3,568.3,553.3,537.4,516.8,510.5,519.1,534.5,539.7,600.7,652.9,696.7,767.5,791.1,784,768.3,738.1
2025-04-30,693.7,663.2,646.3,638.1,641.9,657,649.8,587.5,569.6,569.2,555.5,543.3,520.7,525.4,534.1,559.5,600.4,644.6,683.6,734,747.3,735.1,707.4,676.3
2025-05-01,629.7,597.3,573.8,565.1,561.5,572.9,566.8,552.6,551,578.8,636.6,669.4,692.7,686,735.3,761.2,769.3,771.5,757,754.4,741.2,717.9,711.1,693.3
2025-05-02,655.9,625.9,608.8,605.6,611,629.8,631.7,573.9,553.1,541.8,532.8,512.2,494.6,512.3,525,549.6,590.1,646.4,690.3,756,783.3,772.4,758.2,731.2
2025-05-03,684.9,632.5,599.4,581.4,584.6,587.1,580.9,553.2,550.2,542,592.9,595.9,593,606.5,590,624,601.9,621.4,662.7,728.2,754.6,754,738.7,716.9
2025-05-04,675.4,650.6,630.5,620.9,628.4,636.8,617,538,499.2,483.9,466,447.3,442.9,444.6,456.4,488.9,540.6,602.7,651.5,724.2,760.9,758.7,750.1,724.8
2025-05-05,683.7,657,639.4,628,628.4,631.5,598.3,541.6,566.3,568.5,557.8,581.1,622,625,630.7,658.5,667.5,708.1,730.1,748,755.4,726,700.1,665.9
2025-05-06,619.3,584.5,566.8,560.3,562.8,570.7,586.3,599.7,607.7,611.6,635,616.7,597.5,620.1,632.8,626.6,629.5,635.8,665.9,729.9,754,744.2,725.8,702.1
2025-05-07,659,630.8,616.3,610.4,612.3,626.4,619.6,578.2,573.3,564.2,544.8,529.6,510.9,528,551.4,577.4,622.6,663.4,695.2,741.2,766.8,757.1,744.3,718
2025-05-08,675.2,642.9,628.1,618.8,620.3,631.9,622.8,582.5,571.8,559.4,544.8,531.4,514.6,545.6,583,609.9,647.9,671.3,693.6,716.5,713.5,704.3,680.6,651.3
2025-05-09,605,570.5,544.1,543.3,552.9,557.8,592.3,650.5,698.9,719.7,738.8,731.8,724.1,726.7,719.2,711.7,718.5,725.7,723.5,745.8,746.2,730.2,714.5,693.3
2025-05-10,652.2,618.7,597.6,587.7,587.8,598.1,595.8,564.8,564,531.2,537.6,570,576,555.8,609.8,582.6,578.4,633.1,676.4,723.3,746.3,738.3,729.3,700.9
2025-05-11,655.3,624.7,602.6,586.6,576.1,582.3,589.3,582.5,597.3,605.8,543.3,488.5,514.2,504.2,500.5,517.4,555.4,603.3,656.8,708.7,733.7,730.4,716.2,690.4
2025-05-12,649.2,624.7,609.2,600.7,609.3,627.3,613.4,570.7,566.7,567.2,553.6,542.9,518.4,526.7,541.6,570,608.4,657.3,691.2,727.7,737.8,711.7,693.4,665
2025-05-13,617.3,583.3,566.5,564.5,580.1,603.8,596.4,564.5,570.5,567.3,557.8,548.1,535.7,544,563.5,591.8,627.1,665.3,698,726.6,738.5,726,712.4,682.6
2025-05-14,643.9,608.6,590.8,585.9,582.8,591.6,589.5,571.2,572.3,566.1,565.5,584.2,588.2,627.7,643.7,650.2,669.5,690.8,708.3,731.8,723.5,699.6,678,647.6
2025-05-15,602.6,569.3,544.2,534.6,535.8,544,571.1,609.9,637.9,673.1,697,703.9,692,685.1,685.8,695.4,702.6,720.6,727,747.7,740,712.5,685.1,651.9
2025-05-16,608.3,570.9,552.5,535.3,533.9,546.8,570.5,627.4,678,727.6,742.7,739.7,726.5,736.1,753.1,762.5,765.5,770.6,754,760.5,740.4,718.7,695.9,664.2
2025-05-17,617.9,592.5,577.2,559,564.2,573.4,561.6,545.2,552.9,539.7,533.4,544.1,520.4,511.1,541.2,606.3,613.6,649.1,674.3,705,708.1,696,678.3,651.1
2025-05-18,612.9,581.1,552.2,539.9,532.8,536.6,539.4,529.2,548.3,518.5,482.8,503.2,478,474.2,502.4,561.4,600.2,632.4,652.7,689.6,708.5,694.3,676.4,656.1
2025-05-19,615.3,588.5,575.6,569.7,562.7,564.9,565.1,568.5,576.8,564.5,555.6,541.2,534.2,557,569.5,602.6,651.2,672,689.7,719.7,714.4,689.2,666.4,630.5
2025-05-20,584.1,554.2,537.6,526.6,527.9,539.2,561.4,593,617.6,632.7,639.4,619.6,630.4,697.5,688.8,708.1,734.1,742.7,737,754.5,744.2,706.4,681.7,648.6
2025-05-21,602.3,568.8,544,532.3,533.4,541.8,567.8,616.3,683.1,727.7,764.8,761.8,758.1,761.7,746.1,732.8,737.3,746.3,750,757.3,743.7,710.8,688,650.8
2025-05-22,604.1,571.8,551.8,542.1,541.6,552.9,575.9,601.8,630.6,618.6,620.7,638.6,671,675.3,686.2,670.5,702.5,734.9,748.5,754.3,744,714.5,691.2,656.8
2025-05-23,613.3,577.1,556.3,545.9,543.1,554.5,587.3,630.9,673.3,697.6,702.3,703.8,695.5,702.9,706.7,696.6,704.8,711.6,726.7,742.6,733.4,706.9,682.3,653.7
2025-05-24,609.4,573.8,552.3,539.1,538.9,543.6,567.2,586.7,608.3,612,633.1,636.1,608.8,605,598.8,582.8,612.9,641.3,672.4,692.6,702.9,692.5,681.5,654.8
2025-05-25,612.2,576.6,558.2,550.1,554,559.7,560.6,551.6,540,527,495.8,471,463.4,466.3,479.9,505.9,551.4,606.8,645.4,686.1,706.9,695.1,674.8,646
2025-05-26,603.1,572.7,551.6,545.6,547.1,557.8,565.2,568,583.7,590.8,571.9,540,525.8,542.6,553.3,572.6,610.6,654.7,683.9,713.8,725.9,711.5,695.9,665.6
2025-05-27,623.5,591.8,572.9,562,560.5,569.3,568.2,566.2,576.5,581,571.9,556.1,543.5,560.1,575.1,595,628.8,666,693.4,721.9,728.8,710.3,689.3,663.1
2025-05-28,619.7,589.2,567.9,555.8,552.7,559,564,578,598.3,609.8,585.7,572.6,588.9,607.8,601.5,628.4,656.2,689.2,710,730.3,732.4,710.8,689,656.1
2025-05-29,613,583.8,562,548.7,550,561.8,569.3,577.5,588.7,588.9,581.8,571.3,560.2,573.2,586.2,605.5,642.1,682.6,707,731.2,734.9,713.1,695.1,665.2
2025-05-30,622,592.7,573.5,556.2,555.3,565.2,571.4,577.5,588.2,593.5,587.5,568.6,558.8,575.8,587.3,612,649.5,682.7,699.1,723.9,726.5,705.2,686.4,660.5
2025-05-31,616.5,584.8,565.6,554,550.8,554.1,546.1,542.9,549.1,551,562.2,565.7,531.7,550.1,591.6,577.9,611.7,662.3,684.1,704.2,706.2,686.8,670.8,642.5
2025-06-01,603.9,575.7,555.3,544.6,544.1,546.9,536,515.9,505,502,497.8,497.3,489.1,488.7,507.1,533.5,579.7,635,670.9,697.5,701.6,682.3,661.4,625.9
2025-06-02,581.5,549.6,530,519.6,518.9,529,558.8,603.6,650.8,672.2,675.3,661,647.9,672,685.3,698,717.5,724.4,717.6,724.8,714.2,686.7,663.2,630.6
2025-06-03,586.6,556.2,534.1,517.7,516.1,522.7,540.9,525.6,516,508.3,507.3,508.8,493.7,504.1,507.9,523.9,576.3,638.1,666.2,695.6,702.1,677.4,661.4,631.1
2025-06-04,595.5,561.4,546.7,539,537.2,545.9,553.5,562.2,571.9,605.2,614.2,579.5,605.3,626.2,622.9,619.2,649.4,686.2,715.6,733.5,733.3,708.3,685.6,653.7
2025-06-05,609.2,575.9,553,540.6,543,552.9,563.7,572.3,586.6,592.4,585.9,575.7,572.6,582.6,591.3,592.9,666.7,703.2,712.3,735,733,708.5,685.2,650
2025-06-06,609.8,575.8,552.4,542.2,537.1,541,550.2,555.2,550.7,561.9,588.1,587.3,577.8,603.7,606.5,644,663.2,679,705.9,722.9,726.6,702.7,673.7,646.8
2025-06-07,599.6,565.7,540.7,529,526,531.7,545.3,560.9,566.6,620.9,606.7,594.9,683.6,683,679,672.5,679,704,721.3,728.4,725.8,701.3,676.9,644.6
2025-06-08,598.4,564.5,543,529.4,525.5,529,548.6,574.2,607.3,629.4,648.1,651.1,670.4,660.4,638.1,649.4,666.1,686.8,709.3,729.3,728.3,701,674.1,640.8
2025-06-09,596.7,563.1,541,526.9,522.9,532.9,565.9,608.3,642.1,689.5,713,705.6,702.3,711.2,693.1,671.7,697.6,721.7,735.3,754.2,751.5,722.2,694.9,660.2
2025-06-10,611.3,572.9,549.9,533.6,528.3,537.8,567.9,599.5,633.3,668.1,693.2,727.9,722.5,735.5,721.9,721.7,721.2,729.2,742.3,756.5,746.9,715.7,690.1,657.8
2025-06-11,605.4,571.4,549.1,532.1,526.2,539.4,573,601.5,626.5,651.7,658.4,636.8,595,613.9,608.5,627.3,668.8,715.1,735.5,755.9,749.9,718.8,692.9,658.4
2025-06-12,611.1,574,551.5,530.8,527.1,535.8,566.5,619.9,672.8,712.7,720.6,727.1,715.1,728.8,713,718.1,710.1,726.9,728.3,746.6,739.5,708,684.3,655.9
2025-06-13,605.8,570.8,549.3,534.3,528.8,539.4,567.8,618.2,656.1,702.7,729.3,754,755.5,777.4,782.6,783.8,789.7,800.8,803.6,803.2,793.8,756.2,730.3,693.7
2025-06-14,641.3,603.2,575.3,558,553.8,556.4,588.8,626.1,677.8,696,695.6,711.5,724.7,684.4,672.3,680.4,692.4,728.7,752.8,760.8,756.5,729,706.3,673.6
2025-06-15,624,588.7,563.4,545.3,539.4,540.1,557.1,581.1,612,630.9,632,636.1,646.2,675.6,676.4,695.3,737.2,764.1,777.1,783.6,775.6,741.9,713.5,674.6
2025-06-16,620.5,583.9,568.4,550.6,545.6,554.5,593.2,654.8,720.3,765.7,765.7,741.2,684.6,677.4,679.6,714.8,724.7,762,780.9,788.9,776.8,742.7,711.2,676.4
2025-06-17,622.3,586.4,560.2,540.3,538.7,550.3,587.7,634,678.4,715.2,755,762,715.7,733,757.7,757.9,783.3,810.1,812.7,833.3,820,771.5,731.3,688.2
2025-06-18,634.2,594.5,566.1,549.4,544.4,553.8,580.8,609.8,643.3,676.4,691.3,684.6,673.5,687.6,702.1,719.8,751.9,787.1,803.1,814.2,801.5,766.1,731.8,690
2025-06-19,636.8,596.2,570.4,554.1,549.3,557.9,594.6,642.4,710.9,763.4,791.3,797.4,798.4,820.2,851.1,823.6,846.1,861.5,872.7,881.6,869.4,822.6,782.9,729
2025-06-20,669.7,623.6,597.2,577,573.6,584.5,621,682.5,765.4,823.3,852.1,846.9,843.8,876.8,873.4,872,872.8,876.5,869.5,869.2,853.2,813.5,777.4,735.1
2025-06-21,678.4,635.5,607.2,585.4,577.3,583.9,606.5,646.8,705.7,761,786.3,814.6,814,825.7,827.9,830.3,838.5,852,851.1,849.5,837.4,798.3,771.4,726.7
2025-06-22,668.5,627,597.2,574.8,566.5,567.8,587.3,610.8,635.8,649.6,636.4,634.2,655.2,663.7,671.1,686.5,692.7,729,748.2,764,761.7,733.1,704.1,668
2025-06-23,619.3,581.9,558,543.3,540.6,550.1,575.2,610.1,651.9,685,703.9,691.2,696.9,712.3,742.2,758.3,788.4,804.7,805.7,813.5,802.2,767.4,736.5,695.6
2025-06-24,644.6,607.2,582.1,565.7,561.5,567,606.9,667.9,732.6,785,815.3,815.9,794.6,795.4,798.7,799.9,800.1,802.2,812.4,840.7,814.3,771.8,734.7,688.8
2025-06-25,636.8,597,569.7,550.5,545.7,556.3,585.6,628.8,665.3,688.3,703,723.2,701.8,700.2,710.8,726.3,754.9,790.8,807,830.2,820.6,772.3,737.7,696.2
2025-06-26,643.4,603.1,575.9,560,552.8,563.4,592.1,628,669.1,703.5,698.5,698.8,689.4,714.4,729.9,741.8,772.3,803.1,820.5,828.6,818.7,780.8,746.4,706
2025-06-27,652.6,615.2,583,562.5,556.7,568.3,601.9,650.8,705.4,757.3,779.5,793.4,796.7,813.6,824.5,844,872.7,899,906.1,912,896.7,853,811,760.4
2025-06-28,705.2,658.3,623.8,603.7,594.4,600.5,621.5,646.8,683,726.6,748.2,747.4,743.7,755.2,770.1,798.9,834.8,878,896.1,898.1,886.1,847.5,807.8,759.1
2025-06-29,700.3,656.1,624.4,602.5,593.7,599,616.9,631.3,651.9,680.5,704.8,711,723.9,743.3,760,779.7,820.8,879.5,911.1,917.7,911.4,869.9,821.5,761.3
2025-06-30,699,652.4,623.2,603.7,595.7,606,647.9,705,767.6,818.4,845.4,851.1,858.5,887.8,895.6,907.6,939.6,980.5,994.7,989.8,972.9,920,866,802.9
2025-07-01,736.4,688.4,656.2,636.5,627.8,636.9,682.3,749.9,823.4,879.3,906.2,910.8,910.7,926.6,933.2,955.9,983.7,1017.9,1026.4,1029.3,1009.2,953.5,893.1,825.8
2025-07-02,756.4,704.2,667.2,643.9,633.7,641.2,684.6,747,817.2,869.4,891.5,890.5,888.9,911.6,927.7,952.2,985.4,1024.8,1030.5,1032.6,1010.1,951.9,893.4,830.2
2025-07-03,757.9,706.1,671.2,644.9,629.2,640.9,686.3,749.3,814.2,871.1,891.3,893.5,887.7,906.2,924,943.4,977,1013.4,1022,1019.7,999.3,942.5,886.1,821.3
2025-07-04,753.1,700.3,669.7,644.8,633,642.2,684.4,747.6,813.6,867.6,896.3,893.7,893.2,927.3,941.4,972.6,979.2,1010.9,1016.3,1015.3,993.8,945.3,891.3,826.5
2025-07-05,760.5,708.4,673.8,650.1,638.6,645,671.8,700.7,743.7,796.5,831.3,838.6,853.1,865.7,874,898.8,946.5,990.8,1002.7,999.7,982.2,935.4,885.4,824.8
2025-07-06,757.4,706,671.8,649,641.8,645.7,669.8,692.7,725.9,774.1,809.6,827.2,857,869.1,878,900.1,934.5,990.8,1014,1017.3,1000.8,952.4,892,820.6
2025-07-07,750.1,699.5,664.9,641.9,632.8,643.6,685.9,752.3,832.1,897.9,939,948.7,963.6,984.3,991.6,1002.1,1027.3,1061.3,1073.3,1072.9,1047.1,987.1,916.1,836.5
2025-07-08,760.7,709.9,675.9,654.4,641.7,650.1,694.4,763.6,845.5,922.8,964,987.2,988.9,998.1,1016.1,1030.1,1047.1,1058.7,1049.2,1043.2,1016.2,959.6,902.3,837
2025-07-09,767.7,713.4,678.8,656.8,645.2,655.2,697.9,769.4,848.9,901.5,938.6,953.6,944.6,968.6,967.5,947.4,978.6,1000,997.3,999.2,980.6,927.5,874.3,812.1
2025-07-10,744.5,695.6,663.3,640.3,632.3,641.6,688.3,759.5,833.1,892.5,917,908.5,927.1,941.5,948.7,940.1,960.3,976.5,970,969.6,949.6,898.1,850.8,793.4
2025-07-11,728.5,683.4,650,628.9,623.6,635.1,676.5,746.3,826.4,880.1,898.8,906.4,906.5,917,906.3,876,878.3,897.9,894.2,898,885.6,845,803.9,758.6
2025-07-12,700.5,658,628.1,607.6,598.4,603.5,629.7,662.4,713.8,765.5,807.4,825.3,826.4,827.7,814.5,807.9,815.4,830.6,836.4,842.2,836.1,805.9,774.3,729.5
2025-07-13,678.8,638.6,611.2,593.4,584.9,589.3,614.2,641.9,682.8,729.9,754.6,754.5,751.6,755.8,755,764.4,788.1,795.2,809,819,809.9,772.6,737.7,691.5
2025-07-14,641.1,606,581.5,565.4,562.5,576.8,607.5,660.3,715.9,770.2,799.7,802.7,803.3,832.7,835.6,855,876.2,881.8,882.3,885.2,868,827.1,781.5,732.3
2025-07-15,675.6,634.2,608.5,590.5,584.6,597.3,632.3,684.1,750.6,815.7,808.9,799.7,797.6,822,831.5,840.8,872.4,903.7,904.1,903.2,889.2,846.3,801.1,746.5
2025-07-16,689.3,642.6,615.9,602.3,594.2,604.5,643.6,702.2,781.6,842,881.4,877.8,857.7,873.7,883.3,884.9,891.1,902.4,912.7,931.7,919.8,880.7,841.2,787.9
2025-07-17,723,681.4,650.6,634.5,627.6,638.5,682.1,763.9,849.7,902.2,935.1,935.1,949.7,960.3,960.5,961.9,982.1,998,997.7,1006.7,981.3,931,877.4,812.6
2025-07-18,746.1,695,662.5,643.5,629.6,632.4,665.3,726,818.2,852,878.5,944.5,958.8,988.5,973.5,950.6,964.2,966.3,941.6,949.9,931.8,883.1,838.9,789.7
2025-07-19,727.7,681.9,651.1,630.2,621.9,630.9,651.1,692.3,749.5,811,849.9,864.1,867.5,879,871.3,869.9,915.5,933.6,948.8,958.3,943.1,901.3,854.3,799.6
2025-07-20,733.3,682.7,652.3,629.5,620.4,628.3,654.3,681.1,724.1,763.1,786,797,821.9,814.1,828,867.9,891.7,938.5,959.6,966.6,955.9,913.6,860.4,798.5
2025-07-21,735.1,686.2,655.9,634.4,628.4,639.2,680.9,749.5,834.6,895.5,935.7,925.2,909.3,925.7,941.2,959.4,990.3,1027.8,1041.9,1041.4,1019.8,961.8,900.6,830.3
2025-07-22,756.6,705.2,671.5,649.3,640.9,651.3,697,756.6,834.3,893.5,920.7,924.3,920.2,945.1,956.7,962.6,993.6,1033.8,1048.1,1046,1020.1,956.4,893.4,825.7
2025-07-23,754,699.9,666.7,645,635.8,644.3,682.8,744,822,880.6,921.2,937.6,933.1,948.8,962.1,975,998.3,1032.8,1052.6,1053.7,1022.5,960.3,897.1,827.7
2025-07-24,755.6,703.8,666.3,634.6,629,642.2,684.6,745.3,822.3,884.2,919.3,928.2,938.2,963.8,975.8,987.8,1021.1,1065,1077.1,1070.5,1041.6,980.3,911.4,841.5
2025-07-25,771.3,721.4,688.9,667.4,659,672.3,716.8,780.9,863.8,934.5,958.7,976.8,979.2,988.2,995.6,1003,1036.5,1073.4,1083.6,1075.6,1049.2,995.6,939.2,873.1
2025-07-26,800.6,747.3,709.5,687,676.8,682.1,711.3,746.8,805.9,857.9,901.4,908.8,907.1,907.8,918,933.3,971.7,1015,1035.3,1038.2,1024.4,981.9,929.2,862.5
2025-07-27,796.8,744.9,708.4,683.3,671.5,675.2,694.7,725.1,761.5,796.9,833.1,842.7,850.1,872.8,902.7,909.2,946.7,982.3,1005.2,1016.4,1006.7,963.2,908.4,829.5
2025-07-28,766.5,716.2,684.2,660.3,651,659.2,703.1,768.2,843.2,902,927.8,932.1,934.2,959.7,973.7,995.3,1027.2,1072.3,1086.1,1081,1050.3,988.3,922.1,853.2
2025-07-29,776.2,721.8,683.6,664.7,655.3,667.2,709.1,771.2,854.4,919.1,954.3,962.1,974.5,990.8,1001.7,1005,1043.9,1089,1083,1086.9,1061.5,1007.1,942,871.7
2025-07-30,800,746.4,709.4,681.6,672.2,683,720.5,786.1,861.3,916.7,935.7,965,975.2,989.5,991.4,998.9,1002.5,994,993.7,1014.6,1003,957.7,903.9,844.5
2025-07-31,775.1,724.7,694.8,669,659.9,668.8,706.1,772.4,852.2,918.3,953,953.5,945.7,956.4,969.5,982.4,1016.3,1062.9,1081.1,1079.1,1049.2,992.7,932.2,867.5
2025-08-01,796.8,742.3,706.1,682.9,673.6,685,723.9,789.1,867.1,942.6,978.5,996,1022.1,1048.6,1047,1040.3,1069.2,1122.2,1124.2,1121.5,1091.9,1025.8,952.5,880.5
2025-08-02,802.6,744.6,705.5,679.8,667.9,674,698.3,737.9,783.4,835.6,875.4,886.4,893.2,904.8,918.6,946.5,984.4,1032.5,1057.4,1057.9,1033.2,979.8,918.4,849
2025-08-03,780.1,728.7,694.3,671.2,665.9,669.4,690.1,730.3,786.3,844.4,889.3,890.5,908,920.2,914.2,928.1,948.6,981.1,995.5,1010.2,999.4,940.4,903.2,834.6
2025-08-04,767.4,721.2,693.8,673.1,664.3,679.8,723.9,804,907.5,996.3,1042.2,1052,1023.8,1021.2,1045.9,1043.1,1065.2,1097,1099,1099,1068.8,1010.4,944.9,875.9
2025-08-05,800.5,748.5,714.2,691.1,681.4,693.8,734.7,803.2,902.4,976.9,1018.1,1010.9,1005.6,1020,1022.8,1053.3,1078.5,1109.4,1114.6,1114.7,1087.2,1029.9,968.6,890.4
2025-08-06,818.1,766,725.9,708.2,698.3,709.3,755.8,828.8,922.1,1000.1,1053.4,1066.5,1041.4,1066.3,1062.8,1064.2,1085.3,1098.9,1092.5,1099.5,1069.3,1013.8,954.2,882.6
2025-08-07,809,758.3,722.9,701.7,692.8,705.6,744.3,819.8,923.2,1000.1,1013.9,1045.5,1037.2,1065.8,1024.3,1040.2,1077.2,1084.4,1090.8,1097.6,1067,1005.7,943.1,874.9
2025-08-08,799.1,744.5,707.3,682.2,672.6,682.7,720.2,797,888.2,946.5,961,973.7,954.6,992.4,951.4,995.9,1016.5,1013.7,1009.1,1019.8,996.3,945,894.3,835.8
2025-08-09,768.9,715.3,679.9,657.1,648.4,656.9,683,731.5,795.5,862.2,919.7,975.5,971.9,959.4,954.3,947.3,962.5,983.2,995.7,1004.2,985.1,934.1,879.8,819.9
2025-08-10,758,717.4,683.4,668.5,662.8,670.3,696.5,734.8,792.3,856.1,891.5,899.7,915.6,913.9,890.8,893,893.2,920.4,925.2,930.2,911,863.8,816.6,765.7
2025-08-11,708.5,661.7,632.8,615.1,609.4,620.9,655.7,726.6,833.9,890.5,922.3,925.8,926.8,931.9,927,931,948,961.2,949.4,951.3,918.4,870.2,822.4,772
2025-08-12,712.5,667,639.8,620.1,616.6,633.7,676.6,747.7,845.9,909.4,931.5,952.1,955.1,957.3,938.3,968,988.3,1014.4,1015,1018.4,991.7,936.5,887,823.8
2025-08-13,755.7,705.3,672.9,652.5,643.9,657.4,696.3,766.1,843.3,908.8,936.9,937.1,941.6,965.7,973.2,988.2,1021,1056.4,1062.5,1064.7,1034.6,976.6,914.7,847.7
2025-08-14,773.8,723.8,689.4,665.2,655.8,669.2,707.6,769.9,849.4,908.9,943.9,957.9,970.1,1000.4,1018,1014,1037.5,1065.6,1072.4,1073,1039.1,982.5,920.2,850.1
2025-08-15,776,721.1,682.1,656.4,647.2,656.4,679.1,715.1,754.5,801.6,842.8,858.9,881.2,901,913.5,930.9,962.5,1004.6,1023.6,1027.9,1005.5,950,886.8,820.8
2025-08-16,750.5,698.9,665.1,643.1,636.7,646.4,669.6,700.2,747.1,801.5,843.2,859.1,883.7,900.1,908.4,925.6,966.6,1014.3,1030,1033.4,1005.9,950.9,889.1,824.8
2025-08-17,755.8,705.2,670,645.9,639.1,647.9,666.5,695.9,737.1,785.3,828.9,845.4,873.1,901.3,900.4,915.9,950.9,998.2,1024.4,1032.2,1008.6,954.7,893.2,825.9
2025-08-18,756.1,705.6,673.7,655.9,653.4,667.8,707.8,780.8,866.8,927.1,958.8,974.2,973,989.2,995.7,1010.5,1047.4,1076.1,1084.6,1082.9,1044.4,981.1,913.9,840.2
2025-08-19,767.7,714.6,678.3,658.4,650.7,662.6,701.3,770,853.3,952.8,984.6,976.9,964.3,981.6,1017.8,1021.9,1039.4,1083.2,1092.8,1094.9,1053.7,985.1,919.5,844.7
2025-08-20,772.2,721.6,688.7,667.6,658.9,672.2,707.9,782,865.5,929.7,964.3,973.8,972.3,993.1,1000.4,991.5,1043.7,1085,1089.8,1093.8,1057.8,993.2,929.4,859.2
2025-08-21,791.2,736.7,697.6,673.7,663.1,676.9,718.2,790.9,869.9,942.5,986.8,992.1,1000.8,1020.5,1032.9,1046.4,1062.7,1089.2,1091.3,1095.2,1059.9,996.5,926.4,854.3
2025-08-22,781.8,727.9,692,669.8,663.9,678.8,716.4,787.3,868,941.1,984.6,999.1,1007.4,1046.3,1053.3,1056.3,1088.3,1113.4,1110.9,1110.4,1073.2,1004.8,934.5,865.8
2025-08-23,793.3,736.1,701.4,677.9,669.9,680.1,701.9,742.9,802.4,862.5,909.7,931.9,945.8,960.3,962.4,983.3,1017,1067.4,1082.8,1081.8,1050.1,993.7,934.4,864.7
2025-08-24,792,739,706,684.7,674.6,682.6,703.4,734.1,778.6,835.3,878,897.9,912,942,949.8,964.1,1002.2,1043.2,1053.9,1062.4,1034.8,977.9,915,845.5
2025-08-25,777.2,722.7,690.6,667.9,660.2,678,721.4,801.6,895.7,963.9,1005.9,1012.6,1018.9,1037.7,1032.9,1045.4,1082.8,1125.2,1125.1,1121.1,1082.9,1020.3,952.3,877.4
2025-08-26,803.3,752.3,719.6,695.9,684,702.8,742.5,819.9,903.6,961.2,993.6,1011.1,1030.6,1062.7,1068,1094,1125.1,1141.3,1138.8,1140.1,1099.3,1029.3,962.2,888
2025-08-27,813,757,720.8,694.2,684.4,695,730.7,813.8,903.9,976.7,1007.4,1038.1,1055.9,1060.2,1042.9,1046.4,1076.7,1111.1,1109.4,1114.7,1071,1005.9,938,863.7
2025-08-28,788.8,736.6,699.9,677.8,669.2,685.6,724.8,799.4,884.8,951.9,985.4,1000.6,1011.4,1038.1,1055.5,1053.8,1057,1100.1,1110.2,1111,1070.4,1001.1,931,857.7
2025-08-29,784,731.5,696.7,674.5,665.6,682.9,725.3,801.4,892.7,964.8,997.2,1015.3,1020,1033.3,1037.5,1052.2,1086.9,1109.8,1107.5,1109.4,1069.2,1001.7,935.7,866.2
2025-08-30,795,740.9,703.2,678.9,669.4,678.7,701.7,743.1,804.1,859.4,909,923.2,938.3,973.3,976.3,990.8,1012.3,1021.7,1024,1033.7,999.9,948.9,893.2,832.9
2025-08-31,768.9,718.8,686.9,667,661.4,666.5,678.9,716.2,755.9,841.8,853.2,850.2,847.1,869,889.2,920.9,926.1,964.7,994.5,1003.2,976.2,917.4,859.2,796.2
2025-09-01,733.5,693.2,663.8,645,636.8,652.6,694.2,779.8,857.6,922.6,945.9,980.4,983,1027.1,1027.7,1019,1045,1081.6,1078.8,1077.5,1031.8,962.6,897.9,830.7
2025-09-02,757.1,708.1,678.4,659.2,653.1,666,698.6,773.4,861.4,926.4,984,1026.8,1026.8,995.6,952.4,941.4,972.2,1004.3,1017.7,1024.1,985.1,923.8,863.6,797
2025-09-03,730.3,683.2,652.8,635.3,629.9,647.5,683,753.7,837.9,903.2,936.8,944,954.6,976.3,1001.7,994.7,1014.4,1034.4,1048.3,1049.6,1005.5,942.3,878.7,816.5
2025-09-04,747.5,698.4,668.5,648.8,642.7,657.8,699.3,775.6,873.9,932.4,961.2,971.8,971.5,991.2,995.6,1014.6,1037.9,1071.7,1079.7,1074.9,1028.5,962,900.8,835.8
2025-09-05,767.2,715.6,685.1,661.2,654,668.8,709.3,783.6,866.8,938,977.2,994.1,1007.8,1036.7,1031.8,1003.5,1022,1057.3,1053.3,1055.5,1013.3,953.5,893,832.1
2025-09-06,766.5,716.7,680.4,655.9,647.9,659.4,683.3,723.5,793.7,843.6,883.9,893.3,924.4,940.2,945.3,948.3,987.5,1022.5,1039.7,1038.8,1001,947.2,894.3,835.1
2025-09-07,769.1,720.8,688.3,665.8,659.8,671.2,691.2,727.3,772.9,814.5,864.1,887.9,904.5,913.9,930.2,968.6,990.3,991,1022.9,1021,985.7,934.4,877.7,810.5
2025-09-08,748.8,701.8,672,653,649,664.6,700.4,775.2,877.2,965.3,1003.9,1007.6,990.6,999.1,1019.2,1015.6,1016.5,1044.2,1057.1,1057.1,986.2,939.1,884.2,818.6
2025-09-09,772,698.1,669.2,650.2,643.5,663.3,701.4,779,856.1,923.1,955.7,966.8,981.1,987.2,976.1,953.5,960,963.1,957.4,959.8,923.2,870.3,823.9,772.5
2025-09-10,711.8,669.4,634.4,615,613.1,628.1,666,744.5,827,879.5,886.3,882.7,868.9,865.9,877.4,892,906.2,933.9,947.2,953.1,914.6,862.8,815.8,765.6
2025-09-11,707.9,663.9,633.4,615.4,611,627.9,665.4,725.1,784.3,823.6,842.8,852.9,868.5,892.4,912.8,903.9,927.7,957,959.7,965.2,930.7,878.9,830.8,778.7
2025-09-12,720.9,677.7,645.1,628.3,618.7,632.3,661,730.5,790.1,836.2,876.3,881.9,904.4,936.9,943.8,962.8,983.4,1008.8,1005.9,1001.5,958.4,901.7,850.8,798.5
2025-09-13,740.1,696.3,666.8,645.6,643.3,656.8,683.2,726.1,788.5,868.1,919.2,931,922.2,891.5,888.9,897.8,925.7,958,973.1,969.1,934,882.8,833.5,779.8
2025-09-14,720.2,674.6,647.7,628.2,620.5,631.6,651.9,677.1,697.4,729.5,775.8,808.1,832.3,862.1,865.6,872.9,902.6,931.4,949.9,944.4,907.9,853.9,797.6,743.1
2025-09-15,689.5,649.4,622.9,606.2,604,621.2,659.6,731.7,808.1,877.3,922.4,957.7,921.3,903.5,917.4,953.5,989.1,1020.3,1025.9,1023.4,980.4,914.7,855,792.7
2025-09-16,729.1,684.1,653.1,633.3,629.1,642.1,682.5,752,832.2,888.2,925.2,947.9,960.3,994.7,1007.6,1007,1038.7,1067.9,1067.5,1058.5,1012.1,948.2,885.1,817.8
2025-09-17,745.1,697.6,666.5,642.6,639,657.9,697.9,774.4,850.1,920.8,939.2,953.3,957.5,993.9,991.6,969.9,1020.1,1057.2,1068.1,1065.5,1019.7,940.1,870.5,805.2
2025-09-18,736.5,686.3,654.5,630,619.6,636.9,674.2,726.3,778.7,812.4,817.6,808,801.1,820.8,843.9,864.5,893.4,924.7,936.1,939.9,908,858.9,816.4,764.6
2025-09-19,702.5,661,628.4,610.8,604,621,658.4,726.8,790.4,817.9,829.3,865.4,856.5,872.7,897.8,902.6,923.7,937.1,939.4,942.4,910.8,861.5,820.6,770.2
2025-09-20,715.1,669.8,642.4,628.1,626.3,643.8,666.9,713.1,776.6,808.5,811.4,791,794,743.1,770.1,773.5,802.4,823.3,840.6,838.6,810.8,771.4,735.1,693.7
2025-09-21,642.2,604.8,577.8,563.7,561.4,572.9,594.2,598.8,604.3,632.2,640.9,657.7,653.7,671.1,672,698.9,737.2,768.3,801.8,807.1,783,747.2,716.6,677.1
2025-09-22,632.4,598.5,571.8,559.4,556.8,573.8,610,659.2,709.4,732.8,749.8,738,741.6,766.3,782.7,799.9,831.5,854,861.4,859.6,829.7,782.7,744.5,700.9
2025-09-23,648.4,606.6,579.9,565.9,563.2,579.8,615.2,667.4,727.9,760.8,769.1,772,771.6,799.4,808.3,823.7,845.3,868.8,880.7,879.4,849.3,809.1,773.6,725.2
2025-09-24,669.6,630.3,601.2,585.3,583,600.4,637.7,705.7,781.6,829.3,842.1,864.2,862.8,903.3,916.9,938.4,956.3,987.2,990.9,981.8,939.9,881.7,830.2,771
2025-09-25,707.9,666.1,637.9,617.7,611.6,629.7,670.2,744,811.8,871.6,917.6,932.4,922.7,962.5,952.1,943.1,926.1,939.3,952.1,948.2,911.8,861.8,812.2,760.6
2025-09-26,702.7,659.8,630.3,612.2,607.1,626.7,664.3,744.6,803.6,858.2,911.6,935.9,926.9,943.4,917.4,878.8,894.5,920.8,930.7,927.7,893.7,846.2,803,756.6
2025-09-27,700.1,655.6,625.6,605.9,601.6,613.6,638.1,679.6,741.5,785.1,808,799.2,779.7,792.6,790.7,787.2,804.5,826.2,852.5,852,824.1,785.1,748.9,711.3
2025-09-28,663,624.4,597.5,588.3,588.4,599.5,615.6,640.6,662.5,705.8,721.7,715.7,736.8,766.9,782.5,804.7,828.1,863.5,888.9,884.6,852.8,804.7,758.5,707.3
2025-09-29,653.6,613.7,587.6,571.7,570.4,586.9,624.2,675.7,745.1,734.9,755.9,742.7,748.4,772.7,758.3,813.2,831.4,834.7,841.6,833.5,801.1,760.3,724.6,680.7
2025-09-30,632.6,596.1,569.7,555.8,553,567.6,600.9,639.1,689.6,737,749.1,736.8,726.3,754.8,739.8,765.5,785.5,799.7,816.4,812.1,778.6,736.5,671.7,632.8
2025-10-01,613.9,577.3,554.6,541.9,539.7,555.6,590.4,623.6,650.2,664.3,664.9,659.3,648.3,671.6,694.8,732.1,770.6,798.1,816.2,810.7,784.4,745.3,713.7,674.7
2025-10-02,627.6,588.7,565.5,550.7,549.9,564.5,595.4,636.6,657.3,679.2,691.3,699.1,704.4,741.1,751.8,759.9,787,806.3,816.5,810.9,797.8,764.4,728.1,687
2025-10-03,636.3,599.1,571.2,553.2,549.6,561.8,584.4,630.8,689.4,747.2,786.4,787.5,769.4,783.6,789.6,805.1,805.5,829.7,859.1,860.5,841.2,802.9,766.1,718.4
2025-10-04,666.2,623.2,594.9,576.2,572.4,584.1,608.7,640,673.5,713.7,714,693.6,703.6,738.9,738.4,750.3,768.9,810.2,826.6,825,803.2,770.4,735.9,690.4
2025-10-05,638.7,599.1,572.2,558.8,553.7,563.5,582.8,594.5,598.3,603.1,616.9,626.5,634.7,656.7,684,706.1,743.8,785.1,810.1,807.2,790.7,754.9,720.1,673.9
2025-10-06,622.4,583.2,557.9,542.4,537.9,550,579.9,592.1,590.6,588.1,584.6,587.8,602,620.7,645.1,689.8,722.8,758.4,792.9,792.9,783.6,761.3,731.5,687.1
2025-10-07,637.2,597,573.6,559.4,557.8,571.5,596.3,628.6,665.5,699.6,720.4,705.3,664.8,679.6,689.2,702.8,727.2,761.3,788.9,788.7,767.9,742.2,707.3,663.9
2025-10-08,619.1,579.1,554.7,539.9,538,550.3,573.3,598.5,621.4,642,653,658.2,656.2,672.3,671.1,698.3,735.9,773.9,803,799.5,779,744.8,709.9,669.8
2025-10-09,623.8,586.5,560.4,545,540.7,555.1,574.2,596.9,617.6,637.1,659.6,665.1,663.5,682.3,686.7,701.9,731.2,768.5,792.7,788.1,763.2,730.6,698.7,658.8
2025-10-10,613.2,576.8,553.1,539.2,536.3,552.3,582.6,614.2,642.2,670.1,679.7,680.9,686.1,712.9,739,761.4,795.5,828.7,840.6,832.4,804.4,764.5,731.2,688.3
2025-10-11,640.2,601.8,574.5,559,553.6,566.4,587.2,602.6,617.1,640.8,661.5,675.9,685.3,717,740.9,756.9,796.5,827,847.5,837.8,805,763.9,730.1,688.5
2025-10-12,641.3,603.1,578.4,560.9,556.9,569.2,586.1,590.7,601.5,620.3,633.9,644.8,669,701.6,723.5,748.1,777.5,818.4,846,835.1,806.1,762.3,727.1,685.4
2025-10-13,637.5,602,578.4,563.3,562.8,581.2,614.5,668.1,715.7,770.2,786.3,784.9,771.7,802.8,824.7,845.9,883.8,902.3,911.8,897.8,859.1,812.4,767.7,721.8
2025-10-14,669.6,630.8,602.9,589.2,588.9,605,640.4,700.4,754.1,789,783,790.3,752.1,783.5,807.8,817.1,820.1,834.6,848.3,839.6,809.1,765.4,731.7,690
2025-10-15,642.3,602.8,574.8,564.1,563.2,581,618.1,682.3,748.6,777.2,787.8,791.9,791.2,822.7,822.8,838.4,845.8,864.3,876.5,867.3,835.5,789.1,750.2,705.1
2025-10-16,655.7,614.5,593.2,576.8,580.4,598.9,638.3,702.5,776.4,824.2,825.4,821.5,809.4,801.8,799.7,800.9,811.3,825,836.7,823.6,798.3,761,722.6,687.7
2025-10-17,637.9,600.3,574.1,557.5,555.2,574.8,609.3,664.9,714.3,742.4,749,759.8,734.9,781.1,795.4,795,810.4,820.5,830,819.3,793.3,755.9,730.6,698.2
2025-10-18,646.8,605.3,580.4,566,563.3,574.3,602.6,628,671.5,695,693.6,702.6,707.1,718.4,719.8,722.8,720.6,740,752.2,747.8,723.2,695.4,680.4,650.4
2025-10-19,607.3,571.7,547.3,531,527.5,542.4,565.9,591,627,651,678.7,663.9,661.5,669,683.7,687.6,700.2,717.7,739.8,732.2,711.9,685.8,662.2,624.5
2025-10-20,578.4,544.9,523,510.4,508.8,525.6,560.9,609,617.2,619.3,612,595.9,569.1,594,610.1,649.3,683.4,713.9,735.5,725,714.1,699.4,658.1,622
2025-10-21,583.3,549.8,528.5,515.3,516.5,532.5,567.3,626.9,667.4,702.4,686.7,663.7,671.2,698.5,693.6,711.1,716.7,735.1,745.2,736.5,719.1,688.7,665.7,631.7
2025-10-22,586.1,550.9,528,518,520.4,534.7,571.8,616,636.3,636.2,629.3,622.5,606.1,615.4,628,657.3,703.3,733.7,746.8,754.4,736.8,705,673.8,639.6
2025-10-23,589.7,555.1,533.7,518.1,518.4,537,574.6,616.8,639,626.2,625.3,623.6,613.7,625.7,641.7,657.8,698.1,733.7,748.3,735.3,716.5,695.6,676.2,635.7
2025-10-24,594.6,558.4,538.1,523.1,522.5,542,578.4,614,619.1,626.6,615.9,598.1,581.4,606.7,628.5,652.8,698.5,734.7,751.3,740.9,721.2,689.5,668.4,639.1
2025-10-25,594.9,562.3,538.7,527.8,524.9,538.9,563.2,580.6,586.5,592.3,593.2,582.8,588.9,583.6,596.7,620.9,650.3,698.2,718.9,711.1,695.2,674,656.6,626
2025-10-26,585,551.2,528.3,517.1,515.5,527.6,544.5,567.2,594.1,607.1,559.5,500.1,485.9,495.5,560.4,573.2,625.5,678.4,702.7,698.9,685.4,659.3,640.3,606.2
2025-10-27,566,535.9,515.8,504.6,507.2,525.4,561.8,596.1,604.2,590.9,591.4,565.7,555.4,582.8,607,629.7,669,722.3,735.7,733.3,711.3,681.1,660.1,625.4
2025-10-28,579.8,545.1,523.6,514,516.2,537.1,572,605.3,607.3,598.1,569.8,547.4,528.3,542.8,563.1,602.1,661.8,717.9,745.5,737.9,721.5,691.5,669.2,635.2
2025-10-29,589.1,553.8,532,518.9,519,540.6,574.4,604.7,593.5,576.7,560.3,549.8,539.7,569.4,585.4,619.8,670.6,722.1,746,740.4,722.8,693.5,670.2,640.9
2025-10-30,592.8,558.2,537.1,525.4,523.4,541.6,579.3,616.6,613.9,615.6,611.2,555.7,595.5,629.7,661.2,676.6,702.5,733.8,747.6,738.1,719.5,689.3,667.9,635.7
2025-10-31,592.9,561.4,539.1,524.5,525.3,542.6,580.6,625.1,650.1,636.9,648.3,616.4,600.8,626.3,615.1,620,661.3,707.6,724.3,718.9,710.7,681.6,665.3,635
2025-11-01,592.6,559.2,535.4,524.7,524.5,537.8,563.4,574.6,553.2,546.6,533,525.4,515,529.4,546.5,585.3,632.6,685.7,712,706.7,692.7,669.7,653.8,625.9
2025-11-02,584.9,553.2,531.2,518.5,523.2,535.6,554.9,568.5,574.8,559.4,504.4,480,501,508.4,539.5,571.1,625.3,679.2,706.1,703.8,690.8,666.3,649,621.7
2025-11-03,578.1,546.2,527.3,516.6,521,538.2,576.4,610.7,602.9,579.3,558.9,537,529.6,547.4,573.3,609.9,672.4,728.1,751.8,746.2,731.1,702.6,682,650.2
2025-11-04,602.9,565,542.3,525.8,525.7,542.9,582.2,628.4,651.1,650.9,635.6,636.8,632.8,655.6,669,671.1,692.8,734.8,757.4,746.7,729.1,700,679.1,645.7
2025-11-05,599.9,566.6,542.9,529.6,529.6,548.8,587.1,630.3,622.6,606.1,590.1,572.5,556.6,574.6,596.1,604.4,676.9,730.4,749.9,737.7,722.2,698,676.4,645.2
2025-11-06,599.8,567.2,543.6,530.8,530.8,547.3,589.6,623.5,621.9,597.4,579.4,560.4,544.6,563,583.2,627.3,685.8,732.2,749.8,741,725.1,700.4,675.9,641.7
2025-11-07,599,561.9,541.7,530.5,531.8,549.8,586.5,624.5,625.5,617.8,604.7,576.6,600.5,654.7,624,644.6,682.2,723.3,738.3,730.7,712.6,687.9,672.8,642.9
2025-11-08,602.1,561.8,541.5,527.3,526.4,540.1,566.6,586.7,619.8,655.3,667.2,649.2,657,663.8,673.8,670.9,686,717.9,727.7,719.4,700.3,675.3,663.4,632.2
2025-11-09,594.5,561.4,539.4,525.8,528,540.3,560.1,578.2,586.4,554.9,528.9,510.3,496.6,513.3,566.9,597.8,633.1,690.6,709.1,704.1,691.3,668.7,651.6,617.7
2025-11-10,579.1,546.4,526.2,516,521.7,537.6,576.9,617.6,610,580,559.9,532.7,515.3,539.5,565.1,606.2,666.9,721.2,740.5,736.5,717.3,692.1,673.3,641.6
2025-11-11,593.6,559.3,535.7,527.5,526.4,545,587.5,629.5,654.2,616.6,602,565.7,534.2,547,571,614.6,670.6,724.5,740.5,738.7,722.4,697.7,674.6,642
2025-11-12,596.7,561.3,541.6,530.2,531.9,550.8,583.1,629.6,664.9,662.1,668,682.9,689.7,694.3,696.4,699.3,720.8,747.9,754.2,743.8,725.3,699,678.2,647.4
2025-11-13,600.8,567.3,545.6,534.3,534.6,553.7,588.4,628.4,668,667.6,628.4,623,555.3,541.6,571.5,612.2,677,727.5,744.2,738,721.7,697.9,677,647
2025-11-14,600.2,565.5,545.1,533.8,534,550,590.2,626,615.6,585.7,562.7,538.3,523.9,546.5,567.9,614.5,674.2,727.6,742.9,731.3,717.3,695.2,677.7,653.7
2025-11-15,609.3,570.6,548,533.6,535.4,551.8,580.4,596.9,571.7,541,518.9,497,490.2,500.5,525.5,569.8,635.4,701.8,727.7,722.4,711.6,689.9,673,646.7
2025-11-16,604.3,570.4,549.1,537.3,537.7,553.7,578.4,583.8,558.3,526.7,517.9,501.8,498,507.8,536.4,578.9,636.1,697.9,718,713.6,702.8,680.6,662.1,629.8
2025-11-17,585.6,554.3,535.7,525.8,522.4,544.6,585.9,633.2,666.5,642.9,629.4,711.7,708,724.4,718,733,742.4,772.4,777.6,770.3,748.8,718.5,698.4,672.2
2025-11-18,625.1,588.5,562.8,549.9,553.7,568,610.3,661.4,715.1,746.6,724.9,732.3,700,708.2,715.2,731,759.8,790.5,792.7,783.2,758.2,733.2,718.8,684.8
2025-11-19,637.1,597.9,576.1,560.9,563.8,579.5,624.1,675.2,724.5,731.3,704.8,672.6,666.4,684.7,705.8,729.3,760.8,794.4,800,786.1,767,739.6,719.2,686.6
2025-11-20,637.9,600.5,577.6,566.9,567.2,583.9,626.3,679.7,708.6,701.7,719.2,694.5,680.7,693.9,697.2,707.2,744.7,784.7,791.4,789.9,760.3,732.4,717.8,691.6
2025-11-21,642.5,604.7,580.1,566,567.8,585.7,625.7,671,684,654.6,629.2,595.2,567,590.2,614.9,651,708.3,767.4,781.7,772.4,762.7,724.9,713.2,699.4
2025-11-22,638.9,605.6,584.7,570,570.8,585.8,613.3,632.2,631.3,596.4,572.4,550.4,546.1,570,581.9,615.7,663.5,722.4,753,747.7,736.8,722,709,684.9
2025-11-23,641.3,609.3,586.1,571.8,572,584.7,609.3,621.9,588.7,547.2,525.7,504.4,493.9,513.8,547.5,579.1,641.9,714.3,746.3,742,726.6,706.4,688.6,663.5
2025-11-24,615.9,583.1,560.1,547.3,549.1,569.3,607.2,655.5,697.7,724.6,671.1,615.2,610.6,628.3,634.4,665.7,712.3,761.5,772.6,758.9,744.7,716.6,697.1,667.5
2025-11-25,623.1,592.2,569.9,559.3,555.2,571.9,610.2,663.6,703.7,715.6,682,647.7,622.4,653.8,691.5,725.6,755.1,791.6,768.9,785.6,770.3,741,719.7,694
2025-11-26,646,608.4,582.4,572.1,573.7,590.1,630.8,683.2,704.6,694.5,657.4,642.7,629.6,654.3,661.7,688.6,724.4,771.2,767.3,759.4,740,730.9,732,706
2025-11-27,653.7,616.5,592.4,575.8,575.7,591,626.2,680.4,701.7,680.5,666,703.4,700.9,734.1,735.4,744,803.2,828.9,815.8,804.9,779.6,750.1,730.2,698.9
2025-11-28,647.2,609.7,587,574.2,577.8,598,638.2,690.4,718.9,704.9,679,634.3,600.1,607.2,622,662.7,730.6,794.4,803,797.3,779.9,756.8,742,715.7
2025-11-29,668.2,634,610.5,596.3,594,608,636.8,656.6,638.8,596.8,582.7,566,535.7,540.3,565.7,612.4,673.7,732,752.4,745.3,730.3,712.7,697.6,671.2
2025-11-30,629.1,594.9,575,562.4,561.6,572.4,597.6,612.8,596.4,558.2,537.6,515.9,502.8,522.6,535.6,585.9,647.5,709.6,734.3,729.1,713.7,695.9,678.7,653.9
2025-12-01,606,571.5,554.3,547.3,547,566.3,605.3,657.5,692.6,669.8,647.4,625,574.9,611.2,619,646.6,705.2,766.1,784.5,780.1,758,733.6,715.6,680.8
2025-12-02,633.8,597.2,572.4,561.3,566.9,582.7,630.3,684.6,684.6,651.4,616.1,597.4,602.2,621.1,653.5,714.8,760.4,804.8,813.3,801.4,782.8,754.9,733.6,703.3
2025-12-03,653.7,616.5,592.8,580.4,579,597.9,641.4,710.7,779.1,819.5,779,720,716.5,749.5,784.7,802,848.9,888.8,876.5,846.3,812.5,779.5,769.5,741.2
2025-12-04,692,649.3,623.7,610.2,610.5,629.3,669.6,738,808.1,808.3,790.4,773.5,738.9,752.7,779.2,793.4,825.2,860.3,837.3,839.4,817.3,786.2,761.2,731.5
2025-12-05,680.7,635.7,606.3,597.2,598.2,619.9,665.1,737.1,784.5,772,719.9,729.7,709.6,711.8,732.2,755.1,777.5,813.6,822.5,812,809.7,795.2,778.9,753.3
2025-12-06,704.7,661.8,635.3,617,617,638.4,672.4,703.3,684.5,630.6,620.3,611.7,599.6,611.1,633.5,648.7,665.7,732.8,749.1,745.1,764.3,742.2,729.6,707
2025-12-07,666.3,628.7,604.6,591,590.4,606.3,628.3,648.1,632,602.5,596,572.7,564.3,574.3,593.8,595,628.1,699.1,725.1,727.4,751.8,733.6,717.6,688.5
2025-12-08,645.1,607.5,583.9,571.3,576.8,595.5,638.5,699.7,722.6,685.2,662.3,632,596.7,609.7,636.8,695.4,764.1,825.4,838.4,829.8,807,778.1,759.7,731.9
2025-12-09,681.9,644.7,618.4,604,603.1,621,666.9,725.9,746.7,693.4,657.1,623.3,596.1,605.8,633.7,663.4,756.7,826.5,841.7,829.5,808.2,778.5,756.7,734.9
2025-12-10,686.4,647.3,624,605.9,606.2,624.5,669,734.1,749.9,712.6,692.4,657.8,605.9,610.7,641.3,702.3,756.1,794.3,804.8,794.1,769.3,740.8,729.9,701.2
2025-12-11,648.5,613.4,591.4,575.3,579.8,595.8,638.7,690.7,750.4,747.4,724.6,681.5,631.9,662.2,716.1,739.1,770.2,819,826.5,806,768,740.5,724.7,711.5
2025-12-12,689,652.7,628.3,618.5,619,642.3,686.6,748.2,757.5,705.8,695.8,691.7,650.6,669.8,681.3,711.8,750.3,795.1,808.7,798.6,768,744.5,731.2,718.7
2025-12-13,668.5,633.3,606.4,601.7,605.2,618.6,636.9,659.7,687.4,670.7,634.2,676.6,687.1,695,687.6,705.3,745.4,769.8,780.9,776,774.7,751.1,724.1,714.8
2025-12-14,671.4,636.5,617.1,606.2,607.4,620.4,646.3,673.3,707.1,722.7,712.5,726,728.3,728.7,725.8,744.6,781,820.3,816.8,804.5,792.8,756.7,740.5,723.2
2025-12-15,676.1,647.1,628.3,617.9,625.8,640.9,683.4,751.7,773.3,724.2,686.6,648.5,612.6,630.8,660.9,722.2,773.5,840.4,861.5,858.6,841.1,808.2,790.2,759.2
2025-12-16,703.2,663.4,642,635.4,632.5,651.7,690.3,745.4,774.4,735.6,700.8,685.5,644.1,649.2,657.1,686.3,741.4,802.3,825,819.8,800.6,771.7,751.5,720.5
2025-12-17,663.8,624,599.8,589.2,586.9,613.2,651.7,715.5,752.5,741.9,750.4,721.9,681.7,709,709.2,723.8,783.5,845.2,856.2,847.6,828.5,798,777.8,750.5
2025-12-18,700.9,666.2,645.5,631,629.8,652.7,697.5,759,769.9,708.1,663.9,623.7,599,609.1,632.2,676.3,746.3,823.5,851,848.5,834.5,804.6,779.9,744.7
2025-12-19,687.3,647,617.7,601.9,602.7,619.6,656.4,712.8,758.6,719.4,667.5,630.2,610.6,652.6,657.4,686.7,736.6,780.7,787.3,781.8,763.9,741.1,729.4,707.7
2025-12-20,662.8,622.8,594.9,576.3,572.8,584.7,609,635.5,666.6,682.8,681.1,655.7,609,624.4,639,672.3,705,738.1,748.6,739.5,733.4,714.6,705.3,691.2
2025-12-21,650.8,622.3,600.2,589,592.8,608.1,635.2,657.8,680.8,695.5,713.9,691,659.5,597.5,617.1,655.8,731.5,808.1,837.4,833.9,823.1,800.7,786,759.3
2025-12-22,712.6,678.5,655.3,644.9,649,677,722.4,787.6,807.7,736.8,690.4,643.7,614.1,645.4,657.6,697.6,753.1,825.7,851.8,844.2,824.1,795.9,773.8,743.4
2025-12-23,694.4,653.7,622.5,609.3,613.8,630.6,666.5,724.6,759.1,731.6,719.9,720.1,634.9,693.5,709.7,734.6,756.2,793.5,796.2,788,768.1,745.3,733,707
2025-12-24,657.4,620,596.3,579.5,580,596,632.9,696.8,768.3,804.5,805.7,785.9,775.7,799.6,795,802.9,825,842.7,836.3,823.5,799.8,776.6,765.3,741.9
2025-12-25,693.2,657.7,631.6,620.4,620.8,634.6,662.3,695,724.7,716,712.5,698.2,667,684.7,698.6,749.1,808.1,859.7,875.5,868.6,852.1,832.7,815.2,794
2025-12-26,745.6,706.5,684.5,670.8,670.7,695,739.6,813,901.3,916.1,866.1,831.6,810.5,820.5,847.5,871.6,914.2,971.3,970,953.4,932.5,902.6,872,848
2025-12-27,793.6,752.2,724.5,708.5,707.5,721.2,753.4,782.8,779.6,716,688.5,664.7,689.6,709.6,723.3,731.1,794.6,867.6,895.9,895.3,881.6,857.6,838.8,819.3
2025-12-28,778.2,741.6,716.6,700.9,701.8,718.1,744.2,767,736,650.6,604.9,572.5,559.8,583.8,622.9,664.1,733.2,797.2,825.9,827.4,807.2,779.2,762.8,731.5
2025-12-29,684.5,655.2,634,624.6,626.5,644.9,688.3,754.9,788.6,744.2,709.8,700.9,666.2,658.6,677.6,713,761.3,824.4,850.6,851.5,831.7,803.8,787.5,757.7
2025-12-30,704.5,667.7,641.6,624.6,627.5,647.3,691.7,758.9,811.1,743.9,713.1,683.2,631.6,635.4,654.3,691.1,763.6,850.3,886.9,885.9,870.9,848.1,832,805.3
2025-12-31,755.8,712.6,684.7,668.5,669.3,689.1,729.8,791.2,831.8,843.2,809.4,778.5,767.2,753.3,764.4,818.9,846.6,933.7,948.5,933.2,914.6,888.4,871.9,853
2026-01-01,809.1,769.1,740.6,724.9,719.7,733.7,752.6,771.6,777,723.4,709.9,746.4,736.5,741.1,758.4,774.4,823.7,902.3,934.8,925.3,910.8,876.5,850.7,821.5
2026-01-02,765.4,735.1,714,696.8,701.2,724.5,773.4,849.6,941.7,1000.2,1005.7,974.5,938,947.3,948.1,954.1,980.5,1006.4,995.1,974.2,939.4,895.5,872.5,848.9
2026-01-03,795.2,753,725.8,711.8,711.2,725,757.7,790.1,809.8,805.6,804.2,784.3,751.8,737.8,726.4,756.9,817.2,891.7,915.3,907.1,890.3,862.6,850.9,831.7
2026-01-04,780.8,737.8,713.2,696.1,691.2,704.4,725.1,747.3,763.8,745.9,727.1,711.8,702.9,682.1,693.4,724.8,763.1,834.4,863.6,857.1,837.7,809,790.3,765.7
2026-01-05,716.1,675.5,650.3,639.7,640.6,659,705.8,781.4,860.9,866.5,871.5,850.1,831.7,834.4,854.5,841.7,867.9,930.4,953.1,951.9,931.4,900.9,880.9,856.3
2026-01-06,804.8,768.3,739.8,724.8,725.8,742,784.3,858.3,877.4,799,741.3,699,659.7,691.4,687.4,732.9,793.7,886.8,925.8,921.6,902.6,873.4,848.9,813.5
2026-01-07,762.6,719.9,696.8,691.1,688.3,703,747.9,818,865.2,891.9,872.1,828.3,833,833.6,827,841.6,850.3,915.4,934,936.2,913.1,883.4,857.5,832.6
2026-01-08,782.4,745.3,720.7,703.3,703.2,723.2,769.4,833,904.2,891.4,877.5,852.5,828.7,838,847,854.2,892.2,964.8,985.8,975.2,963.9,919.2,884.8,850.5
2026-01-09,795.2,747.7,722.6,709.4,705.5,727.6,771.4,837.2,879.4,814.2,758.7,719.1,677.7,709.2,721.5,734.4,795.1,885.4,914.6,907.7,881.6,849.3,831.9,812.1
2026-01-10,759.9,716.6,687.8,670.2,677.2,687.2,714.1,739.4,749.9,706.7,686.5,661,634.6,637.9,644.2,683.6,771.3,862.1,905.2,902.7,882.9,859.8,845.3,836.5
2026-01-11,802.4,770.3,752.6,738.2,737.4,753.1,780.8,815.4,845.1,875,840.7,795.9,765.4,748.3,771.9,812.7,876.4,943.5,978.7,968.6,947.3,914.8,890.4,862.3
2026-01-12,808.6,770.5,755.4,745.3,749,768.3,818.4,894.4,955.4,914.7,840.1,786.1,763.7,765.6,762.1,781.1,828.9,895.9,938.7,928.5,896,857.6,829.7,797.1
2026-01-13,745.6,706.1,689.9,679.4,687.5,711.8,753.9,821.8,853.2,781.1,747.9,711,681.1,694.1,712.3,731,779.3,881.3,935.4,941.1,947.2,923.1,905.1,881.7
2026-01-14,833.8,793.3,769.6,756.4,758.8,781.1,826.6,894.4,913.9,822.2,770.2,702.3,658.8,668.2,676.3,696,787.6,853.7,893.6,895.4,866.1,829.7,804.9,774.6
2026-01-15,721.3,681,651.4,637.7,636,651.3,689.1,740.6,781.8,787.4,756.4,734.3,658.2,653.4,647.2,675.9,754.3,794.5,852.9,862.5,856.3,830.5,813.9,797.3
2026-01-16,752,712.2,690.9,677.8,687,714.2,758.9,824.4,831.1,731.8,696.7,650.1,603.6,599.7,613.9,651.9,715.7,788.9,851.3,860.4,848.5,830.9,820.4,799.2
2026-01-17,743.7,705.2,677.4,667.6,672.3,691.1,723,754.2,740.5,656.5,637.7,628.1,608.9,587.3,588,623.7,686.7,770,845.7,858,853.4,837.3,820.9,793.7
2026-01-18,748.9,719.6,698.1,688.7,689.5,704.7,730.5,757.6,727.5,633.2,591.6,581,557.5,540.7,572.2,637.1,681.7,745.4,805.3,807.3,799.4,791.1,783,759.3
2026-01-19,712.1,677.2,655.1,640.3,639.5,656.3,698.8,771.3,816.3,826.8,791.6,792.6,769.3,807.4,815.3,837.7,858.3,935.8,965.4,957.3,932.4,894.6,878.5,855.1
2026-01-20,803.7,764.5,739.1,726.2,730.4,750.7,790.6,856,937.4,936.4,884,836.7,762.3,724.9,730.7,769.4,865,963.2,1009.9,1001.7,988.6,963,942.5,913.4
2026-01-21,857.2,812.5,792.2,777.6,778.6,793.4,838.6,904.7,968.2,964.1,955.1,932.4,908.2,897.4,902.9,926.6,958.7,1019.1,1020.6,1029.6,1021.1,979.9,953.6,921.9
2026-01-22,872,828.8,797.9,780.7,781.1,797.9,847.7,909.9,994.3,1024.1,1034.7,987.5,924.2,913.4,895.4,893.9,916,993.3,1017.6,1002,990.3,956.9,932.1,904.8
2026-01-23,851.8,819.9,797.1,780.6,772.6,795,836.9,904.4,937.8,903.9,878.7,833.2,797.8,798,834.7,844.4,880.5,947.5,984.8,983.7,958,926,905.3,869.3
2026-01-24,814.6,776.1,747.7,731.9,734.9,747,780.2,819.7,807.9,745,715.9,686.2,652.7,638.6,632.6,671,744.1,864.2,953.1,962.8,951.4,929.9,915.7,899.8
2026-01-25,858.7,821.3,796,774.6,767.4,772.3,791.5,811.4,809.4,749,680.4,616.3,589.9,590,615.2,655.6,732.2,856.5,946.7,959,952.3,939,913,884.7
2026-01-26,834,804.4,767.1,735.7,723.3,733.7,782.5,859.4,906.1,936.2,940.5,905,864.5,859,852.1,899.5,939.7,969.4,986.3,973.9,940.4,897.7,875.1,847.3
2026-01-27,797.6,764.9,739.8,726.8,714.1,733.4,774.1,837.6,921.7,944.5,907.7,823.6,779.4,761.7,742.7,765.6,841.2,945.4,1012.1,1013.2,992.9,957,934.6,911.2
2026-01-28,855.3,815.3,793.1,774.5,776.5,792.1,834.1,896.6,927.8,912.7,835.7,813.6,757.1,728.3,713.3,727.8,781,897.7,978.7,994.3,992.1,966.6,943.6,914.1
2026-01-29,860,817.4,797.5,782.5,782.1,807,855.6,917.1,929.4,836.4,802.2,745.7,703.8,752.1,800.3,828.2,841.2,900.2,957.6,960.8,950.6,933,915.5,891.7
2026-01-30,849.9,808.4,777.5,764.5,768.6,783.4,832.8,894.6,937.2,902.2,887.4,878.6,832.5,817.4,816.9,853.8,895,947.1,998.9,1012.1,986.4,950.1,922.7,885.5
2026-01-31,828,787.4,751.6,730.3,727.1,741.5,770.7,805.2,820.1,729.2,666.9,630.5,601.7,597.8,613.4,668.7,742.5,867.3,947.8,948.6,927.4,895,879.8,865.2
2026-02-01,818,779,752.1,729.4,728.4,744,769.6,798.5,800.3,756.8,718.7,713,688.1,661.9,642.6,660.6,722.9,828.8,927.5,951.1,941.7,920.2,911.2,891.8
2026-02-02,850.9,814,786.4,770.1,758.4,746.5,786.7,861.7,909.9,917.6,895.2,815.4,740.1,751.4,764.5,829,863.1,931.7,999.3,1001.1,977.6,949,924.1,895.7
2026-02-03,845.3,803,781.1,769,772.7,790.6,837.4,893.1,873.6,787.4,764.6,720.4,660.4,666,683.9,720.8,776.8,837.6,923.3,972.3,958.8,928.6,915.6,892
2026-02-04,846.5,816.7,796.5,781.4,776.2,782,813.9,866.8,881.4,812.4,761.2,700.4,659.8,683.8,693.6,701,765,846.8,920.1,935.2,912,879.5,863.1,835.6
2026-02-05,772.2,725.3,689,665.5,662.7,675.4,711.6,766.7,802.4,764.1,752.4,729,706.9,693.3,671,679.8,712,768.2,831.8,854.2,860.1,847.4,835.1,807.7
2026-02-06,763,719.7,684.2,670.3,670,692.6,741.1,800.8,853.6,885.2,895.4,844.2,774.4,776.2,803.5,799.1,825,890,944.3,949.7,924.2,893,872.8,850.3
2026-02-07,796.1,762.7,732.5,725.1,743.3,757.4,791.5,836.6,857.7,846.5,835.4,819.6,820.2,820.3,806.2,828.9,871.4,949.7,1007.1,1008.8,988.6,954,930.3,913.2
2026-02-08,854.3,816.8,792.4,781.2,779.4,795,822.4,848.5,886.7,917.1,916.1,896.5,864.2,820.9,826.2,854.2,899.2,961.9,1002.9,995.1,970.5,936.6,914.5,887.8
2026-02-09,847.4,809.7,782.7,773.7,770.7,789.1,832.5,903,923.1,868.2,801.8,742.7,693.9,700.4,742.3,797.4,821.2,891.3,956.3,968.7,946.3,901.7,879.1,846.9
2026-02-10,792.3,762,733.3,698.6,703.7,717.7,749,806.2,894,950.5,973.6,955.5,929.4,946.3,912.7,885.1,895.5,911.1,916.5,902.6,889.9,862.1,840.4,813.5
2026-02-11,764.7,729.8,702.4,692.1,694.7,717.3,758.3,822,846.1,812.1,820.6,778.9,724.4,701.8,727.6,757.3,785.6,841.1,906.9,922.1,918.9,899.5,890.7,872.3
2026-02-12,829.9,796.2,771.1,753.4,755.9,775,819.9,870.2,843.2,765.5,738.5,686.1,656.4,650.1,659,678.5,699.5,765.5,874,912.2,919,904.6,889.2,862.3
2026-02-13,817.2,786.3,768.4,752.9,750.8,769.5,811.5,853.6,814.5,730.4,706.5,649.4,596.7,603.7,609.9,634.6,685.2,760.6,848.9,886.6,880,858.6,847.8,824.7
2026-02-14,780,739.5,707.6,688,666.2,663.6,686.9,711.7,753.8,762.8,745.1,723.3,735.4,701.3,689.7,699.3,715.9,744.3,783.9,797.9,783.2,764.9,747.8,733.6
2026-02-15,703.8,676.4,651.3,640.8,640.3,657.3,689.6,708.3,644,573.1,538.5,507.7,488.4,489.4,514.1,558.7,642.4,705.1,771.6,802.4,797.9,784.6,778.7,763.9
2026-02-16,721.7,686.5,665.6,656.1,662.3,675.4,694.4,717.2,734.6,767.8,692.2,663.1,658.5,664.9,642.4,632,643.7,740.8,823.9,836,828.7,817.6,811.7,785.4
2026-02-17,736.9,704.6,687.3,677,680.9,696.9,735.6,755.7,648.8,530.7,474.3,435,423.9,425,433.6,469.3,541.7,646.1,759.1,798.6,803.3,802.5,797.9,785.9
2026-02-18,750.7,714.2,689.2,672.5,675.5,697.7,727.6,737.7,646,560.3,528.2,506.2,488.7,489.2,503.5,542,614.6,710.1,815.5,850.2,849.2,834.3,826.1,806.2
2026-02-19,764.3,732.3,715.7,706.8,713.4,735.7,782.1,821.4,765.4,702.3,664.3,625.7,597,612.1,657.5,696,736.7,808.4,861.5,868.4,846.9,819.9,805.5,785.8
2026-02-20,740.4,699.5,671.5,654.5,660.8,688.1,733.4,786.3,755.7,692.8,674.7,632.8,601,612.6,622.5,631.8,656.6,716.5,792.4,836,848.2,841.6,832.7,808.3
2026-02-21,759.8,717.9,692,676.6,676.4,690.9,721.7,727.9,655.2,596.2,582.8,543.2,502.3,504.5,510.2,542.1,602.6,682.6,758.4,790,784.2,772.6,758.2,730.6
2026-02-22,685.2,647.7,621.4,600.1,604.7,610.8,627.6,632.7,606.1,570,538.4,492.7,484.4,477.2,526.4,558.6,599,660,753.3,782.5,784.7,778.8,774.2,762.8
2026-02-23,723.7,695.7,676.8,666.7,673.1,695,732.9,762,730.2,668.3,654.4,621.1,582.6,589.8,597,617.5,658.2,724.6,819.1,855.7,854,845.4,837.4,808.7
2026-02-24,757.9,723.4,693.6,664.7,645.9,657.9,697.7,744.3,839.5,908.9,946.4,937.5,917.1,930.4,905.6,890.8,879.8,873.2,878.5,871.4,858.9,827.5,806.9,777.3
2026-02-25,722.8,689.6,665.5,648.6,649.2,663.5,698.1,753.6,816.9,838.6,832.7,815.3,745.2,733.6,722.4,717.4,749.5,789,831.4,849.1,823.9,801.1,784.2,761.4
2026-02-26,706.7,671.6,660.3,644.6,641.5,657.2,691.1,728.2,777.6,796.3,819.1,806,779.2,778.3,785,783.6,788.1,806.9,823.9,817.7,823.8,792.5,775.5,750.3
2026-02-27,700,663.1,638.1,626.7,626.5,642.9,678.5,726.1,799.7,845.9,849.7,837.8,803.1,794.5,784,779.2,791.3,806,848.1,852.7,824.7,797.8,781.3,756.5
2026-02-28,716.9,677.6,648.1,634.6,640.4,652,683.8,690.2,661.6,634.6,618.2,583,559.3,551.1,559.2,593.4,640.1,701.3,771.4,796.2,794.8,784.8,766.5,737.3
2026-03-01,694.9,666,642.3,628.3,623,631.7,654.5,662.4,647.4,610.7,607,601.7,608.7,645.6,674.8,709.9,756.4,784.7,800.6,805.6,788.5,768.1,758.8,736.5
2026-03-02,689.8,656.6,633.6,621.3,620.4,629.7,659.5,681.8,725,758.2,769.6,775.2,738.4,751.4,761.8,759.3,776.1,802.8,825.8,823.9,807.9,792.5,783.4,761.6
2026-03-03,715.1,676.4,655.9,646.4,642.9,655.1,698,756,802.6,825.9,750.8,746.5,731.8,725.4,732.4,737.5,761.2,788.8,828,860.8,836.7,823.1,797.3,769.3
2026-03-04,730.4,705.6,684.8,669.5,669.1,686.4,731.7,764.6,711.9,671,660.1,631.4,591.5,599,618.4,619.3,640.6,709.7,781.1,831.8,851.6,831.8,822.4,796.6
2026-03-05,749.8,710.8,685.1,670.3,668.8,687.5,725.8,759.8,714.1,679,659.1,615.9,638.5,638.1,628.5,631.8,667.8,715.9,761.1,782.1,796.3,775,755.4,730.9
2026-03-06,687.3,645.3,632.1,628.7,635.6,651,702.9,770.4,843.7,846.6,809.1,669.7,628.5,679.2,680.2,688,737.9,784.7,848.8,892.3,882.4,863.8,853.7,832.3
2026-03-07,788.5,753.6,729.3,714.8,712.9,716.3,739.9,754.8,752.5,699.7,659,618.8,577.4,576.6,571.6,588.5,641.1,733.6,853.5,906,902.4,886.2,874.1,856.6
2026-03-08,809.4,773.6,750.3,738.1,740.2,748,770.5,744.4,670.1,605.7,566.8,533.4,587.4,563,540,571,618.9,703,811.2,874,874.6,860.8,847.6,824.8
2026-03-09,776,732.1,716.3,703.8,702.4,720.9,763.5,793.5,771.4,757.9,763.7,774.4,763.2,744.6,688.2,680,750.8,806.8,907,945.7,926.7,901,884.3,861.5
2026-03-10,812,782.7,756.9,742.3,744.3,766.3,810.9,831.6,771.5,716.4,691,649.7,621,638.4,650.3,653.8,684.6,754.3,833,876.8,894.2,879.9,859.2,823.4
2026-03-11,771.1,732.3,712.1,708.2,713.9,739.2,786.3,809.6,748.6,693,689.5,637.4,611.2,642.6,655.9,669.8,688.7,750.8,819.7,861.8,875.9,845.9,841,815.6
2026-03-12,766.9,736.9,719.9,710.2,712.1,733.8,772.1,788.9,743.4,719.4,711.8,660.9,617.4,621.9,640.7,669.1,694.2,753.3,828.7,874.7,886.1,859.7,842.5,807
2026-03-13,751.4,719.7,700.2,689.8,696.4,717.2,760.3,780,724.9,685.9,673.1,617.2,574.8,568.2,577.1,605.9,666.8,740.9,828.8,888.6,882.9,854.4,846.5,825.9
2026-03-14,771.5,723.4,693.4,689.9,706.9,726.8,754,729.9,631.6,586.2,553.2,516.6,501.4,503.4,517.5,553.6,609.7,684.1,773.7,834,836.5,826.5,820.7,800.4
2026-03-15,763.6,728.6,708.2,695.7,694.7,702.8,718.7,690.7,642.5,622.2,608.3,613.5,637.7,632.1,585.6,584.5,605.9,693.5,782.6,840.7,841,819,804.4,777.1
2026-03-16,736.8,702.8,682,673,676.8,697.6,736,757.3,725.4,736.4,757.8,747.7,724.7,733.6,738.2,741.8,752.1,784.1,826.8,854,840.5,816.5,817.5,801.4
2026-03-17,757,723.5,696.5,682.4,682,703.9,745.6,757.9,702.1,705.6,631.7,593.7,560.5,565.9,591,640.1,689.5,752.7,788.8,805.1,788.5,764.2,746.7,723.5
2026-03-18,679,643.2,619.6,609.5,613.9,633.7,672.2,731.5,804.3,834.2,833.9,794.3,770.3,776.9,789.7,795.3,821.6,833.5,857.5,844.9,857.4,838.1,814.1,788.7
2026-03-19,743.6,710.8,692.4,683.6,688.6,711,755.9,747.7,694.2,653.6,609.2,576.3,539.4,542.4,557.6,586.8,649.9,722.3,806.5,885.4,887.6,868.6,854.4,825.5
2026-03-20,775.1,737.8,713.3,701.1,695.4,697.9,744.2,749.6,680.7,636.5,598.6,561.4,544.1,562.1,563.8,594.4,661,712,784.4,844,852,845.8,836.2,808.8
2026-03-21,759.1,720.5,699.6,689.6,699.2,718.9,750.8,699.4,593.8,550.3,522.3,492,477.4,474.8,488.3,525.8,584.9,662.1,746.8,818.8,827.9,825.8,822.1,802.6
2026-03-22,762.3,728.4,700.9,679.7,687.6,697.1,710.8,667.5,588.7,528.6,542,486.1,550.8,574.3,594.3,597.4,600.3,652.7,729.6,789.5,803.2,794.4,786.3,766.3
2026-03-23,720.6,689.3,674.2,661.7,668,686.8,725.7,707.7,646.3,611.5,577.4,544.5,517.5,531,544.2,577.4,644.1,706.6,771.5,825.9,817.5,794.6,788.4,757.2
2026-03-24,711.7,677.9,656.3,639,635.9,653.2,683.3,699.4,677.7,615.8,589.2,558.3,578.6,653.2,688.5,697,714.2,748.2,777.6,793.7,785.3,760.1,742.9,718.2
2026-03-25,675.6,645.3,631,624.5,625.3,643.7,684.3,742.3,814.5,832,822,776.6,677.5,611.4,588.6,590.9,640.4,699.1,765.9,834.5,832.2,817.5,803.3,780.1
2026-03-26,731.2,695.1,678.2,669,669.9,687.7,721.2,707,670.5,614.9,573.5,533.2,512.9,527.3,551.9,575.1,621.5,686.7,756,815.9,811.1,796.7,779.6,759.7
2026-03-27,712.6,683.3,661,649.2,644.7,667.6,700,696.6,654.5,634.5,603.7,549.9,523.1,527.5,542.8,574.5,624.7,677.9,730.7,783,791.8,783.9,775.5,752.2
2026-03-28,707.4,674.2,652.6,642.3,641.6,653.6,671.5,639.2,574.3,532.2,506,475.7,459.6,463.2,476.1,506.4,571.5,638,704.2,763.8,776,767.5,754.2,725.7
2026-03-29,682.4,649.2,625.6,619.5,617.3,638.3,662.9,616.8,544.6,519.4,496.5,500.7,520,514.5,507.7,569,595.2,639.1,697.8,739.1,745.6,736.4,729,701.3
2026-03-30,658,626.1,604.5,584.2,576.5,593.6,620.3,665.7,718.9,725,736.9,731,733.1,746.9,723.9,724,754.5,778.8,784.3,790,766.2,736.8,722.6,692.3
2026-03-31,648.5,615.7,596.6,601,604.7,627.3,664.7,671.4,675.5,679,639,576.3,527.8,530.1,526.6,569.5,645.6,707.4,749.4,781.5,775.6,756.6,745.3,712.3
2026-04-01,662.3,629.6,607.7,597.5,597.9,614.6,645.2,697.2,746,757.6,719.6,699,709.1,667.4,651.9,642.8,682.9,715.1,752,790.5,785.2,770.2,765.6,748.5
2026-04-02,708.9,675.4,655.4,646.6,648,672.8,701.2,660.7,606.2,574.2,541.7,513.9,498.5,504.7,521.4,558,612.6,674.1,734.2,798.9,802.8,788.3,772,737.8
2026-04-03,692,660.4,643.5,627.2,628.7,651.1,685.2,650.7,625.8,575.7,550.4,583.3,619.1,639.1,652.7,674.2,703,744.8,757,777.3,768.2,747.5,726.8,701.4
2026-04-04,651.5,618.1,603.2,577,583.1,591.1,613.2,646.2,619,603.2,561.3,558.2,578.1,610.4,601.1,633.9,662.7,696.1,728.2,773.2,776.1,763.8,760.2,746.3
2026-04-05,705.6,671.1,652.8,646.7,651.9,668.5,673.7,609.8,523.9,493.2,490.5,453.2,423.4,425.5,442.5,486.6,552.8,625.6,690.9,750.6,761.8,749.5,730.8,702.3
2026-04-06,657.8,626,602.1,588.1,585,600.3,617.4,637.4,661,670.4,656.6,640.6,633.6,637,644.4,660.1,688.1,722.8,752.3,768.9,751.9,728.9,710.3,683.2
2026-04-07,644.3,623.3,607.7,604.9,608.5,634.8,672.1,639.3,586.1,571.1,531.3,497.6,469.4,485.5,498.4,534.9,584.9,669.1,760.3,839.2,846.3,833.7,822,794
2026-04-08,748.8,714.2,695.2,682.6,689.5,709.8,727,660.4,593,563.3,537.5,503.6,482.8,499.6,515.3,571.3,636.1,689.2,742.4,794.9,795,779,758.5,721
2026-04-09,663,633.4,611.8,599.4,598.6,615.6,642.1,711.7,749,751.3,798.9,793.8,759.4,803.3,787.7,773.8,777.3,780.5,779.1,785.2,763.9,742.5,721.5,689.6
2026-04-10,646.3,613.3,592,577.2,578.2,593.6,624.1,657,635.7,600.7,628.8,600,594.2,604.5,606.5,605.9,634.6,680.9,723.4,769.4,776.9,762.9,757,736.3
2026-04-11,691.2,661.4,645.5,635,636.1,651.5,655.4,581.3,524.5,498.8,487.5,468.7,468.1,496.9,514,575.3,624.7,660.8,698.5,738.8,739.9,727.5,717.1,689.6
2026-04-12,648.4,621.6,599.3,583.7,588.9,600.3,609,578.2,573.7,585.5,569.7,585.9,602.3,594.7,630.2,641.2,668.5,701.9,739.2,762.3,756,738.1,719.4,692.3
2026-04-13,647.4,616.4,593,574.8,579.8,601.2,628.8,677.5,710,683.6,666.7,600.9,536.6,563.9,552.3,605.8,656.3,694.5,727.5,754.8,753.7,732.1,713.5,682.3
2026-04-14,633.6,601.7,578.5,569.2,569.4,589.7,621.6,677.8,725,747.8,740.7,751.1,729.3,746.2,731.7,731.1,750.7,780.8,787.7,798.4,784.2,757.2,737.3,705.4
2026-04-15,657.2,621.9,598.5,587.4,593.8,609,633.9,650.8,659.1,621.3,542.6,518.7,494.6,505.2,516.4,547.8,604.7,664.8,709.5,768.6,783.6,769,751.7,726.3
2026-04-16,679.4,640.7,617.2,607.2,608.3,627.7,639.7,605.8,579.8,569.3,554.4,516.3,486.1,498.3,511.6,548.8,605,674.4,726.1,776.5,776.4,759.1,731,696.6
2026-04-17,645.6,610.9,584.1,569.9,571.5,587.9,622.5,684.3,738.3,753.6,733.3,700.7,678.9,698.2,674.9,714.1,723.8,750.3,749,762.3,749.6,725.9,709.6,683.4
2026-04-18,638.3,603.8,582.6,568.9,568.3,575.6,586.8,587.9,602,628.1,643.2,638.9,637.5,643.1,646,647,672.8,720,735.1,755.5,743.9,724.2,708.8,686.8
2026-04-19,642.3,610.1,587.5,574.2,578.4,582.7,594.6,604.3,597.9,591.7,577.1,575.8,586.7,586.1,594,606.6,636.5,682.4,713.3,739.1,735,713.3,696.7,667.3
2026-04-20,628.2,601.1,577.3,564.5,566.2,578.9,611.1,621.3,649,657.1,655.4,671.2,669,658.9,668.4,681.7,688.9,716.4,725.8,757.8,756.1,742.9,733.5,711
2026-04-21,682.4,656.8,639.3,623.9,626.9,644.1,658.4,632.3,615.9,590.1,525.6,503.1,490.7,512.1,560,589.5,659.2,697.1,728.6,766.2,767.6,753,742.7,714.7
2026-04-22,667,633,608.6,591.7,589.3,601.7,631.6,678.5,731.2,707.9,716.5,704.1,704.9,708.9,725.7,735,770.2,806.7,816,822.7,799.8,771.3,747.7,719.1
2026-04-23,673,644.3,623.2,608.3,609.4,624.4,652.9,673.9,673.9,674.3,695.4,674.7,660,719.1,682.4,682,665,712.3,735.4,776.8,782.9,764.1,745.3,721.6
2026-04-24,673,648.5,631.2,621.3,624,643,650.9,609.6,581.6,555.8,528.4,501.1,483.1,500,516.1,548.7,596.9,654.3,703.2,770.7,788.3,773.1,758.3,735.4
2026-04-25,692.6,655.7,638.4,627.6,627.7,637.2,628.4,555.5,514.7,488.7,477.6,473.7,473.4,479.1,491.2,535.8,573.4,634.7,680.1,724.3,747.3,740.6,727.1,698.6
2026-04-26,656.5,624.5,610.9,598.4,600.6,610.6,609.5,588.5,580.3,565.7,517.7,559,575.8,555.1,565.1,563.3,595.1,646.2,688.4,726.7,742,733,719.2,697.2
2026-04-27,655.9,631.1,618.1,611.3,610.3,629.2,630.7,582.4,560.9,545.7,526.8,509.7,501.8,516.3,536.9,588.5,634.3,671.1,707.1,752.1,772.4,754.3,740.3,707.5
2026-04-28,667.1,629.1,597.6,577.4,578.6,595.7,612.9,626.6,655.1,675.8,684.4,606.3,596,638.2,647.9,667,685.2,710.8,736.9,770.4,764,742.5,725.2,694.7
2026-04-29,652.7,619.9,598.8,582.1,587.4,602.6,625.8,642,633,635.3,634.4,638.3,627.6,655.6,643.9,635,651.4,705.4,743.8,780.4,782.7,762.9,742.5,716.5
2026-04-30,676.3,643.5,621.1,607.2,606.7,624.5,649.3,682.5,648.9,646.1,648.3,658.3,661.7,665.2,660,652.4,673.1,699.6,732.5,760.6,759.8,749.1,746.2,725
2026-05-01,681.9,658.9,641.6,627.1,624.4,626.2,612.9,571.9,547.9,528.8,480.4,446.2,434.5,446.6,476.1,490,550.9,616.6,674.2,727.9,750.2,736.5,718.6,694.3
2026-05-02,654.5,627.2,611.4,600.5,596.8,609.2,586.4,551.9,537.5,523.8,529,550,543.2,550.9,555.2,571.8,614.9,652.5,679.7,711.6,718.4,711.5,693.6,671.9
2026-05-03,631.8,604.1,582.2,560.2,557.5,559.8,572.4,604.6,629.5,634.8,655.7,648.7,615.6,593.4,600.1,596.5,620.9,656.2,690.1,728.7,745.5,735.9,718.1,696.7
2026-05-04,654.1,633.4,614.1,607.6,606.9,619.2,617.9,560.4,531.2,519.3,502,478.9,474.5,492.1,505.5,539.6,608.4,620.7,675.4,740.3,778.4,776,762.7,741.9
2026-05-05,700.3,667.9,648.9,637.2,638.4,647.2,624.6,535.5,491.3,466.6,455.8,427.9,415.1,419.3,437.9,467.6,527.8,599.6,657.3,716.6,747.8,747.4,732.4,708.4
2026-05-06,663.5,632.4,612,599.2,600.9,613.7,604.4,557.3,541.1,525.7,504.2,488,470.4,484.1,502.4,528.4,582.2,645,691,733.2,750.2,738.4,719.4,694.8
2026-05-07,653.8,623.7,602.1,586.2,579.8,591.3,584.7,566.7,559.9,556.8,538.9,511.5,508.6,529.3,532.3,556.7,642.6,666.4,711.2,740,740,722.6,699,667.4
2026-05-08,631.8,601.8,575.2,563.4,569.8,590.4,590.5,568.2,550.5,546,504.1,491.2,476.9,483.5,509.5,524,589.1,643.4,689.8,746,761.9,747.7,738.1,714.8
2026-05-09,671.7,649.9,626.9,620.1,624.2,633.5,605.7,530,494.5,470.4,460.8,434.9,427.5,432.4,449,482.5,543,614.9,670.9,723,751.4,747.1,737.4,711.5
2026-05-10,672.2,645.6,625,613.7,615.7,623.1,590.9,516.3,476.8,455.8,439.3,420,415.8,422.1,440,472.5,533,609.7,664.4,703.9,712.9,696.7,686.6,655
2026-05-11,610.3,584.6,561.6,551.6,554.8,564.8,562.5,552.9,556.5,555.9,558.1,532.4,520.5,531.3,558.9,594.8,628.5,674.5,708.8,732.5,733,713.8,690.4,663.6
2026-05-12,620.1,587.3,558.9,544.6,544.4,552.5,580.4,577.4,596.3,626.3,694.8,751.6,709.6,568.4,551.1,573,606.2,665.5,704.3,737,747.7,730.2,712.7,683.9
2026-05-13,643.4,611.9,591.9,584.6,585.7,595.7,589.1,571.7,581,565.9,537.7,515.4,519.1,531.6,532.8,561.3,609.4,671,704.5,741,748.8,733.8,716.1,686.1
2026-05-14,645.2,612.5,594.9,582.3,584.2,594.3,589.4,571.7,564.6,561.4,550.7,523.5,509.7,523.2,539.1,566,615.7,679.3,715.6,743.2,746.7,723.8,703.7,671.5
2026-05-15,628,597.3,576.9,559.8,555.8,565,581.4,599.5,611.7,606.9,594,563.2,524,524.8,536.2,573.8,621.9,679.4,716.3,743.7,753.3,735.6,716,684.4
2026-05-16,641.5,610.6,591.5,577.9,577.2,584.8,571.7,529.8,509,497.4,486.7,479.6,469.3,475.7,494.8,528.8,581.9,650.2,693,721.2,728.6,718.4,702.7,674.2
2026-05-17,634.8,605.4,583.6,570.1,569.6,572.9,554.8,513.9,486.1,472.3,463.2,457.8,452.7,457.5,483.7,510.7,570.1,646.2,697.6,726.2,735.9,718.8,701.3,670.2
2026-05-18,629.5,599.8,581.7,570.7,569.3,581.2,578.4,561.4,559.2,558.8,550.3,535,540.5,550.3,569.8,602.9,651,702.8,738.1,757.5,759.2,737.2,710.3,677.9
2026-05-19,633.4,601.3,577.6,556.6,548.9,555.6,564.2,578.1,603.3,590.7,620.4,606,614,649.1,685.3,704.7,720.1,748.1,755.1,771.2,763,727.5,696.9,665.9
2026-05-20,619.6,585.8,560.7,546.6,542.2,548.9,583.4,643.3,699,742.4,745.6,763.6,756.4,776.8,766.7,764.8,763.9,771.1,777.3,787.4,773,743.5,713.7,676.7
2026-05-21,627.4,592.8,569.8,556.1,551.5,558.2,585.5,627.3,677.8,643.9,657,653.9,661,653.8,662.3,675,692.1,705.5,727.8,747.6,743.8,723.7,703.8,668.4
2026-05-22,618.4,585.9,564.6,549.8,548.3,559.3,583.5,611.9,642.2,676.1,669.9,672.5,659,651.6,641,640.2,668.8,700.5,718.8,737.3,732.6,709.4,694.3,665.4
2026-05-23,620.5,583.3,558.8,542.6,541.9,549.3,565.5,580.3,598.7,602.7,617.2,637.1,628.5,583.1,587.5,605.4,639,672.5,694.3,715.8,718.6,697.8,680.2,651.3
2026-05-24,609.4,577.8,554.1,539,537.8,541.9,559,554.2,544.3,560.3,565,552.8,548.7,550.9,568.9,598.8,640.7,667.6,700.1,718.5,719.5,696.7,676.2,645.2
2026-05-25,602.8,570.6,548.9,531.6,531.3,536.3,558.8,586.4,617.5,635.5,654.7,662.5,618.7,623,637.1,660.6,669.7,714.7,737.2,759.1,756.8,726.7,697.6,656.9
2026-05-26,610.1,577.7,555.7,541.8,540.2,546.7,584.8,640,680.7,705.5,717.1,737.9,761.3,787.9,801.6,814.8,807.3,807.1,807.9,812.5,797.7,761.1,722.2,682.5
2026-05-27,629.8,593.9,570.3,556.3,551.6,559.2,597,642.8,678.9,703.6,721.5,727.4,717.7,737.6,750.7,760.6,770,778.5,775.6,786.5,778.1,748.6,720.6,682
2026-05-28,632.1,594.8,571.2,556.9,554.9,562.9,597.4,657.1,709,744.9,750.2,726.4,713.2,710.3,707.4,709.6,709.8,749.9,759.2,772.3,765.6,734.4,711.2,672.1
2026-05-29,621.5,583.1,560.7,548.9,548.8,562,579.6,588.6,592.4,588.4,584.1,567.1,557.4,574,591.6,612.5,653.5,708.9,739.2,761,761,739,720.6,687.2
2026-05-30,638.4,602,572.7,556,556.4,563,560.8,542.8,522.9,519.9,513.9,507.8,557.5,582.8,591.7,636.9,668.2,712,731.1,741.8,735.5,716.8,699.9,668.1
2026-05-31,626.2,596.2,570.6,555,553.5,559.8,552.5,529.7,505.6,497.1,494.7,489.3,489.3,499.9,521.1,560.7,610.4,684.1,735.7,757.7,755.1,730.9,704.1,667.1
2026-06-01,620.4,587.2,559.8,543.2,541.1,548.6,566.9,597.3,618.7,650.2,697.3,739.5,763.3,803.9,788.6,786.1,780.3,790.8,785.1,791,773.5,741.4,710.2,668
2026-06-02,620.7,586.5,564.6,555.4,552,558.9,600.1,656.8,722.5,751.5,754.3,742,701.1,671.3,656,665.2,696.4,735.5,755.2,768.1,764.3,740,714.9,676
2026-06-03,631.2,592.7,569.9,554.7,551.9,556.6,563.8,557,586.8,562.7,577.1,567.1,583.4,602.8,620.5,657,694.6,736.1,754.4,771.9,759,733.1,704.2,664.8
2026-06-04,619.9,585.9,563.6,546,542.2,550.5,591,652,702.7,743.3,739.7,765.2,708.4,715.6,681.1,693.3,725.5,731.1,764.2,789.1,781.8,752.5,724.1,687.8
2026-06-05,637.7,597.7,574.5,557.9,552.9,565.7,589.1,628.8,650.3,623.5,620.9,601,579.2,579.7,620.6,621.4,699.3,710.3,740.9,756.8,754.2,734.4,709.5,673.4
2026-06-06,627.9,588.3,565.3,551.6,549.6,555.2,548.3,550.7,524.4,521.9,494.5,500.9,502.1,513,568.9,590.6,650.2,695.6,727.8,745.9,742.7,716.3,694.9,663.6
2026-06-07,618.2,587.2,561,548.1,541.9,550,560.5,573.3,574.9,592.9,625,614.5,661.1,679.8,678.2,655.8,664.7,694.3,730.4,749.3,748.2,718.7,692.1,657.6
2026-06-08,609.8,575.8,553.1,539.2,539.1,547.4,578.2,623.4,671.3,709.1,718.2,738.4,713.1,722.2,698.2,680.9,705.2,713.3,725.5,743.6,737.2,711.7,690.4,650.3
2026-06-09,607.6,574.8,548.7,535.2,535.3,544.6,579.7,622.6,650.2,650.6,622.3,592.7,605.7,650.3,655.4,672.2,677.7,708.5,739.2,760.9,762.7,735.4,705.1,666.3
2026-06-10,616.8,580.9,556.9,541.1,539.1,551.8,563.3,569.7,581,570.6,556.2,541.8,531.3,557.6,580.4,667,646.5,711.5,729,763.7,757.5,727.8,701.4,661.3
2026-06-11,616.4,580.9,557.6,542.2,540.8,556.4,572.5,592.4,607.7,636,595.1,562.6,544.1,568.5,589.2,654.7,707.1,708.6,737.5,761.3,757.4,729.9,702.5,665.8
2026-06-12,620.1,584.9,561.7,546.5,545.2,556.3,574.8,582,590.4,596.5,591.3,588.8,583.4,609.9,640,674.9,700.4,735.9,765.4,783.6,776.4,747,718.2,678.7
2026-06-13,629.1,592.1,566.8,552,548.3,554,563,562,569.6,570.9,587.1,575.9,591.2,638.2,625,655.6,681.5,733.5,747,780.9,773.6,749.7,719.8,683.4
2026-06-14,635.8,599.6,574.4,555.9,553.4,558.7,562.6,572.1,571.4,553.4,554.8,556.8,550.7,605.8,575.2,621.2,669.5,717.8,740.5,765.4,762.4,736.6,709,671.5
2026-06-15,624.8,589.9,564.1,549.2,547.5,558.3,580,602.7,628.4,635.1,635.7,633,631.2,643.9,664,710.1,713.9,760.2,782.9,802.9,795.1,765.7,729.8,685
2026-06-16,638.4,602.9,576.8,560.3,558.7,567.9,599.3,648.4,701.7,725.6,661.7,685.6,713.7,722.3,743.6,760.3,775,788.9,800.4,812.6,805.9,774,742,698.9
2026-06-17,648.2,613.7,591.4,572.6,566.8,575.7,616.6,666,705.7,749.7,783.4,768.6,792.7,808.2,783,720.1,762.1,800.4,816,828.3,820.2,786,752.1,709.9
2026-06-18,657.2,618.8,595,579,573.2,578.9,616.3,658.8,691.9,769.6,785.1,774.9,754.3,759.1,765.2,773.5,780,804.5,826.9,842.8,830.6,791.7,757.9,713.4
2026-06-19,659.4,621.7,595.6,577.1,572.9,582.5,608.9,661.3,737.7,758.9,779.4,765.1,777.6,807.4,811.1,800.9,802.5,822.7,822.6,827.8,821.6,788.5,750.3,705.2
2026-06-20,664.3,627.7,602.5,586.8,585.4,584.1,611.1,646.3,671.7,686.5,663.1,643.5,628.8,642.6,648.4,657.5,702.9,745.5,775.8,793.8,786.4,758.8,726.8,695.3
2026-06-21,646.5,611.1,584.4,564.4,561.7,568.2,576.9,576.3,576.3,567.5,564,572.1,607.3,569.4,587.1,676.9,715.5,726.2,758.1,786.4,781.8,754.5,723.3,681.6
2026-06-22,635.2,600.3,576.2,562.5,559.2,568,606.7,664.9,725.6,766.2,789.5,785.8,793.2,804,801.1,784.7,780.1,773.9,786.6,789.6,774.6,743.9,715.9,676.2
2026-06-23,623.4,591.8,570.7,559.2,554,564,602.7,657.4,713.1,719.6,757.2,725.7,692.5,709.5,716.9,706.8,721.9,761.7,758.6,772.8,772.2,739.2,714.8,674.4
2026-06-24,627.3,590,569.1,552.7,549.8,558.4,590.4,641.9,709.7,756.2,767.5,771.6,753.8,749.7,782.7,770.2,764.2,772,772.6,779.1,773.5,744.1,720.4,680.3
2026-06-25,635.8,602.1,574.1,561.9,555.9,565.9,600.3,656.5,714.1,747.7,738.2,710,701.8,723.6,731.9,749.8,761.8,779.6,783.6,797.8,789.7,756.7,731.1,691.6
2026-06-26,638.6,599.3,572.6,555.6,551.7,563.6,583.6,609.9,626,626.8,616.7,600,583.6,606,614.3,662.5,697.3,728.2,762.6,781.3,780.1,754.1,728,690.1
2026-06-27,639.6,600.1,573.6,559.3,554.9,564.8,572.7,588.9,605,609.5,657.1,684.7,611.1,644.7,585.6,630.7,638.9,704.5,741.4,771,769.1,741.4,713.3,676.5
2026-06-28,629.8,592,565.4,549.4,547.3,550.7,557,549.7,534.3,533.2,540.1,536.8,538.4,550.3,576.8,615,654,711.1,754.6,774.5,774.8,745.5,716.4,674.7
2026-06-29,626.9,591.1,565.1,549.8,546.2,560.1,580,600,620.4,635.6,636.9,630.7,628.4,650.3,667.6,706,751.3,787.8,806.3,823.9,811.4,776.2,746.6,702.2
2026-06-30,647.7,610.6,586.2,566.2,563.4,575.5,595.6,636.2,703,750.8,751.3,752.6,763.8,789.9,786.2,788.7,787.8,794.8,799.7,811.9,804.8,769,741.6,699.6
